cik,company,sic,accession,document,file_date,period_ending,items,discovery_phrase,url,lead_source,doc_chars,has_fda_context,flag_warning_letter,body_mentions_warning_letter,flag_adverse_event,body_mentions_adverse_event,flag_recall,body_mentions_recall,flag_untitled_letter,body_mentions_untitled_letter,n_flags,n_flags_incl_untitled,domain_device_hits,domain_device_lead_hits,domain_drug_hits,domain_drug_lead_hits,domain_biologic_hits,domain_biologic_lead_hits,product_domain,is_device_domain
200406,JOHNSON & JOHNSON  (JNJ)  (CIK 0000200406),2834.0,0000200406-04-000071,aprilsecondeightk.txt,2004-04-05,2004-04-02,1,"""warning letter""",https://www.sec.gov/Archives/edgar/data/200406/000020040604000071/aprilsecondeightk.txt,exhibit_top,1332,True,True,True,False,False,False,False,False,False,1,1,0,0,0,0,0,0,unspecified,False
200406,JOHNSON & JOHNSON  (JNJ)  (CIK 0000200406),2834.0,0000200406-04-000071,exhibitninetynineseventeen.txt,2004-04-05,2004-04-02,1,"""warning letter""",https://www.sec.gov/Archives/edgar/data/200406/000020040604000071/exhibitninetynineseventeen.txt,exhibit_top,3261,True,True,True,False,False,False,False,False,False,1,1,2,1,0,0,0,0,device,True
310764,STRYKER CORP  (SYK)  (CIK 0000310764),3841.0,0000310764-09-000053,syk8k051109.htm,2009-05-11,2009-05-05,8.01,"""warning letter""",https://www.sec.gov/Archives/edgar/data/310764/000031076409000053/syk8k051109.htm,item_anchored,2407,True,True,True,False,False,False,False,False,False,1,1,2,1,0,0,0,0,device,True
310764,STRYKER CORP  (SYK)  (CIK 0000310764),3841.0,0000310764-10-000059,ex99syk8k.htm,2010-05-21,2010-05-19,8.01; 9.01,"""warning letter""",https://www.sec.gov/Archives/edgar/data/310764/000031076410000059/ex99syk8k.htm,exhibit_top,2201,True,True,True,False,False,False,False,False,False,1,1,3,2,0,0,0,0,device,True
310764,STRYKER CORP  (SYK)  (CIK 0000310764),3841.0,0000310764-17-000157,syk8k082317.htm,2017-08-24,2017-08-23,8.01,"""product recall""; ""warning letter""",https://www.sec.gov/Archives/edgar/data/310764/000031076417000157/syk8k082317.htm,item_anchored,5903,True,False,True,False,False,True,True,False,False,1,1,0,0,0,0,0,0,unspecified,False
742112,INVACARE CORP  (CIK 0000742112),3842.0,0000742112-17-000088,sep2017form8k.htm,2017-09-25,2017-09-20,8.01,"""warning letter""",https://www.sec.gov/Archives/edgar/data/742112/000074211217000088/sep2017form8k.htm,item_anchored,4607,True,True,True,False,False,False,False,False,False,1,1,0,0,0,0,0,0,unspecified,False
742112,INVACARE CORP  (CIK 0000742112),3842.0,0000742112-18-000003,jan32018form8k.htm,2018-01-05,2018-01-03,8.01,"""warning letter""",https://www.sec.gov/Archives/edgar/data/742112/000074211218000003/jan32018form8k.htm,item_anchored,4602,True,True,True,False,False,False,False,False,False,1,1,0,0,0,0,0,0,unspecified,False
742112,INVACARE CORP  (CIK 0000742112),3842.0,0000742112-21-000081,ivc-20211201.htm,2021-12-01,2021-12-01,7.01; 9.01,"""warning letter""",https://www.sec.gov/Archives/edgar/data/742112/000074211221000081/ivc-20211201.htm,item_anchored,6345,True,True,True,True,True,False,False,False,False,2,2,1,1,0,0,0,0,device,True
784199,CRYOLIFE INC  (AORT)  (CIK 0000784199),3841.0,0000784199-15-000108,c199-20150428ex991ea7236.htm,2015-04-28,2015-04-28,2.02; 9.01,"""warning letter""",https://www.sec.gov/Archives/edgar/data/784199/000078419915000108/c199-20150428ex991ea7236.htm,exhibit_top,11725,True,True,True,False,False,False,False,False,False,1,1,3,1,0,0,0,0,device,True
789132,SPECTRANETICS CORP  (CIK 0000789132),3845.0,0000789132-16-000231,a8-k2016fdawarningletter.htm,2016-06-07,2016-05-23,8.01,"""warning letter""",https://www.sec.gov/Archives/edgar/data/789132/000078913216000231/a8-k2016fdawarningletter.htm,item_anchored,5764,True,True,True,False,False,False,False,False,False,1,1,2,0,0,0,0,0,device,True
790652,IMAGING DIAGNOSTIC SYSTEMS INC /FL/  (CIK 0000790652),3845.0,0000790652-04-000013,a8-k_012904.txt,2004-02-02,2004-01-29,5,"""warning letter""",https://www.sec.gov/Archives/edgar/data/790652/000079065204000013/a8-k_012904.txt,exhibit_top,1746,True,True,True,False,False,False,False,False,False,1,1,1,0,0,0,0,0,device,True
790652,IMAGING DIAGNOSTIC SYSTEMS INC /FL/  (CIK 0000790652),3845.0,0000790652-04-000014,a8-k_021004.txt,2004-02-10,2004-02-10,5,"""warning letter""",https://www.sec.gov/Archives/edgar/data/790652/000079065204000014/a8-k_021004.txt,exhibit_top,1664,True,True,True,False,False,False,False,False,False,1,1,1,0,0,0,0,0,device,True
816066,APPLIED IMAGING CORP  (CIK 0000816066),3841.0,0000816066-03-000002,k8-062003.txt,2003-06-20,2003-06-20,5,"""warning letter""",https://www.sec.gov/Archives/edgar/data/816066/000081606603000002/k8-062003.txt,exhibit_top,1486,True,True,True,False,False,False,False,False,False,1,1,0,0,0,0,0,0,unspecified,False
856982,MERIT MEDICAL SYSTEMS INC  (MMSI)  (CIK 0000856982),3841.0,0000856982-12-000004,a8-kwarningletter.htm,2012-02-09,2012-02-07,7.01; 9.01,"""warning letter""",https://www.sec.gov/Archives/edgar/data/856982/000085698212000004/a8-kwarningletter.htm,item_anchored,2271,True,True,True,False,False,False,False,False,False,1,1,0,0,0,0,0,0,unspecified,False
856982,MERIT MEDICAL SYSTEMS INC  (MMSI)  (CIK 0000856982),3841.0,0000856982-12-000004,pressrelease.htm,2012-02-09,2012-02-07,7.01; 9.01,"""warning letter""",https://www.sec.gov/Archives/edgar/data/856982/000085698212000004/pressrelease.htm,exhibit_top,5849,True,True,True,False,False,False,False,False,False,1,1,4,1,0,0,0,0,device,True
885725,BOSTON SCIENTIFIC CORP  (BSX)  (CIK 0000885725),3841.0,0000885725-17-000043,productupdatepressrelease.htm,2017-11-29,2017-11-28,8.01,"""voluntary recall""",https://www.sec.gov/Archives/edgar/data/885725/000088572517000043/productupdatepressrelease.htm,exhibit_top,5529,True,False,False,False,False,True,True,False,False,1,1,1,1,0,0,0,0,device,True
727510,ENZON INC  (ENZN)  (CIK 0000727510),2836.0,0000891554-02-003853,d504868_8-k.txt,2002-06-12,2002-06-12,5,"""voluntary recall""",https://www.sec.gov/Archives/edgar/data/727510/000089155402003853/d504868_8-k.txt,exhibit_top,3798,True,False,False,False,False,True,True,False,False,1,1,0,0,0,0,0,0,unspecified,False
794172,MERIDIAN BIOSCIENCE INC  (CIK 0000794172),2835.0,0000892251-01-500067,form8k-61301.html,2001-06-20,2001-06-13,5,"""warning letter""",https://www.sec.gov/Archives/edgar/data/794172/000089225101500067/form8k-61301.html,exhibit_top,2922,True,True,True,False,False,False,False,False,False,1,1,0,0,0,0,0,0,unspecified,False
1043055,LEINER HEALTH PRODUCTS INC  (CIK 0001043055),2834.0,0000892569-07-001185,a33495e8vk.htm,2007-09-05,2007-09-05,8.01,"""warning letter""",https://www.sec.gov/Archives/edgar/data/1043055/000089256907001185/a33495e8vk.htm,item_anchored,3176,True,True,True,False,False,False,False,False,False,1,1,0,0,0,0,0,0,unspecified,False
1033660,ANIMAS CORP  (CIK 0001033660),3842.0,0000893220-05-000799,w07805exv99w1.htm,2005-04-13,2005-04-11,7.01; 9.01,"""voluntary recall""",https://www.sec.gov/Archives/edgar/data/1033660/000089322005000799/w07805exv99w1.htm,exhibit_top,5846,True,False,False,False,False,True,True,False,False,1,1,0,0,0,0,0,0,unspecified,False
203077,ST JUDE MEDICAL INC  (CIK 0000203077),3845.0,0000897101-09-000842,stjude091840_8k.htm,2009-04-21,2009-04-21,8.01,"""warning letter""",https://www.sec.gov/Archives/edgar/data/203077/000089710109000842/stjude091840_8k.htm,item_anchored,3393,True,True,True,False,False,False,False,False,False,1,1,3,1,0,0,0,0,device,True
203077,ST JUDE MEDICAL INC  (CIK 0000203077),3845.0,0000897101-09-001359,stjude093008_8k.htm,2009-07-02,2009-07-01,8.01,"""warning letter""",https://www.sec.gov/Archives/edgar/data/203077/000089710109001359/stjude093008_8k.htm,item_anchored,3225,True,True,True,False,False,False,False,False,False,1,1,1,0,0,0,0,0,device,True
203077,ST JUDE MEDICAL INC  (CIK 0000203077),3845.0,0000897101-13-000058,stjude130160_8k.htm,2013-01-14,2013-01-11,8.01,"""warning letter""",https://www.sec.gov/Archives/edgar/data/203077/000089710113000058/stjude130160_8k.htm,item_anchored,4344,True,True,True,False,False,False,False,False,False,1,1,4,2,0,0,0,0,device,True
899866,ALEXION PHARMACEUTICALS INC  (CIK 0000899866),2834.0,0000899866-13-000066,a8-kfdawlmarch20133.htm,2013-03-28,2013-03-27,8.01,"""warning letter""",https://www.sec.gov/Archives/edgar/data/899866/000089986613000066/a8-kfdawlmarch20133.htm,item_anchored,5871,True,True,True,False,False,False,False,False,False,1,1,0,0,0,0,0,0,unspecified,False
899866,ALEXION PHARMACEUTICALS INC  (CIK 0000899866),2834.0,0000899866-13-000160,a8-k08202013.htm,2013-08-20,2013-08-19,8.01,"""voluntary recall""",https://www.sec.gov/Archives/edgar/data/899866/000089986613000160/a8-k08202013.htm,item_anchored,5439,True,False,False,False,False,True,True,False,False,1,1,0,0,7,3,0,0,drug,False
899866,ALEXION PHARMACEUTICALS INC  (CIK 0000899866),2834.0,0000899866-13-000191,a8-k11122013.htm,2013-11-12,2013-11-06,8.01,"""voluntary recall""",https://www.sec.gov/Archives/edgar/data/899866/000089986613000191/a8-k11122013.htm,item_anchored,6435,True,False,False,False,False,True,True,False,False,1,1,0,0,2,2,0,0,drug,False
899866,ALEXION PHARMACEUTICALS INC  (CIK 0000899866),2834.0,0000899866-13-000199,pressrelease121313.htm,2013-12-13,2013-12-13,8.01,"""voluntary recall""",https://www.sec.gov/Archives/edgar/data/899866/000089986613000199/pressrelease121313.htm,exhibit_top,6095,True,False,False,False,True,True,True,False,False,1,1,0,0,4,1,0,0,drug,False
899866,ALEXION PHARMACEUTICALS INC  (CIK 0000899866),2834.0,0000899866-14-000186,a8-kf08252014.htm,2014-08-25,2014-08-22,8.01,"""warning letter""",https://www.sec.gov/Archives/edgar/data/899866/000089986614000186/a8-kf08252014.htm,item_anchored,4924,True,True,True,False,False,False,False,False,False,1,1,0,0,0,0,0,0,unspecified,False
1012394,EP MEDSYSTEMS INC  (CIK 0001012394),3841.0,0000902561-06-000177,form8k_fdaletter11-100606.htm,2006-10-06,2006-10-02,8.01,"""voluntary recall""; ""warning letter""",https://www.sec.gov/Archives/edgar/data/1012394/000090256106000177/form8k_fdaletter11-100606.htm,item_anchored,2635,True,True,True,False,False,True,True,False,False,2,2,0,0,0,0,0,0,unspecified,False
1012131,NOVOSTE CORP /FL/  (CIK 0001012131),3845.0,0000914062-02-000539,novoste8k802ex991.txt,2002-08-20,2002-08-19,5; 7,"""voluntary recall""",https://www.sec.gov/Archives/edgar/data/1012131/000091406202000539/novoste8k802ex991.txt,exhibit_top,4235,True,False,False,False,False,True,True,False,False,1,1,7,5,0,0,0,0,device,True
784199,CRYOLIFE INC  (AORT)  (CIK 0000784199),3841.0,0000914062-13-000050,cryolife8k2113.htm,2013-02-01,2013-01-30,8.01,"""warning letter""",https://www.sec.gov/Archives/edgar/data/784199/000091406213000050/cryolife8k2113.htm,item_anchored,5500,True,True,True,False,False,False,False,False,False,1,1,2,0,0,0,0,0,device,True
1275187,ANGIODYNAMICS INC  (ANGO)  (CIK 0001275187),3841.0,0000914121-11-000030,an20110125-8k.htm,2011-01-26,2011-01-24,8.01; 9.01,"""warning letter""",https://www.sec.gov/Archives/edgar/data/1275187/000091412111000030/an20110125-8k.htm,item_anchored,6352,True,True,True,False,False,False,False,False,False,1,1,1,0,0,0,0,0,device,True
1275187,ANGIODYNAMICS INC  (ANGO)  (CIK 0001275187),3841.0,0000914121-11-000030,an20110125-ex99_1.htm,2011-01-26,2011-01-24,8.01; 9.01,"""warning letter""",https://www.sec.gov/Archives/edgar/data/1275187/000091412111000030/an20110125-ex99_1.htm,exhibit_top,4495,True,True,True,False,False,False,False,False,False,1,1,1,0,0,0,0,0,device,True
1275187,ANGIODYNAMICS INC  (ANGO)  (CIK 0001275187),3841.0,0000914121-12-000070,an25169473-8k.htm,2012-01-25,2012-01-24,8.01; 9.01,"""voluntary recall""",https://www.sec.gov/Archives/edgar/data/1275187/000091412112000070/an25169473-8k.htm,item_anchored,5128,True,False,False,False,False,True,True,False,False,1,1,1,0,0,0,0,0,device,True
1275187,ANGIODYNAMICS INC  (ANGO)  (CIK 0001275187),3841.0,0000914121-12-000070,an25169473-ex99_1.htm,2012-01-25,2012-01-24,8.01; 9.01,"""voluntary recall""",https://www.sec.gov/Archives/edgar/data/1275187/000091412112000070/an25169473-ex99_1.htm,exhibit_top,9369,True,False,False,False,False,True,True,False,False,1,1,3,1,0,0,0,0,device,True
1275187,ANGIODYNAMICS INC  (ANGO)  (CIK 0001275187),3841.0,0000914121-14-000517,an31719078-8k.htm,2014-11-14,2014-11-05,7.01; 8.01; 9.01,"""warning letter""",https://www.sec.gov/Archives/edgar/data/1275187/000091412114000517/an31719078-8k.htm,item_anchored,4860,True,True,True,False,False,False,False,False,False,1,1,0,0,0,0,0,0,unspecified,False
816956,CONMED CORP  (CNMD)  (CIK 0000816956),3845.0,0000914317-09-001834,ex99-1.htm,2009-09-09,2009-09-09,8.01,"""recall of certain""; ""voluntary recall""",https://www.sec.gov/Archives/edgar/data/816956/000091431709001834/ex99-1.htm,exhibit_top,6894,True,False,False,False,False,True,True,False,False,1,1,4,1,0,0,0,0,device,True
917520,INTEGRA LIFESCIENCES HOLDINGS CORP  (IART)  (CIK 0000917520),3841.0,0000917520-19-000015,a8-kfiledmarch112019.htm,2019-03-11,2019-03-07,8.01,"""warning letter""",https://www.sec.gov/Archives/edgar/data/917520/000091752019000015/a8-kfiledmarch112019.htm,item_anchored,6438,True,True,True,False,False,False,False,False,False,1,1,2,0,0,0,0,0,device,True
917520,INTEGRA LIFESCIENCES HOLDINGS CORP  (IART)  (CIK 0000917520),3841.0,0000917520-23-000035,iart-20230522.htm,2023-05-23,2023-05-22,2.06; 7.01,"""voluntary recall""",https://www.sec.gov/Archives/edgar/data/917520/000091752023000035/iart-20230522.htm,item_anchored,10186,True,False,False,False,False,True,True,False,False,1,1,2,0,0,0,0,0,device,True
917520,INTEGRA LIFESCIENCES HOLDINGS CORP  (IART)  (CIK 0000917520),3841.0,0000917520-23-000060,iart-20230726.htm,2023-07-27,2023-07-26,2.02; 8.01; 9.01,"""voluntary recall""; ""warning letter""",https://www.sec.gov/Archives/edgar/data/917520/000091752023000060/iart-20230726.htm,item_anchored,23471,True,True,True,False,True,False,True,False,False,1,1,7,0,0,0,0,0,device,True
917520,INTEGRA LIFESCIENCES HOLDINGS CORP  (IART)  (CIK 0000917520),3841.0,0000917520-25-000004,iart-20241219.htm,2025-01-06,2024-12-19,8.01,"""voluntary recall""; ""warning letter""",https://www.sec.gov/Archives/edgar/data/917520/000091752025000004/iart-20241219.htm,item_anchored,7650,True,True,True,False,False,False,True,False,False,1,1,3,0,0,0,0,0,device,True
1196298,NEPHROS INC  (NEPH)  (CIK 0001196298),3841.0,0000922423-07-001237,kl10006_ex99-1.htm,2007-10-03,2007-09-27,3.01; 8.01; 9.01,"""warning letter""",https://www.sec.gov/Archives/edgar/data/1196298/000092242307001237/kl10006_ex99-1.htm,exhibit_top,7805,True,True,True,False,False,False,False,False,False,1,1,1,0,0,0,0,0,device,True
718007,CARRINGTON LABORATORIES INC /TX/  (CIK 0000718007),2834.0,0000926236-05-000113,cli8k090105.txt,2005-09-01,2005-09-01,8.01; 9.01,"""voluntary recall""",https://www.sec.gov/Archives/edgar/data/718007/000092623605000113/cli8k090105.txt,item_anchored,2954,True,False,False,False,False,True,True,False,False,1,1,0,0,0,0,0,0,unspecified,False
718007,CARRINGTON LABORATORIES INC /TX/  (CIK 0000718007),2834.0,0000926236-05-000113,exh99-1.txt,2005-09-01,2005-09-01,8.01; 9.01,"""voluntary recall""",https://www.sec.gov/Archives/edgar/data/718007/000092623605000113/exh99-1.txt,exhibit_top,4166,True,False,False,False,False,True,True,False,False,1,1,1,0,0,0,0,0,device,True
1012131,NOVOSTE CORP /FL/  (CIK 0001012131),3845.0,0000931763-02-000155,d8k.txt,2002-01-28,2002-01-28,5,"""voluntary recall""",https://www.sec.gov/Archives/edgar/data/1012131/000093176302000155/d8k.txt,exhibit_top,2949,True,False,False,False,False,True,True,False,False,1,1,0,0,0,0,0,0,unspecified,False
937556,MASIMO CORP  (MASI)  (CIK 0000937556),3845.0,0000937556-17-000134,masi-20170605x8k.htm,2017-06-06,2017-05-26,8.01; 9.01,"""warning letter""",https://www.sec.gov/Archives/edgar/data/937556/000093755617000134/masi-20170605x8k.htm,item_anchored,5197,True,True,True,False,False,False,False,False,False,1,1,0,0,0,0,0,0,unspecified,False
937556,MASIMO CORP  (MASI)  (CIK 0000937556),3845.0,0000937556-17-000134,masi-20170605xex991.htm,2017-06-06,2017-05-26,8.01; 9.01,"""warning letter""",https://www.sec.gov/Archives/edgar/data/937556/000093755617000134/masi-20170605xex991.htm,exhibit_top,1379,True,True,True,False,False,False,False,False,False,1,1,1,0,0,0,0,0,device,True
10795,BECTON DICKINSON & CO  (BDX)  (CIK 0000010795),3841.0,0000950117-03-003801,ex99-1.txt,2003-08-25,2003-08-22,7; 9,"""product recall""",https://www.sec.gov/Archives/edgar/data/10795/000095011703003801/ex99-1.txt,exhibit_top,4419,True,False,False,False,False,True,True,False,False,1,1,0,0,0,0,0,0,unspecified,False
879993,DUSA PHARMACEUTICALS INC  (CIK 0000879993),2834.0,0000950123-06-011499,y24653e8vk.txt,2006-09-12,2006-09-12,8.01,"""warning letter""",https://www.sec.gov/Archives/edgar/data/879993/000095012306011499/y24653e8vk.txt,item_anchored,4621,True,True,True,False,False,False,False,False,False,1,1,0,0,0,0,0,0,unspecified,False
1006195,MATRIXX INITIATIVES INC  (CIK 0001006195),2834.0,0000950123-09-014311,p15142e8vk.htm,2009-06-16,2009-06-16,8.01,"""warning letter""",https://www.sec.gov/Archives/edgar/data/1006195/000095012309014311/p15142e8vk.htm,item_anchored,2916,True,True,True,False,False,False,False,False,False,1,1,0,0,0,0,0,0,unspecified,False
1006195,MATRIXX INITIATIVES INC  (CIK 0001006195),2834.0,0000950123-09-014518,p15148exv99w1.htm,2009-06-17,2009-06-16,8.01; 9.01,"""warning letter""",https://www.sec.gov/Archives/edgar/data/1006195/000095012309014518/p15148exv99w1.htm,exhibit_top,3567,True,True,True,False,False,False,False,False,False,1,1,0,0,0,0,0,0,unspecified,False
1006195,MATRIXX INITIATIVES INC  (CIK 0001006195),2834.0,0000950123-09-015163,p15178e8vk.htm,2009-06-19,2009-06-18,8.01,"""warning letter""",https://www.sec.gov/Archives/edgar/data/1006195/000095012309015163/p15178e8vk.htm,item_anchored,6783,True,True,True,False,False,False,False,False,False,1,1,0,0,0,0,0,0,unspecified,False
1006195,MATRIXX INITIATIVES INC  (CIK 0001006195),2834.0,0000950123-09-016027,p15193e8vk.htm,2009-06-23,2009-06-19,8.01,"""warning letter""",https://www.sec.gov/Archives/edgar/data/1006195/000095012309016027/p15193e8vk.htm,item_anchored,2287,True,True,True,False,False,False,False,False,False,1,1,0,0,0,0,0,0,unspecified,False
1006195,MATRIXX INITIATIVES INC  (CIK 0001006195),2834.0,0000950123-09-019985,p15266e8vk.htm,2009-07-02,2009-07-02,8.01,"""warning letter""",https://www.sec.gov/Archives/edgar/data/1006195/000095012309019985/p15266e8vk.htm,item_anchored,10037,True,True,True,False,False,False,False,False,False,1,1,0,0,0,0,0,0,unspecified,False
1006195,MATRIXX INITIATIVES INC  (CIK 0001006195),2834.0,0000950123-09-033103,p15590exv99w1.htm,2009-08-11,2009-08-10,2.02; 9.01,"""product recall""; ""warning letter""",https://www.sec.gov/Archives/edgar/data/1006195/000095012309033103/p15590exv99w1.htm,exhibit_top,10990,True,False,True,False,False,True,True,False,False,1,1,0,0,0,0,0,0,unspecified,False
1006195,MATRIXX INITIATIVES INC  (CIK 0001006195),2834.0,0000950123-09-052811,p16164e8vk.htm,2009-10-26,2009-10-23,8.01,"""warning letter""",https://www.sec.gov/Archives/edgar/data/1006195/000095012309052811/p16164e8vk.htm,item_anchored,5796,True,True,True,False,True,False,False,False,False,1,1,0,0,0,0,0,0,unspecified,False
1006195,MATRIXX INITIATIVES INC  (CIK 0001006195),2834.0,0000950123-09-064333,p16354e8vk.htm,2009-11-19,2009-11-16,8.01,"""warning letter""",https://www.sec.gov/Archives/edgar/data/1006195/000095012309064333/p16354e8vk.htm,item_anchored,2006,True,True,True,False,False,False,False,False,False,1,1,0,0,0,0,0,0,unspecified,False
1006195,MATRIXX INITIATIVES INC  (CIK 0001006195),2834.0,0000950123-09-064333,p16354exv99w1.htm,2009-11-19,2009-11-16,8.01,"""adverse event report""; ""warning letter""",https://www.sec.gov/Archives/edgar/data/1006195/000095012309064333/p16354exv99w1.htm,exhibit_top,61780,True,True,True,False,True,False,True,False,False,1,1,1,0,12,0,1,0,drug,False
1006195,MATRIXX INITIATIVES INC  (CIK 0001006195),2834.0,0000950123-09-066683,p16423e8vk.htm,2009-11-30,2009-11-24,8.01,"""warning letter""",https://www.sec.gov/Archives/edgar/data/1006195/000095012309066683/p16423e8vk.htm,item_anchored,2402,True,True,True,False,False,False,False,False,False,1,1,0,0,0,0,0,0,unspecified,False
1323115,Cardiac Science CORP  (CIK 0001323115),3841.0,0000950123-10-008736,v54823e8vk.htm,2010-02-04,2010-02-03,2.02; 8.01; 9.01,"""voluntary recall""",https://www.sec.gov/Archives/edgar/data/1323115/000095012310008736/v54823e8vk.htm,item_anchored,3005,True,False,False,False,False,True,True,False,False,1,1,0,0,0,0,0,0,unspecified,False
1323115,Cardiac Science CORP  (CIK 0001323115),3841.0,0000950123-10-008736,v54823exv99w1.htm,2010-02-04,2010-02-03,2.02; 8.01; 9.01,"""voluntary recall""",https://www.sec.gov/Archives/edgar/data/1323115/000095012310008736/v54823exv99w1.htm,exhibit_top,4190,True,False,False,False,False,True,True,False,False,1,1,2,2,0,0,0,0,device,True
1323115,Cardiac Science CORP  (CIK 0001323115),3841.0,0000950123-10-013777,v55014e8vk.htm,2010-02-17,2010-02-17,8.01,"""product recall""; ""warning letter""",https://www.sec.gov/Archives/edgar/data/1323115/000095012310013777/v55014e8vk.htm,item_anchored,4403,True,True,True,False,False,False,True,False,False,1,1,0,0,0,0,0,0,unspecified,False
1006195,MATRIXX INITIATIVES INC  (CIK 0001006195),2834.0,0000950123-10-022184,p17096e8vk.htm,2010-03-09,2010-03-05,8.01,"""warning letter""",https://www.sec.gov/Archives/edgar/data/1006195/000095012310022184/p17096e8vk.htm,item_anchored,2322,True,True,True,False,False,False,False,False,False,1,1,0,0,0,0,0,0,unspecified,False
1172480,SANTARUS INC  (CIK 0001172480),2834.0,0000950123-10-058745,a56529e8vk.htm,2010-06-17,2010-06-17,8.01,"""voluntary recall""",https://www.sec.gov/Archives/edgar/data/1172480/000095012310058745/a56529e8vk.htm,item_anchored,7277,True,False,False,False,False,True,True,False,False,1,1,0,0,12,3,0,0,drug,False
1323115,Cardiac Science CORP  (CIK 0001323115),3841.0,0000950123-10-066913,v56401e8vk.htm,2010-07-21,2010-07-16,1.01; 2.03; 8.01; 9.01,"""field action""",https://www.sec.gov/Archives/edgar/data/1323115/000095012310066913/v56401e8vk.htm,item_anchored,6754,True,False,False,False,False,True,True,False,False,1,1,0,0,0,0,0,0,unspecified,False
1323115,Cardiac Science CORP  (CIK 0001323115),3841.0,0000950123-10-066913,v56401exv99w1.htm,2010-07-21,2010-07-16,1.01; 2.03; 8.01; 9.01,"""field action""",https://www.sec.gov/Archives/edgar/data/1323115/000095012310066913/v56401exv99w1.htm,exhibit_top,7172,True,False,False,False,False,True,True,False,False,1,1,1,1,0,0,0,0,device,True
1006195,MATRIXX INITIATIVES INC  (CIK 0001006195),2834.0,0000950123-10-079386,p18080e8vk.htm,2010-08-20,2010-08-19,8.01,"""warning letter""",https://www.sec.gov/Archives/edgar/data/1006195/000095012310079386/p18080e8vk.htm,item_anchored,4088,True,True,True,False,False,False,False,False,False,1,1,0,0,0,0,0,0,unspecified,False
1322505,Biodel Inc  (CIK 0001322505),2834.0,0000950123-10-080117,y86349e8vk.htm,2010-08-24,2010-08-20,8.01,"""warning letter""",https://www.sec.gov/Archives/edgar/data/1322505/000095012310080117/y86349e8vk.htm,item_anchored,6325,True,True,True,False,False,False,False,False,False,1,1,0,0,4,0,0,0,drug,False
1003642,IMPAX LABORATORIES INC  (CIK 0001003642),2834.0,0000950123-11-056828,c18455e8vk.htm,2011-06-06,2011-06-03,8.01; 9.01,"""warning letter""",https://www.sec.gov/Archives/edgar/data/1003642/000095012311056828/c18455e8vk.htm,item_anchored,2355,True,True,True,False,False,False,False,False,False,1,1,0,0,0,0,0,0,unspecified,False
1003642,IMPAX LABORATORIES INC  (CIK 0001003642),2834.0,0000950123-11-056828,c18455exv99w1.htm,2011-06-06,2011-06-03,8.01; 9.01,"""voluntary recall""; ""warning letter""",https://www.sec.gov/Archives/edgar/data/1003642/000095012311056828/c18455exv99w1.htm,exhibit_top,7476,True,True,True,False,False,False,True,False,False,1,1,0,0,1,0,0,0,drug,False
3116,AKORN INC  (CIK 0000003116),2834.0,0000950124-07-001913,c13820e8vk.htm,2007-04-02,2007-03-29,8.01,"""warning letter""",https://www.sec.gov/Archives/edgar/data/3116/000095012407001913/c13820e8vk.htm,item_anchored,3102,True,True,True,False,False,False,False,False,False,1,1,0,0,0,0,0,0,unspecified,False
780434,RESPIRONICS INC  (CIK 0000780434),3842.0,0000950128-04-000136,j0560401exv99.htm,2004-02-11,2004-02-10,12,"""warning letter""",https://www.sec.gov/Archives/edgar/data/780434/000095012804000136/j0560401exv99.htm,exhibit_top,2504,True,True,True,False,False,False,False,False,False,1,1,0,0,0,0,0,0,unspecified,False
883697,REGEN BIOLOGICS INC  (CIK 0000883697),3841.0,0000950133-05-004374,w13175e8vk.htm,2005-09-28,2005-09-23,8.01; 9.01,"""warning letter""",https://www.sec.gov/Archives/edgar/data/883697/000095013305004374/w13175e8vk.htm,item_anchored,4119,True,True,True,False,False,False,False,False,False,1,1,1,0,0,0,0,0,device,True
883697,REGEN BIOLOGICS INC  (CIK 0000883697),3841.0,0000950133-05-004374,w13175exv99w1.htm,2005-09-28,2005-09-23,8.01; 9.01,"""warning letter""",https://www.sec.gov/Archives/edgar/data/883697/000095013305004374/w13175exv99w1.htm,exhibit_top,1892,True,True,True,False,False,False,False,False,False,1,1,0,0,0,0,0,0,unspecified,False
883697,REGEN BIOLOGICS INC  (CIK 0000883697),3841.0,0000950133-05-004374,w13175exv99w2.htm,2005-09-28,2005-09-23,8.01; 9.01,"""warning letter""",https://www.sec.gov/Archives/edgar/data/883697/000095013305004374/w13175exv99w2.htm,exhibit_top,14867,True,True,True,False,False,False,False,False,False,1,1,5,0,0,0,0,0,device,True
57055,KV PHARMACEUTICAL CO /DE/  (CIK 0000057055),2834.0,0000950133-08-004123,w72084bexv99w1.htm,2008-12-24,2008-12-23,8.01; 9.01,"""voluntary recall""",https://www.sec.gov/Archives/edgar/data/57055/000095013308004123/w72084bexv99w1.htm,exhibit_top,8421,True,False,False,False,False,True,True,False,False,1,1,0,0,10,4,0,0,drug,False
57055,KV PHARMACEUTICAL CO /DE/  (CIK 0000057055),2834.0,0000950133-09-000125,w72437exv99w1.htm,2009-01-26,2009-01-22,2.04; 8.01; 9.01,"""product recall""; ""voluntary recall""",https://www.sec.gov/Archives/edgar/data/57055/000095013309000125/w72437exv99w1.htm,exhibit_top,9220,True,False,False,False,False,True,True,False,False,1,1,0,0,1,0,0,0,drug,False
57055,KV PHARMACEUTICAL CO /DE/  (CIK 0000057055),2834.0,0000950133-09-000241,w72507exv99w1.htm,2009-02-06,2009-01-28,8.01; 9.01,"""voluntary recall""",https://www.sec.gov/Archives/edgar/data/57055/000095013309000241/w72507exv99w1.htm,exhibit_top,9665,True,False,False,False,False,True,True,False,False,1,1,0,0,96,1,0,0,drug,False
57055,KV PHARMACEUTICAL CO /DE/  (CIK 0000057055),2834.0,0000950133-09-000241,w72507exv99w2.htm,2009-02-06,2009-01-28,8.01; 9.01,"""voluntary recall""",https://www.sec.gov/Archives/edgar/data/57055/000095013309000241/w72507exv99w2.htm,exhibit_top,3165,True,False,False,False,False,True,True,False,False,1,1,0,0,0,0,0,0,unspecified,False
720013,COLORADO MEDTECH INC  (CIK 0000720013),3845.0,0000950134-01-000628,d83733ex99-1.txt,2001-01-31,2001-01-31,5; 7,"""warning letter""",https://www.sec.gov/Archives/edgar/data/720013/000095013401000628/d83733ex99-1.txt,exhibit_top,4511,True,True,True,False,False,False,False,False,False,1,1,5,4,0,0,0,0,device,True
720013,COLORADO MEDTECH INC  (CIK 0000720013),3845.0,0000950134-01-507290,d91348e8-k.txt,2001-10-15,2001-10-15,5; 7,"""warning letter""",https://www.sec.gov/Archives/edgar/data/720013/000095013401507290/d91348e8-k.txt,exhibit_top,1627,True,True,True,False,False,False,False,False,False,1,1,1,1,0,0,0,0,device,True
720013,COLORADO MEDTECH INC  (CIK 0000720013),3845.0,0000950134-01-507290,d91348ex99-1.txt,2001-10-15,2001-10-15,5; 7,"""warning letter""",https://www.sec.gov/Archives/edgar/data/720013/000095013401507290/d91348ex99-1.txt,exhibit_top,4172,True,True,True,False,False,False,False,False,False,1,1,5,3,0,0,0,0,device,True
805928,LECTEC CORP /MN/  (AXGN)  (CIK 0000805928),3845.0,0000950134-06-012015,c06221exv99w1.txt,2006-06-22,2006-06-21,8.01; 9.01,"""voluntary recall""",https://www.sec.gov/Archives/edgar/data/805928/000095013406012015/c06221exv99w1.txt,exhibit_top,3557,True,False,False,False,False,True,True,False,False,1,1,0,0,0,0,0,0,unspecified,False
1180145,REPLIDYNE INC  (CIK 0001180145),2834.0,0000950134-08-001195,d53418e8vk.htm,2008-01-28,2008-01-22,8.01,"""warning letter""",https://www.sec.gov/Archives/edgar/data/1180145/000095013408001195/d53418e8vk.htm,item_anchored,2339,True,True,True,False,False,False,False,False,False,1,1,0,0,3,2,0,0,drug,False
3116,AKORN INC  (CIK 0000003116),2834.0,0000950137-04-010156,c89866exv10w1.htm,2004-11-17,2004-11-11,1.01; 9.01,"""product recall""; ""voluntary recall""",https://www.sec.gov/Archives/edgar/data/3116/000095013704010156/c89866exv10w1.htm,exhibit_top,74591,True,False,False,False,False,True,True,False,False,1,1,0,0,1,0,0,0,drug,False
820096,PERRIGO CO  (CIK 0000820096),2834.0,0000950137-04-010391,c90024e8vk.txt,2004-11-24,2004-11-23,8.01,"""product recall""",https://www.sec.gov/Archives/edgar/data/820096/000095013704010391/c90024e8vk.txt,item_anchored,4635,True,False,False,False,False,True,True,False,False,1,1,0,0,0,0,0,0,unspecified,False
820096,PERRIGO CO  (CIK 0000820096),2834.0,0000950137-05-013020,c99478exv99.txt,2005-10-28,2005-10-28,7.01; 9.01,"""product recall""",https://www.sec.gov/Archives/edgar/data/820096/000095013705013020/c99478exv99.txt,exhibit_top,2642,True,False,False,False,False,True,True,False,False,1,1,0,0,3,0,0,0,drug,False
885741,GLIATECH INC  (CIK 0000885741),2836.0,0000950152-02-002646,l93566aex99-1.txt,2002-04-01,2002-04-01,5; 7,"""product recall""",https://www.sec.gov/Archives/edgar/data/885741/000095015202002646/l93566aex99-1.txt,exhibit_top,13161,True,False,False,False,True,True,True,False,False,1,1,4,0,0,0,0,0,device,True
1006195,MATRIXX INITIATIVES INC  (CIK 0001006195),2834.0,0000950153-08-001192,p75809e8vk.htm,2008-07-01,2008-06-27,8.01,"""product recall""; ""voluntary recall""",https://www.sec.gov/Archives/edgar/data/1006195/000095015308001192/p75809e8vk.htm,item_anchored,5095,True,False,False,False,False,True,True,False,False,1,1,0,0,0,0,0,0,unspecified,False
1178253,SCYNEXIS INC  (SCYX)  (CIK 0001178253),2834.0,0000950170-23-050940,scyx-20230927.htm,2023-10-02,2023-09-27,8.01,"""product recall""",https://www.sec.gov/Archives/edgar/data/1178253/000095017023050940/scyx-20230927.htm,item_anchored,3981,True,False,False,False,False,True,True,False,False,1,1,0,0,1,1,0,0,drug,False
1697532,"Applied Therapeutics, Inc.  (APLT)  (CIK 0001697532)",2834.0,0000950170-24-132306,aplt-20241202.htm,2024-12-02,2024-12-02,7.01,"""warning letter""",https://www.sec.gov/Archives/edgar/data/1697532/000095017024132306/aplt-20241202.htm,item_anchored,7822,True,True,True,False,False,False,False,False,False,1,1,0,0,1,1,0,0,drug,False
749647,CELSION CORP  (IMNN)  (CIK 0000749647),3845.0,0001005150-04-001283,ex99-2.txt,2004-06-02,2004-05-28,5,"""warning letter""",https://www.sec.gov/Archives/edgar/data/749647/000100515004001283/ex99-2.txt,exhibit_top,4292,True,True,True,False,False,False,False,False,False,1,1,2,0,0,0,0,0,device,True
1114241,INYX INC  (CIK 0001114241),2834.0,0001010549-04-000798,inyx8kex1033111804.txt,2004-12-02,2004-11-18,1.01; 7.01; 9.01,"""product recall""",https://www.sec.gov/Archives/edgar/data/1114241/000101054904000798/inyx8kex1033111804.txt,exhibit_top,49831,True,False,False,False,False,True,True,False,False,1,1,0,0,3,0,0,0,drug,False
1125280,"Intellicell Biosciences, Inc.  (CIK 0001125280)",3841.0,0001013762-12-000722,ex991.htm,2012-04-03,2012-03-28,8.01; 9.01,"""warning letter""",https://www.sec.gov/Archives/edgar/data/1125280/000101376212000722/ex991.htm,exhibit_top,4125,True,True,True,False,False,False,False,False,False,1,1,0,0,0,0,0,0,unspecified,False
1125280,"Intellicell Biosciences, Inc.  (CIK 0001125280)",3841.0,0001013762-12-000722,form8k.htm,2012-04-03,2012-03-28,8.01; 9.01,"""warning letter""",https://www.sec.gov/Archives/edgar/data/1125280/000101376212000722/form8k.htm,item_anchored,2383,True,True,True,False,False,False,False,False,False,1,1,0,0,0,0,0,0,unspecified,False
1125280,"Intellicell Biosciences, Inc.  (CIK 0001125280)",3841.0,0001013762-12-002212,form8k.htm,2012-11-21,2012-11-13,1.01; 3.02; 5.02; 8.01; 9.01,"""warning letter""",https://www.sec.gov/Archives/edgar/data/1125280/000101376212002212/form8k.htm,item_anchored,10241,True,True,True,False,False,False,False,False,False,1,1,0,0,0,0,0,0,unspecified,False
1033905,LUMINEX CORP  (CIK 0001033905),3841.0,0001033905-20-000078,lmnx-20200626.htm,2020-06-29,2020-06-26,8.01,"""warning letter""",https://www.sec.gov/Archives/edgar/data/1033905/000103390520000078/lmnx-20200626.htm,item_anchored,7262,True,True,True,False,False,False,True,False,False,1,1,4,0,0,0,0,0,device,True
1033905,LUMINEX CORP  (CIK 0001033905),3841.0,0001033905-20-000084,lmnx-20200626.htm,2020-06-29,2020-06-26,8.01; 9.01,"""warning letter""",https://www.sec.gov/Archives/edgar/data/1033905/000103390520000084/lmnx-20200626.htm,item_anchored,7702,True,True,True,False,False,False,True,False,False,1,1,4,0,0,0,0,0,device,True
1035267,INTUITIVE SURGICAL INC  (ISRG)  (CIK 0001035267),3842.0,0001035267-14-000058,a8kfdaclearanceq22014.htm,2014-05-01,2014-05-01,8.01; 9.01,"""warning letter""",https://www.sec.gov/Archives/edgar/data/1035267/000103526714000058/a8kfdaclearanceq22014.htm,item_anchored,2505,True,True,True,False,False,False,False,False,False,1,1,0,0,0,0,0,0,unspecified,False
720013,COLORADO MEDTECH INC  (CIK 0000720013),3845.0,0001035704-01-500344,d90706ex99-1.txt,2001-09-17,2001-09-17,5; 7,"""warning letter""",https://www.sec.gov/Archives/edgar/data/720013/000103570401500344/d90706ex99-1.txt,exhibit_top,2557,True,True,True,False,False,False,False,False,False,1,1,3,2,0,0,0,0,device,True
919015,BIOSPHERE MEDICAL INC  (CIK 0000919015),3841.0,0001047469-06-003469,a2168490zex-99_1.htm,2006-03-15,2006-03-09,1.01; 8.01; 9.01,"""voluntary recall""",https://www.sec.gov/Archives/edgar/data/919015/000104746906003469/a2168490zex-99_1.htm,exhibit_top,4482,True,False,False,False,False,True,True,False,False,1,1,1,0,4,4,0,0,drug,False
1739104,Elanco Animal Health Inc  (ELAN)  (CIK 0001739104),2834.0,0001047469-18-006441,a2236778zex-10_5.htm,2018-09-26,2018-09-24,1.01; 5.02; 9.01,"""product recall""",https://www.sec.gov/Archives/edgar/data/1739104/000104746918006441/a2236778zex-10_5.htm,exhibit_top,78117,True,False,False,False,False,True,True,False,False,1,1,0,0,2,0,0,0,drug,False
857171,ABLE LABORATORIES INC  (CIK 0000857171),2835.0,0001072613-05-001337,exhibit99-1_13579.txt,2005-05-27,2005-05-23,8.01; 9.01,"""product recall""",https://www.sec.gov/Archives/edgar/data/857171/000107261305001337/exhibit99-1_13579.txt,exhibit_top,4055,True,False,False,False,False,True,True,False,False,1,1,0,0,3,0,0,0,drug,False
857171,ABLE LABORATORIES INC  (CIK 0000857171),2835.0,0001072613-05-001680,exhibit99-1_13670.htm,2005-07-08,2005-07-01,5.02; 8.01; 9.01,"""product recall""",https://www.sec.gov/Archives/edgar/data/857171/000107261305001680/exhibit99-1_13670.htm,exhibit_top,3281,True,False,False,False,False,True,True,False,False,1,1,0,0,1,0,0,0,drug,False
885725,BOSTON SCIENTIFIC CORP  (BSX)  (CIK 0000885725),3841.0,0001072613-07-000982,exh99-1_15087.htm,2007-04-23,2007-04-23,2.02; 9.01,"""warning letter""",https://www.sec.gov/Archives/edgar/data/885725/000107261307000982/exh99-1_15087.htm,exhibit_top,25828,True,True,True,False,False,False,False,False,False,1,1,11,0,0,0,1,0,device,True
885725,BOSTON SCIENTIFIC CORP  (BSX)  (CIK 0000885725),3841.0,0001072613-10-000728,exh99-1_16891.htm,2010-08-11,2010-08-11,8.01; 9.01,"""warning letter""",https://www.sec.gov/Archives/edgar/data/885725/000107261310000728/exh99-1_16891.htm,exhibit_top,3831,True,True,True,False,False,False,False,False,False,1,1,1,1,0,0,0,0,device,True
885725,BOSTON SCIENTIFIC CORP  (BSX)  (CIK 0000885725),3841.0,0001072613-10-000728,form8-k_16891.htm,2010-08-11,2010-08-11,8.01; 9.01,"""warning letter""",https://www.sec.gov/Archives/edgar/data/885725/000107261310000728/form8-k_16891.htm,item_anchored,2326,True,True,True,False,False,False,False,False,False,1,1,0,0,0,0,0,0,unspecified,False
911216,PALATIN TECHNOLOGIES INC  (PTN)  (CIK 0000911216),2834.0,0001088020-05-000080,ex-99.htm,2005-12-19,2005-12-19,8.01; 9.01,"""voluntary recall""",https://www.sec.gov/Archives/edgar/data/911216/000108802005000080/ex-99.htm,exhibit_top,6731,True,False,False,False,False,True,True,False,False,1,1,0,0,0,0,0,0,unspecified,False
1093557,DEXCOM INC  (DXCM)  (CIK 0001093557),3841.0,0001093557-25-000047,dxcm-20250304.htm,2025-03-07,2025-03-04,7.01; 8.01,"""warning letter""",https://www.sec.gov/Archives/edgar/data/1093557/000109355725000047/dxcm-20250304.htm,item_anchored,6020,True,True,True,False,False,False,False,False,False,1,1,0,0,0,0,0,0,unspecified,False
706698,UTAH MEDICAL PRODUCTS INC  (UTMD)  (CIK 0000706698),3841.0,0001096906-04-000075,umed8kfeb1104ex.txt,2004-02-11,2004-02-11,9,"""warning letter""",https://www.sec.gov/Archives/edgar/data/706698/000109690604000075/umed8kfeb1104ex.txt,exhibit_top,5469,True,True,True,False,False,False,False,False,False,1,1,5,0,0,0,0,0,device,True
815093,ANGEION CORP/MN  (CIK 0000815093),3841.0,0001104659-04-027921,a04-10666_18k.htm,2004-09-17,2004-09-13,8.01,"""product recall""",https://www.sec.gov/Archives/edgar/data/815093/000110465904027921/a04-10666_18k.htm,item_anchored,4231,True,False,False,False,False,True,True,False,False,1,1,1,1,0,0,0,0,device,True
706539,CHIRON CORP  (CIK 0000706539),2834.0,0001104659-04-039126,a04-14709_18k.htm,2004-12-10,2004-12-10,8.01; 9.01,"""warning letter""",https://www.sec.gov/Archives/edgar/data/706539/000110465904039126/a04-14709_18k.htm,item_anchored,2157,True,True,True,False,False,False,False,False,False,1,1,0,0,0,0,1,1,biologic,False
706539,CHIRON CORP  (CIK 0000706539),2834.0,0001104659-04-039126,a04-14709_1ex99d1.htm,2004-12-10,2004-12-10,8.01; 9.01,"""warning letter""",https://www.sec.gov/Archives/edgar/data/706539/000110465904039126/a04-14709_1ex99d1.htm,exhibit_top,4710,True,True,True,False,False,False,False,False,False,1,1,0,0,0,0,10,1,biologic,False
902600,AKSYS LTD  (CIK 0000902600),3845.0,0001104659-06-042679,a06-13897_28k.htm,2006-06-20,2006-06-08,8.01; 9.01,"""warning letter""",https://www.sec.gov/Archives/edgar/data/902600/000110465906042679/a06-13897_28k.htm,item_anchored,2344,True,True,True,False,False,False,False,False,False,1,1,0,0,0,0,0,0,unspecified,False
902600,AKSYS LTD  (CIK 0000902600),3845.0,0001104659-06-042679,a06-13897_2ex99d1.htm,2006-06-20,2006-06-08,8.01; 9.01,"""warning letter""",https://www.sec.gov/Archives/edgar/data/902600/000110465906042679/a06-13897_2ex99d1.htm,exhibit_top,3957,True,True,True,False,False,False,False,False,False,1,1,1,0,0,0,0,0,device,True
902600,AKSYS LTD  (CIK 0000902600),3845.0,0001104659-06-042679,a06-13897_2ex99d2.htm,2006-06-20,2006-06-08,8.01; 9.01,"""warning letter""",https://www.sec.gov/Archives/edgar/data/902600/000110465906042679/a06-13897_2ex99d2.htm,exhibit_top,4994,True,True,True,False,False,False,False,False,False,1,1,9,0,0,0,0,0,device,True
1099800,EDWARDS LIFESCIENCES CORP  (EW)  (CIK 0001099800),3842.0,0001104659-07-030408,a07-12023_1ex99d1.htm,2007-04-23,2007-04-23,2.02; 9.01,"""warning letter""",https://www.sec.gov/Archives/edgar/data/1099800/000110465907030408/a07-12023_1ex99d1.htm,exhibit_top,20398,True,True,True,False,False,False,False,False,False,1,1,0,0,0,0,0,0,unspecified,False
1398090,"Power Medical Interventions, Inc.  (CIK 0001398090)",3841.0,0001104659-08-065731,a08-26853_18k.htm,2008-10-24,2008-10-22,3.01; 8.01; 9.01,"""warning letter""",https://www.sec.gov/Archives/edgar/data/1398090/000110465908065731/a08-26853_18k.htm,item_anchored,2912,True,True,True,True,True,False,False,False,False,2,2,1,1,0,0,0,0,device,True
1398090,"Power Medical Interventions, Inc.  (CIK 0001398090)",3841.0,0001104659-08-065731,a08-26853_1ex99d1.htm,2008-10-24,2008-10-22,3.01; 8.01; 9.01,"""warning letter""",https://www.sec.gov/Archives/edgar/data/1398090/000110465908065731/a08-26853_1ex99d1.htm,exhibit_top,6217,True,True,True,True,True,False,False,False,False,2,2,2,1,0,0,0,0,device,True
1274057,HOSPIRA INC  (CIK 0001274057),2834.0,0001104659-10-020094,a10-8286_18k.htm,2010-04-16,2010-04-13,8.01,"""warning letter""",https://www.sec.gov/Archives/edgar/data/1274057/000110465910020094/a10-8286_18k.htm,item_anchored,5285,True,True,True,False,True,False,False,False,False,1,1,1,0,0,0,0,0,device,True
1005201,DEPOMED INC  (CIK 0001005201),2834.0,0001104659-10-034246,a10-12182_18k.htm,2010-06-17,2010-06-17,8.01,"""voluntary recall""",https://www.sec.gov/Archives/edgar/data/1005201/000110465910034246/a10-12182_18k.htm,item_anchored,5986,True,False,False,False,False,True,True,False,False,1,1,0,0,9,2,0,0,drug,False
1005201,DEPOMED INC  (CIK 0001005201),2834.0,0001104659-10-042406,a10-15359_1ex99d1.htm,2010-08-05,2010-08-05,2.02; 9.01,"""voluntary recall""",https://www.sec.gov/Archives/edgar/data/1005201/000110465910042406/a10-15359_1ex99d1.htm,exhibit_top,9647,True,False,False,False,False,True,True,False,False,1,1,0,0,5,1,0,0,drug,False
1274057,HOSPIRA INC  (CIK 0001274057),2834.0,0001104659-11-056487,a11-28131_1ex99d1.htm,2011-10-18,2011-10-18,2.02; 9.01,"""warning letter""",https://www.sec.gov/Archives/edgar/data/1274057/000110465911056487/a11-28131_1ex99d1.htm,exhibit_top,10920,True,True,True,False,False,False,False,False,False,1,1,0,0,0,0,0,0,unspecified,False
1500157,"Lantheus Medical Imaging, Inc.  (CIK 0001500157)",2834.0,0001104659-11-056789,a11-28265_18k.htm,2011-10-19,2011-10-14,1.01; 7.01; 8.01,"""voluntary recall""",https://www.sec.gov/Archives/edgar/data/1500157/000110465911056789/a11-28265_18k.htm,item_anchored,7898,True,False,False,False,False,True,True,False,False,1,1,0,0,5,1,0,0,drug,False
350907,THORATEC CORP  (CIK 0000350907),3845.0,0001104659-12-001791,a12-2665_18k.htm,2012-01-12,2012-01-04,8.01,"""warning letter""",https://www.sec.gov/Archives/edgar/data/350907/000110465912001791/a12-2665_18k.htm,item_anchored,4530,True,True,True,True,True,False,False,False,False,2,2,1,1,0,0,0,0,device,True
1274057,HOSPIRA INC  (CIK 0001274057),2834.0,0001104659-12-060486,a12-19018_18k.htm,2012-08-28,2012-08-23,8.01; 9.01,"""warning letter""",https://www.sec.gov/Archives/edgar/data/1274057/000110465912060486/a12-19018_18k.htm,item_anchored,3181,True,True,True,False,False,False,False,False,False,1,1,0,0,0,0,0,0,unspecified,False
1274057,HOSPIRA INC  (CIK 0001274057),2834.0,0001104659-12-060486,a12-19018_1ex99d1.htm,2012-08-28,2012-08-23,8.01; 9.01,"""initiated a recall""; ""warning letter""",https://www.sec.gov/Archives/edgar/data/1274057/000110465912060486/a12-19018_1ex99d1.htm,exhibit_top,13586,True,True,True,False,False,False,True,False,False,1,1,9,0,0,0,0,0,device,True
1158223,AFFYMAX INC  (CIK 0001158223),2834.0,0001104659-13-013417,a13-5959_1ex99d1.htm,2013-02-25,2013-02-23,8.01; 9.01,"""voluntary recall""",https://www.sec.gov/Archives/edgar/data/1158223/000110465913013417/a13-5959_1ex99d1.htm,exhibit_top,12659,True,False,False,False,True,True,True,False,False,1,1,0,0,5,0,0,0,drug,False
1274057,HOSPIRA INC  (CIK 0001274057),2834.0,0001104659-13-017370,a13-6672_18k.htm,2013-03-05,2013-03-01,8.01,"""warning letter""",https://www.sec.gov/Archives/edgar/data/1274057/000110465913017370/a13-6672_18k.htm,item_anchored,4547,True,True,True,False,False,False,False,False,False,1,1,0,0,0,0,0,0,unspecified,False
1158223,AFFYMAX INC  (CIK 0001158223),2834.0,0001104659-13-021807,a13-7774_1ex99d1.htm,2013-03-18,2013-03-18,5.02; 8.01; 9.01,"""voluntary recall""",https://www.sec.gov/Archives/edgar/data/1158223/000110465913021807/a13-7774_1ex99d1.htm,exhibit_top,3387,True,False,False,False,False,True,True,False,False,1,1,0,0,0,0,0,0,unspecified,False
1158223,AFFYMAX INC  (CIK 0001158223),2834.0,0001104659-13-026306,a13-7774_4ex99d1.htm,2013-04-02,2013-04-02,2.02; 9.01,"""voluntary recall""",https://www.sec.gov/Archives/edgar/data/1158223/000110465913026306/a13-7774_4ex99d1.htm,exhibit_top,11071,True,False,False,False,False,True,True,False,False,1,1,0,0,7,0,0,0,drug,False
1274057,HOSPIRA INC  (CIK 0001274057),2834.0,0001104659-13-041087,a13-12216_18k.htm,2013-05-14,2013-05-10,8.01; 9.01,"""warning letter""",https://www.sec.gov/Archives/edgar/data/1274057/000110465913041087/a13-12216_18k.htm,item_anchored,4596,True,True,True,False,False,False,False,False,False,1,1,0,0,0,0,0,0,unspecified,False
1274057,HOSPIRA INC  (CIK 0001274057),2834.0,0001104659-13-041087,a13-12216_1ex99d2.htm,2013-05-14,2013-05-10,8.01; 9.01,"""warning letter""",https://www.sec.gov/Archives/edgar/data/1274057/000110465913041087/a13-12216_1ex99d2.htm,exhibit_top,20969,True,True,True,False,True,False,False,False,False,1,1,34,2,0,0,0,0,device,True
1274057,HOSPIRA INC  (CIK 0001274057),2834.0,0001104659-13-045497,a13-13584_18k.htm,2013-05-30,2013-05-29,8.01; 9.01,"""warning letter""",https://www.sec.gov/Archives/edgar/data/1274057/000110465913045497/a13-13584_18k.htm,item_anchored,4120,True,True,True,False,False,False,False,False,False,1,1,0,0,0,0,0,0,unspecified,False
946840,VIROPHARMA INC  (CIK 0000946840),2834.0,0001104659-13-067625,a13-20063_18k.htm,2013-09-03,2013-08-29,8.01,"""warning letter""",https://www.sec.gov/Archives/edgar/data/946840/000110465913067625/a13-20063_18k.htm,item_anchored,5654,True,True,True,False,False,False,False,False,False,1,1,0,0,0,0,1,0,biologic,False
1360886,"OSIRIS THERAPEUTICS, INC.  (CIK 0001360886)",2836.0,0001104659-13-076521,a13-22547_18k.htm,2013-10-21,2013-10-21,7.01; 9.01,"""untitled letter""",https://www.sec.gov/Archives/edgar/data/1360886/000110465913076521/a13-22547_18k.htm,item_anchored,5236,True,False,False,False,False,False,False,True,True,0,1,0,0,0,0,2,0,biologic,False
1274057,HOSPIRA INC  (CIK 0001274057),2834.0,0001104659-13-091597,a13-26870_18k.htm,2013-12-20,2013-12-10,8.01,"""warning letter""",https://www.sec.gov/Archives/edgar/data/1274057/000110465913091597/a13-26870_18k.htm,item_anchored,4271,True,True,True,False,False,False,False,False,False,1,1,0,0,0,0,0,0,unspecified,False
1274057,HOSPIRA INC  (CIK 0001274057),2834.0,0001104659-14-018307,a14-7845_18k.htm,2014-03-11,2014-03-10,8.01; 9.01,"""warning letter""",https://www.sec.gov/Archives/edgar/data/1274057/000110465914018307/a14-7845_18k.htm,item_anchored,4127,True,True,True,False,False,False,False,False,False,1,1,0,0,0,0,0,0,unspecified,False
1274057,HOSPIRA INC  (CIK 0001274057),2834.0,0001104659-14-018307,a14-7845_1ex99d1.htm,2014-03-11,2014-03-10,8.01; 9.01,"""field action""; ""product recall""; ""warning letter""",https://www.sec.gov/Archives/edgar/data/1274057/000110465914018307/a14-7845_1ex99d1.htm,exhibit_top,46813,True,True,True,False,True,False,True,False,False,1,1,29,1,28,1,0,0,mixed,False
912183,CUBIST PHARMACEUTICALS INC  (CIK 0000912183),2834.0,0001104659-14-057191,a14-18523_1ex99d1.htm,2014-08-06,2014-08-06,8.01; 9.01,"""product recall""; ""recall of certain""; ""voluntary recall""",https://www.sec.gov/Archives/edgar/data/912183/000110465914057191/a14-18523_1ex99d1.htm,exhibit_top,8796,True,False,False,False,False,True,True,False,False,1,1,0,0,7,2,0,0,drug,False
1325618,IRADIMED CORP  (IRMD)  (CIK 0001325618),3841.0,0001104659-14-064347,a14-20399_18k.htm,2014-09-03,2014-09-02,8.01; 9.01,"""warning letter""",https://www.sec.gov/Archives/edgar/data/1325618/000110465914064347/a14-20399_18k.htm,item_anchored,9942,True,True,True,False,False,False,False,False,False,1,1,8,0,0,0,0,0,device,True
1325618,IRADIMED CORP  (IRMD)  (CIK 0001325618),3841.0,0001104659-14-064347,a14-20399_1ex99d1.htm,2014-09-03,2014-09-02,8.01; 9.01,"""initiated a recall""; ""warning letter""",https://www.sec.gov/Archives/edgar/data/1325618/000110465914064347/a14-20399_1ex99d1.htm,exhibit_top,18403,True,True,True,False,False,False,True,False,False,1,1,30,0,0,0,0,0,device,True
1325618,IRADIMED CORP  (IRMD)  (CIK 0001325618),3841.0,0001104659-14-064347,a14-20399_1ex99d2.htm,2014-09-03,2014-09-02,8.01; 9.01,"""warning letter""",https://www.sec.gov/Archives/edgar/data/1325618/000110465914064347/a14-20399_1ex99d2.htm,exhibit_top,4224,True,True,True,False,False,False,False,False,False,1,1,5,1,0,0,0,0,device,True
1274057,HOSPIRA INC  (CIK 0001274057),2834.0,0001104659-14-069378,a14-21704_18k.htm,2014-10-01,2014-09-29,8.01; 9.01,"""warning letter""",https://www.sec.gov/Archives/edgar/data/1274057/000110465914069378/a14-21704_18k.htm,item_anchored,4627,True,True,True,False,False,False,False,False,False,1,1,0,0,0,0,0,0,unspecified,False
1274057,HOSPIRA INC  (CIK 0001274057),2834.0,0001104659-14-069378,a14-21704_1ex99d1.htm,2014-10-01,2014-09-29,8.01; 9.01,"""warning letter""",https://www.sec.gov/Archives/edgar/data/1274057/000110465914069378/a14-21704_1ex99d1.htm,exhibit_top,13121,True,True,True,False,False,False,False,False,False,1,1,0,0,27,1,0,0,drug,False
1325618,IRADIMED CORP  (IRMD)  (CIK 0001325618),3841.0,0001104659-14-088058,a14-26606_1ex99d1.htm,2014-12-22,2014-12-22,7.01; 9.01,"""warning letter""",https://www.sec.gov/Archives/edgar/data/1325618/000110465914088058/a14-26606_1ex99d1.htm,exhibit_top,4936,True,True,True,False,False,False,False,False,False,1,1,6,2,0,0,0,0,device,True
1325618,IRADIMED CORP  (IRMD)  (CIK 0001325618),3841.0,0001104659-15-004890,a15-3228_1ex99d1.htm,2015-01-28,2015-01-28,7.01; 9.01,"""warning letter""",https://www.sec.gov/Archives/edgar/data/1325618/000110465915004890/a15-3228_1ex99d1.htm,exhibit_top,4726,True,True,True,False,False,False,False,False,False,1,1,5,2,0,0,0,0,device,True
1325618,IRADIMED CORP  (IRMD)  (CIK 0001325618),3841.0,0001104659-15-006807,a15-3713_1ex99d1.htm,2015-02-05,2015-02-05,2.02; 9.01,"""warning letter""",https://www.sec.gov/Archives/edgar/data/1325618/000110465915006807/a15-3713_1ex99d1.htm,exhibit_top,15516,True,True,True,False,False,False,False,False,False,1,1,3,1,0,0,0,0,device,True
1274057,HOSPIRA INC  (CIK 0001274057),2834.0,0001104659-15-026096,a15-8515_18k.htm,2015-04-07,2015-04-01,8.01; 9.01,"""warning letter""",https://www.sec.gov/Archives/edgar/data/1274057/000110465915026096/a15-8515_18k.htm,item_anchored,4563,True,True,True,False,False,False,False,False,False,1,1,0,0,0,0,0,0,unspecified,False
1274057,HOSPIRA INC  (CIK 0001274057),2834.0,0001104659-15-026096,a15-8515_1ex99d1.htm,2015-04-07,2015-04-01,8.01; 9.01,"""untitled letter""; ""warning letter""",https://www.sec.gov/Archives/edgar/data/1274057/000110465915026096/a15-8515_1ex99d1.htm,exhibit_top,20997,True,True,True,False,False,False,False,False,True,1,1,0,0,33,0,0,0,drug,False
203077,ST JUDE MEDICAL INC  (CIK 0000203077),3845.0,0001104659-15-068928,a15-20681_18k.htm,2015-10-02,2015-10-01,8.01; 9.01,"""warning letter""",https://www.sec.gov/Archives/edgar/data/203077/000110465915068928/a15-20681_18k.htm,item_anchored,3929,True,True,True,False,False,False,False,False,False,1,1,0,0,0,0,0,0,unspecified,False
203077,ST JUDE MEDICAL INC  (CIK 0000203077),3845.0,0001104659-15-068928,a15-20681_1ex99d1.htm,2015-10-02,2015-10-01,8.01; 9.01,"""warning letter""",https://www.sec.gov/Archives/edgar/data/203077/000110465915068928/a15-20681_1ex99d1.htm,exhibit_top,10673,True,True,True,False,False,False,False,False,False,1,1,9,1,0,0,0,0,device,True
1396814,"Pacira Pharmaceuticals, Inc.  (PCRX)  (CIK 0001396814)",2834.0,0001104659-15-084788,a15-25001_18k.htm,2015-12-15,2015-12-15,8.01; 9.01,"""warning letter""",https://www.sec.gov/Archives/edgar/data/1396814/000110465915084788/a15-25001_18k.htm,item_anchored,3719,True,True,True,False,False,False,False,False,False,1,1,0,0,0,0,0,0,unspecified,False
1396814,"Pacira Pharmaceuticals, Inc.  (PCRX)  (CIK 0001396814)",2834.0,0001104659-15-084788,a15-25001_1ex99d1.htm,2015-12-15,2015-12-15,8.01; 9.01,"""warning letter""",https://www.sec.gov/Archives/edgar/data/1396814/000110465915084788/a15-25001_1ex99d1.htm,exhibit_top,10956,True,True,True,False,False,False,False,False,False,1,1,0,0,2,0,0,0,drug,False
1396814,"Pacira Pharmaceuticals, Inc.  (PCRX)  (CIK 0001396814)",2834.0,0001104659-15-084788,a15-25001_1ex99d4.htm,2015-12-15,2015-12-15,8.01; 9.01,"""warning letter""",https://www.sec.gov/Archives/edgar/data/1396814/000110465915084788/a15-25001_1ex99d4.htm,exhibit_top,7157,True,True,True,False,False,False,False,False,False,1,1,0,0,3,1,0,0,drug,False
1492674,"T2 Biosystems, Inc.  (TTOO)  (CIK 0001492674)",3841.0,0001104659-16-131541,a16-14599_18k.htm,2016-07-07,2016-07-07,5.02; 7.01; 8.01; 9.01,"""voluntary recall""",https://www.sec.gov/Archives/edgar/data/1492674/000110465916131541/a16-14599_18k.htm,item_anchored,7780,True,False,False,False,False,True,True,False,False,1,1,0,0,0,0,0,0,unspecified,False
1393434,"OCULAR THERAPEUTIX, INC  (OCUL)  (CIK 0001393434)",2834.0,0001104659-18-062857,a18-36985_18k.htm,2018-10-19,2018-10-18,8.01; 9.01,"""warning letter""",https://www.sec.gov/Archives/edgar/data/1393434/000110465918062857/a18-36985_18k.htm,item_anchored,2567,True,True,True,False,False,False,False,False,False,1,1,0,0,0,0,0,0,unspecified,False
1393434,"OCULAR THERAPEUTIX, INC  (OCUL)  (CIK 0001393434)",2834.0,0001104659-18-062857,a18-36985_1ex99d1.htm,2018-10-19,2018-10-18,8.01; 9.01,"""warning letter""",https://www.sec.gov/Archives/edgar/data/1393434/000110465918062857/a18-36985_1ex99d1.htm,exhibit_top,6126,True,True,True,False,False,False,False,False,False,1,1,5,2,1,0,0,0,device,True
1325618,IRADIMED CORP  (IRMD)  (CIK 0001325618),3841.0,0001104659-19-053299,a19-19683_18k.htm,2019-10-08,2019-10-08,8.01; 9.01,"""warning letter""",https://www.sec.gov/Archives/edgar/data/1325618/000110465919053299/a19-19683_18k.htm,item_anchored,5575,True,True,True,False,False,False,False,False,False,1,1,0,0,0,0,0,0,unspecified,False
1325618,IRADIMED CORP  (IRMD)  (CIK 0001325618),3841.0,0001104659-19-053299,a19-19683_1ex99d1.htm,2019-10-08,2019-10-08,8.01; 9.01,"""warning letter""",https://www.sec.gov/Archives/edgar/data/1325618/000110465919053299/a19-19683_1ex99d1.htm,exhibit_top,5626,True,True,True,False,False,False,False,False,False,1,1,4,2,0,0,0,0,device,True
1325618,IRADIMED CORP  (IRMD)  (CIK 0001325618),3841.0,0001104659-19-053299,a19-19683_1ex99d2.htm,2019-10-08,2019-10-08,8.01; 9.01,"""warning letter""",https://www.sec.gov/Archives/edgar/data/1325618/000110465919053299/a19-19683_1ex99d2.htm,exhibit_top,1504,True,True,True,False,False,False,False,False,False,1,1,1,0,0,0,0,0,device,True
352998,"Teligent, Inc.  (CIK 0000352998)",2834.0,0001104659-19-071664,tm1924967-1_8k.htm,2019-12-11,2019-11-26,8.01,"""warning letter""",https://www.sec.gov/Archives/edgar/data/352998/000110465919071664/tm1924967-1_8k.htm,item_anchored,5655,True,True,True,False,False,False,False,False,False,1,1,0,0,0,0,0,0,unspecified,False
1393434,"OCULAR THERAPEUTIX, INC  (OCUL)  (CIK 0001393434)",2834.0,0001104659-20-114553,tm2033068-1_8k.htm,2020-10-13,2020-10-13,8.01,"""warning letter""",https://www.sec.gov/Archives/edgar/data/1393434/000110465920114553/tm2033068-1_8k.htm,item_anchored,15641,True,True,True,False,False,False,False,False,False,1,1,3,0,0,0,0,0,device,True
352998,"Teligent, Inc.  (CIK 0000352998)",2834.0,0001104659-21-060387,tm2114995d1_ex99-1.htm,2021-05-04,2021-05-03,2.02; 9.01,"""warning letter""",https://www.sec.gov/Archives/edgar/data/352998/000110465921060387/tm2114995d1_ex99-1.htm,exhibit_top,16666,True,True,True,False,False,False,False,False,False,1,1,0,0,3,0,0,0,drug,False
1708527,"AZIYO BIOLOGICS, INC.  (ELUT)  (CIK 0001708527)",2836.0,0001104659-21-077403,tm2118976d1_8k.htm,2021-06-07,2021-06-07,7.01; 8.01; 9.01,"""voluntary recall""",https://www.sec.gov/Archives/edgar/data/1708527/000110465921077403/tm2118976d1_8k.htm,item_anchored,7160,True,False,False,False,False,True,True,False,False,1,1,0,0,0,0,0,0,unspecified,False
1708527,"AZIYO BIOLOGICS, INC.  (ELUT)  (CIK 0001708527)",2836.0,0001104659-21-077403,tm2118976d1_ex99-1.htm,2021-06-07,2021-06-07,7.01; 8.01; 9.01,"""voluntary recall""",https://www.sec.gov/Archives/edgar/data/1708527/000110465921077403/tm2118976d1_ex99-1.htm,exhibit_top,5692,True,False,False,False,False,True,True,False,False,1,1,2,0,0,0,0,0,device,True
1708527,"AZIYO BIOLOGICS, INC.  (ELUT)  (CIK 0001708527)",2836.0,0001104659-21-083763,tm2120339d1_8k.htm,2021-06-22,2021-06-22,8.01,"""voluntary recall""",https://www.sec.gov/Archives/edgar/data/1708527/000110465921083763/tm2120339d1_8k.htm,item_anchored,8501,True,False,False,False,False,True,True,False,False,1,1,1,0,0,0,0,0,device,True
1708527,"AZIYO BIOLOGICS, INC.  (ELUT)  (CIK 0001708527)",2836.0,0001104659-23-080808,tm2321274d1_8k.htm,2023-07-13,2023-07-13,7.01; 8.01; 9.01,"""voluntary recall""",https://www.sec.gov/Archives/edgar/data/1708527/000110465923080808/tm2321274d1_8k.htm,item_anchored,8546,True,False,False,False,False,True,True,False,False,1,1,0,0,0,0,0,0,unspecified,False
1708527,"AZIYO BIOLOGICS, INC.  (ELUT)  (CIK 0001708527)",2836.0,0001104659-23-080808,tm2321274d1_ex99-1.htm,2023-07-13,2023-07-13,7.01; 8.01; 9.01,"""product recall""; ""voluntary recall""",https://www.sec.gov/Archives/edgar/data/1708527/000110465923080808/tm2321274d1_ex99-1.htm,exhibit_top,6237,True,False,False,False,False,True,True,False,False,1,1,4,1,0,0,0,0,device,True
946563,RETRACTABLE TECHNOLOGIES INC  (RVP)  (CIK 0000946563),3841.0,0001104659-24-025003,tm246569d1_8k.htm,2024-02-16,2024-02-05,8.01,"""voluntary recall""",https://www.sec.gov/Archives/edgar/data/946563/000110465924025003/tm246569d1_8k.htm,item_anchored,3465,True,False,False,False,False,True,True,False,False,1,1,0,0,0,0,0,0,unspecified,False
820081,CAMBREX CORP  (CIK 0000820081),2834.0,0001140361-09-019607,ex99_1.htm,2009-08-24,2009-08-24,8.01; 9.01,"""warning letter""",https://www.sec.gov/Archives/edgar/data/820081/000114036109019607/ex99_1.htm,exhibit_top,1994,True,True,True,False,False,False,False,False,False,1,1,0,0,4,2,0,0,drug,False
820081,CAMBREX CORP  (CIK 0000820081),2834.0,0001140361-09-019607,form8k.htm,2009-08-24,2009-08-24,8.01; 9.01,"""warning letter""",https://www.sec.gov/Archives/edgar/data/820081/000114036109019607/form8k.htm,item_anchored,2230,True,True,True,False,False,False,False,False,False,1,1,0,0,0,0,0,0,unspecified,False
1030206,VASCULAR SOLUTIONS INC  (CIK 0001030206),3841.0,0001140361-13-017181,ex99_1.htm,2013-04-23,2013-04-23,2.02; 9.01,"""initiated a recall""; ""product recall""",https://www.sec.gov/Archives/edgar/data/1030206/000114036113017181/ex99_1.htm,exhibit_top,19048,True,False,False,False,False,True,True,False,False,1,1,19,1,0,0,0,0,device,True
1030206,VASCULAR SOLUTIONS INC  (CIK 0001030206),3841.0,0001140361-13-028680,ex99_1.htm,2013-07-23,2013-07-23,2.02; 9.01,"""initiated a recall""; ""product recall""",https://www.sec.gov/Archives/edgar/data/1030206/000114036113028680/ex99_1.htm,exhibit_top,18665,True,False,False,False,False,True,True,False,False,1,1,19,0,0,0,0,0,device,True
1376339,"MIMEDX GROUP, INC.  (MDXG)  (CIK 0001376339)",3841.0,0001140361-13-035054,ex99_1.htm,2013-09-05,2013-09-05,8.01; 9.01,"""untitled letter""; ""warning letter""",https://www.sec.gov/Archives/edgar/data/1376339/000114036113035054/ex99_1.htm,exhibit_top,5841,True,False,True,False,False,False,False,True,True,0,1,1,0,0,0,2,0,mixed,False
1030206,VASCULAR SOLUTIONS INC  (CIK 0001030206),3841.0,0001140361-13-039272,ex99_1.htm,2013-10-22,2013-10-22,2.02; 9.01,"""initiated a recall""; ""product recall""",https://www.sec.gov/Archives/edgar/data/1030206/000114036113039272/ex99_1.htm,exhibit_top,20368,True,False,False,False,False,True,True,False,False,1,1,17,0,0,0,0,0,device,True
1056421,RITA MEDICAL SYSTEMS INC  (CIK 0001056421),3845.0,0001144204-06-018011,v041856_ex99-1.htm,2006-05-02,2006-04-26,1.01; 9.01,"""product recall""",https://www.sec.gov/Archives/edgar/data/1056421/000114420406018011/v041856_ex99-1.htm,exhibit_top,100813,True,False,False,True,True,True,True,False,False,2,2,10,0,33,0,0,0,drug,False
896747,AMERICAN BIO MEDICA CORP  (ABMC)  (CIK 0000896747),2834.0,0001144204-09-040634,v156548_8k.htm,2009-08-05,2009-07-30,8.01,"""warning letter""",https://www.sec.gov/Archives/edgar/data/896747/000114420409040634/v156548_8k.htm,item_anchored,4018,True,True,True,False,False,False,False,False,False,1,1,0,0,0,0,0,0,unspecified,False
887497,HI TECH PHARMACAL CO INC  (CIK 0000887497),2834.0,0001144204-10-036280,v189728_8k.htm,2010-07-02,2010-07-01,8.01; 9.01,"""warning letter""",https://www.sec.gov/Archives/edgar/data/887497/000114420410036280/v189728_8k.htm,item_anchored,2817,True,True,True,False,False,False,False,False,False,1,1,0,0,0,0,0,0,unspecified,False
887497,HI TECH PHARMACAL CO INC  (CIK 0000887497),2834.0,0001144204-10-036280,v189728_ex99-1.htm,2010-07-02,2010-07-01,8.01; 9.01,"""warning letter""",https://www.sec.gov/Archives/edgar/data/887497/000114420410036280/v189728_ex99-1.htm,exhibit_top,2702,True,True,True,False,False,False,False,False,False,1,1,0,0,0,0,0,0,unspecified,False
896747,AMERICAN BIO MEDICA CORP  (ABMC)  (CIK 0000896747),2834.0,0001144204-10-054928,v199629_8k.htm,2010-10-21,2010-10-16,8.01,"""warning letter""",https://www.sec.gov/Archives/edgar/data/896747/000114420410054928/v199629_8k.htm,item_anchored,5506,True,True,True,False,False,False,False,False,False,1,1,1,0,0,0,0,0,device,True
1453593,"Bacterin International Holdings, Inc.  (XTNT)  (CIK 0001453593)",2836.0,0001144204-11-049297,v233049_ex99-2.htm,2011-08-23,2011-08-23,7.01; 9.01,"""voluntary recall""",https://www.sec.gov/Archives/edgar/data/1453593/000114420411049297/v233049_ex99-2.htm,exhibit_top,2806,True,False,False,False,False,True,True,False,False,1,1,1,0,0,0,0,0,device,True
930775,ENCISION INC  (ECIA)  (CIK 0000930775),3841.0,0001144204-11-058162,v237423_ex99-1.htm,2011-10-18,2011-10-17,8.01; 9.01,"""recall of certain""; ""voluntary recall""",https://www.sec.gov/Archives/edgar/data/930775/000114420411058162/v237423_ex99-1.htm,exhibit_top,3725,True,False,False,False,False,True,True,False,False,1,1,1,1,0,0,0,0,device,True
896747,AMERICAN BIO MEDICA CORP  (ABMC)  (CIK 0000896747),2834.0,0001144204-12-038771,v318077_ex99-1.htm,2012-07-10,2012-07-10,1.01; 8.01; 9.01,"""warning letter""",https://www.sec.gov/Archives/edgar/data/896747/000114420412038771/v318077_ex99-1.htm,exhibit_top,5263,True,True,True,False,False,False,False,False,False,1,1,1,0,0,0,0,0,device,True
930775,ENCISION INC  (ECIA)  (CIK 0000930775),3841.0,0001144204-12-058377,v326887_ex99-1.htm,2012-10-30,2012-10-30,2.02; 9.01,"""voluntary recall""",https://www.sec.gov/Archives/edgar/data/930775/000114420412058377/v326887_ex99-1.htm,exhibit_top,6568,True,False,False,False,False,True,True,False,False,1,1,1,1,0,0,0,0,device,True
1488039,ATOSSA GENETICS INC  (ATOS)  (CIK 0001488039),3841.0,0001144204-13-010832,v336096_8k.htm,2013-02-25,2013-02-21,8.01,"""warning letter""",https://www.sec.gov/Archives/edgar/data/1488039/000114420413010832/v336096_8k.htm,item_anchored,5910,True,True,True,False,False,False,False,False,False,1,1,1,0,2,0,0,0,mixed,False
887497,HI TECH PHARMACAL CO INC  (CIK 0000887497),2834.0,0001144204-13-040908,v350767_8k.htm,2013-07-24,2013-07-24,8.01; 9.01,"""warning letter""",https://www.sec.gov/Archives/edgar/data/887497/000114420413040908/v350767_8k.htm,item_anchored,2396,True,True,True,False,False,False,False,False,False,1,1,0,0,0,0,0,0,unspecified,False
887497,HI TECH PHARMACAL CO INC  (CIK 0000887497),2834.0,0001144204-13-040908,v350767_ex99-1.htm,2013-07-24,2013-07-24,8.01; 9.01,"""warning letter""",https://www.sec.gov/Archives/edgar/data/887497/000114420413040908/v350767_ex99-1.htm,exhibit_top,3534,True,True,True,False,False,False,False,False,False,1,1,0,0,0,0,0,0,unspecified,False
1488039,ATOSSA GENETICS INC  (ATOS)  (CIK 0001488039),3841.0,0001144204-13-054080,v356815_8k.htm,2013-10-04,2013-10-04,8.01; 9.01,"""voluntary recall""",https://www.sec.gov/Archives/edgar/data/1488039/000114420413054080/v356815_8k.htm,item_anchored,3585,True,False,False,False,False,True,True,False,False,1,1,0,0,0,0,0,0,unspecified,False
1488039,ATOSSA GENETICS INC  (ATOS)  (CIK 0001488039),3841.0,0001144204-13-054080,v356815_ex99-1.htm,2013-10-04,2013-10-04,8.01; 9.01,"""voluntary recall""; ""warning letter""",https://www.sec.gov/Archives/edgar/data/1488039/000114420413054080/v356815_ex99-1.htm,exhibit_top,5088,True,False,True,False,False,True,True,False,False,1,1,1,1,0,0,0,0,device,True
1488039,ATOSSA GENETICS INC  (ATOS)  (CIK 0001488039),3841.0,0001144204-13-054080,v356815_ex99-2.htm,2013-10-04,2013-10-04,8.01; 9.01,"""voluntary recall""; ""warning letter""",https://www.sec.gov/Archives/edgar/data/1488039/000114420413054080/v356815_ex99-2.htm,exhibit_top,13613,True,False,True,False,False,True,True,False,False,1,1,3,0,3,0,0,0,mixed,False
1196298,NEPHROS INC  (NEPH)  (CIK 0001196298),3841.0,0001144204-13-057730,v358589_8k.htm,2013-10-30,2013-10-30,8.01,"""voluntary recall""",https://www.sec.gov/Archives/edgar/data/1196298/000114420413057730/v358589_8k.htm,item_anchored,7049,True,False,False,False,False,True,True,False,False,1,1,2,0,0,0,0,0,device,True
776008,STAR SCIENTIFIC INC  (CIK 0000776008),2833.0,0001144204-14-000171,v364424_8k.htm,2014-01-02,2013-12-26,5.02; 5.03; 5.07; 8.01; 9.01,"""warning letter""",https://www.sec.gov/Archives/edgar/data/776008/000114420414000171/v364424_8k.htm,item_anchored,11804,True,True,True,False,False,False,False,False,False,1,1,0,0,0,0,0,0,unspecified,False
776008,STAR SCIENTIFIC INC  (CIK 0000776008),2833.0,0001144204-14-000171,v364424_ex99-3.htm,2014-01-02,2013-12-26,5.02; 5.03; 5.07; 8.01; 9.01,"""warning letter""",https://www.sec.gov/Archives/edgar/data/776008/000114420414000171/v364424_ex99-3.htm,exhibit_top,3275,True,True,True,False,False,False,False,False,False,1,1,1,1,0,0,0,0,device,True
1433607,"InspireMD, Inc.  (NSPR)  (CIK 0001433607)",3841.0,0001144204-14-026085,v376662_ex99-1.htm,2014-04-30,2014-04-30,8.01; 9.01,"""field action""",https://www.sec.gov/Archives/edgar/data/1433607/000114420414026085/v376662_ex99-1.htm,exhibit_top,6498,True,False,False,False,False,True,True,False,False,1,1,5,2,0,0,0,0,device,True
1433607,"InspireMD, Inc.  (NSPR)  (CIK 0001433607)",3841.0,0001144204-14-028746,v377996_ex99-1.htm,2014-05-08,2014-05-07,2.02; 8.01; 9.01,"""field action""",https://www.sec.gov/Archives/edgar/data/1433607/000114420414028746/v377996_ex99-1.htm,exhibit_top,19643,True,False,False,False,False,True,True,False,False,1,1,6,1,0,0,0,0,device,True
1433607,"InspireMD, Inc.  (NSPR)  (CIK 0001433607)",3841.0,0001144204-14-039079,v382089_ex99-1.htm,2014-06-23,2014-06-23,8.01; 9.01,"""field action""",https://www.sec.gov/Archives/edgar/data/1433607/000114420414039079/v382089_ex99-1.htm,exhibit_top,5383,True,False,False,False,False,True,True,False,False,1,1,3,2,0,0,0,0,device,True
1433607,"InspireMD, Inc.  (NSPR)  (CIK 0001433607)",3841.0,0001144204-14-044584,v384553_ex99-1.htm,2014-07-24,2014-07-23,2.02; 9.01,"""field action""",https://www.sec.gov/Archives/edgar/data/1433607/000114420414044584/v384553_ex99-1.htm,exhibit_top,22465,True,False,False,False,False,True,True,False,False,1,1,6,0,0,0,0,0,device,True
1433607,"InspireMD, Inc.  (NSPR)  (CIK 0001433607)",3841.0,0001144204-14-063476,v392445_8k.htm,2014-10-29,2014-10-29,8.01; 9.01,"""field action""",https://www.sec.gov/Archives/edgar/data/1433607/000114420414063476/v392445_8k.htm,item_anchored,2256,True,False,False,False,False,True,True,False,False,1,1,0,0,0,0,0,0,unspecified,False
1433607,"InspireMD, Inc.  (NSPR)  (CIK 0001433607)",3841.0,0001144204-14-063476,v392445_ex99-1.htm,2014-10-29,2014-10-29,8.01; 9.01,"""field action""",https://www.sec.gov/Archives/edgar/data/1433607/000114420414063476/v392445_ex99-1.htm,exhibit_top,7386,True,False,False,False,False,True,True,False,False,1,1,4,0,0,0,0,0,device,True
1433607,"InspireMD, Inc.  (NSPR)  (CIK 0001433607)",3841.0,0001144204-14-067220,v394142_ex99-1.htm,2014-11-12,2014-11-12,2.02; 9.01,"""field action""",https://www.sec.gov/Archives/edgar/data/1433607/000114420414067220/v394142_ex99-1.htm,exhibit_top,21699,True,False,False,False,False,True,True,False,False,1,1,4,2,0,0,0,0,device,True
1196298,NEPHROS INC  (NEPH)  (CIK 0001196298),3841.0,0001144204-15-035026,v412288_ex99-1.htm,2015-06-02,2015-05-25,8.01; 9.01,"""warning letter""",https://www.sec.gov/Archives/edgar/data/1196298/000114420415035026/v412288_ex99-1.htm,exhibit_top,13419,True,True,True,False,True,False,False,False,False,1,1,19,1,0,0,0,0,device,True
1196298,NEPHROS INC  (NEPH)  (CIK 0001196298),3841.0,0001144204-15-050078,v418286_8k.htm,2015-08-17,2015-08-12,5.02; 8.01; 9.01,"""warning letter""",https://www.sec.gov/Archives/edgar/data/1196298/000114420415050078/v418286_8k.htm,item_anchored,6855,True,True,True,False,True,False,False,False,False,1,1,1,0,0,0,0,0,device,True
1196298,NEPHROS INC  (NEPH)  (CIK 0001196298),3841.0,0001144204-15-050078,v418286_ex99-2.htm,2015-08-17,2015-08-12,5.02; 8.01; 9.01,"""warning letter""",https://www.sec.gov/Archives/edgar/data/1196298/000114420415050078/v418286_ex99-2.htm,exhibit_top,2775,True,True,True,False,True,False,False,False,False,1,1,0,0,0,0,0,0,unspecified,False
1053369,ELITE PHARMACEUTICALS INC /NV/  (ELTP)  (CIK 0001053369),2834.0,0001144204-16-122531,v448202_8k.htm,2016-09-01,2016-08-26,1.01; 8.01,"""warning letter""",https://www.sec.gov/Archives/edgar/data/1053369/000114420416122531/v448202_8k.htm,item_anchored,3523,True,True,True,False,False,False,False,False,False,1,1,0,0,0,0,0,0,unspecified,False
1053369,ELITE PHARMACEUTICALS INC /NV/  (ELTP)  (CIK 0001053369),2834.0,0001144204-17-064253,tv481674_8k.htm,2017-12-19,2017-12-15,8.01,"""warning letter""",https://www.sec.gov/Archives/edgar/data/1053369/000114420417064253/tv481674_8k.htm,item_anchored,2883,True,True,True,False,False,False,False,False,False,1,1,0,0,0,0,0,0,unspecified,False
3116,AKORN INC  (CIK 0000003116),2834.0,0001144204-19-001153,tv510619_8k.htm,2019-01-09,2019-01-09,7.01; 9.01,"""warning letter""",https://www.sec.gov/Archives/edgar/data/3116/000114420419001153/tv510619_8k.htm,item_anchored,6096,True,True,True,False,False,False,False,False,False,1,1,0,0,0,0,0,0,unspecified,False
3116,AKORN INC  (CIK 0000003116),2834.0,0001144204-19-001153,tv510619_ex99-1.htm,2019-01-09,2019-01-09,7.01; 9.01,"""warning letter""",https://www.sec.gov/Archives/edgar/data/3116/000114420419001153/tv510619_ex99-1.htm,exhibit_top,4232,True,True,True,False,False,False,False,False,False,1,1,0,0,0,0,0,0,unspecified,False
3116,AKORN INC  (CIK 0000003116),2834.0,0001144204-19-001153,tv510619_ex99-2.htm,2019-01-09,2019-01-09,7.01; 9.01,"""initiated a recall""; ""warning letter""",https://www.sec.gov/Archives/edgar/data/3116/000114420419001153/tv510619_ex99-2.htm,exhibit_top,20846,True,True,True,False,False,False,True,False,False,1,1,0,0,12,0,0,0,drug,False
3116,AKORN INC  (CIK 0000003116),2834.0,0001144204-19-032135,tv524143_8k.htm,2019-06-25,2019-06-25,7.01; 9.01,"""warning letter""",https://www.sec.gov/Archives/edgar/data/3116/000114420419032135/tv524143_8k.htm,item_anchored,6457,True,True,True,False,False,False,False,False,False,1,1,0,0,0,0,0,0,unspecified,False
3116,AKORN INC  (CIK 0000003116),2834.0,0001144204-19-032135,tv524143_ex99-1.htm,2019-06-25,2019-06-25,7.01; 9.01,"""warning letter""",https://www.sec.gov/Archives/edgar/data/3116/000114420419032135/tv524143_ex99-1.htm,exhibit_top,5069,True,True,True,False,False,False,False,False,False,1,1,0,0,0,0,0,0,unspecified,False
1145197,INSULET CORP  (PODD)  (CIK 0001145197),3841.0,0001145197-15-000043,podd2015-06x108k.htm,2015-06-10,2015-06-10,8.01; 9.01,"""warning letter""",https://www.sec.gov/Archives/edgar/data/1145197/000114519715000043/podd2015-06x108k.htm,item_anchored,3354,True,True,True,False,False,False,False,False,False,1,1,0,0,0,0,0,0,unspecified,False
1137861,WRIGHT MEDICAL GROUP INC  (CIK 0001137861),3842.0,0001157523-04-009846,a4751101ex99.txt,2004-10-26,2004-10-26,2.02; 9.01,"""product recall""; ""recall of certain""; ""voluntary recall""",https://www.sec.gov/Archives/edgar/data/1137861/000115752304009846/a4751101ex99.txt,exhibit_top,20320,True,False,False,False,False,True,True,False,False,1,1,2,1,0,0,0,0,device,True
1043914,GENE LOGIC INC  (CIK 0001043914),2835.0,0001157523-05-001067,a4815637.txt,2005-02-04,2005-02-04,8.01,"""warning letter""",https://www.sec.gov/Archives/edgar/data/1043914/000115752305001067/a4815637.txt,item_anchored,3670,True,True,True,False,False,False,False,False,False,1,1,0,0,0,0,0,0,unspecified,False
929987,GUIDANT CORP  (CIK 0000929987),3841.0,0001157523-05-006358,a4934942ex991.txt,2005-07-21,2005-07-21,2.02; 9.01,"""field action""",https://www.sec.gov/Archives/edgar/data/929987/000115752305006358/a4934942ex991.txt,exhibit_top,18999,True,False,False,False,False,True,True,False,False,1,1,23,3,0,0,0,0,device,True
898437,"Anika Therapeutics, Inc.  (ANIK)  (CIK 0000898437)",3841.0,0001157523-18-000944,a51799996ex99_1.htm,2018-05-02,2018-05-02,2.02; 9.01,"""product recall""; ""recall of certain""; ""voluntary recall""",https://www.sec.gov/Archives/edgar/data/898437/000115752318000944/a51799996ex99_1.htm,exhibit_top,15325,True,False,False,False,False,True,True,False,False,1,1,0,0,0,0,0,0,unspecified,False
704440,REPRO MED SYSTEMS INC  (KRMD)  (CIK 0000704440),3841.0,0001161697-16-000750,form_8-k.htm,2016-03-18,2016-02-29,8.01,"""warning letter""",https://www.sec.gov/Archives/edgar/data/704440/000116169716000750/form_8-k.htm,item_anchored,2818,True,True,True,False,False,False,False,False,False,1,1,0,0,0,0,0,0,unspecified,False
704440,REPRO MED SYSTEMS INC  (KRMD)  (CIK 0000704440),3841.0,0001161697-17-000503,ex_99-1.htm,2017-11-24,2017-11-17,5.02; 8.01; 9.01,"""warning letter""",https://www.sec.gov/Archives/edgar/data/704440/000116169717000503/ex_99-1.htm,exhibit_top,3875,True,True,True,False,False,False,False,False,False,1,1,1,0,0,0,0,0,device,True
704440,REPRO MED SYSTEMS INC  (KRMD)  (CIK 0000704440),3841.0,0001161697-17-000503,form_8-k.htm,2017-11-24,2017-11-17,5.02; 8.01; 9.01,"""warning letter""",https://www.sec.gov/Archives/edgar/data/704440/000116169717000503/form_8-k.htm,item_anchored,3986,True,True,True,False,False,False,False,False,False,1,1,0,0,0,0,0,0,unspecified,False
727008,EZ EM INC  (CIK 0000727008),2835.0,0001169232-05-002036,d63273_ex99-1.htm,2005-04-08,2005-04-07,2.02; 9.01,"""voluntary recall""",https://www.sec.gov/Archives/edgar/data/727008/000116923205002036/d63273_ex99-1.htm,exhibit_top,14312,True,False,False,False,False,True,True,False,False,1,1,0,0,0,0,0,0,unspecified,False
1036968,VAXGEN INC  (CIK 0001036968),2834.0,0001169232-06-001827,d67630_8-k.htm,2006-04-05,2006-04-04,8.01,"""warning letter""",https://www.sec.gov/Archives/edgar/data/1036968/000116923206001827/d67630_8-k.htm,item_anchored,2548,True,True,True,False,False,False,False,False,False,1,1,0,0,0,0,1,0,biologic,False
887708,CARACO PHARMACEUTICAL LABORATORIES LTD  (CIK 0000887708),2834.0,0001169232-08-003868,d75214_8-k.htm,2008-11-03,2008-10-31,8.01,"""warning letter""",https://www.sec.gov/Archives/edgar/data/887708/000116923208003868/d75214_8-k.htm,item_anchored,3145,True,True,True,False,False,False,False,False,False,1,1,0,0,0,0,0,0,unspecified,False
887708,CARACO PHARMACEUTICAL LABORATORIES LTD  (CIK 0000887708),2834.0,0001169232-09-001781,d76604_ex99-1.htm,2009-03-31,2009-03-31,8.01; 9.01,"""voluntary recall""",https://www.sec.gov/Archives/edgar/data/887708/000116923209001781/d76604_ex99-1.htm,exhibit_top,4757,True,False,False,False,False,True,True,False,False,1,1,0,0,11,4,0,0,drug,False
887708,CARACO PHARMACEUTICAL LABORATORIES LTD  (CIK 0000887708),2834.0,0001169232-09-002194,d76794_8-k.htm,2009-04-21,2009-04-17,8.01,"""initiated a recall""; ""recall of certain""",https://www.sec.gov/Archives/edgar/data/887708/000116923209002194/d76794_8-k.htm,item_anchored,2235,True,False,False,False,False,True,True,False,False,1,1,0,0,0,0,0,0,unspecified,False
887708,CARACO PHARMACEUTICAL LABORATORIES LTD  (CIK 0000887708),2834.0,0001169232-09-002855,d77111_ex99-1.htm,2009-05-29,2009-05-28,2.02; 9.01,"""product recall""; ""warning letter""",https://www.sec.gov/Archives/edgar/data/887708/000116923209002855/d77111_ex99-1.htm,exhibit_top,8724,True,False,True,False,False,True,True,False,False,1,1,0,0,0,0,0,0,unspecified,False
1674632,"Beta Bionics, Inc.  (BBNX)  (CIK 0001674632)",3841.0,0001171843-26-000538,f8k_012926.htm,2026-01-30,2026-01-29,8.01,"""warning letter""",https://www.sec.gov/Archives/edgar/data/1674632/000117184326000538/f8k_012926.htm,item_anchored,6621,True,True,True,False,True,False,True,False,False,1,1,2,0,0,0,0,0,device,True
1180145,Cardiovascular Systems Inc  (CIK 0001180145),3841.0,0001180145-17-000019,release170410pumprecallpre.htm,2017-04-18,2017-04-17,2.02; 8.01; 9.01,"""voluntary recall""",https://www.sec.gov/Archives/edgar/data/1180145/000118014517000019/release170410pumprecallpre.htm,exhibit_top,5133,True,False,False,False,False,True,True,False,False,1,1,4,2,0,0,0,0,device,True
1180145,Cardiovascular Systems Inc  (CIK 0001180145),3841.0,0001180145-17-000022,ex991releaseq317.htm,2017-05-03,2017-05-03,2.02; 9.01,"""voluntary recall""",https://www.sec.gov/Archives/edgar/data/1180145/000118014517000022/ex991releaseq317.htm,exhibit_top,28624,True,False,False,False,False,True,True,False,False,1,1,11,1,0,0,0,0,device,True
1180145,Cardiovascular Systems Inc  (CIK 0001180145),3841.0,0001180145-21-000054,csii-20211124.htm,2021-11-24,2021-11-24,8.01; 9.01,"""voluntary recall""",https://www.sec.gov/Archives/edgar/data/1180145/000118014521000054/csii-20211124.htm,item_anchored,4967,True,False,False,False,False,True,True,False,False,1,1,0,0,0,0,0,0,unspecified,False
1180145,Cardiovascular Systems Inc  (CIK 0001180145),3841.0,0001180145-21-000054,exhibit991-112421.htm,2021-11-24,2021-11-24,8.01; 9.01,"""voluntary recall""",https://www.sec.gov/Archives/edgar/data/1180145/000118014521000054/exhibit991-112421.htm,exhibit_top,2459,True,False,False,False,True,True,True,False,False,1,1,2,0,0,0,0,0,device,True
886046,ARROW INTERNATIONAL INC  (CIK 0000886046),3841.0,0001188112-04-001944,tex99_1-4219.txt,2004-12-08,2004-12-03,8.01; 9.01,"""voluntary recall""",https://www.sec.gov/Archives/edgar/data/886046/000118811204001944/tex99_1-4219.txt,exhibit_top,2168,True,False,False,False,False,True,True,False,False,1,1,2,2,0,0,0,0,device,True
876188,CARDIAC SCIENCE INC  (CIK 0000876188),3845.0,0001193125-04-097038,d8k.htm,2004-06-01,2004-05-04,5,"""voluntary recall""; ""warning letter""",https://www.sec.gov/Archives/edgar/data/876188/000119312504097038/d8k.htm,exhibit_top,3881,True,False,True,False,False,True,True,False,False,1,1,0,0,0,0,0,0,unspecified,False
749647,CELSION CORP  (IMNN)  (CIK 0000749647),3845.0,0001193125-05-114738,dex992.htm,2005-05-25,2005-05-19,8.01; 9.01,"""warning letter""",https://www.sec.gov/Archives/edgar/data/749647/000119312505114738/dex992.htm,exhibit_top,15659,True,True,True,False,False,False,False,False,False,1,1,3,0,1,0,4,0,mixed,False
1127393,HEMOSENSE INC  (CIK 0001127393),3841.0,0001193125-05-200443,d8k.htm,2005-10-13,2005-10-05,8.01; 9.01,"""warning letter""",https://www.sec.gov/Archives/edgar/data/1127393/000119312505200443/d8k.htm,item_anchored,3875,True,True,True,False,True,False,False,False,False,1,1,1,0,0,0,0,0,device,True
1100441,REGENERATION TECHNOLOGIES INC  (CIK 0001100441),3842.0,0001193125-05-201644,dex991.htm,2005-10-14,2005-10-14,8.01; 9.01,"""recall of certain""; ""voluntary recall""",https://www.sec.gov/Archives/edgar/data/1100441/000119312505201644/dex991.htm,exhibit_top,3585,True,False,False,False,False,True,True,False,False,1,1,4,2,0,0,0,0,device,True
9892,BARD C R INC /NJ/  (CIK 0000009892),3841.0,0001193125-06-011772,dex991.htm,2006-01-25,2006-01-25,2.02; 9.01,"""product recall""",https://www.sec.gov/Archives/edgar/data/9892/000119312506011772/dex991.htm,exhibit_top,13215,True,False,False,False,False,True,True,False,False,1,1,5,0,0,0,0,0,device,True
811240,BIOLASE TECHNOLOGY INC  (BIOL)  (CIK 0000811240),3843.0,0001193125-06-188670,d8k.htm,2006-09-11,2006-09-11,8.01; 9.01,"""warning letter""",https://www.sec.gov/Archives/edgar/data/811240/000119312506188670/d8k.htm,item_anchored,2178,True,True,True,False,False,False,False,False,False,1,1,0,0,0,0,0,0,unspecified,False
811240,BIOLASE TECHNOLOGY INC  (BIOL)  (CIK 0000811240),3843.0,0001193125-06-188670,dex991.htm,2006-09-11,2006-09-11,8.01; 9.01,"""warning letter""",https://www.sec.gov/Archives/edgar/data/811240/000119312506188670/dex991.htm,exhibit_top,4660,True,True,True,False,False,False,False,False,False,1,1,1,0,0,0,0,0,device,True
1127393,HEMOSENSE INC  (CIK 0001127393),3841.0,0001193125-06-256297,d8k.htm,2006-12-19,2006-12-13,8.01,"""warning letter""",https://www.sec.gov/Archives/edgar/data/1127393/000119312506256297/d8k.htm,item_anchored,2856,True,True,True,False,False,False,False,False,False,1,1,0,0,0,0,0,0,unspecified,False
5187,WYETH  (CIK 0000005187),2834.0,0001193125-07-042806,dex991.htm,2007-02-28,2007-02-28,7.01; 9.01,"""warning letter""",https://www.sec.gov/Archives/edgar/data/5187/000119312507042806/dex991.htm,exhibit_top,5148,True,True,True,False,False,False,False,False,False,1,1,0,0,0,0,1,0,biologic,False
943819,"RESMED INC  (RMD, RSMDF)  (CIK 0000943819)",3841.0,0001193125-07-087773,dex991.htm,2007-04-23,2007-04-23,2.02; 9.01,"""product recall""; ""voluntary recall""",https://www.sec.gov/Archives/edgar/data/943819/000119312507087773/dex991.htm,exhibit_top,18297,True,False,False,False,False,True,True,False,False,1,1,0,0,0,0,0,0,unspecified,False
943819,"RESMED INC  (RMD, RSMDF)  (CIK 0000943819)",3841.0,0001193125-07-087773,dex992.htm,2007-04-23,2007-04-23,2.02; 9.01,"""voluntary recall""",https://www.sec.gov/Archives/edgar/data/943819/000119312507087773/dex992.htm,exhibit_top,3939,True,False,False,False,True,True,True,False,False,1,1,0,0,0,0,0,0,unspecified,False
943819,"RESMED INC  (RMD, RSMDF)  (CIK 0000943819)",3841.0,0001193125-07-173739,dex991.htm,2007-08-07,2007-08-07,2.02; 9.01,"""product recall""",https://www.sec.gov/Archives/edgar/data/943819/000119312507173739/dex991.htm,exhibit_top,17504,True,False,False,False,False,True,True,False,False,1,1,0,0,0,0,0,0,unspecified,False
878526,NATUS MEDICAL INC  (CIK 0000878526),3845.0,0001193125-07-232296,d8k.htm,2007-11-01,2007-11-01,8.01; 9.01,"""warning letter""",https://www.sec.gov/Archives/edgar/data/878526/000119312507232296/d8k.htm,item_anchored,2917,True,True,True,False,False,False,False,False,False,1,1,0,0,0,0,0,0,unspecified,False
878526,NATUS MEDICAL INC  (CIK 0000878526),3845.0,0001193125-07-232296,dex991.htm,2007-11-01,2007-11-01,8.01; 9.01,"""warning letter""",https://www.sec.gov/Archives/edgar/data/878526/000119312507232296/dex991.htm,exhibit_top,15852,True,True,True,False,False,False,False,False,False,1,1,12,0,0,0,0,0,device,True
815065,STERIS CORP  (CIK 0000815065),3842.0,0001193125-08-123754,d8k.htm,2008-05-28,2008-05-16,8.01,"""warning letter""",https://www.sec.gov/Archives/edgar/data/815065/000119312508123754/d8k.htm,item_anchored,6964,True,True,True,False,False,False,False,False,False,1,1,2,0,0,0,0,0,device,True
64978,MERCK & CO INC  (CIK 0000064978),2834.0,0001193125-08-154408,dex991.htm,2008-07-21,2008-07-21,2.02; 9.01,"""warning letter""",https://www.sec.gov/Archives/edgar/data/64978/000119312508154408/dex991.htm,exhibit_top,21381,True,True,True,False,False,False,False,False,False,1,1,0,0,1,0,19,1,biologic,False
943819,"RESMED INC  (RMD, RSMDF)  (CIK 0000943819)",3841.0,0001193125-08-166458,dex991.htm,2008-08-05,2008-08-05,2.02; 9.01,"""product recall""; ""voluntary recall""",https://www.sec.gov/Archives/edgar/data/943819/000119312508166458/dex991.htm,exhibit_top,10374,True,False,False,False,False,True,True,False,False,1,1,0,0,0,0,0,0,unspecified,False
1401923,"MAP Pharmaceuticals, Inc.  (CIK 0001401923)",2834.0,0001193125-08-262006,dex101.htm,2008-12-30,2008-12-30,1.01; 9.01,"""product recall""",https://www.sec.gov/Archives/edgar/data/1401923/000119312508262006/dex101.htm,exhibit_top,478951,True,False,False,True,True,True,True,False,False,2,2,5,0,14,0,0,0,drug,False
815065,STERIS CORP  (CIK 0000815065),3842.0,0001193125-09-008008,d8k.htm,2009-01-20,2009-01-20,8.01; 9.01,"""warning letter""",https://www.sec.gov/Archives/edgar/data/815065/000119312509008008/d8k.htm,item_anchored,12638,True,True,True,False,False,False,False,False,False,1,1,4,1,0,0,0,0,device,True
815065,STERIS CORP  (CIK 0000815065),3842.0,0001193125-09-008008,dex991.htm,2009-01-20,2009-01-20,8.01; 9.01,"""warning letter""",https://www.sec.gov/Archives/edgar/data/815065/000119312509008008/dex991.htm,exhibit_top,8200,True,True,True,False,False,False,False,False,False,1,1,1,0,0,0,0,0,device,True
815065,STERIS CORP  (CIK 0000815065),3842.0,0001193125-09-008008,dex992.htm,2009-01-20,2009-01-20,8.01; 9.01,"""warning letter""",https://www.sec.gov/Archives/edgar/data/815065/000119312509008008/dex992.htm,exhibit_top,3662,True,True,True,False,False,False,False,False,False,1,1,4,2,0,0,0,0,device,True
815065,STERIS CORP  (CIK 0000815065),3842.0,0001193125-09-247822,dex991.htm,2009-12-07,2009-12-03,8.01; 9.01,"""warning letter""",https://www.sec.gov/Archives/edgar/data/815065/000119312509247822/dex991.htm,exhibit_top,8026,True,True,True,False,False,False,False,False,False,1,1,0,0,0,0,0,0,unspecified,False
310764,STRYKER CORP  (SYK)  (CIK 0000310764),3841.0,0001193125-10-066622,d8k.htm,2010-03-25,2010-03-23,8.01; 9.01,"""warning letter""",https://www.sec.gov/Archives/edgar/data/310764/000119312510066622/d8k.htm,item_anchored,2109,True,True,True,False,False,False,False,False,False,1,1,0,0,0,0,0,0,unspecified,False
310764,STRYKER CORP  (SYK)  (CIK 0000310764),3841.0,0001193125-10-066622,dex991.htm,2010-03-25,2010-03-23,8.01; 9.01,"""warning letter""",https://www.sec.gov/Archives/edgar/data/310764/000119312510066622/dex991.htm,exhibit_top,2125,True,True,True,False,False,False,False,False,False,1,1,2,1,0,0,0,0,device,True
815065,STERIS CORP  (CIK 0000815065),3842.0,0001193125-10-087179,dex991.htm,2010-04-20,2010-04-16,5.02; 8.01; 9.01,"""warning letter""",https://www.sec.gov/Archives/edgar/data/815065/000119312510087179/dex991.htm,exhibit_top,10015,True,True,True,False,False,False,False,False,False,1,1,0,0,0,0,0,0,unspecified,False
1350653,"Alphatec Holdings, Inc.  (ATEC)  (CIK 0001350653)",3841.0,0001193125-10-152470,d8k.htm,2010-07-01,2010-06-25,8.01,"""warning letter""",https://www.sec.gov/Archives/edgar/data/1350653/000119312510152470/d8k.htm,item_anchored,3473,True,True,True,False,True,False,False,False,False,1,1,1,0,0,0,0,0,device,True
351346,BIOMET INC  (CIK 0000351346),3842.0,0001193125-10-191135,d8k.htm,2010-08-17,2010-08-17,8.01; 9.01,"""warning letter""",https://www.sec.gov/Archives/edgar/data/351346/000119312510191135/d8k.htm,item_anchored,2036,True,True,True,False,False,False,False,False,False,1,1,0,0,0,0,0,0,unspecified,False
351346,BIOMET INC  (CIK 0000351346),3842.0,0001193125-10-191135,dex991.htm,2010-08-17,2010-08-17,8.01; 9.01,"""warning letter""",https://www.sec.gov/Archives/edgar/data/351346/000119312510191135/dex991.htm,exhibit_top,2025,True,True,True,False,False,False,False,False,False,1,1,2,0,0,0,0,0,device,True
1444570,Axcan Intermediate Holdings Inc.  (CIK 0001444570),2834.0,0001193125-11-013698,d8k.htm,2011-01-25,2011-01-25,2.02; 8.01; 9.01,"""warning letter""",https://www.sec.gov/Archives/edgar/data/1444570/000119312511013698/d8k.htm,item_anchored,18150,True,True,True,False,False,False,False,False,False,1,1,0,0,2,2,0,0,drug,False
351346,BIOMET INC  (CIK 0000351346),3842.0,0001193125-11-028704,dex991.htm,2011-02-09,2011-02-08,8.01; 9.01,"""warning letter""",https://www.sec.gov/Archives/edgar/data/351346/000119312511028704/dex991.htm,exhibit_top,5713,True,True,True,False,False,False,False,False,False,1,1,3,1,0,0,0,0,device,True
815065,STERIS CORP  (CIK 0000815065),3842.0,0001193125-11-036312,d8k.htm,2011-02-15,2011-02-10,8.01,"""warning letter""",https://www.sec.gov/Archives/edgar/data/815065/000119312511036312/d8k.htm,item_anchored,7527,True,True,True,False,False,False,False,False,False,1,1,0,0,0,0,0,0,unspecified,False
1333248,CADENCE PHARMACEUTICALS INC  (CIK 0001333248),2834.0,0001193125-12-041381,d294643dex991.htm,2012-02-06,2012-02-06,7.01; 8.01; 9.01,"""voluntary recall""",https://www.sec.gov/Archives/edgar/data/1333248/000119312512041381/d294643dex991.htm,exhibit_top,6420,True,False,False,False,False,True,True,False,False,1,1,0,0,3,2,0,0,drug,False
1323854,Warner Chilcott plc  (CIK 0001323854),2834.0,0001193125-12-111006,d314609d8k.htm,2012-03-13,2012-03-12,8.01,"""warning letter""",https://www.sec.gov/Archives/edgar/data/1323854/000119312512111006/d314609d8k.htm,item_anchored,4434,True,True,True,False,False,False,False,False,False,1,1,0,0,0,0,0,0,unspecified,False
815065,STERIS CORP  (CIK 0000815065),3842.0,0001193125-12-267558,d364062d8k.htm,2012-06-12,2012-05-31,8.01,"""warning letter""",https://www.sec.gov/Archives/edgar/data/815065/000119312512267558/d364062d8k.htm,item_anchored,7474,True,True,True,False,False,False,False,False,False,1,1,0,0,0,0,0,0,unspecified,False
1333248,CADENCE PHARMACEUTICALS INC  (CIK 0001333248),2834.0,0001193125-12-312354,d383810d8k.htm,2012-07-24,2012-07-24,7.01; 8.01,"""recall of certain""; ""voluntary recall""",https://www.sec.gov/Archives/edgar/data/1333248/000119312512312354/d383810d8k.htm,item_anchored,6886,True,False,False,False,False,True,True,False,False,1,1,0,0,4,2,0,0,drug,False
1136869,ZIMMER HOLDINGS INC  (ZBH)  (CIK 0001136869),3842.0,0001193125-12-411474,d418978d8k.htm,2012-10-01,2012-09-25,8.01,"""field action""; ""warning letter""",https://www.sec.gov/Archives/edgar/data/1136869/000119312512411474/d418978d8k.htm,item_anchored,4620,True,True,True,False,False,False,True,False,False,1,1,2,0,0,0,0,0,device,True
849146,Lifevantage Corp  (LFVN)  (CIK 0000849146),2834.0,0001193125-12-492439,d448532d8k.htm,2012-12-06,2012-12-05,8.01; 9.01,"""voluntary recall""",https://www.sec.gov/Archives/edgar/data/849146/000119312512492439/d448532d8k.htm,item_anchored,3296,True,False,False,False,False,True,True,False,False,1,1,0,0,0,0,0,0,unspecified,False
815094,ABIOMED INC  (CIK 0000815094),3841.0,0001193125-13-067205,d490174d8k.htm,2013-02-20,2013-02-19,8.01; 9.01,"""warning letter""",https://www.sec.gov/Archives/edgar/data/815094/000119312513067205/d490174d8k.htm,item_anchored,2353,True,True,True,False,False,False,False,False,False,1,1,0,0,0,0,0,0,unspecified,False
815094,ABIOMED INC  (CIK 0000815094),3841.0,0001193125-13-067205,d490174dex991.htm,2013-02-20,2013-02-19,8.01; 9.01,"""warning letter""",https://www.sec.gov/Archives/edgar/data/815094/000119312513067205/d490174dex991.htm,exhibit_top,1478,True,True,True,False,False,False,False,False,False,1,1,0,0,0,0,0,0,unspecified,False
1142596,NUVASIVE INC  (CIK 0001142596),3841.0,0001193125-13-111300,d503614d8k.htm,2013-03-18,2013-03-13,8.01,"""warning letter""",https://www.sec.gov/Archives/edgar/data/1142596/000119312513111300/d503614d8k.htm,item_anchored,2842,True,True,True,False,False,False,False,False,False,1,1,1,0,0,0,0,0,device,True
1100441,"RTI SURGICAL, INC.  (CIK 0001100441)",3842.0,0001193125-13-403959,d614674dex991.htm,2013-10-18,2013-10-12,1.01; 8.01; 9.01,"""warning letter""",https://www.sec.gov/Archives/edgar/data/1100441/000119312513403959/d614674dex991.htm,exhibit_top,5305,True,True,True,False,False,False,False,False,False,1,1,6,1,0,0,0,0,device,True
1116463,ORASURE TECHNOLOGIES INC  (OSUR)  (CIK 0001116463),3841.0,0001193125-13-453084,d637047dex991.htm,2013-11-25,2013-11-25,7.01; 9.01,"""warning letter""",https://www.sec.gov/Archives/edgar/data/1116463/000119312513453084/d637047dex991.htm,exhibit_top,6696,True,True,True,False,False,False,False,False,False,1,1,0,0,0,0,0,0,unspecified,False
1116463,ORASURE TECHNOLOGIES INC  (OSUR)  (CIK 0001116463),3841.0,0001193125-14-003657,d654548d8k.htm,2014-01-07,2014-01-07,7.01; 9.01,"""warning letter""",https://www.sec.gov/Archives/edgar/data/1116463/000119312514003657/d654548d8k.htm,item_anchored,3005,True,True,True,False,False,False,False,False,False,1,1,0,0,0,0,0,0,unspecified,False
1116463,ORASURE TECHNOLOGIES INC  (OSUR)  (CIK 0001116463),3841.0,0001193125-14-003657,d654548dex991.htm,2014-01-07,2014-01-07,7.01; 9.01,"""warning letter""",https://www.sec.gov/Archives/edgar/data/1116463/000119312514003657/d654548dex991.htm,exhibit_top,8379,True,True,True,False,False,False,False,False,False,1,1,1,0,0,0,0,0,device,True
1438133,TANDEM DIABETES CARE INC  (TNDM)  (CIK 0001438133),3841.0,0001193125-14-008063,d658941dex991.htm,2014-01-10,2014-01-10,8.01; 9.01,"""product recall""; ""voluntary recall""",https://www.sec.gov/Archives/edgar/data/1438133/000119312514008063/d658941dex991.htm,exhibit_top,4264,True,False,False,False,False,True,True,False,False,1,1,1,0,0,0,0,0,device,True
1438133,TANDEM DIABETES CARE INC  (TNDM)  (CIK 0001438133),3841.0,0001193125-14-016002,d660631dex991.htm,2014-01-21,2014-01-20,8.01; 9.01,"""product recall""; ""voluntary recall""",https://www.sec.gov/Archives/edgar/data/1438133/000119312514016002/d660631dex991.htm,exhibit_top,6659,True,False,False,False,False,True,True,False,False,1,1,1,0,0,0,0,0,device,True
1389072,"HeartWare International, Inc.  (CIK 0001389072)",3841.0,0001193125-14-224699,d736322d8k.htm,2014-06-04,2014-06-04,8.01; 9.01,"""warning letter""",https://www.sec.gov/Archives/edgar/data/1389072/000119312514224699/d736322d8k.htm,item_anchored,2299,True,True,True,False,False,False,False,False,False,1,1,0,0,0,0,0,0,unspecified,False
1389072,"HeartWare International, Inc.  (CIK 0001389072)",3841.0,0001193125-14-224699,d736322dex991.htm,2014-06-04,2014-06-04,8.01; 9.01,"""warning letter""",https://www.sec.gov/Archives/edgar/data/1389072/000119312514224699/d736322dex991.htm,exhibit_top,4071,True,True,True,False,False,False,False,False,False,1,1,2,0,0,0,0,0,device,True
1389072,"HeartWare International, Inc.  (CIK 0001389072)",3841.0,0001193125-14-288206,d766537d8k.htm,2014-07-31,2014-07-30,8.01,"""recall of certain""; ""voluntary recall""",https://www.sec.gov/Archives/edgar/data/1389072/000119312514288206/d766537d8k.htm,item_anchored,4539,True,False,False,False,False,True,True,False,False,1,1,1,1,0,0,0,0,device,True
937556,MASIMO CORP  (MASI)  (CIK 0000937556),3845.0,0001193125-14-310931,d776328d8k.htm,2014-08-15,2014-08-14,8.01; 9.01,"""warning letter""",https://www.sec.gov/Archives/edgar/data/937556/000119312514310931/d776328d8k.htm,item_anchored,5582,True,True,True,False,False,False,False,False,False,1,1,1,0,0,0,0,0,device,True
937556,MASIMO CORP  (MASI)  (CIK 0000937556),3845.0,0001193125-14-310931,d776328dex991.htm,2014-08-15,2014-08-14,8.01; 9.01,"""warning letter""",https://www.sec.gov/Archives/edgar/data/937556/000119312514310931/d776328dex991.htm,exhibit_top,9890,True,True,True,False,True,False,False,False,False,1,1,13,0,0,0,0,0,device,True
1245791,"GI DYNAMICS, INC.  (CIK 0001245791)",3841.0,0001193125-14-366411,d801640dex991.htm,2014-10-08,2014-10-06,2.02; 8.01; 9.01,"""product recall""",https://www.sec.gov/Archives/edgar/data/1245791/000119312514366411/d801640dex991.htm,exhibit_top,7158,True,False,False,False,False,True,True,False,False,1,1,5,1,0,0,0,0,device,True
1105184,NANOSPHERE INC  (CIK 0001105184),3841.0,0001193125-15-023553,d859550d8k.htm,2015-01-28,2015-01-22,2.02; 5.02; 8.01; 9.01,"""warning letter""",https://www.sec.gov/Archives/edgar/data/1105184/000119312515023553/d859550d8k.htm,item_anchored,6691,True,True,True,False,False,False,False,False,False,1,1,2,1,0,0,0,0,device,True
1105184,NANOSPHERE INC  (CIK 0001105184),3841.0,0001193125-15-023553,d859550dex991.htm,2015-01-28,2015-01-22,2.02; 5.02; 8.01; 9.01,"""warning letter""",https://www.sec.gov/Archives/edgar/data/1105184/000119312515023553/d859550dex991.htm,exhibit_top,7444,True,True,True,False,False,False,False,False,False,1,1,3,1,0,0,0,0,device,True
1105184,NANOSPHERE INC  (CIK 0001105184),3841.0,0001193125-15-023553,d859550dex992.htm,2015-01-28,2015-01-22,2.02; 5.02; 8.01; 9.01,"""warning letter""",https://www.sec.gov/Archives/edgar/data/1105184/000119312515023553/d859550dex992.htm,exhibit_top,13541,True,True,True,False,False,False,True,False,False,1,1,8,1,0,0,0,0,device,True
9892,BARD C R INC /NJ/  (CIK 0000009892),3841.0,0001193125-15-257848,d92305d8k.htm,2015-07-21,2015-07-14,8.01,"""warning letter""",https://www.sec.gov/Archives/edgar/data/9892/000119312515257848/d92305d8k.htm,item_anchored,4278,True,True,True,True,True,False,False,False,False,2,2,2,1,0,0,0,0,device,True
1093557,DEXCOM INC  (DXCM)  (CIK 0001093557),3841.0,0001193125-16-537507,d176084dex991.htm,2016-04-12,2016-04-11,8.01; 9.01,"""voluntary recall""",https://www.sec.gov/Archives/edgar/data/1093557/000119312516537507/d176084dex991.htm,exhibit_top,2739,True,False,False,False,True,True,True,False,False,1,1,1,0,0,0,0,0,device,True
1136869,"ZIMMER BIOMET HOLDINGS, INC.  (ZBH)  (CIK 0001136869)",3842.0,0001193125-16-613287,d193254d8k.htm,2016-06-06,2016-05-31,8.01,"""warning letter""",https://www.sec.gov/Archives/edgar/data/1136869/000119312516613287/d193254d8k.htm,item_anchored,5986,True,True,True,False,False,False,False,False,False,1,1,3,1,0,0,0,0,device,True
1136869,"ZIMMER BIOMET HOLDINGS, INC.  (ZBH)  (CIK 0001136869)",3842.0,0001193125-17-201936,d364994d8k.htm,2017-06-13,2017-06-13,8.01; 9.01,"""warning letter""",https://www.sec.gov/Archives/edgar/data/1136869/000119312517201936/d364994d8k.htm,item_anchored,2791,True,True,True,False,False,False,False,False,False,1,1,0,0,0,0,0,0,unspecified,False
1136869,"ZIMMER BIOMET HOLDINGS, INC.  (ZBH)  (CIK 0001136869)",3842.0,0001193125-17-201936,d364994dex991.htm,2017-06-13,2017-06-13,8.01; 9.01,"""warning letter""",https://www.sec.gov/Archives/edgar/data/1136869/000119312517201936/d364994dex991.htm,exhibit_top,3914,True,True,True,False,False,False,False,False,False,1,1,1,0,0,0,0,0,device,True
1100441,"RTI SURGICAL, INC.  (CIK 0001100441)",3842.0,0001193125-17-341812,d493608d8k.htm,2017-11-14,2017-11-09,8.01,"""warning letter""",https://www.sec.gov/Archives/edgar/data/1100441/000119312517341812/d493608d8k.htm,item_anchored,7183,True,True,True,False,False,False,False,False,False,1,1,0,0,0,0,0,0,unspecified,False
10456,BAXTER INTERNATIONAL INC  (BAX)  (CIK 0000010456),3841.0,0001193125-18-219421,d546747d8k.htm,2018-07-17,2018-07-17,8.01,"""warning letter""",https://www.sec.gov/Archives/edgar/data/10456/000119312518219421/d546747d8k.htm,item_anchored,6225,True,True,True,False,False,False,False,False,False,1,1,0,0,0,0,0,0,unspecified,False
1136869,"ZIMMER BIOMET HOLDINGS, INC.  (ZBH)  (CIK 0001136869)",3842.0,0001193125-18-258149,d605327d8k.htm,2018-08-27,2018-08-24,8.01,"""warning letter""",https://www.sec.gov/Archives/edgar/data/1136869/000119312518258149/d605327d8k.htm,item_anchored,7731,True,True,True,False,False,False,False,False,False,1,1,3,1,0,0,0,0,device,True
1551693,"Sientra, Inc.  (CIK 0001551693)",3842.0,0001193125-19-082240,d726063d8k.htm,2019-03-21,2019-03-20,8.01; 9.01,"""warning letter""",https://www.sec.gov/Archives/edgar/data/1551693/000119312519082240/d726063d8k.htm,item_anchored,2602,True,True,True,False,False,False,False,False,False,1,1,0,0,0,0,0,0,unspecified,False
1551693,"Sientra, Inc.  (CIK 0001551693)",3842.0,0001193125-19-082240,d726063dex991.htm,2019-03-21,2019-03-20,8.01; 9.01,"""warning letter""",https://www.sec.gov/Archives/edgar/data/1551693/000119312519082240/d726063dex991.htm,exhibit_top,5622,True,True,True,False,False,False,False,False,False,1,1,4,0,0,0,0,0,device,True
794172,MERIDIAN BIOSCIENCE INC  (CIK 0000794172),2835.0,0001193125-21-263299,d183634dex991.htm,2021-09-01,2021-09-01,7.01; 9.01,"""Class I recall""; ""voluntary recall""",https://www.sec.gov/Archives/edgar/data/794172/000119312521263299/d183634dex991.htm,exhibit_top,6560,True,False,False,False,False,True,True,False,False,1,1,1,0,0,0,0,0,device,True
1484612,"Outset Medical, Inc.  (OM)  (CIK 0001484612)",3845.0,0001193125-23-183869,d511727d8k.htm,2023-07-07,2023-07-07,8.01; 9.01,"""warning letter""",https://www.sec.gov/Archives/edgar/data/1484612/000119312523183869/d511727d8k.htm,item_anchored,6335,True,True,True,False,False,False,False,False,False,1,1,0,0,0,0,0,0,unspecified,False
1819253,biote Corp.  (BTMD)  (CIK 0001819253),2833.0,0001193125-26-022818,d39808d8k.htm,2026-01-26,2026-01-26,8.01,"""voluntary recall""",https://www.sec.gov/Archives/edgar/data/1819253/000119312526022818/d39808d8k.htm,item_anchored,7418,True,False,False,False,False,True,True,False,False,1,1,0,0,0,0,0,0,unspecified,False
1326110,"ImmunityBio, Inc.  (IBRX)  (CIK 0001326110)",2836.0,0001193125-26-142932,d70606d8k.htm,2026-04-06,2026-04-06,7.01; 9.01,"""warning letter""",https://www.sec.gov/Archives/edgar/data/1326110/000119312526142932/d70606d8k.htm,item_anchored,3566,True,True,True,False,False,False,False,False,False,1,1,0,0,0,0,0,0,unspecified,False
1368514,"ADMA BIOLOGICS, INC.  (ADMA)  (CIK 0001368514)",2836.0,0001193805-17-001080,e616248_8k-adma.htm,2017-06-12,2017-06-06,1.01; 2.01; 2.03; 5.02; 5.03; 9.01,"""warning letter""",https://www.sec.gov/Archives/edgar/data/1368514/000119380517001080/e616248_8k-adma.htm,item_anchored,15620,True,False,True,True,True,False,False,False,False,1,1,0,0,0,0,0,0,unspecified,False
1368514,"ADMA BIOLOGICS, INC.  (ADMA)  (CIK 0001368514)",2836.0,0001193805-18-001017,e618192_ex99-1.htm,2018-07-26,2018-07-26,8.01; 9.01,"""warning letter""",https://www.sec.gov/Archives/edgar/data/1368514/000119380518001017/e618192_ex99-1.htm,exhibit_top,10315,True,True,True,False,False,False,False,False,False,1,1,0,0,0,0,6,2,biologic,False
47518,"Hill-Rom Holdings, Inc.  (CIK 0000047518)",3841.0,0001214659-12-001204,f3121218k.htm,2012-03-19,2012-03-02,8.01,"""warning letter""",https://www.sec.gov/Archives/edgar/data/47518/000121465912001204/f3121218k.htm,item_anchored,4312,True,True,True,False,False,False,False,False,False,1,1,0,0,0,0,0,0,unspecified,False
1237831,GLOBUS MEDICAL INC  (GMED)  (CIK 0001237831),3841.0,0001237831-13-000046,gmed10-15x138kletter.htm,2013-10-15,2013-09-27,8.01,"""warning letter""",https://www.sec.gov/Archives/edgar/data/1237831/000123783113000046/gmed10-15x138kletter.htm,item_anchored,5166,True,True,True,False,True,False,False,False,False,1,1,1,0,0,0,0,0,device,True
1237831,GLOBUS MEDICAL INC  (GMED)  (CIK 0001237831),3841.0,0001237831-18-000041,gmed1113188k.htm,2018-11-13,2018-11-13,8.01,"""warning letter""",https://www.sec.gov/Archives/edgar/data/1237831/000123783118000041/gmed1113188k.htm,item_anchored,5749,True,True,True,False,False,False,False,False,False,1,1,0,0,0,0,0,0,unspecified,False
898437,ANIKA THERAPEUTICS INC  (ANIK)  (CIK 0000898437),3841.0,0001275287-06-003763,at6493ex991.htm,2006-07-25,2006-07-24,2.02; 9.01,"""product recall""",https://www.sec.gov/Archives/edgar/data/898437/000127528706003763/at6493ex991.htm,exhibit_top,17092,True,False,False,False,False,True,True,False,False,1,1,0,0,0,0,0,0,unspecified,False
820096,PERRIGO CO  (CIK 0000820096),2834.0,0001275287-06-005908,pc7855ex991.txt,2006-11-09,2006-11-09,2.02; 9.01,"""product recall""",https://www.sec.gov/Archives/edgar/data/820096/000127528706005908/pc7855ex991.txt,exhibit_top,5989,True,False,False,False,False,True,True,False,False,1,1,0,0,0,0,0,0,unspecified,False
320174,BSD MEDICAL CORP  (CIK 0000320174),3845.0,0001275287-07-001186,bm9248ex991.txt,2007-03-07,2007-03-05,8.01; 9.01,"""warning letter""",https://www.sec.gov/Archives/edgar/data/320174/000127528707001186/bm9248ex991.txt,exhibit_top,2185,True,True,True,False,False,False,False,False,False,1,1,1,0,0,0,0,0,device,True
320174,BSD MEDICAL CORP  (CIK 0000320174),3845.0,0001275287-07-001738,bm9571ex991.txt,2007-04-11,2007-04-11,7.01; 9.01,"""warning letter""",https://www.sec.gov/Archives/edgar/data/320174/000127528707001738/bm9571ex991.txt,exhibit_top,2481,True,True,True,False,False,False,False,False,False,1,1,1,0,0,0,0,0,device,True
1297184,"Amphastar Pharmaceuticals, Inc.  (AMPH)  (CIK 0001297184)",2834.0,0001297184-26-000041,amph-20260702x8k.htm,2026-07-08,2026-07-02,8.01,"""warning letter""",https://www.sec.gov/Archives/edgar/data/1297184/000129718426000041/amph-20260702x8k.htm,item_anchored,6628,True,True,True,False,False,False,False,False,False,1,1,0,0,0,0,0,0,unspecified,False
864683,CYBERONICS INC  (CIK 0000864683),3845.0,0001299933-05-000062,exhibit1.htm,2005-01-05,2005-01-03,8.01,"""warning letter""",https://www.sec.gov/Archives/edgar/data/864683/000129993305000062/exhibit1.htm,exhibit_top,6943,True,True,True,False,False,False,False,False,False,1,1,8,4,0,0,0,0,device,True
864683,CYBERONICS INC  (CIK 0000864683),3845.0,0001299933-05-000062,htm_2501.htm,2005-01-05,2005-01-03,8.01,"""warning letter""",https://www.sec.gov/Archives/edgar/data/864683/000129993305000062/htm_2501.htm,item_anchored,2861,True,True,True,False,False,False,False,False,False,1,1,2,2,0,0,0,0,device,True
1000694,NOVAVAX INC  (NVAX)  (CIK 0001000694),2836.0,0001299933-05-004944,exhibit1.htm,2005-09-28,2005-09-22,1.01; 9.01,"""adverse event report""",https://www.sec.gov/Archives/edgar/data/1000694/000129993305004944/exhibit1.htm,exhibit_top,78443,True,False,False,True,True,False,False,False,False,1,1,0,0,12,0,0,0,drug,False
815838,NOVEN PHARMACEUTICALS INC  (CIK 0000815838),2834.0,0001299933-08-000182,exhibit1.htm,2008-01-10,2008-01-10,8.01; 9.01,"""product recall""; ""warning letter""",https://www.sec.gov/Archives/edgar/data/815838/000129993308000182/exhibit1.htm,exhibit_top,5269,True,True,True,False,False,False,True,False,False,1,1,0,0,0,0,0,0,unspecified,False
815838,NOVEN PHARMACEUTICALS INC  (CIK 0000815838),2834.0,0001299933-08-000182,htm_24913.htm,2008-01-10,2008-01-10,8.01; 9.01,"""warning letter""",https://www.sec.gov/Archives/edgar/data/815838/000129993308000182/htm_24913.htm,item_anchored,2674,True,True,True,False,False,False,False,False,False,1,1,0,0,0,0,0,0,unspecified,False
815838,NOVEN PHARMACEUTICALS INC  (CIK 0000815838),2834.0,0001299933-08-000577,htm_25307.htm,2008-02-01,2008-01-30,7.01,"""warning letter""",https://www.sec.gov/Archives/edgar/data/815838/000129993308000577/htm_25307.htm,item_anchored,2528,True,True,True,False,False,False,False,False,False,1,1,0,0,0,0,0,0,unspecified,False
815838,NOVEN PHARMACEUTICALS INC  (CIK 0000815838),2834.0,0001299933-08-003765,exhibit1.htm,2008-08-06,2008-08-06,2.02,"""product recall""; ""voluntary recall""; ""warning letter""",https://www.sec.gov/Archives/edgar/data/815838/000129993308003765/exhibit1.htm,exhibit_top,23728,True,False,True,False,False,True,True,False,False,1,1,0,0,1,0,0,0,drug,False
882095,GILEAD SCIENCES INC  (GILD)  (CIK 0000882095),2836.0,0001299933-10-003535,htm_39183.htm,2010-09-29,2010-09-24,8.01,"""warning letter""",https://www.sec.gov/Archives/edgar/data/882095/000129993310003535/htm_39183.htm,item_anchored,5501,True,True,True,False,False,False,False,False,False,1,1,0,0,0,0,0,0,unspecified,False
1305773,Conformis Inc  (CIK 0001305773),3842.0,0001305773-19-000132,a20191217_form8-k.htm,2019-12-18,2019-12-17,7.01,"""warning letter""",https://www.sec.gov/Archives/edgar/data/1305773/000130577319000132/a20191217_form8-k.htm,item_anchored,6059,True,True,True,False,False,False,False,False,False,1,1,1,0,0,0,0,0,device,True
1305773,Conformis Inc  (CIK 0001305773),3842.0,0001305773-20-000033,form8-k_03162020.htm,2020-03-17,2020-03-13,7.01,"""warning letter""",https://www.sec.gov/Archives/edgar/data/1305773/000130577320000033/form8-k_03162020.htm,item_anchored,5655,True,True,True,False,False,False,False,False,False,1,1,1,0,0,0,0,0,device,True
1305773,Conformis Inc  (CIK 0001305773),3842.0,0001305773-21-000093,cfms-20210728.htm,2021-07-30,2021-07-28,7.01,"""warning letter""",https://www.sec.gov/Archives/edgar/data/1305773/000130577321000093/cfms-20210728.htm,item_anchored,4559,True,True,True,False,False,False,False,False,False,1,1,1,0,0,0,0,0,device,True
929987,GUIDANT CORP  (CIK 0000929987),3841.0,0001341004-06-000528,guidpress.htm,2006-02-23,2006-02-23,8.01; 9.01,"""warning letter""",https://www.sec.gov/Archives/edgar/data/929987/000134100406000528/guidpress.htm,exhibit_top,3155,True,True,True,False,False,False,False,False,False,1,1,0,0,0,0,0,0,unspecified,False
1275187,ANGIODYNAMICS INC  (ANGO)  (CIK 0001275187),3841.0,0001341004-08-001611,angio_8k.htm,2008-07-14,2008-07-10,8.01; 9.01,"""voluntary recall""",https://www.sec.gov/Archives/edgar/data/1275187/000134100408001611/angio_8k.htm,item_anchored,5485,True,False,False,False,False,True,True,False,False,1,1,2,1,0,0,0,0,device,True
1275187,ANGIODYNAMICS INC  (ANGO)  (CIK 0001275187),3841.0,0001341004-08-001611,angio_ex99-1.htm,2008-07-14,2008-07-10,8.01; 9.01,"""voluntary recall""",https://www.sec.gov/Archives/edgar/data/1275187/000134100408001611/angio_ex99-1.htm,exhibit_top,4186,True,False,False,False,False,True,True,False,False,1,1,9,5,0,0,0,0,device,True
1350653,"Alphatec Holdings, Inc.  (ATEC)  (CIK 0001350653)",3841.0,0001350653-15-000016,form8-kwarningletter72315.htm,2015-07-23,2015-07-17,8.01,"""warning letter""",https://www.sec.gov/Archives/edgar/data/1350653/000135065315000016/form8-kwarningletter72315.htm,item_anchored,3228,True,True,True,False,False,False,False,False,False,1,1,0,0,0,0,0,0,unspecified,False
1367644,Emergent BioSolutions Inc.  (EBS)  (CIK 0001367644),2834.0,0001367644-22-000132,ebs-20220812.htm,2022-08-12,2022-08-12,8.01; 9.01,"""warning letter""",https://www.sec.gov/Archives/edgar/data/1367644/000136764422000132/ebs-20220812.htm,item_anchored,4236,True,True,True,False,False,False,False,False,False,1,1,0,0,1,0,0,0,drug,False
1367644,Emergent BioSolutions Inc.  (EBS)  (CIK 0001367644),2834.0,0001367644-22-000132,emergent081222statement.htm,2022-08-12,2022-08-12,8.01; 9.01,"""warning letter""",https://www.sec.gov/Archives/edgar/data/1367644/000136764422000132/emergent081222statement.htm,exhibit_top,1940,True,True,True,False,False,False,False,False,False,1,1,0,0,0,0,0,0,unspecified,False
1367644,Emergent BioSolutions Inc.  (EBS)  (CIK 0001367644),2834.0,0001367644-23-000169,a10052023fdavaistatement.htm,2023-10-05,2023-10-05,8.01; 9.01,"""warning letter""",https://www.sec.gov/Archives/edgar/data/1367644/000136764423000169/a10052023fdavaistatement.htm,exhibit_top,2955,True,True,True,False,False,False,False,False,False,1,1,0,0,1,1,0,0,drug,False
1385187,Covidien plc  (CIK 0001385187),3841.0,0001385187-12-000008,covex991.htm,2012-08-22,2012-08-22,7.01; 9.01,"""voluntary recall""",https://www.sec.gov/Archives/edgar/data/1385187/000138518712000008/covex991.htm,exhibit_top,2642,True,False,False,False,True,True,True,False,False,1,1,0,0,0,0,0,0,unspecified,False
887247,Adamis Pharmaceuticals Corp  (DMKPQ)  (CIK 0000887247),2834.0,0001387131-22-004032,admp-8k_032122.htm,2022-03-28,2022-03-21,8.01; 9.01,"""voluntary recall""",https://www.sec.gov/Archives/edgar/data/887247/000138713122004032/admp-8k_032122.htm,item_anchored,5311,True,False,False,False,False,True,True,False,False,1,1,0,0,1,0,0,0,drug,False
887247,Adamis Pharmaceuticals Corp  (DMKPQ)  (CIK 0000887247),2834.0,0001387131-22-004032,ex99-1.htm,2022-03-28,2022-03-21,8.01; 9.01,"""voluntary recall""",https://www.sec.gov/Archives/edgar/data/887247/000138713122004032/ex99-1.htm,exhibit_top,3615,True,False,False,False,True,True,True,False,False,1,1,0,0,1,1,0,0,drug,False
1388658,"iRhythm Technologies, Inc.  (IRTC)  (CIK 0001388658)",3841.0,0001388658-23-000070,irtc-20230525.htm,2023-05-30,2023-05-25,8.01,"""warning letter""",https://www.sec.gov/Archives/edgar/data/1388658/000138865823000070/irtc-20230525.htm,item_anchored,6887,True,True,True,True,True,False,False,False,False,2,2,3,3,0,0,0,0,device,True
1397702,Silk Road Medical Inc  (SILK)  (CIK 0001397702),3841.0,0001397702-21-000008,silk-20210125.htm,2021-01-25,2021-01-25,7.01,"""voluntary recall""",https://www.sec.gov/Archives/edgar/data/1397702/000139770221000008/silk-20210125.htm,item_anchored,5614,True,False,False,False,False,True,True,False,False,1,1,5,2,0,0,0,0,device,True
1003642,IMPAX LABORATORIES INC  (CIK 0001003642),2834.0,0001437749-13-000580,ex99-1.htm,2013-01-22,2013-01-21,8.01; 9.01,"""warning letter""",https://www.sec.gov/Archives/edgar/data/1003642/000143774913000580/ex99-1.htm,exhibit_top,6996,True,True,True,False,False,False,False,False,False,1,1,0,0,6,4,0,0,drug,False
1427925,ACELRX PHARMACEUTICALS INC  (TLPH)  (CIK 0001427925),2834.0,0001437749-21-002941,acrx20210215_8k.htm,2021-02-16,2021-02-11,8.01; 9.01,"""warning letter""",https://www.sec.gov/Archives/edgar/data/1427925/000143774921002941/acrx20210215_8k.htm,item_anchored,6205,True,True,True,False,False,False,False,False,False,1,1,0,0,0,0,0,0,unspecified,False
1427925,ACELRX PHARMACEUTICALS INC  (TLPH)  (CIK 0001427925),2834.0,0001437749-22-007847,acrx20220331_8k.htm,2022-03-31,2022-03-28,8.01,"""warning letter""",https://www.sec.gov/Archives/edgar/data/1427925/000143774922007847/acrx20220331_8k.htm,item_anchored,4504,True,True,True,False,False,False,False,False,False,1,1,0,0,0,0,0,0,unspecified,False
1485003,"Sesen Bio, Inc.  (CARM)  (CIK 0001485003)",2834.0,0001485003-21-000210,sesn-20211027.htm,2021-10-27,2021-10-27,8.01,"""warning letter""",https://www.sec.gov/Archives/edgar/data/1485003/000148500321000210/sesn-20211027.htm,item_anchored,6574,True,True,True,False,False,False,False,False,False,1,1,0,0,0,0,8,2,biologic,False
1196298,NEPHROS INC  (NEPH)  (CIK 0001196298),3841.0,0001493152-16-008788,ex99-1.htm,2016-04-11,2016-04-07,8.01; 9.01,"""warning letter""",https://www.sec.gov/Archives/edgar/data/1196298/000149315216008788/ex99-1.htm,exhibit_top,1421,True,True,True,False,False,False,False,False,False,1,1,0,0,0,0,0,0,unspecified,False
1196298,NEPHROS INC  (NEPH)  (CIK 0001196298),3841.0,0001493152-16-008788,form8-k.htm,2016-04-11,2016-04-07,8.01; 9.01,"""warning letter""",https://www.sec.gov/Archives/edgar/data/1196298/000149315216008788/form8-k.htm,item_anchored,3724,True,True,True,False,True,False,False,False,False,1,1,0,0,0,0,0,0,unspecified,False
1752828,"Celularity Inc  (CELU, CELUW)  (CIK 0001752828)",2834.0,0001493152-25-026383,form8-k.htm,2025-12-05,2025-12-05,8.01,"""warning letter""",https://www.sec.gov/Archives/edgar/data/1752828/000149315225026383/form8-k.htm,item_anchored,4308,True,True,True,False,False,False,False,False,False,1,1,0,0,0,0,0,0,unspecified,False
1433607,"InspireMD, Inc.  (NSPR)  (CIK 0001433607)",3841.0,0001493152-26-020891,ex99-1.htm,2026-05-01,2026-05-01,7.01; 8.01; 9.01,"""voluntary recall""",https://www.sec.gov/Archives/edgar/data/1433607/000149315226020891/ex99-1.htm,exhibit_top,10873,True,False,False,False,False,True,True,False,False,1,1,16,3,0,0,0,0,device,True
1433607,"InspireMD, Inc.  (NSPR)  (CIK 0001433607)",3841.0,0001493152-26-020891,form8-k.htm,2026-05-01,2026-05-01,7.01; 8.01; 9.01,"""voluntary recall""",https://www.sec.gov/Archives/edgar/data/1433607/000149315226020891/form8-k.htm,item_anchored,4555,True,False,False,False,False,True,True,False,False,1,1,4,3,0,0,0,0,device,True
1821323,"Sigilon Therapeutics, Inc.  (CIK 0001821323)",2834.0,0001558370-21-016343,sgtx-20211129xex99d1.htm,2021-11-29,2021-11-29,8.01; 9.01,"""adverse event report""",https://www.sec.gov/Archives/edgar/data/1821323/000155837021016343/sgtx-20211129xex99d1.htm,exhibit_top,5020,True,False,False,True,True,False,False,False,False,1,1,1,1,0,0,0,0,device,True
1237831,GLOBUS MEDICAL INC  (GMED)  (CIK 0001237831),3841.0,0001562762-24-000209,gmed-20240716x8k.htm,2024-08-13,2024-07-16,8.01,"""medical device report""; ""warning letter""",https://www.sec.gov/Archives/edgar/data/1237831/000156276224000209/gmed-20240716x8k.htm,item_anchored,6342,True,True,True,False,True,False,False,False,False,1,1,1,0,0,0,0,0,device,True
1006045,IRIDEX CORP  (IRIX)  (CIK 0001006045),3845.0,0001564590-18-003033,irix-ex991_7.htm,2018-02-23,2018-02-23,2.02; 7.01; 9.01,"""voluntary recall""",https://www.sec.gov/Archives/edgar/data/1006045/000156459018003033/irix-ex991_7.htm,exhibit_top,4565,True,False,False,False,True,True,True,False,False,1,1,0,0,0,0,0,0,unspecified,False
873303,"Sarepta Therapeutics, Inc.  (SRPT)  (CIK 0000873303)",2834.0,0001564590-19-030819,srpt-ex991_15.htm,2019-08-08,2019-08-08,7.01; 9.01,"""adverse event report""",https://www.sec.gov/Archives/edgar/data/873303/000156459019030819/srpt-ex991_15.htm,exhibit_top,2884,True,False,False,True,True,False,False,False,False,1,1,0,0,0,0,2,1,biologic,False
1751299,"Kaleido Biosciences, Inc.  (KLDO)  (CIK 0001751299)",2836.0,0001564590-21-047100,kldo-8k_20210827.htm,2021-09-03,2021-08-27,8.01,"""warning letter""",https://www.sec.gov/Archives/edgar/data/1751299/000156459021047100/kldo-8k_20210827.htm,item_anchored,3297,True,True,True,False,False,False,False,False,False,1,1,0,0,0,0,0,0,unspecified,False
1585364,PERRIGO Co plc  (PRGO)  (CIK 0001585364),2834.0,0001585364-24-000116,perrigoinfantformulareca.htm,2024-08-09,2024-08-06,7.01,"""voluntary recall""",https://www.sec.gov/Archives/edgar/data/1585364/000158536424000116/perrigoinfantformulareca.htm,exhibit_top,2616,True,False,False,False,True,True,True,False,False,1,1,0,0,0,0,0,0,unspecified,False
1059784,GENEREX BIOTECHNOLOGY CORP  (CIK 0001059784),2834.0,0001607062-17-000246,ex10_1.htm,2017-08-01,2017-08-01,1.01; 9.01,"""adverse event report""",https://www.sec.gov/Archives/edgar/data/1059784/000160706217000246/ex10_1.htm,exhibit_top,255823,True,False,False,True,True,False,False,False,False,1,1,5,0,28,0,70,0,biologic,False
1613103,Medtronic plc  (MDT)  (CIK 0001613103),3845.0,0001613103-21-000002,pressreleaseofmedtronicplc.htm,2021-02-17,2021-02-17,7.01,"""voluntary recall""",https://www.sec.gov/Archives/edgar/data/1613103/000161310321000002/pressreleaseofmedtronicplc.htm,exhibit_top,4438,True,False,False,False,True,True,True,False,False,1,1,9,3,0,0,0,0,device,True
1613103,Medtronic plc  (MDT)  (CIK 0001613103),3845.0,0001613103-21-000067,exhibit991-pressrelease121.htm,2021-12-15,2021-12-15,7.01; 9.01,"""warning letter""",https://www.sec.gov/Archives/edgar/data/1613103/000161310321000067/exhibit991-pressrelease121.htm,exhibit_top,2167,True,True,True,False,False,False,False,False,False,1,1,2,2,0,0,0,0,device,True
1613103,Medtronic plc  (MDT)  (CIK 0001613103),3845.0,0001613103-21-000067,mdt-20211215.htm,2021-12-15,2021-12-15,7.01; 9.01,"""warning letter""",https://www.sec.gov/Archives/edgar/data/1613103/000161310321000067/mdt-20211215.htm,item_anchored,7987,True,True,True,False,False,False,False,False,False,1,1,0,0,0,0,0,0,unspecified,False
1639691,LivaNova PLC  (LIVN)  (CIK 0001639691),3845.0,0001639691-16-000020,ex99_2.htm,2016-01-05,2016-01-05,8.01; 9.01,"""field safety notice""; ""warning letter""",https://www.sec.gov/Archives/edgar/data/1639691/000163969116000020/ex99_2.htm,exhibit_top,2533,True,True,True,False,False,True,True,False,False,2,2,1,1,0,0,0,0,device,True
1639691,LivaNova PLC  (LIVN)  (CIK 0001639691),3845.0,0001639691-16-000020,form8-k.htm,2016-01-05,2016-01-05,8.01; 9.01,"""warning letter""",https://www.sec.gov/Archives/edgar/data/1639691/000163969116000020/form8-k.htm,item_anchored,5378,True,True,True,False,False,False,False,False,False,1,1,4,1,0,0,0,0,device,True
1639691,LivaNova PLC  (LIVN)  (CIK 0001639691),3845.0,0001639691-22-000112,livn-20221212.htm,2022-12-13,2022-12-12,8.01; 9.01,"""warning letter""",https://www.sec.gov/Archives/edgar/data/1639691/000163969122000112/livn-20221212.htm,item_anchored,3397,True,True,True,False,False,False,False,False,False,1,1,1,1,0,0,0,0,device,True
1639691,LivaNova PLC  (LIVN)  (CIK 0001639691),3845.0,0001639691-23-000010,a4q22earningspressrelease.htm,2023-02-22,2023-02-15,2.02; 5.02; 9.01,"""warning letter""",https://www.sec.gov/Archives/edgar/data/1639691/000163969123000010/a4q22earningspressrelease.htm,exhibit_top,43821,True,True,True,False,False,False,False,False,False,1,1,4,0,0,0,0,0,device,True
1386570,ChromaDex Corp.  (CDXC)  (CIK 0001386570),2833.0,0001654954-20-012774,cdxc-20201231.htm,2020-11-23,2020-11-17,8.01,"""warning letter""",https://www.sec.gov/Archives/edgar/data/1386570/000165495420012774/cdxc-20201231.htm,item_anchored,6091,True,True,True,False,False,False,False,False,False,1,1,0,0,0,0,0,0,unspecified,False
1815776,"LENZ Therapeutics, Inc.  (LENZ)  (CIK 0001815776)",2836.0,0001815776-25-000077,lenz-20251212.htm,2025-12-12,2025-12-12,8.01,"""adverse event report""",https://www.sec.gov/Archives/edgar/data/1815776/000181577625000077/lenz-20251212.htm,item_anchored,4211,True,False,False,True,True,False,False,False,False,1,1,0,0,0,0,0,0,unspecified,False
