company_name_fda,normalized_name,match_status,gvkey,company_name_compustat,n_gvkey_candidates,review_suggested,n_letters,first_letter_date,last_letter_date,any_device_letter,any_drug_letter,any_biologic_letter,any_medtech_pharma,product_types
1 Nation Nutrition LLC,1 NATION NUTRITION,unmatched,,,0,False,1,2017-10-23,2017-10-23,False,True,False,True,Drugs
1 Party At A Time,1 PARTY AT A TIME,unmatched,,,0,False,1,2020-09-01,2020-09-01,False,True,False,True,Drugs
1800 Get Thin LLC,1800 GET THIN,unmatched,,,0,False,1,2011-12-09,2011-12-09,True,False,False,True,Devices
20/20 Institute,20 20 INSTITUTE,unmatched,,,0,False,1,2012-12-18,2012-12-18,True,False,False,True,Devices
2035 PMA,2035 PMA,unmatched,,,0,False,1,2011-03-02,2011-03-02,True,False,False,True,Devices
2187954 ALBERTA INC.,2187954 ALBERTA,unmatched,,,0,False,1,2024-04-30,2024-04-30,False,True,False,True,Drugs
21st Century LaserMed Pain Institute,21ST CENTURY LASERMED PAIN INSTITUTE,unmatched,,,0,False,1,2020-07-21,2020-07-21,False,False,True,True,Biologics
21st Century Scientific Inc,21ST CENTURY SCIENTIFIC,unmatched,,,0,False,1,2019-05-13,2019-05-13,True,False,False,True,Devices
"221 Enterprises, LLC.",221 ENTERPRISES,unmatched,,,0,False,1,2014-08-07,2014-08-07,False,True,False,True,Drugs
"23andMe, Inc.",23ANDME,unmatched,,,0,False,1,2013-11-22,2013-11-22,True,False,False,True,Devices
24hr Doc,24HR DOC,unmatched,,,0,False,1,2026-02-20,2026-02-20,False,True,False,True,Drugs
"3B Medical, Inc.",3B MEDICAL,unmatched,,,0,False,1,2026-05-21,2026-05-21,True,False,False,True,Devices
"3CPM Company., INC.- EndoSure, Inc.",3CPM ENDOSURE,unmatched,,,0,False,1,2010-03-25,2010-03-25,True,False,False,True,Devices
3D Imaging Drug Design and Development LLC,3D IMAGING DRUG DESIGN AND DEVELOPMENT,unmatched,,,0,False,1,2025-12-04,2025-12-04,False,True,False,True,Drugs
"4E Global, S.A.P.I. de C.V.",4E GLOBAL S A P I DE C V,unmatched,,,0,False,1,2020-10-23,2020-10-23,False,True,False,True,Drugs
4U health,4U HEALTH,unmatched,,,0,False,1,2026-03-17,2026-03-17,False,False,True,True,Biologics
4nrx.md,4NRX MD,unmatched,,,0,False,1,2020-05-14,2020-05-14,False,True,False,True,Drugs
77 Elektronika Kft.,77 ELEKTRONIKA KFT,unmatched,,,0,False,1,2015-10-08,2015-10-08,True,False,False,True,Devices
"7Tabz Retail, LLC",7TABZ RETAIL,unmatched,,,0,False,1,2025-06-25,2025-06-25,False,True,False,True,Drugs
8046255 Canada Inc. DBA Viatrexx,8046255 CANADA VIATREXX,unmatched,,,0,False,1,2020-06-11,2020-06-11,False,True,False,True,Drugs
911 Water,911 WATER,unmatched,,,0,False,1,2009-05-13,2009-05-13,True,False,False,True,Devices
9mm Special Effects,9MM SPECIAL EFFECTS,unmatched,,,0,False,1,2015-05-19,2015-05-19,True,False,False,True,Devices
"A & D Electronics (Shenzhen) Co., Ltd.",A AND D ELECTRONICS SHENZHEN,unmatched,,,0,False,1,2012-11-13,2012-11-13,True,False,False,True,Devices
A C COSSOR & SON (SURGICAL) LIMITED,A C COSSOR AND SON SURGICAL,unmatched,,,0,False,1,2013-01-07,2013-01-07,True,False,False,True,Devices
A-S Medication Solutions LLC,A S MEDICATION SOLUTIONS,unmatched,,,0,False,1,2017-06-05,2017-06-05,False,True,False,True,Drugs
"A. Nelson & Co., Ltd.",A NELSON AND,unmatched,,,0,False,2,2012-07-26,2026-02-12,False,True,False,True,Drugs
A.I.G Technologies Inc.,A I G TECHNOLOGIES,unmatched,,,0,False,1,2017-12-05,2017-12-05,False,True,False,True,Drugs
"A.J.'s Candles, Inc",A J S CANDLES,unmatched,,,0,False,1,2010-02-17,2010-02-17,True,False,False,True,Devices
"A.P. Deauville, LLC",A P DEAUVILLE,unmatched,,,0,False,1,2019-11-08,2019-11-08,False,True,False,True,Drugs
A.R.C. LASER GMBH,A R C LASER,unmatched,,,0,False,1,2014-05-21,2014-05-21,True,False,False,True,Devices
"AAA Cosmetica, SA de CV",AAA COSMETICA DE CV,unmatched,,,0,False,1,2021-02-03,2021-02-03,False,True,False,True,Drugs
"AACE Pharmaceuticals, Inc.",AACE PHARMACEUTICALS,unmatched,,,0,False,1,2025-05-13,2025-05-13,False,True,False,True,Drugs
AB Science,SCIENCE,unmatched,,,0,False,2,2014-04-02,2015-06-16,False,True,False,True,Drugs; Veterinary
"ABBE Laboratories, Inc.",ABBE LABORATORIES,unmatched,,,0,False,1,2025-08-06,2025-08-06,False,True,False,True,Drugs
"ABC Compounding Co., Inc.",ABC COMPOUNDING,unmatched,,,0,False,1,2019-04-18,2019-04-18,False,True,False,True,Drugs
"ABCO Laboratories, Inc.",ABCO LABORATORIES,unmatched,,,0,False,1,2012-06-19,2012-06-19,False,True,False,True,Drugs
ABR Laboratory LLC,ABR LABORATORY,unmatched,,,0,False,1,2025-02-10,2025-02-10,False,True,False,True,Drugs
ACMH Hospital IRB,ACMH HOSPITAL IRB,unmatched,,,0,False,1,2024-10-29,2024-10-29,False,True,False,True,Drugs
ACRX Specialty Pharmacy Inc,ACRX SPECIALTY PHARMACY,unmatched,,,0,False,1,2020-07-24,2020-07-24,False,True,False,True,Drugs
ACS Dobfar S.p.A.,ACS DOBFAR S P A,unmatched,,,0,False,1,2017-01-13,2017-01-13,False,True,False,True,Drugs
ADVANCED SPECIALTY PHARMACY LLC,ADVANCED SPECIALTY PHARMACY,unmatched,,,0,False,1,2012-03-16,2012-03-16,False,True,False,True,Drugs
AES Optics,AES OPTICS,unmatched,,,0,False,1,2010-11-18,2010-11-18,True,False,False,True,Devices
"AG Essence, Inc.",ESSENCE,unmatched,,,0,False,1,2024-06-18,2024-06-18,True,False,False,True,Devices
AG Hair Ltd.,HAIR,unmatched,,,0,False,1,2022-11-28,2022-11-28,False,True,False,True,Drugs
AG Industries LLC,INDUSTRIES,unmatched,,,0,False,1,2015-06-12,2015-06-12,True,False,False,True,Devices
AGFA Healthcare Corp.,AGFA HEALTHCARE,unmatched,,,0,False,1,2014-09-30,2014-09-30,True,False,False,True,Devices
AGFA Healthcare Corporation,AGFA HEALTHCARE,unmatched,,,0,False,1,2011-04-15,2011-04-15,True,False,False,True,Devices
AKRON FORMULATIONS INDIA PRIVATE LIMITED,AKRON FORMULATIONS INDIA PRIVATE,unmatched,,,0,False,1,2024-12-17,2024-12-17,False,True,False,True,Drugs
ALBA Bioscience Limited,ALBA BIOSCIENCE,unmatched,,,0,False,1,2009-02-03,2009-02-03,False,False,True,True,Biologics
ALIVE BY NATURE LLC,ALIVE BY NATURE,unmatched,,,0,False,1,2020-05-06,2020-05-06,False,True,False,True,Drugs
"ALK-Abello, Inc.",ALK ABELLO,unmatched,,,0,False,1,2019-06-24,2019-06-24,False,True,False,True,Drugs
ALLURE IMPORTS,ALLURE IMPORTS,unmatched,,,0,False,1,2021-04-07,2021-04-07,False,True,False,True,Drugs
ALV Supplement Direct,ALV SUPPLEMENT DIRECT,unmatched,,,0,False,1,2016-03-03,2016-03-03,False,True,False,True,Drugs
AM Rx,AM RX,unmatched,,,0,False,1,2026-06-09,2026-06-09,False,True,False,True,Drugs
AMBI Enterprises LLC,AMBI ENTERPRISES,unmatched,,,0,False,1,2022-04-13,2022-04-13,False,True,False,True,Drugs
"AMCO International Manufacturing & Design, Inc.",AMCO MANUFACTURING AND DESIGN,unmatched,,,0,False,1,2024-06-25,2024-06-25,True,False,False,True,Devices
"AMKS TIME RELEASE LAB, LLC",AMKS TIME RELEASE LAB,unmatched,,,0,False,1,2014-04-10,2014-04-10,False,True,False,True,Drugs
AMMAN PHARMACEUTICAL INDUSTRIES,AMMAN PHARMACEUTICAL INDUSTRIES,unmatched,,,0,False,2,2023-09-11,2024-02-14,False,True,False,True,Drugs
"AMMD Labs, LLC",AMMD LABS,unmatched,,,0,False,1,2019-05-07,2019-05-07,False,True,False,True,Drugs
AMMONIASPORT LLC,AMMONIASPORT,unmatched,,,0,False,1,2024-03-18,2024-03-18,False,True,False,True,Drugs
AMO Uppsala AB,AMO UPPSALA,unmatched,,,0,False,1,2009-09-18,2009-09-18,True,False,False,True,Devices
AMPAC Fine Chemicals LLC,AMPAC FINE CHEMICALS,unmatched,,,0,False,1,2010-07-01,2010-07-01,False,True,False,True,Drugs
AMRUTAM LIFE CARE PRIVATE LIMITED,AMRUTAM LIFE CARE PRIVATE,unmatched,,,0,False,1,2013-07-15,2013-07-15,False,True,False,True,Drugs
AMS Packaging Inc,AMS PACKAGING,unmatched,,,0,False,1,2022-09-01,2022-09-01,False,True,False,True,Drugs
AN Co. Ltd.,AN,unmatched,,,0,False,1,2017-12-20,2017-12-20,False,True,False,True,Drugs
"ANJI ZHENGBANG MEDICAL INSTRUMENT CO, LTD",ANJI ZHENGBANG MEDICAL INSTRUMENT,unmatched,,,0,False,1,2013-09-19,2013-09-19,True,False,False,True,Devices
"ANTHONY TRINH, 123Herbals LLC",ANTHONY TRINH 123HERBALS,unmatched,,,0,False,1,2025-11-13,2025-11-13,False,True,False,True,Drugs
"ANTHOS GROUP, INC, THE",ANTHOS,unmatched,,,0,False,1,2022-11-04,2022-11-04,False,True,False,True,Drugs
APARNA ORGANICS LIMITED,APARNA ORGANICS,unmatched,,,0,False,1,2019-08-08,2019-08-08,False,True,False,True,Drugs
"APC Medical, Ltd.",APC MEDICAL,unmatched,,,0,False,1,2011-12-23,2011-12-23,True,False,False,True,Devices
"APK Technology Co., Ltd.",APK TECHNOLOGY,unmatched,,,0,False,1,2015-08-06,2015-08-06,True,False,False,True,Devices
"AQ USA, Inc.",AQ,unmatched,,,0,False,1,2026-02-12,2026-02-12,False,True,False,True,Drugs
AQUAVIT PHARMACEUTICALS INC,AQUAVIT PHARMACEUTICALS,unmatched,,,0,False,1,2021-06-17,2021-06-17,True,False,False,True,Devices
"ARB Medical, LLC",ARB MEDICAL,unmatched,,,0,False,1,2015-12-22,2015-12-22,True,False,False,True,Devices
"ARC Medical Supplies (Beijing) Co., Ltd.",ARC MEDICAL SUPPLIES BEIJING,unmatched,,,0,False,1,2011-03-28,2011-03-28,True,False,False,True,Devices
ARCO GLOBUS TRADING LLC,ARCO GLOBUS TRADING,unmatched,,,0,False,1,2017-12-11,2017-12-11,False,True,False,True,Drugs
ARCO2014,ARCO2014,unmatched,,,0,False,1,2016-08-03,2016-08-03,True,False,False,True,Devices
"ARG Laboratories, Inc.",ARG LABORATORIES,unmatched,,,0,False,1,2024-06-11,2024-06-11,False,True,False,True,Drugs
ARJ Infusion Services Inc,ARJ INFUSION SERVICES,unmatched,,,0,False,1,2018-04-02,2018-04-02,False,True,False,True,Drugs
"ARJ Medical, Inc. / Gulf Coast Scientific Inc",ARJ MEDICAL GULF COAST SCIENTIFIC,unmatched,,,0,False,1,2010-07-16,2010-07-16,True,False,False,True,Devices
"ARKRAY Factory, Inc.",ARKRAY FACTORY,unmatched,,,0,False,2,2009-06-15,2015-03-04,True,False,False,True,Devices
"ARKRAY, Inc.",ARKRAY,unmatched,,,0,False,1,2015-04-10,2015-04-10,True,False,False,True,Devices
ARSCI INC.,ARSCI,unmatched,,,0,False,1,2015-03-09,2015-03-09,True,False,False,True,Devices
ARxIUM Inc.,ARXIUM,unmatched,,,0,False,1,2012-02-08,2012-02-08,True,False,False,True,Devices
ASA Universal Inc. dba: Sonage,ASA UNIVERSAL SONAGE,unmatched,,,0,False,1,2018-11-27,2018-11-27,False,True,False,True,Drugs
"ASEPTIKITS, LLC",ASEPTIKITS,unmatched,,,0,False,1,2026-06-04,2026-06-04,True,False,False,True,Devices
"ASI Medical, Inc.",ASI MEDICAL,unmatched,,,0,False,2,2011-04-20,2013-01-23,True,False,False,True,Devices
ASN-LABS,ASN LABS,unmatched,,,0,False,1,2025-09-09,2025-09-09,False,True,False,True,Drugs
ASP Cares,ASP CARES,unmatched,,,0,False,1,2021-04-05,2021-04-05,False,True,False,True,Drugs
"ASP Global, LLC.",ASP GLOBAL,unmatched,,,0,False,1,2025-12-10,2025-12-10,True,False,False,True,Devices
ATLRx Inc.,ATLRX,unmatched,,,0,False,1,2022-05-04,2022-05-04,False,True,False,True,Drugs
"AVEVA Drug Delivery Systems, Inc.",AVEVA DRUG DELIVERY SYSTEMS,unmatched,,,0,False,1,2010-05-21,2010-05-21,False,True,False,True,Drugs
"AYGUN SURGICAL INSTRUMENTS CO.,INC.",AYGUN SURGICAL INSTRUMENTS,unmatched,,,0,False,1,2013-06-27,2013-06-27,True,False,False,True,Devices
"AZ Instrument (Shen Zhen) Co., Ltd.",AZ INSTRUMENT SHEN ZHEN,unmatched,,,0,False,1,2011-03-04,2011-03-04,True,False,False,True,Devices
Aarti Drugs Limited,AARTI DRUGS,unmatched,,,0,False,1,2013-08-02,2013-08-02,False,True,False,True,Drugs
Aarti Drugs Ltd,AARTI DRUGS,unmatched,,,0,False,1,2013-08-02,2013-08-02,False,True,False,True,Drugs
Abbey Color Incorporated,ABBEY COLOR,unmatched,,,0,False,1,2013-02-19,2013-02-19,False,True,False,True,Drugs
"Abbott Diabetes Care, Inc.",ABBOTT DIABETES CARE,unmatched,,,0,False,2,2010-07-02,2026-01-23,True,False,False,True,Devices
Abbott Medical,ABBOTT MEDICAL,unmatched,,,0,False,5,2009-06-26,2017-04-12,True,False,False,True,Devices
"Abbott Molecular, Inc.",ABBOTT MOLECULAR,unmatched,,,0,False,1,2009-08-12,2009-08-12,True,False,False,True,Devices
Abbott Point of Care Canada Limited,ABBOTT POINT OF CARE CANADA,unmatched,,,0,False,1,2022-11-08,2022-11-08,True,False,False,True,Devices
"Abbott's Compounding Pharmacy, Inc.",ABBOTT S COMPOUNDING PHARMACY,unmatched,,,0,False,1,2017-04-04,2017-04-04,False,True,False,True,Drugs
"Abon Biopharm (Hangzhou) Co., Ltd.",ABON BIOPHARM HANGZHOU,unmatched,,,0,False,1,2010-12-22,2010-12-22,True,False,False,True,Devices
About Mineral,ABOUT MINERAL,unmatched,,,0,False,1,2021-04-07,2021-04-07,False,True,False,True,Drugs
Abrams Royal Pharmacy,ABRAMS ROYAL PHARMACY,unmatched,,,0,False,1,2014-07-14,2014-07-14,False,True,False,True,Drugs
"Abryrx, Inc.",ABRYRX,unmatched,,,0,False,1,2011-01-06,2011-01-06,True,False,False,True,Devices
Absara Cosmetics S.A.P.I DE C.V.,ABSARA COSMETICS S A P I DE C V,unmatched,,,0,False,1,2021-02-18,2021-02-18,False,True,False,True,Drugs
"Absolute Natural Blenders, Inc.",ABSOLUTE NATURAL BLENDERS,unmatched,,,0,False,1,2010-09-09,2010-09-09,False,True,False,True,Drugs
"Absolute Pharmacy, LLC",ABSOLUTE PHARMACY,unmatched,,,0,False,1,2015-04-27,2015-04-27,False,True,False,True,Drugs
Absolutely Natural,ABSOLUTELY NATURAL,unmatched,,,0,False,1,2025-12-30,2025-12-30,False,True,False,True,Drugs
Accelerated Analytical Laboratories Inc.,ACCELERATED ANALYTICAL LABORATORIES,unmatched,,,0,False,1,2017-10-18,2017-10-18,False,True,False,True,Drugs
"Access Bio, Inc.",ACCESS BIO,unmatched,,,0,False,1,2010-12-22,2010-12-22,False,False,True,True,Biologics
"Accra-Pac, Inc.",ACCRA PAC,unmatched,,,0,False,1,2023-04-20,2023-04-20,False,True,False,True,Drugs
Accu Bio-Chem Laboratories LLC,ACCU BIO CHEM LABORATORIES,unmatched,,,0,False,1,2022-02-24,2022-02-24,False,True,False,True,Drugs
Accupack Midwest Inc,ACCUPACK MIDWEST,unmatched,,,0,False,1,2024-08-15,2024-08-15,False,True,False,True,Drugs
Accurate RX Pharmacy Consulting LLC,ACCURATE RX PHARMACY CONSULTING,unmatched,,,0,False,1,2020-09-02,2020-09-02,False,True,False,True,Drugs
Accurate Set Inc,ACCURATE SET,unmatched,,,0,False,1,2010-04-26,2010-04-26,True,False,False,True,Devices
Ace Medical,ACE MEDICAL,unmatched,,,0,False,1,2013-05-01,2013-05-01,True,False,False,True,Devices
"AcelRx Pharmaceuticals, Inc.",ACELRX PHARMACEUTICALS,unmatched,,,0,False,1,2021-02-11,2021-02-11,False,True,False,True,Drugs
"Acella Pharmaceuticals, LLC",ACELLA PHARMACEUTICALS,unmatched,,,0,False,1,2020-08-14,2020-08-14,False,True,False,True,Drugs
"Acino Products, LLC",ACINO PRODUCTS,unmatched,,,0,False,1,2020-02-10,2020-02-10,False,True,False,True,Drugs
Acme Monaco Corporation,ACME MONACO,unmatched,,,0,False,1,2014-04-28,2014-04-28,True,False,False,True,Devices
Acrostak (Schweiz) AG,ACROSTAK SCHWEIZ,unmatched,,,0,False,1,2023-10-31,2023-10-31,True,False,False,True,Devices
Actavis Elizabeth LLC,ACTAVIS ELIZABETH,unmatched,,,0,False,1,2010-02-18,2010-02-18,False,True,False,True,Drugs
"Actavis Laboratories FL, Inc.",ACTAVIS LABORATORIES FL,unmatched,,,0,False,1,2019-02-01,2019-02-01,False,True,False,True,Drugs
"Activa Brand Products, Inc.",ACTIVA BRAND PRODUCTS,unmatched,,,0,False,1,2010-08-25,2010-08-25,True,False,False,True,Devices
Active Cosmetics Manufacturing Inc,ACTIVE COSMETICS MANUFACTURING,unmatched,,,0,False,1,2026-04-22,2026-04-22,False,True,False,True,Drugs
Acu International,ACU,unmatched,,,0,False,1,2012-09-25,2012-09-25,True,False,False,True,Devices
"Acuity Specialty Products, Inc.",ACUITY SPECIALTY PRODUCTS,unmatched,,,0,False,1,2025-09-03,2025-09-03,False,True,False,True,Drugs
Acupuncture & Alternative Health Care Inc.,ACUPUNCTURE AND ALTERNATIVE HEALTH CARE,unmatched,,,0,False,1,2010-04-12,2010-04-12,False,True,False,True,Drugs
Ad-Tech Medical Instrument Corporation,AD TECH MEDICAL INSTRUMENT,unmatched,,,0,False,2,2012-04-12,2013-11-14,True,False,False,True,Devices
Adam's Secret,ADAM S SECRET,unmatched,,,0,False,1,2023-01-10,2023-01-10,False,True,False,True,Drugs
Adamis Pharmaceuticals,ADAMIS PHARMACEUTICALS,unmatched,,,0,False,1,2010-06-09,2010-06-09,False,True,False,True,Drugs
AdamsSecret.com,ADAMSSECRET COM,unmatched,,,0,False,1,2023-01-10,2023-01-10,False,True,False,True,Drugs
"Adamson Analytical Laboratories, Inc.",ADAMSON ANALYTICAL LABORATORIES,unmatched,,,0,False,2,2016-08-02,2021-08-18,False,True,False,True,Drugs
"Adarsh Daswani, M.D.",ADARSH DASWANI M D,unmatched,,,0,False,1,2022-12-14,2022-12-14,False,True,False,True,Drugs
"Adnan M. Dahdul, M.D.",ADNAN M DAHDUL M D,unmatched,,,0,False,1,2026-03-12,2026-03-12,False,False,True,True,Biologics
Adolfo Kaplan Pulmonary & Sleep Center of the Valley,ADOLFO KAPLAN PULMONARY AND SLEEP CENTER OF VALLEY,unmatched,,,0,False,1,2017-04-20,2017-04-20,False,True,False,True,Drugs
"Advanced Botanical Consulting & Testing, LLC",ADVANCED BOTANICAL CONSULTING AND TESTING,unmatched,,,0,False,1,2019-06-04,2019-06-04,False,True,False,True,Drugs
"Advanced Cosmetic Research Laboratories, Inc.",ADVANCED COSMETIC RESEARCH LABORATORIES,unmatched,,,0,False,1,2022-09-28,2022-09-28,False,True,False,True,Drugs
"Advanced Fertility Group, PC",ADVANCED FERTILITY PC,unmatched,,,0,False,1,2011-06-14,2011-06-14,False,False,True,True,Biologics
"Advanced Infusion Solutions Acquisition, LLC",ADVANCED INFUSION SOLUTIONS ACQUISITION,unmatched,,,0,False,1,2017-03-01,2017-03-01,False,True,False,True,Drugs
Advanced Interventional Pain Ctr IRB,ADVANCED INTERVENTIONAL PAIN CTR IRB,unmatched,,,0,False,1,2014-02-07,2014-02-07,True,False,False,True,Devices
Advanced Magnetic Research Institute International LLC,ADVANCED MAGNETIC RESEARCH INSTITUTE,unmatched,,,0,False,1,2014-01-16,2014-01-16,True,False,False,True,Devices
"Advanced MicroVas II, LLC",ADVANCED MICROVAS II,unmatched,,,0,False,1,2014-06-30,2014-06-30,True,False,False,True,Devices
"Advanced Nutriceuticals, LLC",ADVANCED NUTRICEUTICALS,unmatched,,,0,False,1,2021-11-10,2021-11-10,False,True,False,True,Drugs
"Advanced OrthoPro, Inc.",ADVANCED ORTHOPRO,unmatched,,,0,False,1,2012-05-18,2012-05-18,True,False,False,True,Devices
"Advanced Pharmaceutical Technology, Inc.",ADVANCED PHARMACEUTICAL TECHNOLOGY,unmatched,,,0,False,1,2025-03-14,2025-03-14,False,True,False,True,Drugs
"Advanced Physician Solutions, Inc.",ADVANCED PHYSICIAN SOLUTIONS,unmatched,,,0,False,1,2015-11-03,2015-11-03,False,True,False,True,Drugs
Advanced Renal Technologies Inc,ADVANCED RENAL TECHNOLOGIES,unmatched,,,0,False,1,2014-05-08,2014-05-08,True,False,False,True,Devices
"Advanced Spine and Pain, LLC",ADVANCED SPINE AND PAIN,unmatched,,,0,False,1,2019-03-28,2019-03-28,False,True,False,True,Drugs
Advanced Sterilization Products,ADVANCED STERILIZATION PRODUCTS,unmatched,,,0,False,1,2010-03-12,2010-03-12,True,False,False,True,Devices
"Advanced Surgical Design & Manufacture, Ltd.",ADVANCED SURGICAL DESIGN AND MANUFACTURE,unmatched,,,0,False,2,2010-12-01,2012-02-01,True,False,False,True,Devices
"Advanced Testing Laboratory, Inc.",ADVANCED TESTING LABORATORY,unmatched,,,0,False,1,2010-10-12,2010-10-12,False,True,False,True,Drugs
Advanced Vision Science Inc,ADVANCED VISION SCIENCE,unmatched,,,0,False,1,2016-04-06,2016-04-06,True,False,False,True,Devices
Advantageous MD Llc,ADVANTAGEOUS MD,unmatched,,,0,False,1,2011-10-04,2011-10-04,True,False,False,True,Devices
Advocate Health Care IRB,ADVOCATE HEALTH CARE IRB,unmatched,,,0,False,1,2012-06-01,2012-06-01,False,True,False,True,Drugs
Aeroflex Industria de Aerosol Ltda,AEROFLEX INDUSTRIA DE AEROSOL LTDA,unmatched,,,0,False,1,2026-05-22,2026-05-22,False,True,False,True,Drugs
Aerolase Corp.,AEROLASE,unmatched,,,0,False,1,2011-11-16,2011-11-16,True,False,False,True,Devices
"Aerosol Science Laboratories, Inc. dba. ASL Pharmacy",AEROSOL SCIENCE LABORATORIES ASL PHARMACY,unmatched,,,0,False,1,2008-10-29,2008-10-29,False,True,False,True,Drugs
"Aerosol and Liquid Packaging, Inc.",AEROSOL AND LIQUID PACKAGING,unmatched,,,0,False,1,2024-07-24,2024-07-24,False,True,False,True,Drugs
"Aerscher Diagnostics, LLC",AERSCHER DIAGNOSTICS,unmatched,,,0,False,1,2011-06-28,2011-06-28,True,False,False,True,Devices
Aesculap AG,AESCULAP,unmatched,,,0,False,1,2011-09-26,2011-09-26,True,False,False,True,Devices
Aesthetics Systems Usa Inc,AESTHETICS SYSTEMS,unmatched,,,0,False,1,2014-05-22,2014-05-22,True,False,False,True,Devices
Age Management Institute Santa Barbara,AGE MANAGEMENT INSTITUTE SANTA BARBARA,unmatched,,,0,False,1,2022-04-18,2022-04-18,False,True,False,True,Drugs
Agebox,AGEBOX,unmatched,,,0,False,1,2025-12-19,2025-12-19,False,True,False,True,Drugs
"Ageless Global, LLC",AGELESS GLOBAL,unmatched,,,0,False,1,2021-03-01,2021-03-01,False,True,False,True,Drugs
"Agena Bioscience, Inc.",AGENA BIOSCIENCE,unmatched,,,0,False,1,2024-03-21,2024-03-21,True,False,False,True,Devices
Agilent Technologies Denmark ApS,AGILENT TECHNOLOGIES DENMARK APS,unmatched,,,0,False,1,2013-08-29,2013-08-29,True,False,False,True,Devices
"Agnes E. Ubani, MD",AGNES E UBANI MD,unmatched,,,0,False,1,2013-11-21,2013-11-21,False,True,False,True,Drugs
Agnesian Healthcare IRB,AGNESIAN HEALTHCARE IRB,unmatched,,,0,False,1,2013-03-25,2013-03-25,False,True,False,True,Drugs
"AgroTerra, Ltd. dba Patriot Hemp Company",AGROTERRA PATRIOT HEMP,unmatched,,,0,False,1,2020-05-07,2020-05-07,False,True,False,True,Drugs
Agropharma Laboratories Inc.,AGROPHARMA LABORATORIES,unmatched,,,0,False,1,2022-03-25,2022-03-25,False,True,False,True,Drugs
Aid United International Co. Limited,AID UNITED,unmatched,,,0,False,1,2011-02-03,2011-02-03,True,False,False,True,Devices
"Aino Co., Ltd. of North China Pharma. Group",AINO OF NORTH CHINA PHARMA,unmatched,,,0,False,1,2012-08-30,2012-08-30,False,True,False,True,Drugs
"Aionex, Inc.",AIONEX,unmatched,,,0,False,1,2013-01-09,2013-01-09,True,False,False,True,Devices
Aire-Master of America Inc,AIRE MASTER OF AMERICA,unmatched,,,0,False,1,2022-05-23,2022-05-23,False,True,False,True,Drugs
"AireRx Healthcare, LLC",AIRERX HEALTHCARE,unmatched,,,0,False,1,2012-07-30,2012-07-30,True,False,False,True,Devices
"Airpal, Inc.",AIRPAL,unmatched,,,0,False,1,2011-08-04,2011-08-04,True,False,False,True,Devices
"Aizu Olympus Co., Ltd.",AIZU OLYMPUS,unmatched,,,0,False,2,2015-08-12,2022-11-02,True,False,False,True,Devices
"Aju Pharm Co., Ltd.",AJU PHARM,unmatched,,,0,False,1,2025-05-21,2025-05-21,True,False,False,True,Devices
Akan Biosciences Inc,AKAN BIOSCIENCES,unmatched,,,0,False,1,2024-04-30,2024-04-30,False,False,True,True,Biologics
AkivaMed Inc.,AKIVAMED,unmatched,,,0,False,1,2020-07-24,2020-07-24,True,False,False,True,Devices
"Akorn, Inc.",AKORN,unmatched,,,0,False,2,2012-10-02,2012-10-02,False,True,False,True,Drugs
Akron Bee Pollen,AKRON BEE POLLEN,unmatched,,,0,False,1,2015-05-21,2015-05-21,False,True,False,True,Drugs
Al Natural eShop,AL NATURAL ESHOP,unmatched,,,0,False,1,2024-08-27,2024-08-27,False,True,False,True,Drugs
Alan Meds,ALAN MEDS,unmatched,,,0,False,1,2026-02-20,2026-02-20,False,True,False,True,Drugs
Alan Neuromedical Technologies,ALAN NEUROMEDICAL TECHNOLOGIES,unmatched,,,0,False,1,2011-08-29,2011-08-29,True,False,False,True,Devices
Albahealth LLC,ALBAHEALTH,unmatched,,,0,False,1,2011-12-27,2011-12-27,True,False,False,True,Devices
Albek De Mexico S.A. De C.V.,ALBEK DE MEXICO S A DE C V,unmatched,,,0,False,1,2021-03-11,2021-03-11,False,True,False,True,Drugs
Alber GmbH,ALBER,unmatched,,,0,False,1,2017-09-15,2017-09-15,True,False,False,True,Devices
Albert Browne Ltd.,ALBERT BROWNE,unmatched,,,0,False,1,2012-05-29,2012-05-29,True,False,False,True,Devices
Alchymars ICM SM Private Limited,ALCHYMARS ICM SM PRIVATE,unmatched,,,0,False,2,2018-02-16,2026-05-21,False,True,False,True,Drugs
"Alcon LenSx, Inc.",ALCON LENSX,unmatched,,,0,False,1,2012-12-03,2012-12-03,True,False,False,True,Devices
"Alcor Scientific, Inc.",ALCOR SCIENTIFIC,unmatched,,,0,False,1,2010-01-27,2010-01-27,True,False,False,True,Devices
"Alere San Diego, Inc.",ALERE SAN DIEGO,unmatched,,,0,False,1,2012-10-10,2012-10-10,True,False,False,True,Devices
Alexander Infusion LLC D/B/A Avanti Health Care,ALEXANDER INFUSION D B A AVANTI HEALTH CARE,unmatched,,,0,False,1,2015-03-27,2015-03-27,False,True,False,True,Drugs
Alexander Neumeister,ALEXANDER NEUMEISTER,unmatched,,,0,False,1,2016-02-19,2016-02-19,False,True,False,True,Drugs
"Algunas Inc., dba Woodland Hills Compounding Pharmacy",ALGUNAS WOODLAND HILLS COMPOUNDING PHARMACY,unmatched,,,0,False,1,2017-07-17,2017-07-17,False,True,False,True,Drugs
Ali R Rezai MD,ALI R REZAI MD,unmatched,,,0,False,1,2008-11-13,2008-11-13,True,False,False,True,Devices
"All About You Medspa, Llc",ALL ABOUT YOU MEDSPA,unmatched,,,0,False,1,2010-04-05,2010-04-05,False,True,False,True,Drugs
All American Wellness LLC,ALL AMERICAN WELLNESS,unmatched,,,0,False,1,2025-09-09,2025-09-09,False,True,False,True,Drugs
"Allay Pharmaceuticals, LLC",ALLAY PHARMACEUTICALS,unmatched,,,0,False,1,2021-01-27,2021-01-27,False,True,False,True,Drugs
Allegis Pharmaceutical LLC,ALLEGIS PHARMACEUTICAL,unmatched,,,0,False,1,2009-11-13,2009-11-13,False,True,False,True,Drugs
Allerair Industries,ALLERAIR INDUSTRIES,unmatched,,,0,False,1,2009-05-14,2009-05-14,True,False,False,True,Devices
"Allergan Sales, LLC",ALLERGAN SALES,unmatched,,,0,False,1,2020-05-14,2020-05-14,True,False,False,True,Devices
Allergen Medical,ALLERGEN MEDICAL,unmatched,,,0,False,1,2015-05-29,2015-05-29,True,False,False,True,Devices
Allergon Inc,ALLERGON,unmatched,,,0,False,1,2009-08-17,2009-08-17,False,True,False,True,Drugs
Allovate Therapeautics LLC,ALLOVATE THERAPEAUTICS,unmatched,,,0,False,1,2025-09-30,2025-09-30,False,False,True,True,Biologics
Allure Imports,ALLURE IMPORTS,unmatched,,,0,False,1,2021-04-07,2021-04-07,False,True,False,True,Drugs
"Allure Labs, LLC",ALLURE LABS,unmatched,,,0,False,1,2011-05-24,2011-05-24,False,True,False,True,Drugs
Alora Pharmaceuticals,ALORA PHARMACEUTICALS,unmatched,,,0,False,1,2025-09-09,2025-09-09,False,True,False,True,Drugs
Alpha Arogya India Pvt. Ltd. (The GBS Group),ALPHA AROGYA INDIA GBS,unmatched,,,0,False,1,2020-04-13,2020-04-13,False,True,False,True,Drugs
Alpha Laboratories Inc.,ALPHA LABORATORIES,unmatched,,,0,False,1,2011-05-06,2011-05-06,False,True,False,True,Drugs
"Alpha Medical Instruments, LLC",ALPHA MEDICAL INSTRUMENTS,unmatched,,,0,False,2,2013-06-24,2014-10-07,True,False,False,True,Devices
Alpha-Tek LLC,ALPHA TEK,unmatched,,,0,False,1,2021-05-27,2021-05-27,False,True,False,True,Drugs
"Alphatec Spine, Inc.",ALPHATEC SPINE,unmatched,,,0,False,3,2010-06-21,2015-07-16,True,False,False,True,Devices
Alseal,ALSEAL,unmatched,,,0,False,1,2016-11-10,2016-11-10,True,False,False,True,Devices
"Altaire Pharmaceuticals, Inc.",ALTAIRE PHARMACEUTICALS,unmatched,,,0,False,2,2011-11-16,2020-03-12,False,True,False,True,Drugs
"Altasciences Preclinical Seattle, LLC",ALTASCIENCES PRECLINICAL SEATTLE,unmatched,,,0,False,1,2010-08-09,2010-08-09,False,True,False,True,Drugs
Alternative Health Distribution LLC,ALTERNATIVE HEALTH DISTRIBUTION,unmatched,,,0,False,1,2022-11-01,2022-11-01,False,True,False,True,Drugs
"Alternative Health Experts, LLC",ALTERNATIVE HEALTH EXPERTS,unmatched,,,0,False,1,2020-04-06,2020-04-06,False,True,False,True,Drugs
Alternative Health Supplements,ALTERNATIVE HEALTH SUPPLEMENTS,unmatched,,,0,False,1,2013-05-02,2013-05-02,False,True,False,True,Drugs
Alternavita,ALTERNAVITA,unmatched,,,0,False,1,2020-05-26,2020-05-26,False,True,False,True,Drugs
Altru Telehealth,ALTRU TELEHEALTH,unmatched,,,0,False,1,2026-06-08,2026-06-08,False,True,False,True,Drugs
Alva-Amco Pharmacal Cos Inc.,ALVA AMCO PHARMACAL COS,unmatched,,,0,False,1,2023-08-09,2023-08-09,False,True,False,True,Drugs
AmLion Toothpaste Mfg Sdn,AMLION TOOTHPASTE MFG SDN,unmatched,,,0,False,1,2023-11-17,2023-11-17,False,True,False,True,Drugs
Amanta Healthcare Ltd.,AMANTA HEALTHCARE,unmatched,,,0,False,2,2014-07-08,2014-08-26,False,True,False,True,Drugs
"Amaros Co., Ltd",AMAROS,unmatched,,,0,False,1,2017-12-13,2017-12-13,False,True,False,True,Drugs
Amasha,AMASHA,unmatched,,,0,False,1,2010-02-17,2010-02-17,True,False,False,True,Devices
Amazing Meds,AMAZING MEDS,unmatched,,,0,False,1,2025-09-09,2025-09-09,False,True,False,True,Drugs
"Ambco Electronics, Incorporated",AMBCO ELECTRONICS,unmatched,,,0,False,1,2014-09-26,2014-09-26,True,False,False,True,Devices
Ambu Inc.,AMBU,unmatched,,,0,False,1,2023-08-16,2023-08-16,True,False,False,True,Devices
Amcyte Pharma,AMCYTE PHARMA,unmatched,,,0,False,1,2022-01-03,2022-01-03,False,True,False,True,Drugs
Americall-labs.com VMG Global Inc,AMERICALL LABS COM VMG GLOBAL,unmatched,,,0,False,1,2009-07-27,2009-07-27,False,True,False,True,Drugs
"American Aesthetics Medical Supply, Inc.",AMERICAN AESTHETICS MEDICAL SUPPLY,unmatched,,,0,False,1,2013-09-23,2013-09-23,True,False,False,True,Devices
"American Antibiotics, Inc.",AMERICAN ANTIBIOTICS,unmatched,,,0,False,1,2014-06-02,2014-06-02,False,True,False,True,Drugs
American Association of Acupuncture and Bio-Energetic Medici,AMERICAN ASSOCIATION OF ACUPUNCTURE AND BIO ENERGETIC MEDICI,unmatched,,,0,False,2,2008-11-13,2011-03-24,True,False,False,True,Devices
"American Behavioral Research Institute, LLC",AMERICAN BEHAVIORAL RESEARCH INSTITUTE,unmatched,,,0,False,1,2025-04-30,2025-04-30,False,True,False,True,Drugs
"American Chinese Medicine Association, Inc",AMERICAN CHINESE MEDICINE ASSOCIATION,unmatched,,,0,False,1,2018-06-26,2018-06-26,False,True,False,True,Drugs
American Cleaning Solutions,AMERICAN CLEANING SOLUTIONS,unmatched,,,0,False,1,2022-09-06,2022-09-06,False,True,False,True,Drugs
American Contract Systems,AMERICAN CONTRACT SYSTEMS,unmatched,,,0,False,1,2018-11-06,2018-11-06,True,False,False,True,Devices
American Contract Systems Inc,AMERICAN CONTRACT SYSTEMS,unmatched,,,0,False,2,2011-04-21,2024-11-01,True,False,False,True,Devices
"American Contract Systems, Inc.",AMERICAN CONTRACT SYSTEMS,unmatched,,,0,False,1,2019-11-09,2019-11-09,True,False,False,True,Devices
"American Fertility Medical Center - Genetic Infertility & Andrology Laboratory, Inc.",AMERICAN FERTILITY MEDICAL CENTER GENETIC INFERTILITY AND ANDROLOGY LABORATORY,unmatched,,,0,False,1,2020-04-02,2020-04-02,False,False,True,True,Biologics
"American Laboratories Pharma, LLC",AMERICAN LABORATORIES PHARMA,unmatched,,,0,False,1,2023-03-30,2023-03-30,False,True,False,True,Drugs
American Lifestyle,AMERICAN LIFESTYLE,unmatched,,,0,False,2,2009-10-27,2015-06-10,False,True,False,True,Drugs; Food/Cosmetics
American Mammographics Inc,AMERICAN MAMMOGRAPHICS,unmatched,,,0,False,1,2009-03-16,2009-03-16,True,False,False,True,Devices
"American Pharmacy of Illinois, Inc. dba Alwan Pharmacy and Compounding Center",AMERICAN PHARMACY OF ILLINOIS ALWAN PHARMACY AND COMPOUNDING CENTER,unmatched,,,0,False,1,2016-07-22,2016-07-22,False,True,False,True,Drugs
American Preclinical Services,AMERICAN PRECLINICAL SERVICES,unmatched,,,0,False,1,2019-02-12,2019-02-12,True,False,False,True,Devices
"American Quality Manufacturing, Inc.",AMERICAN QUALITY MANUFACTURING,unmatched,,,0,False,1,2011-08-09,2011-08-09,True,False,False,True,Devices
"American Regent, Inc.",AMERICAN REGENT,unmatched,,,0,False,1,2011-08-31,2011-08-31,False,True,False,True,Drugs
American Sales Company Inc,AMERICAN SALES,unmatched,,,0,False,1,2019-07-12,2019-07-12,False,True,False,True,Drugs
American Specialty Pharmacy,AMERICAN SPECIALTY PHARMACY,unmatched,,,0,False,2,2016-06-28,2017-04-04,False,True,False,True,Drugs
American Ultraviolet Co.,AMERICAN ULTRAVIOLET,unmatched,,,0,False,1,2009-06-04,2009-06-04,True,False,False,True,Devices
"Americare Compounding, LLC.",AMERICARE COMPOUNDING,unmatched,,,0,False,1,2014-04-22,2014-04-22,False,True,False,True,Drugs
"Americo F. Padilla, MD",AMERICO F PADILLA MD,unmatched,,,0,False,1,2025-01-17,2025-01-17,False,True,False,True,Drugs
"Ameriderm Laboratories, Ltd.",AMERIDERM LABORATORIES,unmatched,,,0,False,1,2013-12-02,2013-12-02,False,True,False,True,Drugs
"Ami Cosmetics Co., Ltd.",AMI COSMETICS,unmatched,,,0,False,1,2018-06-12,2018-06-12,False,True,False,True,Drugs
Amico Beds Corporation,AMICO BEDS,unmatched,,,0,False,1,2015-09-01,2015-09-01,True,False,False,True,Devices
Amie,AMIE,unmatched,,,0,False,1,2026-06-08,2026-06-08,False,True,False,True,Drugs
"Amigo Mobility International, Inc.",AMIGO MOBILITY,unmatched,,,0,False,1,2010-05-21,2010-05-21,True,False,False,True,Devices
"Amish Origins Management, LLC",AMISH ORIGINS MANAGEMENT,unmatched,,,0,False,1,2025-05-29,2025-05-29,False,True,False,True,Drugs
Amneal Pharmaceuticals Private Limited,AMNEAL PHARMACEUTICALS PRIVATE,unmatched,,,0,False,1,2025-08-27,2025-08-27,False,True,False,True,Drugs
"Amnio Technology, LLC",AMNIO TECHNOLOGY,unmatched,,,0,False,1,2024-10-01,2024-10-01,False,False,True,True,Biologics
Amniotic Therapies LLC,AMNIOTIC THERAPIES,unmatched,,,0,False,1,2016-08-17,2016-08-17,False,False,True,True,Biologics
AmpHealth,AMPHEALTH,unmatched,,,0,False,1,2026-02-20,2026-02-20,False,True,False,True,Drugs
Amplicon Express,AMPLICON EXPRESS,unmatched,,,0,False,1,2021-06-07,2021-06-07,True,False,False,True,Devices
"Amplicon, LLC",AMPLICON,unmatched,,,0,False,1,2021-06-07,2021-06-07,True,False,False,True,Devices
"Amplion Clinical Communications, Inc.",AMPLION CLINICAL COMMUNICATIONS,unmatched,,,0,False,1,2013-12-17,2013-12-17,True,False,False,True,Devices
Amplivox Ltd,AMPLIVOX,unmatched,,,0,False,1,2012-05-02,2012-05-02,True,False,False,True,Devices
Amrex Zetron Inc,AMREX ZETRON,unmatched,,,0,False,1,2009-04-14,2009-04-14,True,False,False,True,Devices
Amrita Aromatherapy Inc,AMRITA AROMATHERAPY,unmatched,,,0,False,1,2009-05-28,2009-05-28,False,True,False,True,Drugs
"Amryt Pharmaceuticals, Inc.",AMRYT PHARMACEUTICALS,unmatched,,,0,False,1,2013-11-08,2013-11-08,False,True,False,True,Drugs
Amy Lightner MD,AMY LIGHTNER MD,unmatched,,,0,False,1,2025-03-25,2025-03-25,False,False,True,True,Biologics
Amyron Enterprises Pty Ltd.,AMYRON ENTERPRISES PTY,unmatched,,,0,False,1,2009-05-12,2009-05-12,True,False,False,True,Devices
Ana J. Fandino,ANA J FANDINO,unmatched,,,0,False,1,2013-12-31,2013-12-31,False,True,False,True,Drugs
"Analytical Control Systems, Inc",ANALYTICAL CONTROL SYSTEMS,unmatched,,,0,False,1,2014-05-08,2014-05-08,True,False,False,True,Devices
Analytical Food Laboratories Inc.,ANALYTICAL FOOD LABORATORIES,unmatched,,,0,False,1,2024-10-10,2024-10-10,False,True,False,True,Drugs
Analyticon Biotechnologies AG,ANALYTICON BIOTECHNOLOGIES,unmatched,,,0,False,1,2012-08-10,2012-08-10,True,False,False,True,Devices
Ananda Apothecary,ANANDA APOTHECARY,unmatched,,,0,False,1,2020-04-06,2020-04-06,False,True,False,True,Drugs
"Anastasia Marie Laboratories, Inc.",ANASTASIA MARIE LABORATORIES,unmatched,,,0,False,1,2013-07-15,2013-07-15,False,True,False,True,Drugs
AnazaoHealth Corporation,ANAZAOHEALTH,unmatched,,,0,False,2,2015-12-09,2021-08-19,False,True,False,True,Drugs
"Anchor Products Company, Inc.",ANCHOR PRODUCTS,unmatched,,,0,False,1,2010-11-08,2010-11-08,True,False,False,True,Devices
"Andapharm, LLC",ANDAPHARM,unmatched,,,0,False,2,2014-08-26,2019-02-28,False,True,False,True,Drugs
Andersen Sterilizers Inc,ANDERSEN STERILIZERS,unmatched,,,0,False,1,2012-05-02,2012-05-02,True,False,False,True,Devices
"Anderson Compounding Pharmacy, Inc. DBA Anderson Compounding Pharmacy",ANDERSON COMPOUNDING PHARMACY ANDERSON COMPOUNDING PHARMACY,unmatched,,,0,False,1,2020-01-14,2020-01-14,False,True,False,True,Drugs
"Andi Pressure Solutions, Inc.",ANDI PRESSURE SOLUTIONS,unmatched,,,0,False,1,2013-06-25,2013-06-25,True,False,False,True,Devices
Andrey Petroff,ANDREY PETROFF,unmatched,,,0,False,1,2009-11-18,2009-11-18,False,True,False,True,Drugs
"Andropharm, LLC",ANDROPHARM,unmatched,,,0,False,1,2017-06-05,2017-06-05,False,True,False,True,Drugs
"Angela D. Ritter, M.D.",ANGELA D RITTER M D,unmatched,,,0,False,1,2024-06-07,2024-06-07,False,True,False,True,Drugs
"Angela M. Stupi, M.D.",ANGELA M STUPI M D,unmatched,,,0,False,1,2023-08-08,2023-08-08,False,True,False,True,Drugs
Angiplast Private Limited,ANGIPLAST PRIVATE,unmatched,,,0,False,1,2020-05-14,2020-05-14,True,False,False,True,Devices
"Anhui Hanbon Daily Chemical Co., Ltd.",ANHUI HANBON DAILY CHEMICAL,unmatched,,,0,False,1,2025-08-11,2025-08-11,False,True,False,True,Drugs
Anicare Pharmaceuticals Pvt Ltd.,ANICARE PHARMACEUTICALS,unmatched,,,0,False,1,2019-02-28,2019-02-28,False,True,False,True,Drugs
"Anigan, Inc.",ANIGAN,unmatched,,,0,False,1,2018-07-25,2018-07-25,True,False,False,True,Devices
Anil Gangwani,ANIL GANGWANI,unmatched,,,0,False,1,2016-06-02,2016-06-02,False,True,False,True,Drugs
"Anish S. Shah, M.D.",ANISH S SHAH M D,unmatched,,,0,False,1,2023-12-12,2023-12-12,False,True,False,True,Drugs
"Annovex Pharma, Inc.",ANNOVEX PHARMA,unmatched,,,0,False,1,2025-03-05,2025-03-05,False,True,False,True,Drugs
Antaria Pty. Ltd.,ANTARIA PTY,unmatched,,,0,False,1,2024-03-22,2024-03-22,False,True,False,True,Drugs
"Anthony V Dallas, Jr, MD",ANTHONY V DALLAS JR MD,unmatched,,,0,False,1,2009-11-09,2009-11-09,False,True,False,True,Drugs
Antibioticos Do Brasil Ltda,ANTIBIOTICOS DO BRASIL LTDA,unmatched,,,0,False,2,2009-07-24,2016-12-08,False,True,False,True,Drugs
"Antonio E. Blanco, M.D.",ANTONIO E BLANCO M D,unmatched,,,0,False,1,2023-09-26,2023-09-26,False,True,False,True,Drugs
Antroids.com,ANTROIDS COM,unmatched,,,0,False,1,2020-04-23,2020-04-23,False,True,False,True,Drugs
AnuMed International LLC,ANUMED,unmatched,,,0,False,1,2024-08-20,2024-08-20,False,True,False,True,Drugs
Anulex Technologies Inc,ANULEX TECHNOLOGIES,unmatched,,,0,False,1,2011-02-11,2011-02-11,True,False,False,True,Devices
"Anybattery, Inc.",ANYBATTERY,unmatched,,,0,False,1,2015-04-29,2015-04-29,True,False,False,True,Devices
Anytime COVID Test LLC,ANYTIME COVID TEST,unmatched,,,0,False,1,2021-04-14,2021-04-14,True,False,False,True,Devices
Aphena Pharma Solutions - Tennessee LLC,APHENA PHARMA SOLUTIONS TENNESSEE,unmatched,,,0,False,1,2017-12-05,2017-12-05,False,True,False,True,Drugs
Apia Enterprise Inc,APIA ENTERPRISE,unmatched,,,0,False,1,2012-06-28,2012-06-28,True,False,False,True,Devices
"Apira Science, Inc.",APIRA SCIENCE,unmatched,,,0,False,1,2012-04-17,2012-04-17,True,False,False,True,Devices
Apitoria Pharma Private Limited,APITORIA PHARMA PRIVATE,unmatched,,,0,False,2,2019-06-20,2022-01-13,False,True,False,True,Drugs
"Aplicare Products, LLC",APLICARE PRODUCTS,unmatched,,,0,False,1,2016-12-15,2016-12-15,False,True,False,True,Drugs
Apnea Sciences Corporation,APNEA SCIENCES,unmatched,,,0,False,1,2013-05-09,2013-05-09,True,False,False,True,Devices
"Apollo Care, LLC",APOLLO CARE,unmatched,,,0,False,2,2019-03-20,2026-02-02,False,True,False,True,Drugs
"Apollo Health And Beauty Care, Inc.",APOLLO HEALTH AND BEAUTY CARE,unmatched,,,0,False,1,2019-12-23,2019-12-23,False,True,False,True,Drugs
Apollo Holding LLC,APOLLO,unmatched,,,0,False,1,2020-05-21,2020-05-21,False,True,False,True,Drugs
Apolo - Megasun LLC,APOLO MEGASUN,unmatched,,,0,False,1,2013-03-22,2013-03-22,True,False,False,True,Devices
Apotex Inc.,APOTEX,unmatched,,,0,False,3,2010-03-29,2025-10-31,False,True,False,True,Drugs
Apotex Pharmachem India Pvt Ltd.,APOTEX PHARMACHEM INDIA,unmatched,,,0,False,1,2014-06-16,2014-06-16,False,True,False,True,Drugs
Apotex Research Private Limited,APOTEX RESEARCH PRIVATE,unmatched,,,0,False,2,2015-01-30,2018-08-09,False,True,False,True,Drugs
"Apotex, Inc.",APOTEX,unmatched,,,0,False,1,2009-06-25,2009-06-25,False,True,False,True,Drugs
"Apotheca Supply, Inc",APOTHECA SUPPLY,unmatched,,,0,False,1,2016-04-07,2016-04-07,False,True,False,True,Drugs
"Apotheca, Inc.",APOTHECA,unmatched,,,0,False,1,2009-06-23,2009-06-23,False,True,False,True,Drugs
Apothecary Pharma LLC,APOTHECARY PHARMA,unmatched,,,0,False,1,2025-12-01,2025-12-01,False,True,False,True,Drugs
"Apothecary Products, Inc.",APOTHECARY PRODUCTS,unmatched,,,0,False,1,2010-01-05,2010-01-05,True,False,False,True,Devices
Apothecus Pharmaceutical Corp.,APOTHECUS PHARMACEUTICAL,unmatched,,,0,False,1,2019-11-08,2019-11-08,False,True,False,True,Drugs
Apozeal Pharmaceuticals Inc.,APOZEAL PHARMACEUTICALS,unmatched,,,0,False,1,2019-10-28,2019-10-28,False,True,False,True,Drugs
Applied Biological Laboratories Inc.,APPLIED BIOLOGICAL LABORATORIES,unmatched,,,0,False,1,2022-03-24,2022-03-24,False,True,False,True,Drugs
Applied Medical Resources Corp,APPLIED MEDICAL RESOURCES,unmatched,,,0,False,1,2015-04-10,2015-04-10,True,False,False,True,Devices
Applied Medical Technology Inc,APPLIED MEDICAL TECHNOLOGY,unmatched,,,0,False,1,2011-06-08,2011-06-08,True,False,False,True,Devices
Aptalis Pharma Us Inc,APTALIS PHARMA,unmatched,,,0,False,2,2010-07-13,2013-10-25,True,True,False,True,Devices; Drugs
"Aqualex Co., Ltd.",AQUALEX,unmatched,,,0,False,1,2024-06-12,2024-06-12,False,True,False,True,Drugs
"Aquavit Life Sciences, Inc.",AQUAVIT LIFE SCIENCES,unmatched,,,0,False,1,2021-06-17,2021-06-17,True,False,False,True,Devices
Aqueduct Medical Incorporated,AQUEDUCT MEDICAL,unmatched,,,0,False,1,2010-12-22,2010-12-22,True,False,False,True,Devices
"Archtek Dental, LLC",ARCHTEK DENTAL,unmatched,,,0,False,1,2011-07-20,2011-07-20,True,False,False,True,Devices
Ardil Comercial S.R.L.,ARDIL COMERCIAL S R L,unmatched,,,0,False,1,2021-09-22,2021-09-22,False,True,False,True,Drugs
Aregenius Worldwide LLC,AREGENIUS WORLDWIDE,unmatched,,,0,False,1,2009-11-30,2009-11-30,False,True,False,True,Drugs
Arenson Group,ARENSON,unmatched,,,0,False,1,2011-04-28,2011-04-28,False,True,False,True,Drugs
"Argentum Medical, Llc",ARGENTUM MEDICAL,unmatched,,,0,False,1,2012-05-29,2012-05-29,True,False,False,True,Devices
Argo Medical Technologies Inc.,ARGO MEDICAL TECHNOLOGIES,unmatched,,,0,False,1,2015-09-30,2015-09-30,True,False,False,True,Devices
"Argon Medical Devices, Inc",ARGON MEDICAL DEVICES,unmatched,,,0,False,1,2014-07-03,2014-07-03,True,False,False,True,Devices
Argon Medical Productions & Vertrieb Gesellschaft MBH & CO,ARGON MEDICAL PRODUCTIONS AND VERTRIEB GESELLSCHAFT MBH AND,unmatched,,,0,False,1,2024-10-22,2024-10-22,True,False,False,True,Devices
AriBio H&B,ARIBIO H AND B,unmatched,,,0,False,1,2021-10-08,2021-10-08,False,True,False,True,Drugs
Ariella Naturals,ARIELLA NATURALS,unmatched,,,0,False,1,2022-08-04,2022-08-04,False,True,False,True,Drugs
Arjo Inc.,ARJO,unmatched,,,0,False,1,2014-09-18,2014-09-18,True,False,False,True,Devices
Arjo Med. AB,ARJO MED,unmatched,,,0,False,1,2009-06-10,2009-06-10,True,False,False,True,Devices
Ark Bio Medical Canada Corp,ARK BIO MEDICAL CANADA,unmatched,,,0,False,1,2017-03-07,2017-03-07,False,False,True,True,Biologics
Arkadiy Kisin,ARKADIY KISIN,unmatched,,,0,False,1,2012-09-18,2012-09-18,False,True,False,True,Drugs
Arnold Professional Pharmacy,ARNOLD PROFESSIONAL PHARMACY,unmatched,,,0,False,1,2017-04-07,2017-04-07,False,True,False,True,Drugs
"Arnold Tuber Industries, LLC",ARNOLD TUBER INDUSTRIES,unmatched,,,0,False,1,2009-11-10,2009-11-10,True,False,False,True,Devices
Arnold's Service Company Inc,ARNOLD S SERVICE,unmatched,,,0,False,1,2010-02-23,2010-02-23,True,False,False,True,Devices
Aromas Para El Alma S.A.,AROMAS PARA EL ALMA S A,unmatched,,,0,False,1,2024-09-10,2024-09-10,False,True,False,True,Drugs
Aros Surgical Instruments Corporation,AROS SURGICAL INSTRUMENTS,unmatched,,,0,False,1,2015-09-25,2015-09-25,True,False,False,True,Devices
Arriol International Corp.,ARRIOL,unmatched,,,0,False,1,2012-07-20,2012-07-20,True,False,False,True,Devices
Arrowhead DE LLC,ARROWHEAD DE,unmatched,,,0,False,1,2012-05-18,2012-05-18,True,False,False,True,Devices
Art Of Cure,ART OF CURE,unmatched,,,0,False,1,2020-04-15,2020-04-15,False,True,False,True,Drugs
"Art of Beauty Company, Inc",ART OF BEAUTY,unmatched,,,0,False,1,2024-05-22,2024-05-22,False,True,False,True,Drugs
Arteriocyte Medical Systems Inc,ARTERIOCYTE MEDICAL SYSTEMS,unmatched,,,0,False,1,2009-12-23,2009-12-23,False,False,True,True,Biologics
Artsana S.p.A.,ARTSANA S P A,unmatched,,,0,False,1,2011-06-03,2011-06-03,True,False,False,True,Devices
Aruba Aloe Balm N.V.,ARUBA ALOE BALM N V,unmatched,,,0,False,1,2024-05-13,2024-05-13,False,True,False,True,Drugs
"Asada Milling Co., Ltd.",ASADA MILLING,unmatched,,,0,False,1,2013-03-22,2013-03-22,False,True,False,True,Drugs
Asahi Kasei Medical MT Corp. Oita Works,ASAHI KASEI MEDICAL MT OITA WORKS,unmatched,,,0,False,1,2013-06-11,2013-06-11,True,False,False,True,Devices
Asanuma Corporation - Sagamihara Factory,ASANUMA SAGAMIHARA FACTORY,unmatched,,,0,False,1,2026-06-02,2026-06-02,False,True,False,True,Drugs
"Ascension Orthopedics, Inc",ASCENSION ORTHOPEDICS,unmatched,,,0,False,1,2010-09-16,2010-09-16,True,False,False,True,Devices
"Ascent Brands, Inc.",ASCENT BRANDS,unmatched,,,0,False,1,2011-12-30,2011-12-30,True,False,False,True,Devices
Asclemed USA Inc.,ASCLEMED,unmatched,,,0,False,1,2019-06-11,2019-06-11,False,True,False,True,Drugs
Asept Pak Inc.,ASEPT PAK,unmatched,,,0,False,1,2012-08-07,2012-08-07,True,False,False,True,Devices
"Asesores en Mantenimiento Hidraulico e Industrial, S.A. de C.V.",ASESORES EN MANTENIMIENTO HIDRAULICO E INDUSTRIAL S A DE C V,unmatched,,,0,False,1,2021-02-22,2021-02-22,False,True,False,True,Drugs
"Asiaticon, SA de CV",ASIATICON DE CV,unmatched,,,0,False,1,2020-10-29,2020-10-29,False,True,False,True,Drugs
"Aspen Biopharma Labs Pvt., Ltd.",ASPEN BIOPHARMA LABS,unmatched,,,0,False,1,2025-03-05,2025-03-05,False,True,False,True,Drugs
Aspen SA Sterile Operations (Pty) Ltd.,ASPEN STERILE OPERATIONS PTY,unmatched,,,0,False,1,2025-02-24,2025-02-24,False,True,False,True,Drugs
"Aspire Pharmaceuticals, Inc.",ASPIRE PHARMACEUTICALS,unmatched,,,0,False,2,2022-11-22,2022-11-23,False,True,False,True,Drugs; Food/Cosmetics
Assurance Infusion,ASSURANCE INFUSION,unmatched,,,0,False,1,2020-06-12,2020-06-12,False,True,False,True,Drugs
AstraZeneca Pharmaceuticals LP,ASTRAZENECA PHARMACEUTICALS,unmatched,,,0,False,1,2023-08-04,2023-08-04,False,True,False,True,Drugs
"Atlanta Dental Supply, Inc.",ATLANTA DENTAL SUPPLY,unmatched,,,0,False,1,2012-09-05,2012-09-05,True,False,False,True,Devices
"Atlanta Supersource, Inc.",ATLANTA SUPERSOURCE,unmatched,,,0,False,1,2025-01-08,2025-01-08,False,True,False,True,Drugs
Atlantic Management Resources Ltd.,ATLANTIC MANAGEMENT RESOURCES,unmatched,,,0,False,1,2023-01-20,2023-01-20,False,True,False,True,Drugs
"Atlas Pharmaceuticals, LLC",ATLAS PHARMACEUTICALS,unmatched,,,0,False,1,2018-09-11,2018-09-11,False,True,False,True,Drugs
Atofil LLC,ATOFIL,unmatched,,,0,False,1,2024-06-12,2024-06-12,False,True,False,True,Drugs
Atom Medical Corporation,ATOM MEDICAL,unmatched,,,0,False,1,2014-03-28,2014-03-28,True,False,False,True,Devices
Atomix LLC,ATOMIX,unmatched,,,0,False,1,2025-12-12,2025-12-12,False,True,False,True,Drugs
"Atossa Genetics, Inc.",ATOSSA GENETICS,unmatched,,,0,False,1,2013-02-20,2013-02-20,True,False,False,True,Devices
Atrium Innovation Limited,ATRIUM INNOVATION,unmatched,,,0,False,1,2009-06-02,2009-06-02,True,False,False,True,Devices
Atrium Medical Corporation,ATRIUM MEDICAL,unmatched,,,0,False,1,2012-10-11,2012-10-11,True,False,False,True,Devices
Attix Pharmaceuticals Inc.,ATTIX PHARMACEUTICALS,unmatched,,,0,False,1,2015-06-22,2015-06-22,False,True,False,True,Drugs
Aubrey Inc,AUBREY,unmatched,,,0,False,1,2011-05-16,2011-05-16,True,False,False,True,Devices
"Augusta Medical Systems, LLC",AUGUSTA MEDICAL SYSTEMS,unmatched,,,0,False,1,2012-01-12,2012-01-12,True,False,False,True,Devices
"Augustine Temperature Management, LLC",AUGUSTINE TEMPERATURE MANAGEMENT,unmatched,,,0,False,2,2012-07-24,2024-03-21,True,False,False,True,Devices
"Auric Enterprises, Inc. D.B.A. Diack",AURIC ENTERPRISES D B A DIACK,unmatched,,,0,False,1,2015-09-03,2015-09-03,True,False,False,True,Devices
Auro PR Inc,AURO PR,unmatched,,,0,False,1,2011-10-13,2011-10-13,False,True,False,True,Drugs
"Auro Pharmacies, Inc DBA Central Drugs",AURO PHARMACIES CENTRAL DRUGS,unmatched,,,0,False,1,2018-09-24,2018-09-24,False,True,False,True,Drugs
"Auro Pharmacies, Inc.",AURO PHARMACIES,unmatched,,,0,False,2,2016-12-13,2020-06-03,False,True,False,True,Drugs
Aurobindo Pharma Limited,AUROBINDO PHARMA,unmatched,,,0,False,1,2011-05-20,2011-05-20,False,True,False,True,Drugs
"Aurolife Pharma, LLC",AUROLIFE PHARMA,unmatched,,,0,False,1,2020-10-16,2020-10-16,False,True,False,True,Drugs
Aurora Health and Nutrition,AURORA HEALTH AND NUTRITION,unmatched,,,0,False,1,2016-12-01,2016-12-01,False,True,False,True,Drugs
Aurora Optics Company Inc.,AURORA OPTICS,unmatched,,,0,False,1,2013-04-18,2013-04-18,True,False,False,True,Devices
Ausmetics Daily Chemicals (Guangzhou) Co. Ltd.,AUSMETICS DAILY CHEMICALS GUANGZHOU,unmatched,,,0,False,1,2017-01-31,2017-01-31,False,True,False,True,Drugs
Aussimed Ltd,AUSSIMED,unmatched,,,0,False,1,2016-03-03,2016-03-03,True,False,False,True,Devices
Austin Biotechnology Inc.,AUSTIN BIOTECHNOLOGY,unmatched,,,0,False,1,2016-05-27,2016-05-27,False,True,False,True,Drugs
Auto-Chlor System LLC,AUTO CHLOR SYSTEM,unmatched,,,0,False,1,2022-12-20,2022-12-20,False,True,False,True,Drugs
"Automated Ophthalmics, Inc.",AUTOMATED OPHTHALMICS,unmatched,,,0,False,1,2013-06-05,2013-06-05,True,False,False,True,Devices
"Auxigen Pharmaceutical, LLC",AUXIGEN PHARMACEUTICAL,unmatched,,,0,False,1,2015-10-27,2015-10-27,False,True,False,True,Drugs
Ava Inc,AVA,unmatched,,,0,False,1,2026-05-01,2026-05-01,False,True,False,True,Drugs
Avacen Inc.,AVACEN,unmatched,,,0,False,1,2013-10-23,2013-10-23,True,False,False,True,Devices
Avadel Legacy Pharmaceuticals LLC,AVADEL LEGACY PHARMACEUTICALS,unmatched,,,0,False,1,2011-06-09,2011-06-09,True,False,False,True,Devices
Avara Liscate Pharmaceutical Services SPA,AVARA LISCATE PHARMACEUTICAL SERVICES,unmatched,,,0,False,1,2015-03-31,2015-03-31,False,True,False,True,Drugs
Avaria Health & Beauty Corp.,AVARIA HEALTH AND BEAUTY,unmatched,,,0,False,2,2023-08-03,2024-09-03,False,True,False,True,Drugs
"Avazo-Healthcare, LLC",AVAZO HEALTHCARE,unmatched,,,0,False,1,2020-11-30,2020-11-30,True,False,False,True,Devices
Avella of Deer Valley dba Avella Specialty Pharmacy,AVELLA OF DEER VALLEY AVELLA SPECIALTY PHARMACY,unmatched,,,0,False,1,2014-01-17,2014-01-17,False,True,False,True,Drugs
"Avertix Medical, Inc.",AVERTIX MEDICAL,unmatched,,,0,False,1,2025-09-03,2025-09-03,True,False,False,True,Devices
"Avista Pharma Solutions, Inc.",AVISTA PHARMA SOLUTIONS,unmatched,,,0,False,1,2014-09-26,2014-09-26,False,True,False,True,Drugs
"Avlon Industries, Inc",AVLON INDUSTRIES,unmatched,,,0,False,1,2023-07-18,2023-07-18,False,True,False,True,Drugs
"Axiobionics, LLC",AXIOBIONICS,unmatched,,,0,False,1,2012-12-07,2012-12-07,True,False,False,True,Devices
Axium Healthcare Pharmacy dba Balanced Solutions Compounding,AXIUM HEALTHCARE PHARMACY BALANCED SOLUTIONS COMPOUNDING,unmatched,,,0,False,1,2013-07-16,2013-07-16,False,True,False,True,Drugs
Aytu Therapeutics LLC,AYTU THERAPEUTICS,unmatched,,,0,False,2,2025-09-09,2025-09-09,False,True,False,True,Drugs
"Ayuryoga, Inc.",AYURYOGA,unmatched,,,0,False,1,2022-05-19,2022-05-19,False,True,False,True,Drugs
Aztex Enterprises Ltd.,AZTEX ENTERPRISES,unmatched,,,0,False,1,2017-10-23,2017-10-23,False,True,False,True,Drugs
"Azurity Pharmaceuticals, Inc.",AZURITY PHARMACEUTICALS,unmatched,,,0,False,1,2024-09-20,2024-09-20,False,True,False,True,Drugs
B & A Health Products Inc,B AND A HEALTH PRODUCTS,unmatched,,,0,False,1,2010-08-19,2010-08-19,False,True,False,True,Drugs
"B & B Pharmaceuticals, Inc.",B AND B PHARMACEUTICALS,unmatched,,,0,False,1,2019-06-04,2019-06-04,False,True,False,True,Drugs
B & J Group,B AND J,unmatched,,,0,False,1,2023-01-19,2023-01-19,False,True,False,True,Drugs
"B. Braun US Pharmaceutical Manufacturing, LLC",B BRAUN PHARMACEUTICAL MANUFACTURING,unmatched,,,0,False,1,2017-05-12,2017-05-12,False,True,False,True,Drugs
B. JAIN PHARMACEUTICALS PRIVATE LIMITED,B JAIN PHARMACEUTICALS PRIVATE,unmatched,,,0,False,1,2019-03-21,2019-03-21,False,True,False,True,Drugs
B.M.P. Bulk Medicines & Pharmaceuticals GmbH,B M P BULK MEDICINES AND PHARMACEUTICALS,unmatched,,,0,False,1,2012-04-24,2012-04-24,False,True,False,True,Drugs
BBC Group Limited,BBC,unmatched,,,0,False,1,2021-08-05,2021-08-05,False,True,False,True,Drugs
BBCOS srl,BBCOS,unmatched,,,0,False,1,2017-11-29,2017-11-29,False,True,False,True,Drugs
"BBS Pharmacy, Inc. dba B&B Pharmacy",BBS PHARMACY B AND B PHARMACY,unmatched,,,0,False,1,2016-09-02,2016-09-02,False,True,False,True,Drugs
BBT Biotech Gmbh,BBT BIOTECH,unmatched,,,0,False,1,2016-05-16,2016-05-16,False,True,False,True,Drugs
BCIW Inc,BCIW,unmatched,,,0,False,1,2010-07-19,2010-07-19,True,False,False,True,Devices
BENEV Company Inc,BENEV,unmatched,,,0,False,1,2010-05-18,2010-05-18,False,True,False,True,Drugs
BEO Pharma Inc,BEO PHARMA,unmatched,,,0,False,1,2025-04-15,2025-04-15,False,True,False,True,Drugs
BIO LAB-ST. JOSEPH CORP,BIO LAB ST JOSEPH,unmatched,,,0,False,2,2011-04-19,2015-03-18,True,False,False,True,Devices
BIO WELLNESS 444,BIO WELLNESS 444,unmatched,,,0,False,1,2025-05-30,2025-05-30,False,True,False,True,Drugs
BIONATEO SP ZOO,BIONATEO SP ZOO,unmatched,,,0,False,1,2021-11-04,2021-11-04,False,True,False,True,Drugs
BIOPTIMAL INTERNATIONAL PTE. LTD.,BIOPTIMAL,unmatched,,,0,False,1,2024-04-03,2024-04-03,True,False,False,True,Devices
BIOTA Biosciences LLC,BIOTA BIOSCIENCES,unmatched,,,0,False,1,2020-04-14,2020-04-14,False,True,False,True,Drugs
BIOTECH DENTAL SAS,BIOTECH DENTAL SAS,unmatched,,,0,False,1,2010-10-01,2010-10-01,True,False,False,True,Devices
BK Korea Corporation,BK KOREA,unmatched,,,0,False,1,2020-08-07,2020-08-07,False,True,False,True,Drugs
BLANCHARD VISION CORP.,BLANCHARD VISION,unmatched,,,0,False,1,2011-12-23,2011-12-23,True,False,False,True,Devices
"BLS Labs, LLC",BLS LABS,unmatched,,,0,False,1,2022-08-23,2022-08-23,False,False,True,True,Biologics
"BMC Medical Co., Ltd.",BMC MEDICAL,unmatched,,,0,False,1,2026-05-21,2026-05-21,True,False,False,True,Devices
"BNB MEDICAL CO., LTD.",BNB MEDICAL,unmatched,,,0,False,1,2011-04-19,2011-04-19,True,False,False,True,Devices
"BPI Labs, LLC",BPI LABS,unmatched,,,0,False,1,2025-03-20,2025-03-20,False,True,False,True,Drugs
BR SAS,BR SAS,unmatched,,,0,False,1,2018-06-08,2018-06-08,False,True,False,True,Drugs
"BRI Institutional Review Board, Inc.",BRI INSTITUTIONAL REVIEW BOARD,unmatched,,,0,False,1,2009-10-05,2009-10-05,False,True,False,True,Drugs
"BRS Analytical Services, LLC",BRS ANALYTICAL SERVICES,unmatched,,,0,False,1,2025-09-17,2025-09-17,False,True,False,True,Drugs
BTL Industries Limited Bulgaria,BTL INDUSTRIES BULGARIA,unmatched,,,0,False,1,2010-03-12,2010-03-12,True,False,False,True,Devices
BTS S.p.A.,BTS S P A,unmatched,,,0,False,1,2012-05-10,2012-05-10,True,False,False,True,Devices
"BUZZ, LLC",BUZZ,unmatched,,,0,False,1,2009-11-17,2009-11-17,False,True,False,True,Drugs
"Back To Back Medical, LLC",BACK TO BACK MEDICAL,unmatched,,,0,False,1,2014-01-13,2014-01-13,True,False,False,True,Devices
Badrivishal Chemicals & Pharmaceuticals,BADRIVISHAL CHEMICALS AND PHARMACEUTICALS,unmatched,,,0,False,1,2017-03-06,2017-03-06,False,True,False,True,Drugs
"Bakersfield Surgery Institute, Inc.",BAKERSFIELD SURGERY INSTITUTE,unmatched,,,0,False,2,2011-12-09,2011-12-09,True,False,False,True,Devices
"Balamurali K. Ambati , M.D., Ph.D.",BALAMURALI K AMBATI M D PH D,unmatched,,,0,False,1,2019-08-13,2019-08-13,False,True,False,True,Drugs
"Balin, Martin S., MD, PhD",BALIN MARTIN S MD PHD,unmatched,,,0,False,1,2012-10-10,2012-10-10,False,False,True,True,Biologics
Ballaj Inc. DBA Hookah G,BALLAJ HOOKAH G,unmatched,,,0,False,1,2022-06-30,2022-06-30,False,True,False,True,Drugs
"Ballard Plaza Pharmacy I, Inc.",BALLARD PLAZA PHARMACY I,unmatched,,,0,False,1,2017-08-01,2017-08-01,False,True,False,True,Drugs
Balshi,BALSHI,unmatched,,,0,False,1,2022-04-13,2022-04-13,False,True,False,True,Drugs
Banco Vida Corp.,BANCO VIDA,unmatched,,,0,False,2,2020-03-09,2020-08-12,False,False,True,True,Biologics
"Banner Pharmacy Services, LLC",BANNER PHARMACY SERVICES,unmatched,,,0,False,1,2016-05-05,2016-05-05,False,True,False,True,Drugs
"Banyan Medical, LLC",BANYAN MEDICAL,unmatched,,,0,False,1,2015-09-30,2015-09-30,True,False,False,True,Devices
"Baoying County Fukang Medical Appliance Co., Ltd.",BAOYING COUNTY FUKANG MEDICAL APPLIANCE,unmatched,,,0,False,1,2016-12-09,2016-12-09,False,True,False,True,Drugs
Baptist Health Deaconess Madisonville Inc,BAPTIST HEALTH DEACONESS MADISONVILLE,unmatched,,,0,False,1,2011-04-21,2011-04-21,False,False,True,True,Biologics
Baptist Medical Center,BAPTIST MEDICAL CENTER,unmatched,,,0,False,1,2009-05-14,2009-05-14,False,False,True,True,Biologics
"Barclay, Luke, & Pillai Specialty Pharmacy, PLLC",BARCLAY LUKE AND PILLAI SPECIALTY PHARMACY PLLC,unmatched,,,0,False,1,2017-12-12,2017-12-12,False,True,False,True,Drugs
Bard Peripheral Vascular Inc,BARD PERIPHERAL VASCULAR,unmatched,,,0,False,1,2015-07-13,2015-07-13,True,False,False,True,Devices
Barkey GmbH & Co. KG,BARKEY AND KG,unmatched,,,0,False,1,2024-01-31,2024-01-31,False,False,True,True,Biologics
"Barox Co., Ltd.",BAROX,unmatched,,,0,False,1,2018-11-28,2018-11-28,False,True,False,True,Drugs
Barton-Carey Medical Products Inc,BARTON CAREY MEDICAL PRODUCTS,unmatched,,,0,False,1,2012-12-10,2012-12-10,True,False,False,True,Devices
Bass Medical Inc,BASS MEDICAL,unmatched,,,0,False,1,2009-02-12,2009-02-12,True,False,False,True,Devices
"Batrik Medical Mfg., Inc.",BATRIK MEDICAL MFG,unmatched,,,0,False,1,2013-09-23,2013-09-23,True,False,False,True,Devices
"Battelle Memorial Institute, BBRC",BATTELLE MEMORIAL INSTITUTE BBRC,unmatched,,,0,False,1,2020-10-06,2020-10-06,True,False,False,True,Devices
Battle Creek Equipment Co.,BATTLE CREEK EQUIPMENT,unmatched,,,0,False,1,2015-04-03,2015-04-03,True,False,False,True,Devices
Bauer & Haselbarth - Chirurg GmbH,BAUER AND HASELBARTH CHIRURG,unmatched,,,0,False,1,2010-12-22,2010-12-22,True,False,False,True,Devices
Bausch & Lomb Incorporated,BAUSCH AND LOMB,ambiguous,,,2,False,4,2010-03-10,2012-10-02,False,True,False,True,Drugs
"Bausch Health Americas, Inc.",BAUSCH HEALTH AMERICAS,unmatched,,,0,False,2,2014-09-03,2016-11-03,True,False,False,True,Devices
Baxalta Belgium Manufacturing SA,BAXALTA BELGIUM MANUFACTURING,unmatched,,,0,False,1,2010-01-15,2010-01-15,False,False,True,True,Biologics
Baxter Healthcare Corporation,BAXTER HEALTHCARE,unmatched,,,0,False,8,2009-09-10,2014-07-17,True,True,True,True,Biologics; Devices; Drugs
Baxter Healthcare Renal Div,BAXTER HEALTHCARE RENAL DIV,unmatched,,,0,False,1,2010-06-03,2010-06-03,True,False,False,True,Devices
Baxter Pharmaceuticals India Pvt Ltd,BAXTER PHARMACEUTICALS INDIA,unmatched,,,0,False,3,2010-11-01,2023-07-25,False,True,False,True,Drugs
Bay Regional Medical Center IRB,BAY REGIONAL MEDICAL CENTER IRB,unmatched,,,0,False,2,2010-09-09,2011-12-20,False,True,False,True,Drugs
Bayer Healthcare Pharmaceuticals,BAYER HEALTHCARE PHARMACEUTICALS,unmatched,,,0,False,1,2008-10-03,2008-10-03,False,True,False,True,Drugs
"Bayer Healthcare, LLC",BAYER HEALTHCARE,unmatched,,,0,False,2,2008-10-27,2008-10-27,False,True,False,True,Drugs
"Bayer Medical Care, Inc.",BAYER MEDICAL CARE,unmatched,,,0,False,1,2011-05-19,2011-05-19,True,False,False,True,Devices
"Baylab USA, LLC",BAYLAB,unmatched,,,0,False,1,2024-06-27,2024-06-27,True,False,False,True,Devices
Bazaar Of India,BAZAAR OF INDIA,unmatched,,,0,False,1,2009-07-07,2009-07-07,False,True,False,True,Drugs
"Beach Weekend Management, LLC",BEACH WEEKEND MANAGEMENT,unmatched,,,0,False,1,2026-02-05,2026-02-05,False,True,False,True,Drugs
"Beacon Hill Medical Pharmacy, P.C.",BEACON HILL MEDICAL PHARMACY P C,unmatched,,,0,False,1,2014-09-24,2014-09-24,False,True,False,True,Drugs
Beanne Chemical Co.,BEANNE CHEMICAL,unmatched,,,0,False,1,2013-01-02,2013-01-02,False,True,False,True,Drugs
Beauty Manufacturing Solutions Corp.,BEAUTY MANUFACTURING SOLUTIONS,unmatched,,,0,False,1,2018-01-11,2018-01-11,False,True,False,True,Drugs
Becton Dickinson Medical Systems,BECTON DICKINSON MEDICAL SYSTEMS,unmatched,,,0,False,1,2018-09-14,2018-09-14,True,False,False,True,Devices
"Bedfont Scientific, Ltd.",BEDFONT SCIENTIFIC,unmatched,,,0,False,2,2016-02-04,2020-02-12,True,False,False,True,Devices
Beekley Corporation,BEEKLEY,unmatched,,,0,False,1,2012-06-11,2012-06-11,True,False,False,True,Devices
"Beijing Shunxin Meihua Bio-technical Co., Ltd.",BEIJING SHUNXIN MEIHUA BIO TECHNICAL,unmatched,,,0,False,1,2014-09-29,2014-09-29,False,True,False,True,Drugs
Beijing Taiyang Pharmaceutical Industry Company Ltd,BEIJING TAIYANG PHARMACEUTICAL INDUSTRY,unmatched,,,0,False,1,2016-10-19,2016-10-19,False,True,False,True,Drugs
"Beijing Xinggu Lvsan Technology Co., Ltd",BEIJING XINGGU LVSAN TECHNOLOGY,unmatched,,,0,False,1,2022-10-05,2022-10-05,False,True,False,True,Drugs
"Bell International Laboratories, Inc.",BELL LABORATORIES,unmatched,,,0,False,1,2024-02-15,2024-02-15,False,True,False,True,Drugs
"Bella Pharmaceuticals, Inc.",BELLA PHARMACEUTICALS,unmatched,,,0,False,1,2019-02-11,2019-02-11,False,True,False,True,Drugs
Bella Rose Labs,BELLA ROSE LABS,unmatched,,,0,False,1,2019-11-22,2019-11-22,False,True,False,True,Drugs
Belle Health LLC,BELLE HEALTH,unmatched,,,0,False,1,2026-02-20,2026-02-20,False,True,False,True,Drugs
Belleview 402 LLC,BELLEVIEW 402,unmatched,,,0,False,2,2019-08-01,2024-08-06,False,True,False,True,Drugs
Bellingham IVF & Fertility Care,BELLINGHAM IVF AND FERTILITY CARE,unmatched,,,0,False,1,2018-05-07,2018-05-07,False,False,True,True,Biologics
Bellus Medical,BELLUS MEDICAL,unmatched,,,0,False,1,2016-09-13,2016-09-13,True,False,False,True,Devices
Belmont Eyecare LLC,BELMONT EYECARE,unmatched,,,0,False,1,2023-12-01,2023-12-01,False,True,False,True,Drugs
Belmont Instrument LLC,BELMONT INSTRUMENT,unmatched,,,0,False,1,2012-05-07,2012-05-07,True,False,False,True,Devices
Benedict Liao,BENEDICT LIAO,unmatched,,,0,False,1,2014-07-08,2014-07-08,False,True,False,True,Drugs
"Benedict S. Liao, M.D.",BENEDICT S LIAO M D,unmatched,,,0,False,1,2016-03-29,2016-03-29,False,True,False,True,Drugs
Berkeley Biologics LLC,BERKELEY BIOLOGICS,unmatched,,,0,False,1,2024-06-28,2024-06-28,False,False,True,True,Biologics
"Bernard A. Michlin, M.D.",BERNARD A MICHLIN M D,unmatched,,,0,False,1,2015-07-13,2015-07-13,False,True,False,True,Drugs
"Bernard H. Doft, M.D.",BERNARD H DOFT M D,unmatched,,,0,False,1,2013-06-12,2013-06-12,False,True,False,True,Drugs
Berwickshire Electronic Manufacturing Ltd.,BERWICKSHIRE ELECTRONIC MANUFACTURING,unmatched,,,0,False,1,2016-02-04,2016-02-04,True,False,False,True,Devices
Bespoke Apothecary Limited Liability Corporation,BESPOKE APOTHECARY LIABILITY,unmatched,,,0,False,1,2022-09-28,2022-09-28,False,True,False,True,Drugs
Best Bentonite,BEST BENTONITE,unmatched,,,0,False,1,2016-06-17,2016-06-17,False,True,False,True,Drugs
"Best Vascular, Inc",BEST VASCULAR,unmatched,,,0,False,1,2009-03-11,2009-03-11,True,False,False,True,Devices
BestPriceRx,BESTPRICERX,unmatched,,,0,False,1,2012-05-24,2012-05-24,False,True,False,True,Drugs
"Betone, S.A. de C.V.",BETONE S A DE C V,unmatched,,,0,False,1,2024-03-21,2024-03-21,False,True,False,True,Drugs
"Better Health Systems, Inc",BETTER HEALTH SYSTEMS,unmatched,,,0,False,1,2015-04-07,2015-04-07,True,False,False,True,Devices
"Better Rx, LLC",BETTER RX,unmatched,,,0,False,1,2016-02-02,2016-02-02,False,True,False,True,Drugs
"Betty K. Tuller,Ph.D.",BETTY K TULLER PH D,unmatched,,,0,False,1,2011-12-12,2011-12-12,False,True,False,True,Drugs
Beyond Technology Corporation Nanchang,BEYOND TECHNOLOGY NANCHANG,unmatched,,,0,False,1,2016-07-19,2016-07-19,True,False,False,True,Devices
Bhargava Phytolab Private Limited,BHARGAVA PHYTOLAB PRIVATE,unmatched,,,0,False,1,2024-12-18,2024-12-18,False,True,False,True,Drugs
Bi-Coastal Pharma International,BI COASTAL PHARMA,unmatched,,,0,False,1,2022-06-30,2022-06-30,False,True,False,True,Drugs
Bicooya Cosmetics Limited,BICOOYA COSMETICS,unmatched,,,0,False,1,2017-08-11,2017-08-11,False,True,False,True,Drugs
"Big Dan's Fitness / Nutrition, LLC",BIG DAN S FITNESS NUTRITION,unmatched,,,0,False,1,2017-05-25,2017-05-25,False,True,False,True,Drugs
Big Mountain Drugs,BIG MOUNTAIN DRUGS,unmatched,,,0,False,1,2013-02-04,2013-02-04,False,True,False,True,Drugs
Big Rehab Corp.,BIG REHAB,unmatched,,,0,False,1,2011-07-25,2011-07-25,True,False,False,True,Devices
Bigdam Inc,BIGDAM,unmatched,,,0,False,1,2026-05-04,2026-05-04,False,True,False,True,Drugs
Bill Beauty and Health Products Ltd.,BILL BEAUTY AND HEALTH PRODUCTS,unmatched,,,0,False,1,2018-08-01,2018-08-01,False,True,False,True,Drugs
"Bingbing Pharmaceutical (Hubei) Co., Ltd",BINGBING PHARMACEUTICAL HUBEI,unmatched,,,0,False,1,2019-10-03,2019-10-03,False,True,False,True,Drugs
"Binh Bui-Nguyen, MD",BINH BUI NGUYEN MD,unmatched,,,0,False,1,2015-05-04,2015-05-04,False,True,False,True,Drugs
Bio Focus Co. Ltd.,BIO FOCUS,unmatched,,,0,False,1,2013-08-26,2013-08-26,True,False,False,True,Devices
Bio Preventive,BIO PREVENTIVE,unmatched,,,0,False,1,2025-09-09,2025-09-09,False,True,False,True,Drugs
"Bio-Germ Protection, LLC",BIO GERM PROTECTION,unmatched,,,0,False,1,2021-05-19,2021-05-19,False,True,False,True,Drugs
Bio-Medical Pharmaceutical Manufacturing Corporation,BIO MEDICAL PHARMACEUTICAL MANUFACTURING,unmatched,,,0,False,1,2026-02-05,2026-02-05,False,True,False,True,Drugs
"Bio-Stasis International, Inc",BIO STASIS,unmatched,,,0,False,1,2016-08-31,2016-08-31,False,True,False,True,Drugs
BioCentric Labs Inc,BIOCENTRIC LABS,unmatched,,,0,False,1,2009-08-18,2009-08-18,False,True,False,True,Drugs
"BioCheck, Inc.",BIOCHECK,unmatched,,,0,False,1,2010-12-07,2010-12-07,True,False,False,True,Devices
BioDiagnostic International,BIODIAGNOSTIC,unmatched,,,0,False,1,2018-07-12,2018-07-12,False,True,False,True,Drugs
BioElectronics Corporation,BIOELECTRONICS,unmatched,,,0,False,1,2012-01-31,2012-01-31,True,False,False,True,Devices
"BioLyte Laboratories, LLC",BIOLYTE LABORATORIES,unmatched,,,0,False,1,2021-03-18,2021-03-18,False,True,False,True,Drugs
BioMD Plus LLC,BIOMD PLUS,unmatched,,,0,False,1,2022-05-04,2022-05-04,False,True,False,True,Drugs
BioSculptor Corporation,BIOSCULPTOR,unmatched,,,0,False,1,2011-03-09,2011-03-09,True,False,False,True,Devices
BioSpectrum CBD,BIOSPECTRUM CBD,unmatched,,,0,False,1,2021-07-22,2021-07-22,False,True,False,True,Drugs
BioStem Life Sciences,BIOSTEM LIFE SCIENCES,unmatched,,,0,False,1,2025-01-17,2025-01-17,False,False,True,True,Biologics
BioXtek LLC,BIOXTEK,unmatched,,,0,False,1,2025-12-01,2025-12-01,False,False,True,True,Biologics
Bioasia Worldwide Sdn Bhd,BIOASIA WORLDWIDE SDN BHD,unmatched,,,0,False,1,2025-03-25,2025-03-25,False,True,False,True,Drugs
"Biochem Laboratory, Inc.",BIOCHEM LABORATORY,unmatched,,,0,False,1,2012-02-17,2012-02-17,False,True,False,True,Drugs
Biocompatibles Inc.,BIOCOMPATIBLES,unmatched,,,0,False,1,2013-04-30,2013-04-30,True,False,False,True,Devices
"Bioiberica, SAU",BIOIBERICA SAU,unmatched,,,0,False,1,2022-06-30,2022-06-30,False,True,False,True,Drugs
Bioland Technology Ltd.,BIOLAND TECHNOLOGY,unmatched,,,0,False,1,2014-07-18,2014-07-18,True,False,False,True,Devices
"Biolife, LLC",BIOLIFE,unmatched,,,0,False,1,2011-06-15,2011-06-15,True,False,False,True,Devices
Biological Controls,BIOLOGICAL CONTROLS,unmatched,,,0,False,1,2010-02-16,2010-02-16,True,False,False,True,Devices
Biomedica Diagnostics Inc,BIOMEDICA DIAGNOSTICS,unmatched,,,0,False,1,2011-10-17,2011-10-17,True,False,False,True,Devices
Biomedical Research Inst. of America,BIOMEDICAL RESEARCH INST OF AMERICA,unmatched,,,0,False,1,2012-03-29,2012-03-29,False,False,True,True,Biologics
Biomedix Wai,BIOMEDIX WAI,unmatched,,,0,False,2,2013-06-14,2020-02-12,True,False,False,True,Devices
"Bionet Co., Ltd.",BIONET,unmatched,,,0,False,1,2011-07-27,2011-07-27,True,False,False,True,Devices
Bionetek Corporation,BIONETEK,unmatched,,,0,False,1,2011-04-18,2011-04-18,True,False,False,True,Devices
Bioniche Pharma Group,BIONICHE PHARMA,unmatched,,,0,False,1,2009-09-14,2009-09-14,False,True,False,True,Drugs
Biopolygen,BIOPOLYGEN,unmatched,,,0,False,1,2021-07-09,2021-07-09,True,False,False,True,Devices
"Biostructures, LLC",BIOSTRUCTURES,unmatched,,,0,False,1,2010-10-07,2010-10-07,True,False,False,True,Devices
Biotek India,BIOTEK INDIA,unmatched,,,0,False,1,2021-05-13,2021-05-13,False,True,False,True,Drugs
Biotronik SE & Co. KG,BIOTRONIK SE AND KG,unmatched,,,0,False,1,2016-09-01,2016-09-01,True,False,False,True,Devices
Biovation Labs,BIOVATION LABS,unmatched,,,0,False,1,2010-12-28,2010-12-28,False,True,False,True,Drugs
"Bioverse, Inc.",BIOVERSE,unmatched,,,0,False,1,2025-09-09,2025-09-09,False,True,False,True,Drugs
Bittium Biosignals Ltd.,BITTIUM BIOSIGNALS,unmatched,,,0,False,1,2014-01-10,2014-01-10,True,False,False,True,Devices
"Black International Enterprise, LLC dba Puba Store",BLACK ENTERPRISE PUBA STORE,unmatched,,,0,False,1,2014-07-10,2014-07-10,False,True,False,True,Drugs
Black Onyx World Llc dba Alikay Naturals,BLACK ONYX WORLD ALIKAY NATURALS,unmatched,,,0,False,1,2016-03-16,2016-03-16,False,True,False,True,Drugs
Blackstone Medical Inc.,BLACKSTONE MEDICAL,unmatched,,,0,False,1,2009-03-13,2009-03-13,True,False,False,True,Devices
Blaine Labs Inc,BLAINE LABS,unmatched,,,0,False,1,2020-05-05,2020-05-05,False,True,False,True,Drugs
"Blephex, LLC",BLEPHEX,unmatched,,,0,False,1,2026-06-03,2026-06-03,True,False,False,True,Devices
Bliv Wellness,BLIV WELLNESS,unmatched,,,0,False,1,2026-02-20,2026-02-20,False,True,False,True,Drugs
Block Scientific,BLOCK SCIENTIFIC,unmatched,,,0,False,1,2021-03-18,2021-03-18,True,False,False,True,Devices
Bloodworks,BLOODWORKS,unmatched,,,0,False,1,2013-04-16,2013-04-16,False,False,True,True,Biologics
"Blountys, Llc",BLOUNTYS,unmatched,,,0,False,1,2010-06-22,2010-06-22,True,False,False,True,Devices
Blue Horizon International,BLUE HORIZON,unmatched,,,0,False,1,2026-05-26,2026-05-26,False,False,True,True,Biologics
Blue Ridge Pharmacy and Compounding Center,BLUE RIDGE PHARMACY AND COMPOUNDING CENTER,unmatched,,,0,False,1,2014-04-30,2014-04-30,False,True,False,True,Drugs
Blue Square Market Inc.,BLUE SQUARE MARKET,unmatched,,,0,False,1,2014-09-24,2014-09-24,False,True,False,True,Drugs
Blue Willow Biologics,BLUE WILLOW BIOLOGICS,unmatched,,,0,False,1,2021-08-03,2021-08-03,False,True,False,True,Drugs
Bluefit MD,BLUEFIT MD,unmatched,,,0,False,1,2026-02-20,2026-02-20,False,True,False,True,Drugs
"Blueroot Health, Inc.",BLUEROOT HEALTH,unmatched,,,0,False,2,2008-11-18,2011-02-16,False,True,False,True,Drugs; Food/Cosmetics
"Bobalee Originals, Manufacturing",BOBALEE ORIGINALS MANUFACTURING,unmatched,,,0,False,1,2010-02-17,2010-02-17,True,False,False,True,Devices
"Boca Pharmacal, LLC.",BOCA PHARMACAL,unmatched,,,0,False,1,2010-07-22,2010-07-22,False,True,False,True,Drugs
Bodee LLC,BODEE,unmatched,,,0,False,1,2009-07-27,2009-07-27,False,True,False,True,Drugs
Body Good Studio,BODY GOOD STUDIO,unmatched,,,0,False,1,2025-09-09,2025-09-09,False,True,False,True,Drugs
Body Tools,BODY TOOLS,unmatched,,,0,False,1,2010-02-17,2010-02-17,True,False,False,True,Devices
"Body, Mind & Soul, Inc.",BODY MIND AND SOUL,unmatched,,,0,False,1,2013-03-13,2013-03-13,True,False,False,True,Devices
Bodywell Natural Skin Care Inc.,BODYWELL NATURAL SKIN CARE,unmatched,,,0,False,1,2024-03-27,2024-03-27,False,True,False,True,Drugs
Boehringer Ingelheim Pharma GmbH & Co. KG,BOEHRINGER INGELHEIM PHARMA AND KG,unmatched,,,0,False,1,2013-05-06,2013-05-06,False,True,False,True,Drugs
Boiron,BOIRON,unmatched,,,0,False,1,2023-09-11,2023-09-11,False,True,False,True,Drugs
Boiron Inc.,BOIRON,unmatched,,,0,False,1,2023-09-11,2023-09-11,False,True,False,True,Drugs
Boothwyn Pharmacy LLC,BOOTHWYN PHARMACY,unmatched,,,0,False,3,2018-07-26,2026-01-16,False,True,False,True,Drugs; Veterinary
Bora Pharmaceuticals Injectables Inc,BORA PHARMACEUTICALS INJECTABLES,unmatched,,,0,False,1,2022-08-10,2022-08-10,False,True,False,True,Drugs
"Boss Innovation & Marketing, Inc.",BOSS INNOVATION AND MARKETING,unmatched,,,0,False,1,2009-05-12,2009-05-12,True,False,False,True,Devices
Botanical Be,BOTANICAL BE,unmatched,,,0,False,1,2023-12-21,2023-12-21,False,True,False,True,Drugs
Botanicals Internacional S.A. de C.V.,BOTANICALS INTERNACIONAL S A DE C V,unmatched,,,0,False,1,2021-02-03,2021-02-03,False,True,False,True,Drugs
Boule Medical AB,BOULE MEDICAL,unmatched,,,0,False,1,2018-10-02,2018-10-02,True,False,False,True,Devices
"Bracco Diagnostics, Inc.",BRACCO DIAGNOSTICS,unmatched,,,0,False,1,2012-01-31,2012-01-31,False,True,False,True,Drugs
"Braintree Laboratories, Inc.",BRAINTREE LABORATORIES,unmatched,,,0,False,1,2010-05-10,2010-05-10,False,True,False,True,Drugs
Branan Medical Corporation,BRANAN MEDICAL,unmatched,,,0,False,1,2009-12-30,2009-12-30,True,False,False,True,Devices
Brands International Corporation,BRANDS,unmatched,,,0,False,1,2024-12-17,2024-12-17,False,True,False,True,Drugs
"Branitz, Bruce, MD",BRANITZ BRUCE MD,unmatched,,,0,False,1,2009-04-09,2009-04-09,False,True,False,True,Drugs
Brant-Wald Surgicals Inc,BRANT WALD SURGICALS,unmatched,,,0,False,1,2010-10-01,2010-10-01,True,False,False,True,Devices
Brassica Pharma Private Ltd,BRASSICA PHARMA PRIVATE,unmatched,,,0,False,1,2024-07-11,2024-07-11,False,True,False,True,Drugs
"Brava, LLC",BRAVA,unmatched,,,0,False,1,2014-08-28,2014-08-28,True,False,False,True,Devices
Breathe More Easily Online,BREATHE MORE EASILY ONLINE,unmatched,,,0,False,1,2009-05-13,2009-05-13,True,False,False,True,Devices
"Breckenridge Pharmaceutical, Inc.",BRECKENRIDGE PHARMACEUTICAL,unmatched,,,0,False,1,2010-02-09,2010-02-09,False,True,False,True,Drugs
Brennan And Mccoy,BRENNAN AND MCCOY,unmatched,,,0,False,1,2010-02-17,2010-02-17,True,False,False,True,Devices
"Brenntag Great Lakes, LLC",BRENNTAG GREAT LAKES,unmatched,,,0,False,1,2023-10-27,2023-10-27,False,True,False,True,Drugs
"Bret R. Rutherford, M.D.",BRET R RUTHERFORD M D,unmatched,,,0,False,1,2024-03-21,2024-03-21,False,True,False,True,Drugs
"Brigham and Women's Hospital, Inc., The",BRIGHAM AND WOMEN S HOSPITAL,unmatched,,,0,False,1,2022-04-11,2022-04-11,False,True,False,True,Drugs
Bristol-Myers Squibb Holdings Pharma Ltd. Liability Company,BRISTOL MYERS SQUIBB PHARMA LIABILITY,unmatched,,,0,False,1,2010-09-30,2010-09-30,False,True,False,True,Drugs
BroadMaster Biotech Corp.,BROADMASTER BIOTECH,unmatched,,,0,False,1,2016-10-04,2016-10-04,True,False,False,True,Devices
"Broncolin, S.A. de C.V.",BRONCOLIN S A DE C V,unmatched,,,0,False,1,2020-12-21,2020-12-21,False,True,False,True,Drugs
"Brookfield Medical/Surgical Supplies, Inc.",BROOKFIELD MEDICAL SURGICAL SUPPLIES,unmatched,,,0,False,1,2016-07-06,2016-07-06,False,True,False,True,Drugs
Brookfield Prescription Center Inc. dba MD Custom Rx,BROOKFIELD PRESCRIPTION CENTER MD CUSTOM RX,unmatched,,,0,False,1,2014-05-02,2014-05-02,False,True,False,True,Drugs
Brookwood Medical Center IRB,BROOKWOOD MEDICAL CENTER IRB,unmatched,,,0,False,1,2010-04-22,2010-04-22,False,True,False,True,Drugs
"Brown's Compounding Center, Inc.",BROWN S COMPOUNDING CENTER,unmatched,,,0,False,1,2016-08-17,2016-08-17,False,True,False,True,Drugs
Bryant Ranch PrePack,BRYANT RANCH PREPACK,unmatched,,,0,False,1,2010-04-08,2010-04-08,False,True,False,True,Drugs
Brymill Corporation,BRYMILL,unmatched,,,0,False,1,2009-02-18,2009-02-18,True,False,False,True,Devices
Btl Industries Inc,BTL INDUSTRIES,unmatched,,,0,False,1,2010-03-12,2010-03-12,True,False,False,True,Devices
"Btl Industries, Inc",BTL INDUSTRIES,unmatched,,,0,False,1,2010-03-12,2010-03-12,True,False,False,True,Devices
Buderer Drug Company Inc,BUDERER DRUG,unmatched,,,0,False,1,2016-09-20,2016-09-20,False,True,False,True,Drugs
Buffalo Pharmacies Inc,BUFFALO PHARMACIES,unmatched,,,0,False,1,2017-12-13,2017-12-13,False,True,False,True,Drugs
Butterfly Expressions Llc,BUTTERFLY EXPRESSIONS,unmatched,,,0,False,1,2020-07-06,2020-07-06,False,True,False,True,Drugs
BuyMedicalMasksNow.com,BUYMEDICALMASKSNOW COM,unmatched,,,0,False,1,2021-05-28,2021-05-28,True,False,False,True,Devices
"Buzzagogo, LLC",BUZZAGOGO,unmatched,,,0,False,1,2023-01-18,2023-01-18,False,True,False,True,Drugs
"Byd Precision Manufacture Co., Ltd",BYD PRECISION MANUFACTURE,unmatched,,,0,False,1,2023-09-21,2023-09-21,True,False,False,True,Devices
C & A Naturistics,C AND A NATURISTICS,unmatched,,,0,False,1,2025-03-04,2025-03-04,False,True,False,True,Drugs
C WORLD KSG CORPORATION,C WORLD KSG,unmatched,,,0,False,1,2016-02-18,2016-02-18,True,False,False,True,Devices
C&G Laboratorios SA de CV,C AND G LABORATORIOS DE CV,unmatched,,,0,False,1,2021-04-26,2021-04-26,False,True,False,True,Drugs
"C&T Dream Co., Ltd.",C AND T DREAM,unmatched,,,0,False,1,2024-04-11,2024-04-11,False,True,False,True,Drugs
C. O. Truxton Inc.,C O TRUXTON,unmatched,,,0,False,1,2017-12-19,2017-12-19,False,True,False,True,Drugs
"C. R. Bard, Inc.",C R BARD,unmatched,,,0,False,1,2015-07-13,2015-07-13,True,False,False,True,Devices
C.I. Farmacapsulas S.A.,C I FARMACAPSULAS S A,unmatched,,,0,False,1,2012-05-15,2012-05-15,False,True,False,True,Drugs
C.P.M. Contract Pharma GmbH & Co. KG,C P M CONTRACT PHARMA AND KG,unmatched,,,0,False,1,2013-09-30,2013-09-30,False,True,False,True,Drugs
C.R. Bard Inc.,C R BARD,unmatched,,,0,False,1,2015-07-13,2015-07-13,True,False,False,True,Devices
C.S.O. S.R.L.,C S O S R L,unmatched,,,0,False,1,2014-01-23,2014-01-23,True,False,False,True,Devices
CAD Import Inc.,CAD IMPORT,unmatched,,,0,False,1,2023-05-18,2023-05-18,False,True,False,True,Drugs
CAF-DAF scrl,CAF DAF SCRL,unmatched,,,0,False,1,2013-08-29,2013-08-29,False,False,True,True,Biologics
CALI BOTANICALS,CALI BOTANICALS,unmatched,,,0,False,1,2019-06-12,2019-06-12,False,True,False,True,Drugs
CALMCO LLC,CALMCO,unmatched,,,0,False,1,2023-08-09,2023-08-09,False,True,False,True,Drugs
CAMA Wellness Center,CAMA WELLNESS CENTER,unmatched,,,0,False,1,2021-03-05,2021-03-05,False,True,False,True,Drugs
"CAO Group, Inc.",CAO,unmatched,,,0,False,1,2018-10-15,2018-10-15,True,False,False,True,Devices
"CAO Medical Equipment Co., Ltd.",CAO MEDICAL EQUIPMENT,unmatched,,,0,False,1,2018-11-30,2018-11-30,False,True,False,True,Drugs
CARAHEALTH,CARAHEALTH,unmatched,,,0,False,1,2020-03-26,2020-03-26,False,True,False,True,Drugs
CBD Gaze,CBD GAZE,unmatched,,,0,False,1,2020-05-26,2020-05-26,False,True,False,True,Drugs
CBD Online Store,CBD ONLINE STORE,unmatched,,,0,False,1,2020-04-07,2020-04-07,False,True,False,True,Drugs
CBD Social,CBD SOCIAL,unmatched,,,0,False,1,2022-03-28,2022-03-28,False,True,False,True,Drugs
"CBI Laboratories, Inc. dba Voyant Beauty LLC.",CBI LABORATORIES VOYANT BEAUTY,unmatched,,,0,False,1,2018-10-09,2018-10-09,False,True,False,True,Drugs
CBSCHEM LIMITED,CBSCHEM,unmatched,,,0,False,1,2014-01-31,2014-01-31,False,True,False,True,Drugs
CBSCHEM Limited,CBSCHEM,unmatched,,,0,False,1,2014-01-31,2014-01-31,False,True,False,True,Drugs
"CCIC Huatongwei International Inspection (Suzhou) Co., Ltd.",CCIC HUATONGWEI INSPECTION SUZHOU,unmatched,,,0,False,1,2025-06-25,2025-06-25,True,False,False,True,Devices
"CDL Services, Inc.",CDL SERVICES,unmatched,,,0,False,1,2025-11-24,2025-11-24,False,True,False,True,Drugs
CENTURA PHARMACEUTICALS INC,CENTURA PHARMACEUTICALS,unmatched,,,0,False,1,2024-11-15,2024-11-15,False,True,False,True,Drugs
"CEP Bio-Coat, LLC",CEP BIO COAT,unmatched,,,0,False,1,2019-05-13,2019-05-13,True,False,False,True,Devices
CERGOMEX IMPORTS LLC,CERGOMEX IMPORTS,unmatched,,,0,False,1,2023-08-04,2023-08-04,False,True,False,True,Drugs
CES LLC,CES,unmatched,,,0,False,1,2022-01-18,2022-01-18,False,True,False,True,Drugs
CFP Acquisitions Inc.,CFP ACQUISITIONS,unmatched,,,0,False,1,2016-08-19,2016-08-19,False,True,False,True,Drugs
"CFS Dental, Inc",CFS DENTAL,unmatched,,,0,False,1,2013-01-16,2013-01-16,True,False,False,True,Devices
CGA Limited,CGA,unmatched,,,0,False,1,2019-12-19,2019-12-19,False,True,False,True,Drugs
"CHENGDU INNOVATION PHARMACEUTICAL CO.,LTD",CHENGDU INNOVATION PHARMACEUTICAL,unmatched,,,0,False,1,2025-02-05,2025-02-05,False,True,False,True,Drugs
CHRONIC LYME TREATMENTS,CHRONIC LYME TREATMENTS,unmatched,,,0,False,1,2020-05-07,2020-05-07,False,True,False,True,Drugs
CHUNGDO PHARM. CO. LTD.,CHUNGDO PHARM,unmatched,,,0,False,1,2013-07-30,2013-07-30,True,False,False,True,Devices
"CIBA Vision Puerto Rico, Inc.",CIBA VISION PUERTO RICO,unmatched,,,0,False,1,2010-12-21,2010-12-21,True,False,False,True,Devices
CMC Enterprise Pharmacy,CMC ENTERPRISE PHARMACY,unmatched,,,0,False,1,2020-06-04,2020-06-04,False,True,False,True,Drugs
CMHP Private Limited,CMHP PRIVATE,unmatched,,,0,False,2,2023-04-10,2023-05-18,False,True,False,True,Drugs
CMI Cosmetic Manufacturers Inc.,CMI COSMETIC MANUFACTURERS,unmatched,,,0,False,1,2013-04-25,2013-04-25,False,True,False,True,Drugs
"CMP Industries, Llc",CMP INDUSTRIES,unmatched,,,0,False,1,2015-09-09,2015-09-09,True,False,False,True,Devices
"CNMC Company, Inc.",CNMC,unmatched,,,0,False,1,2014-06-20,2014-06-20,True,False,False,True,Devices
COLLOIDAL VITALITY LLC,COLLOIDAL VITALITY,unmatched,,,0,False,1,2020-03-06,2020-03-06,False,True,False,True,Drugs
COLONIAL DAMES CO LTD,COLONIAL DAMES,unmatched,,,0,False,1,2023-12-06,2023-12-06,False,True,False,True,Drugs
COMERCIALIZADORA HERBAMEX,COMERCIALIZADORA HERBAMEX,unmatched,,,0,False,1,2023-12-21,2023-12-21,False,True,False,True,Drugs
"COPIOUS INTL., INC.",COPIOUS,unmatched,,,0,False,1,2012-09-25,2012-09-25,True,False,False,True,Devices
COREMEDICA LABORATORIES LLC,COREMEDICA LABORATORIES,unmatched,,,0,False,2,2020-07-24,2020-07-24,True,False,False,True,Devices
"CORIN MEDICAL, LTD.",CORIN MEDICAL,unmatched,,,0,False,1,2015-09-14,2015-09-14,True,False,False,True,Devices
CORPORATIVO BURELI SA DE CV,CORPORATIVO BURELI DE CV,unmatched,,,0,False,1,2020-12-01,2020-12-01,False,True,False,True,Drugs
COSMED Nordic ApS,COSMED NORDIC APS,unmatched,,,0,False,1,2012-06-04,2012-06-04,True,False,False,True,Devices
"COSMOBEAUTI LABORATORIES & MANUFACTURING, INC.",COSMOBEAUTI LABORATORIES AND MANUFACTURING,unmatched,,,0,False,1,2023-08-11,2023-08-11,False,True,False,True,Drugs
CP Pharmaceuticals Limited,CP PHARMACEUTICALS,unmatched,,,0,False,2,2010-10-29,2016-11-16,False,True,False,True,Drugs
CPAPNEA Medical Supply,CPAPNEA MEDICAL SUPPLY,unmatched,,,0,False,1,2020-01-23,2020-01-23,True,False,False,True,Devices
"CPI Packaging, Inc.",CPI PACKAGING,unmatched,,,0,False,1,2009-07-23,2009-07-23,True,False,False,True,Devices
"CPR Medical Devices, Inc.",CPR MEDICAL DEVICES,unmatched,,,0,False,1,2011-12-13,2011-12-13,True,False,False,True,Devices
CRESCITA SKIN SCIENCES INC.,CRESCITA SKIN SCIENCES,unmatched,,,0,False,1,2016-12-16,2016-12-16,False,True,False,True,Drugs
CSL Behring LLC,CSL BEHRING,unmatched,,,0,False,1,2025-09-09,2025-09-09,False,False,True,True,Biologics
CSPC Zhongnuo Pharmaceutical (Shijiazhuang) Co. Ltd,CSPC ZHONGNUO PHARMACEUTICAL SHIJIAZHUANG,unmatched,,,0,False,1,2012-06-14,2012-06-14,False,True,False,True,Drugs
CTI Science Inc,CTI SCIENCE,unmatched,,,0,False,1,2010-06-17,2010-06-17,False,True,False,True,Drugs
CTK OTC Laboratories LLC,CTK OTC LABORATORIES,unmatched,,,0,False,1,2025-05-19,2025-05-19,False,True,False,True,Drugs
CTX Lifesciences Private Ltd.,CTX LIFESCIENCES PRIVATE,unmatched,,,0,False,2,2017-01-18,2019-07-12,False,True,False,True,Drugs
CURALEAF MA,CURALEAF MA,unmatched,,,0,False,1,2019-07-23,2019-07-23,False,True,False,True,Drugs
CURALLUX LLC,CURALLUX,unmatched,,,0,False,1,2013-09-20,2013-09-20,True,False,False,True,Devices
CUREX INC,CUREX,unmatched,,,0,False,1,2025-09-09,2025-09-09,False,True,False,True,Drugs
CURRAX PHARMACEUTICALS LLC,CURRAX PHARMACEUTICALS,unmatched,,,0,False,1,2020-09-22,2020-09-22,False,True,False,True,Drugs
"CXL-USA, LLC",CXL,unmatched,,,0,False,1,2015-04-01,2015-04-01,False,True,False,True,Drugs
Cadila Pharmaceuticals Limited,CADILA PHARMACEUTICALS,unmatched,,,0,False,1,2014-10-15,2014-10-15,False,True,False,True,Drugs
Cagenix Inc.,CAGENIX,unmatched,,,0,False,1,2011-10-24,2011-10-24,True,False,False,True,Devices
California IVF Fertility Center,CALIFORNIA IVF FERTILITY CENTER,unmatched,,,0,False,1,2020-02-26,2020-02-26,False,False,True,True,Biologics
California Pharmacy & Compounding Center,CALIFORNIA PHARMACY AND COMPOUNDING CENTER,unmatched,,,0,False,1,2015-06-17,2015-06-17,False,True,False,True,Drugs
Caltag Medsystems Ltd,CALTAG MEDSYSTEMS,unmatched,,,0,False,1,2023-09-07,2023-09-07,True,False,False,True,Devices
"Calvin Scott & Company, Inc.",CALVIN SCOTT AND,unmatched,,,0,False,1,2020-08-25,2020-08-25,False,True,False,True,Drugs
Cambrex Profarmaco Milano Srl,CAMBREX PROFARMACO MILANO,unmatched,,,0,False,1,2009-08-12,2009-08-12,False,True,False,True,Drugs
CanaRx Services Inc,CANARX SERVICES,unmatched,,,0,False,1,2019-02-26,2019-02-26,False,True,False,True,Drugs
Canada Med Stop,CANADA MED STOP,unmatched,,,0,False,1,2025-09-09,2025-09-09,False,True,False,True,Drugs
Canadian Chaga,CANADIAN CHAGA,unmatched,,,0,False,1,2020-08-06,2020-08-06,False,True,False,True,Drugs
Cane S.p.A.,CANE S P A,unmatched,,,0,False,1,2015-07-29,2015-07-29,True,False,False,True,Devices
Cannafyl,CANNAFYL,unmatched,,,0,False,1,2021-03-01,2021-03-01,False,True,False,True,Drugs
"Canon Medical Components U.S.A., Inc.",CANON MEDICAL COMPONENTS U S A,unmatched,,,0,False,1,2013-01-08,2013-01-08,True,False,False,True,Devices
Canton Laboratories Private Ltd.,CANTON LABORATORIES PRIVATE,unmatched,,,0,False,1,2014-02-27,2014-02-27,False,True,False,True,Drugs
Cantor & Barnard Ltd.,CANTOR AND BARNARD,unmatched,,,0,False,1,2011-09-27,2011-09-27,True,False,False,True,Devices
Cantrell Drug Company,CANTRELL DRUG,unmatched,,,0,False,1,2015-01-21,2015-01-21,False,True,False,True,Drugs
Captain's Cloth LLC,CAPTAIN S CLOTH,unmatched,,,0,False,1,2021-07-02,2021-07-02,True,False,False,True,Devices
"Cardiac Assist, Inc",CARDIAC ASSIST,unmatched,,,0,False,2,2009-06-05,2014-05-13,True,False,False,True,Devices
Cardiac Designs Inc.,CARDIAC DESIGNS,unmatched,,,0,False,1,2015-08-07,2015-08-07,True,False,False,True,Devices
"Cardinal Health 200, LLC",CARDINAL HEALTH 200,unmatched,,,0,False,1,2024-04-24,2024-04-24,True,False,False,True,Devices
"CardioQuip, LLC",CARDIOQUIP,unmatched,,,0,False,1,2022-02-11,2022-02-11,True,False,False,True,Devices
Cardionics SA,CARDIONICS,unmatched,,,0,False,1,2015-10-21,2015-10-21,True,False,False,True,Devices
"Cardiovascular Diagnostic Image, Inc.",CARDIOVASCULAR DIAGNOSTIC IMAGE,unmatched,,,0,False,1,2010-01-22,2010-01-22,True,False,False,True,Devices
Care Diagnostica GmbH,CARE DIAGNOSTICA,unmatched,,,0,False,1,2013-04-23,2013-04-23,True,False,False,True,Devices
"CareFusion 213, LLC",CAREFUSION 213,unmatched,,,0,False,1,2026-04-30,2026-04-30,False,True,False,True,Drugs
"CareFusion 303, Inc.",CAREFUSION 303,unmatched,,,0,False,1,2024-11-22,2024-11-22,True,False,False,True,Devices
CareHealth America DBA Express Diagnostics International,CAREHEALTH AMERICA EXPRESS DIAGNOSTICS,unmatched,,,0,False,3,2009-03-12,2014-09-17,True,False,False,True,Devices
"Careful Cents, LLC",CAREFUL CENTS,unmatched,,,0,False,1,2020-05-26,2020-05-26,False,True,False,True,Drugs
Carefusion 2200 Inc,CAREFUSION 2200,unmatched,,,0,False,1,2014-06-06,2014-06-06,True,False,False,True,Devices
"Carib Supply of St. Croix, Inc.",CARIB SUPPLY OF ST CROIX,unmatched,,,0,False,1,2008-12-04,2008-12-04,False,True,False,True,Drugs
Carolina Infusion,CAROLINA INFUSION,unmatched,,,0,False,1,2023-06-09,2023-06-09,False,True,False,True,Drugs
Carolina Liquid Chemistries Corp,CAROLINA LIQUID CHEMISTRIES,unmatched,,,0,False,1,2019-07-31,2019-07-31,True,False,False,True,Devices
Carousel Solutions LLC dba Xtract Solutions,CAROUSEL SOLUTIONS XTRACT SOLUTIONS,unmatched,,,0,False,1,2014-08-11,2014-08-11,False,False,True,True,Biologics
Carroll-Baccari Inc,CARROLL BACCARI,unmatched,,,0,False,1,2020-04-17,2020-04-17,True,False,False,True,Devices
Carsgen Therapeutics Corporation,CARSGEN THERAPEUTICS,unmatched,,,0,False,1,2024-07-26,2024-07-26,False,False,True,True,Biologics
"Casmara Cosmetics, S.A.",CASMARA COSMETICS S A,unmatched,,,0,False,1,2018-02-12,2018-02-12,False,True,False,True,Drugs
Casmed International Ltd.,CASMED,unmatched,,,0,False,1,2012-11-15,2012-11-15,True,False,False,True,Devices
"Catalent Indiana, LLC",CATALENT INDIANA,unmatched,,,0,False,1,2025-11-21,2025-11-21,False,True,False,True,Drugs
"Cathay Natural, LLC",CATHAY NATURAL,unmatched,,,0,False,1,2020-04-06,2020-04-06,False,True,False,True,Drugs
Catwalk Cosmetic Laboratories Pty Ltd.,CATWALK COSMETIC LABORATORIES PTY,unmatched,,,0,False,1,2024-11-21,2024-11-21,False,True,False,True,Drugs
"Cayman Chemical Company, Inc.",CAYMAN CHEMICAL,unmatched,,,0,False,1,2010-01-19,2010-01-19,False,True,False,True,Drugs
Cdymax (India) Pharma Private Limited,CDYMAX INDIA PHARMA PRIVATE,unmatched,,,0,False,1,2025-11-13,2025-11-13,False,True,False,True,Drugs
CellEra LLC,CELLERA,unmatched,,,0,False,1,2021-10-20,2021-10-20,True,False,False,True,Devices
Cellebration LLC,CELLEBRATION,unmatched,,,0,False,1,2025-09-12,2025-09-12,False,False,True,True,Biologics
Cellestis Inc,CELLESTIS,unmatched,,,0,False,1,2015-08-26,2015-08-26,True,False,False,True,Devices
Cellex-C International Inc.,CELLEX C,unmatched,,,0,False,1,2017-08-02,2017-08-02,False,True,False,True,Drugs
Celltex Therapeutics Corporation,CELLTEX THERAPEUTICS,unmatched,,,0,False,1,2012-09-24,2012-09-24,False,False,True,True,Biologics
Celltrion Inc.,CELLTRION,unmatched,,,0,False,1,2018-01-29,2018-01-29,False,True,False,True,Drugs
"Cenorin, LLC",CENORIN,unmatched,,,0,False,1,2015-02-12,2015-02-12,True,False,False,True,Devices
Cenova AB,CENOVA,unmatched,,,0,False,1,2011-02-25,2011-02-25,True,False,False,True,Devices
Centaur Pharmaceuticals Private Ltd.,CENTAUR PHARMACEUTICALS PRIVATE,unmatched,,,0,False,2,2023-06-05,2023-07-25,False,True,False,True,Drugs
"Center for Immunology Science, LLC",CENTER FOR IMMUNOLOGY SCIENCE,unmatched,,,0,False,1,2026-01-13,2026-01-13,False,True,False,True,Drugs
Center for Wellness and Integrative Medicine,CENTER FOR WELLNESS AND INTEGRATIVE MEDICINE,unmatched,,,0,False,1,2020-06-30,2020-06-30,False,True,False,True,Drugs
Center for the Improvement of Human Functioning Intl IRB,CENTER FOR IMPROVEMENT OF HUMAN FUNCTIONING IRB,unmatched,,,0,False,1,2012-07-03,2012-07-03,False,True,False,True,Drugs
Centra Health Inc IRB,CENTRA HEALTH IRB,unmatched,,,0,False,2,2009-11-20,2011-06-13,True,False,False,True,Devices
Central Admixture Pharmacy Services Inc,CENTRAL ADMIXTURE PHARMACY SERVICES,unmatched,,,0,False,2,2016-08-18,2024-07-11,False,True,False,True,Drugs
"Central Admixture Pharmacy Services, Inc.",CENTRAL ADMIXTURE PHARMACY SERVICES,unmatched,,,0,False,4,2016-08-19,2024-03-29,False,True,False,True,Drugs
"Central Coast Multispecialty Medical Group, Inc.",CENTRAL COAST MULTISPECIALTY MEDICAL,unmatched,,,0,False,1,2026-01-29,2026-01-29,False,False,True,True,Biologics
Central Peninsula General Hospital - Kenai Clinic,CENTRAL PENINSULA GENERAL HOSPITAL KENAI CLINIC,unmatched,,,0,False,1,2009-04-23,2009-04-23,True,False,False,True,Devices
Central Surgical Co. Ltd.,CENTRAL SURGICAL,unmatched,,,0,False,1,2012-12-27,2012-12-27,True,False,False,True,Devices
Centrient Pharmaceuticals India Private Limited,CENTRIENT PHARMACEUTICALS INDIA PRIVATE,unmatched,,,0,False,1,2022-12-07,2022-12-07,False,True,False,True,Drugs
Centrix Pharmaceutical Inc,CENTRIX PHARMACEUTICAL,unmatched,,,0,False,1,2010-02-24,2010-02-24,False,True,False,True,Drugs
Centro Mas Salud Dr. Gualberto Rabell-Fernandez,CENTRO MAS SALUD DR GUALBERTO RABELL FERNANDEZ,unmatched,,,0,False,1,2017-12-21,2017-12-21,True,False,False,True,Devices
Centro Naturista,CENTRO NATURISTA,unmatched,,,0,False,1,2016-06-16,2016-06-16,False,True,False,True,Drugs
Centurion Laboratories Private Limited,CENTURION LABORATORIES PRIVATE,unmatched,,,0,False,1,2019-05-04,2019-05-04,False,True,False,True,Drugs
"Centurion Medical Products, LP",CENTURION MEDICAL PRODUCTS,unmatched,,,0,False,1,2020-06-11,2020-06-11,True,False,False,True,Devices
"Cephazone Pharma, LLC",CEPHAZONE PHARMA,unmatched,,,0,False,1,2011-04-25,2011-04-25,False,True,False,True,Drugs
CeraSys Incorporated,CERASYS,unmatched,,,0,False,1,2010-09-08,2010-09-08,True,False,False,True,Devices
Cerci Kozmetik Ve Otel Ekipmanlari Pazarlama Ic Ve Dis Ticaret Limited Sirketi,CERCI KOZMETIK VE OTEL EKIPMANLARI PAZARLAMA IC VE DIS TICARET SIRKETI,unmatched,,,0,False,1,2023-11-17,2023-11-17,False,True,False,True,Drugs
Cerno Pharmaceutical,CERNO PHARMACEUTICAL,unmatched,,,0,False,1,2018-05-15,2018-05-15,False,True,False,True,Drugs
Cerovene Inc.,CEROVENE,unmatched,,,0,False,1,2009-10-13,2009-10-13,False,True,False,True,Drugs
Certify Global Inc.,CERTIFY GLOBAL,unmatched,,,0,False,1,2021-03-04,2021-03-04,True,False,False,True,Devices
Cetero Research / Ba Research,CETERO RESEARCH BA RESEARCH,unmatched,,,0,False,1,2011-07-26,2011-07-26,False,True,False,True,Drugs
"Cetylite Industries, Inc.",CETYLITE INDUSTRIES,unmatched,,,0,False,1,2022-04-13,2022-04-13,False,True,False,True,Drugs
Chameleon Beverage Co Inc,CHAMELEON BEVERAGE,unmatched,,,0,False,1,2021-09-24,2021-09-24,False,True,False,True,Drugs
Chan Yat Hing Medicine Factory,CHAN YAT HING MEDICINE FACTORY,unmatched,,,0,False,1,2015-12-15,2015-12-15,False,True,False,True,Drugs
Changzhou Jialing Medicine Industry Co. Ltd.,CHANGZHOU JIALING MEDICINE INDUSTRY,unmatched,,,0,False,1,2011-12-29,2011-12-29,False,True,False,True,Drugs
Changzhou Jintan Qianyao Pharmaceutical Raw Materials,CHANGZHOU JINTAN QIANYAO PHARMACEUTICAL RAW MATERIALS,unmatched,,,0,False,1,2017-05-11,2017-05-11,False,True,False,True,Drugs
"Changzhou Qianhong Biopharma Co., Ltd.",CHANGZHOU QIANHONG BIOPHARMA,unmatched,,,0,False,1,2013-06-10,2013-06-10,False,True,False,True,Drugs
Changzhou Wujin Zhengping Shuangma Chemical Plant,CHANGZHOU WUJIN ZHENGPING SHUANGMA CHEMICAL PLANT,unmatched,,,0,False,1,2012-07-03,2012-07-03,False,True,False,True,Drugs
"Chappel, Christopher, MD",CHAPPEL CHRISTOPHER MD,unmatched,,,0,False,1,2009-02-02,2009-02-02,False,True,False,True,Drugs
"Chara Biologics, Inc.",CHARA BIOLOGICS,unmatched,,,0,False,1,2025-01-17,2025-01-17,False,False,True,True,Biologics
"Charles J. Cote, MD",CHARLES J COTE MD,unmatched,,,0,False,1,2009-03-02,2009-03-02,False,True,False,True,Drugs
"Charles R. McKay, MD",CHARLES R MCKAY MD,unmatched,,,0,False,1,2009-10-23,2009-10-23,False,True,False,True,Drugs
"Charles Toledo, MD",CHARLES TOLEDO MD,unmatched,,,0,False,1,2010-03-11,2010-03-11,False,False,True,True,Biologics
"Chartwell Pharmaceuticals Amityville, LLC",CHARTWELL PHARMACEUTICALS AMITYVILLE,unmatched,,,0,False,1,2010-06-28,2010-06-28,False,True,False,True,Drugs
"Cheen Houng Enterprise Co., Ltd.",CHEEN HOUNG ENTERPRISE,unmatched,,,0,False,1,2013-11-14,2013-11-14,True,False,False,True,Devices
"Chem-Tech, Ltd.",CHEM TECH,unmatched,,,0,False,1,2025-02-11,2025-02-11,False,True,False,True,Drugs
ChemPacific Corporation,CHEMPACIFIC,unmatched,,,0,False,1,2011-04-07,2011-04-07,False,True,False,True,Drugs
ChemRite CoPac LLC,CHEMRITE COPAC,unmatched,,,0,False,1,2017-06-29,2017-06-29,False,True,False,True,Drugs
Chemco Corporation,CHEMCO,unmatched,,,0,False,1,2026-04-07,2026-04-07,False,True,False,True,Drugs
Chemisphere Corporation,CHEMISPHERE,unmatched,,,0,False,1,2025-12-15,2025-12-15,False,True,False,True,Drugs
"Chemland Co., Ltd.",CHEMLAND,unmatched,,,0,False,1,2020-02-11,2020-02-11,False,True,False,True,Drugs
Chemolee Lab Corporation,CHEMOLEE LAB,unmatched,,,0,False,1,2016-02-23,2016-02-23,False,True,False,True,Drugs
Chemspec Chemicals Private Limited,CHEMSPEC CHEMICALS PRIVATE,unmatched,,,0,False,1,2025-12-23,2025-12-23,False,True,False,True,Drugs
"Chen Shwezin, Inc. dba Park Compounding Pharmacy",CHEN SHWEZIN PARK COMPOUNDING PHARMACY,unmatched,,,0,False,1,2017-03-15,2017-03-15,False,True,False,True,Drugs
Chen-Yu Ou,CHEN YU OU,unmatched,,,0,False,1,2009-11-17,2009-11-17,False,True,False,True,Drugs
"Cheng Fong Chemical Co., Ltd. Dayuan Factory",CHENG FONG CHEMICAL DAYUAN FACTORY,unmatched,,,0,False,1,2016-09-15,2016-09-15,False,True,False,True,Drugs
"Chengdu Brilliant Biopharmaceutical Co., Ltd.",CHENGDU BRILLIANT BIOPHARMACEUTICAL,unmatched,,,0,False,1,2025-09-12,2025-09-12,False,True,False,True,Drugs
"Chengdu KeCheng Fine Chemicals Co., Ltd.",CHENGDU KECHENG FINE CHEMICALS,unmatched,,,0,False,1,2023-06-20,2023-06-20,False,True,False,True,Drugs
"Cheta Nand, M.D.",CHETA NAND M D,unmatched,,,0,False,1,2016-03-10,2016-03-10,False,True,False,True,Drugs
Chi Machine International,CHI MACHINE,unmatched,,,0,False,1,2009-05-21,2009-05-21,True,False,False,True,Devices
"Chiesi USA, Inc.",CHIESI,unmatched,,,0,False,3,2009-05-04,2010-06-22,False,True,False,True,Drugs
Children's Hospital Colorado,CHILDREN S HOSPITAL COLORADO,unmatched,,,0,False,1,2010-04-08,2010-04-08,False,False,True,True,Biologics
Childrens Medical Ventures,CHILDRENS MEDICAL VENTURES,unmatched,,,0,False,1,2014-08-08,2014-08-08,True,False,False,True,Devices
Chillin Mix Kratom,CHILLIN MIX KRATOM,unmatched,,,0,False,1,2018-09-04,2018-09-04,False,True,False,True,Drugs
China Pharmaceutical University,CHINA PHARMACEUTICAL UNIVERSITY,unmatched,,,0,False,1,2025-01-23,2025-01-23,False,True,False,True,Drugs
"China Resources Sanjiu Medical & Pharmaceutical Co., Ltd.",CHINA RESOURCES SANJIU MEDICAL AND PHARMACEUTICAL,unmatched,,,0,False,1,2014-09-19,2014-09-19,False,True,False,True,Drugs
Chinese Peptide Company,CHINESE PEPTIDE,unmatched,,,0,False,1,2012-05-21,2012-05-21,False,True,False,True,Drugs
Chloroquineonline.com,CHLOROQUINEONLINE COM,unmatched,,,0,False,1,2020-05-18,2020-05-18,False,True,False,True,Drugs
Choice All Natural Inc D,CHOICE ALL NATURAL D,unmatched,,,0,False,1,2024-10-21,2024-10-21,False,True,False,True,Drugs
Choksi Laboratory,CHOKSI LABORATORY,unmatched,,,0,False,1,2010-09-30,2010-09-30,False,True,False,True,Drugs
Cholrem Pty Ltd,CHOLREM PTY,unmatched,,,0,False,1,2024-07-09,2024-07-09,False,True,False,True,Drugs
Cholrem USA,CHOLREM,unmatched,,,0,False,1,2024-07-09,2024-07-09,False,True,False,True,Drugs
"Chongqing Carelife Pharmaceutical Co., Ltd.",CHONGQING CARELIFE PHARMACEUTICAL,unmatched,,,0,False,1,2017-02-14,2017-02-14,False,True,False,True,Drugs
Chongqing Lummy Pharmaceutical Co. Ltd.,CHONGQING LUMMY PHARMACEUTICAL,unmatched,,,0,False,1,2016-06-22,2016-06-22,False,True,False,True,Drugs
"Chris Walsh, c/o Dynadot Privacy",CHRIS WALSH C O DYNADOT PRIVACY,unmatched,,,0,False,1,2009-11-17,2009-11-17,False,True,False,True,Drugs
Christian Hospital IRB,CHRISTIAN HOSPITAL IRB,unmatched,,,0,False,1,2012-03-27,2012-03-27,False,False,True,True,Biologics
"Christopher D. Saudek, MD",CHRISTOPHER D SAUDEK MD,unmatched,,,0,False,1,2008-11-13,2008-11-13,True,False,False,True,Devices
Christus Spohn Hospital Corpus Christi - Memorial Campus,CHRISTUS SPOHN HOSPITAL CORPUS CHRISTI MEMORIAL CAMPUS,unmatched,,,0,False,1,2011-05-05,2011-05-05,True,False,False,True,Devices
Christus St. Patrick Hospital IRB,CHRISTUS ST PATRICK HOSPITAL IRB,unmatched,,,0,False,1,2009-07-02,2009-07-02,True,False,False,True,Devices
Chromatography Institute of America,CHROMATOGRAPHY INSTITUTE OF AMERICA,unmatched,,,0,False,1,2025-08-20,2025-08-20,False,True,False,True,Drugs
Chromsystems Instruments & Chemicals GmbH,CHROMSYSTEMS INSTRUMENTS AND CHEMICALS,unmatched,,,0,False,1,2014-08-08,2014-08-08,True,False,False,True,Devices
Cipla Limited,CIPLA,unmatched,,,0,False,2,2020-02-12,2023-11-17,False,True,False,True,Drugs
Circulatory Technology Inc.,CIRCULATORY TECHNOLOGY,unmatched,,,0,False,2,2010-07-12,2019-01-31,True,False,False,True,Devices
Cispharma Inc.,CISPHARMA,unmatched,,,0,False,1,2013-07-02,2013-07-02,False,True,False,True,Drugs
Citrus Fit,CITRUS FIT,unmatched,,,0,False,1,2014-10-15,2014-10-15,False,True,False,True,Drugs
"Civic Center Pharmacy, Inc.",CIVIC CENTER PHARMACY,unmatched,,,0,False,2,2008-12-16,2015-08-20,False,True,False,True,Drugs
"Cixi Zhixin Bird Clean-Care Product Co., Ltd.",CIXI ZHIXIN BIRD CLEAN CARE PRODUCT,unmatched,,,0,False,1,2017-01-06,2017-01-06,False,True,False,True,Drugs
"Clean Cosmetics, LLC",CLEAN COSMETICS,unmatched,,,0,False,1,2023-02-01,2023-02-01,False,True,False,True,Drugs
Clean Solutions LLC,CLEAN SOLUTIONS,unmatched,,,0,False,1,2024-09-06,2024-09-06,False,True,False,True,Drugs
"Clearwater Products, LLC",CLEARWATER PRODUCTS,unmatched,,,0,False,1,2010-03-10,2010-03-10,True,False,False,True,Devices
"Clientele, Inc.",CLIENTELE,unmatched,,,0,False,1,2020-12-03,2020-12-03,False,True,False,True,Drugs
Clinical Formula LLC,CLINICAL FORMULA,unmatched,,,0,False,1,2022-04-13,2022-04-13,False,True,False,True,Drugs
"Clinical Lasers, Inc.",CLINICAL LASERS,unmatched,,,0,False,1,2013-11-14,2013-11-14,True,False,False,True,Devices
Clinical Resolution Laboratory Inc.,CLINICAL RESOLUTION LABORATORY,unmatched,,,0,False,1,2022-03-01,2022-03-01,False,True,False,True,Drugs
Clinical Specialties Compounding Pharmacy,CLINICAL SPECIALTIES COMPOUNDING PHARMACY,unmatched,,,0,False,1,2014-07-02,2014-07-02,False,True,False,True,Drugs
Clinicon Corp,CLINICON,unmatched,,,0,False,1,2019-06-20,2019-06-20,True,False,False,True,Devices
Clover Custom Blending LLC,CLOVER CUSTOM BLENDING,unmatched,,,0,False,1,2018-02-28,2018-02-28,False,True,False,True,Drugs
Clover Meds LLC,CLOVER MEDS,unmatched,,,0,False,1,2026-06-08,2026-06-08,False,True,False,True,Drugs
"CoRE labs, LLC",CORE LABS,unmatched,,,0,False,1,2013-02-20,2013-02-20,True,False,False,True,Devices
Coapt LLC,COAPT,unmatched,,,0,False,1,2016-01-08,2016-01-08,True,False,False,True,Devices
Coast IRB LLC,COAST IRB,unmatched,,,0,False,1,2009-04-14,2009-04-14,False,True,False,True,Drugs
"Coast Quality Pharmacy, LLC",COAST QUALITY PHARMACY,unmatched,,,0,False,1,2015-12-09,2015-12-09,False,True,False,True,Drugs
"Coastal Meds, LLC",COASTAL MEDS,unmatched,,,0,False,1,2016-06-22,2016-06-22,False,True,False,True,Drugs
Cobeg Inc,COBEG,unmatched,,,0,False,1,2009-06-02,2009-06-02,True,False,False,True,Devices
Coco's Holistic Specialties & Apothecary,COCO S HOLISTIC SPECIALTIES AND APOTHECARY,unmatched,,,0,False,1,2021-01-04,2021-01-04,False,True,False,True,Drugs
"Cody Laboratories, Inc.",CODY LABORATORIES,unmatched,,,0,False,1,2009-03-30,2009-03-30,False,True,False,True,Drugs
"CofixRX, LLC",COFIXRX,unmatched,,,0,False,1,2022-04-05,2022-04-05,False,True,False,True,Drugs
Cohance Lifesciences Limited,COHANCE LIFESCIENCES,unmatched,,,0,False,1,2026-01-30,2026-01-30,False,True,False,True,Drugs
Colabs Intl Corp,COLABS,unmatched,,,0,False,2,2016-10-19,2025-03-12,False,True,False,True,Drugs
"Colgate Oral Pharmaceuticals, Inc.",COLGATE ORAL PHARMACEUTICALS,unmatched,,,0,False,1,2014-08-07,2014-08-07,False,True,False,True,Drugs
"Collaborative Care Diagnostics, LLC.",COLLABORATIVE CARE DIAGNOSTICS,unmatched,,,0,False,1,2008-10-16,2008-10-16,True,False,False,True,Devices
"Collagen Matrix, Inc.",COLLAGEN MATRIX,unmatched,,,0,False,2,2015-01-08,2016-09-20,True,False,False,True,Devices
"College Pharmacy, Inc.",COLLEGE PHARMACY,unmatched,,,0,False,1,2016-08-15,2016-08-15,False,True,False,True,Drugs
"Colon Care Products of PA, LLC",COLON CARE PRODUCTS OF PA,unmatched,,,0,False,1,2015-05-28,2015-05-28,True,False,False,True,Devices
Colonia Care Pharmacy,COLONIA CARE PHARMACY,unmatched,,,0,False,1,2017-10-12,2017-10-12,False,True,False,True,Drugs
"Colorado Center for Reproductive Medicine, LC",COLORADO CENTER FOR REPRODUCTIVE MEDICINE LC,unmatched,,,0,False,1,2023-06-26,2023-06-26,False,False,True,True,Biologics
Colorado Histo-Prep,COLORADO HISTO PREP,unmatched,,,0,False,1,2014-03-11,2014-03-11,False,True,False,True,Drugs
Colorful Products Corporation,COLORFUL PRODUCTS,unmatched,,,0,False,1,2022-05-11,2022-05-11,False,True,False,True,Drugs
"Columbia Cosmetics Manufacturing, Inc.",COLUMBIA COSMETICS MANUFACTURING,unmatched,,,0,False,1,2025-09-11,2025-09-11,False,True,False,True,Drugs
Columbia Presbyterian Medical Center,COLUMBIA PRESBYTERIAN MEDICAL CENTER,unmatched,,,0,False,1,2008-12-22,2008-12-22,False,True,False,True,Drugs
Columbia Univeristy Medical Center RDRC,COLUMBIA UNIVERISTY MEDICAL CENTER RDRC,unmatched,,,0,False,1,2011-09-20,2011-09-20,False,True,False,True,Drugs
Combo AG,COMBO,unmatched,,,0,False,1,2015-01-12,2015-01-12,True,False,False,True,Devices
Comercializadora La Superior,COMERCIALIZADORA LA SUPERIOR,unmatched,,,0,False,1,2025-03-26,2025-03-26,False,True,False,True,Drugs
"Commed, Inc.",COMMED,unmatched,,,0,False,1,2012-07-30,2012-07-30,True,False,False,True,Devices
"Compania Internacional de Comercio, S.A.P.I. de C.V.",COMPANIA INTERNACIONAL DE COMERCIO S A P I DE C V,unmatched,,,0,False,1,2012-06-13,2012-06-13,False,True,False,True,Drugs
Compass International Innovations Inc.,COMPASS INNOVATIONS,unmatched,,,0,False,1,2011-05-23,2011-05-23,True,False,False,True,Devices
Compass Richmar LLC,COMPASS RICHMAR,unmatched,,,0,False,1,2011-12-30,2011-12-30,True,False,False,True,Devices
"Complete Pharmacy and Medical Solutions, LLC.",COMPLETE PHARMACY AND MEDICAL SOLUTIONS,unmatched,,,0,False,1,2016-03-10,2016-03-10,False,True,False,True,Drugs
Compound Preferred LLC,COMPOUND PREFERRED,unmatched,,,0,False,1,2017-11-01,2017-11-01,False,True,False,True,Drugs
Compounding Pharmacy of America,COMPOUNDING PHARMACY OF AMERICA,unmatched,,,0,False,1,2016-06-09,2016-06-09,False,True,False,True,Drugs
Compumedics Germany Gmbh,COMPUMEDICS GERMANY,unmatched,,,0,False,1,2012-08-01,2012-08-01,True,False,False,True,Devices
Conceive Fertility Center,CONCEIVE FERTILITY CENTER,unmatched,,,0,False,1,2026-01-27,2026-01-27,False,False,True,True,Biologics
Concept Products Limited,CONCEPT PRODUCTS,unmatched,,,0,False,1,2016-07-26,2016-07-26,False,True,False,True,Drugs
"Concord, Inc. dba Carlton's Dunwoody Pharmacy",CONCORD CARLTON S DUNWOODY PHARMACY,unmatched,,,0,False,1,2017-08-21,2017-08-21,False,True,False,True,Drugs
"Conductive Technologies, Inc",CONDUCTIVE TECHNOLOGIES,unmatched,,,0,False,1,2014-06-18,2014-06-18,True,False,False,True,Devices
Confer With,CONFER WITH,unmatched,,,0,False,1,2025-08-01,2025-08-01,False,True,False,True,Drugs
Conkin Surgical Instruments Ltd.,CONKIN SURGICAL INSTRUMENTS,unmatched,,,0,False,1,2015-01-12,2015-01-12,True,False,False,True,Devices
Contacare Ophthalmics & Diagnostics,CONTACARE OPHTHALMICS AND DIAGNOSTICS,unmatched,,,0,False,1,2019-04-23,2019-04-23,False,True,False,True,Drugs
"Contec Medical Systems Co., Ltd.",CONTEC MEDICAL SYSTEMS,unmatched,,,0,False,1,2025-10-02,2025-10-02,True,False,False,True,Devices
"Continental Manufacturing Chemist, Inc.",CONTINENTAL MANUFACTURING CHEMIST,unmatched,,,0,False,1,2017-12-29,2017-12-29,False,True,False,True,Drugs
"Continental Medical Labs, Inc.",CONTINENTAL MEDICAL LABS,unmatched,,,0,False,1,2013-03-06,2013-03-06,True,False,False,True,Devices
"Continuum Health Partners , Inc.",CONTINUUM HEALTH PARTNERS,unmatched,,,0,False,1,2009-08-17,2009-08-17,False,False,True,True,Biologics
"Contract Coating, Inc.",CONTRACT COATING,unmatched,,,0,False,1,2014-07-18,2014-07-18,False,True,False,True,Drugs
Contract Medical International spol. sr.o.,CONTRACT MEDICAL SPOL SR O,unmatched,,,0,False,1,2012-12-12,2012-12-12,True,False,False,True,Devices
"Contract Medical Manufacturing, LLC",CONTRACT MEDICAL MANUFACTURING,unmatched,,,0,False,1,2008-11-20,2008-11-20,True,False,False,True,Devices
Contract Pharmacal Corporation,CONTRACT PHARMACAL,unmatched,,,0,False,1,2010-10-14,2010-10-14,False,True,False,True,Drugs
Contract Pharmaceutical Services of Australia Pty Ltd,CONTRACT PHARMACEUTICAL SERVICES OF AUSTRALIA PTY,unmatched,,,0,False,1,2013-05-17,2013-05-17,False,True,False,True,Drugs
"Cook Vandergrift, Inc.",COOK VANDERGRIFT,unmatched,,,0,False,1,2014-04-15,2014-04-15,True,False,False,True,Devices
"Cooley Dickinson Hospital, Bb",COOLEY DICKINSON HOSPITAL BB,unmatched,,,0,False,1,2009-08-26,2009-08-26,False,False,True,True,Biologics
Cooper Institute for Advanced Reproductive Medicine,COOPER INSTITUTE FOR ADVANCED REPRODUCTIVE MEDICINE,unmatched,,,0,False,1,2021-11-15,2021-11-15,False,False,True,True,Biologics
"CooperSurgical, Inc.",COOPERSURGICAL,unmatched,,,0,False,2,2015-06-09,2021-02-12,True,True,False,True,Devices; Drugs
"CooperVision, Inc.",COOPERVISION,unmatched,,,0,False,1,2011-12-05,2011-12-05,True,False,False,True,Devices
CooperVisision Manufacturing Puerto Rico LLC,COOPERVISISION MANUFACTURING PUERTO RICO,unmatched,,,0,False,1,2014-02-27,2014-02-27,True,False,False,True,Devices
Copan Italia,COPAN ITALIA,unmatched,,,0,False,1,2012-05-14,2012-05-14,True,False,False,True,Devices
"Copper Touch, LLC",COPPER TOUCH,unmatched,,,0,False,1,2020-04-21,2020-04-21,False,True,False,True,Drugs
Coral Pharmaceuticals LTD,CORAL PHARMACEUTICALS,unmatched,,,0,False,1,2019-10-09,2019-10-09,False,True,False,True,Drugs
Coram Healthcare Corp. of Indiana,CORAM HEALTHCARE OF INDIANA,unmatched,,,0,False,1,2015-08-11,2015-08-11,False,True,False,True,Drugs
"Cord for Life, Inc.",CORD FOR LIFE,unmatched,,,0,False,1,2019-03-29,2019-03-29,False,False,True,True,Biologics
Corden Pharma Chenove,CORDEN PHARMA CHENOVE,unmatched,,,0,False,1,2009-05-06,2009-05-06,False,True,False,True,Drugs
"Core Products International, Inc.",CORE PRODUCTS,unmatched,,,0,False,1,2009-08-18,2009-08-18,False,True,False,True,Drugs
"CorePharma, LLC",COREPHARMA,unmatched,,,0,False,1,2010-06-21,2010-06-21,False,True,False,True,Drugs
Corona-cure.com,CORONA CURE COM,unmatched,,,0,False,1,2020-03-26,2020-03-26,False,True,False,True,Drugs
"Cortechs Labs, Inc.",CORTECHS LABS,unmatched,,,0,False,1,2010-09-01,2010-09-01,True,False,False,True,Devices
Cosmaceutical Research Lab Inc.,COSMACEUTICAL RESEARCH LAB,unmatched,,,0,False,1,2020-05-29,2020-05-29,False,True,False,True,Drugs
"Cosmax USA, Corporation",COSMAX,unmatched,,,0,False,1,2020-10-16,2020-10-16,False,True,False,True,Drugs
"Cosmecca Korea Co., Ltd.",COSMECCA KOREA,unmatched,,,0,False,1,2018-02-02,2018-02-02,False,True,False,True,Drugs
Cosmed S.R.L.,COSMED S R L,unmatched,,,0,False,1,2012-03-09,2012-03-09,True,False,False,True,Devices
Cosmelab Co Ltd,COSMELAB,unmatched,,,0,False,1,2020-01-09,2020-01-09,False,True,False,True,Drugs
Cosmetic Manufacturers (Aust) Pty Ltd.,COSMETIC MANUFACTURERS AUST PTY,unmatched,,,0,False,1,2026-02-06,2026-02-06,False,True,False,True,Drugs
"Cosmetic Science Laboratories, LLC",COSMETIC SCIENCE LABORATORIES,unmatched,,,0,False,1,2023-03-10,2023-03-10,False,True,False,True,Drugs
Cosmetic Solutions LLC,COSMETIC SOLUTIONS,unmatched,,,0,False,1,2024-05-31,2024-05-31,False,True,False,True,Drugs
"Cosmetic Specialty Labs, Inc",COSMETIC SPECIALTY LABS,unmatched,,,0,False,1,2024-02-29,2024-02-29,False,True,False,True,Drugs
"Cosmo Bio Co., Ltd.",COSMO BIO,unmatched,,,0,False,1,2022-01-06,2022-01-06,False,True,False,True,Drugs
Cosmo Medical Spa,COSMO MEDICAL,unmatched,,,0,False,1,2025-09-09,2025-09-09,False,True,False,True,Drugs
Costumes For Your Eyes,COSTUMES FOR YOUR EYES,unmatched,,,0,False,1,2011-01-24,2011-01-24,True,False,False,True,Devices
Cotronic Technology Limited,COTRONIC TECHNOLOGY,unmatched,,,0,False,1,2015-12-01,2015-12-01,True,False,False,True,Devices
Cotton High Tech S.L.( d/ba COHITECH),COTTON HIGH TECH S L D BA COHITECH,unmatched,,,0,False,1,2014-01-23,2014-01-23,True,False,False,True,Devices
Coupler LLC,COUPLER,unmatched,,,0,False,1,2020-09-15,2020-09-15,False,True,False,True,Drugs
Covalent Medical,COVALENT MEDICAL,unmatched,,,0,False,1,2025-07-09,2025-07-09,False,True,False,True,Drugs
Covenant Medical Center Inc. IRB,COVENANT MEDICAL CENTER IRB,unmatched,,,0,False,1,2011-09-07,2011-09-07,False,True,False,True,Drugs
Craig General Hospital,CRAIG GENERAL HOSPITAL,unmatched,,,0,False,1,2008-12-15,2008-12-15,False,False,True,True,Biologics
Craig M Buettner MD,CRAIG M BUETTNER MD,unmatched,,,0,False,1,2009-11-24,2009-11-24,False,True,False,True,Drugs
Cranial Solutions,CRANIAL SOLUTIONS,unmatched,,,0,False,1,2010-06-21,2010-06-21,True,False,False,True,Devices
Creation Technologies Ltd,CREATION TECHNOLOGIES,unmatched,,,0,False,1,2020-06-05,2020-06-05,True,False,False,True,Devices
"Creative Bioscience, LLC",CREATIVE BIOSCIENCE,unmatched,,,0,False,1,2011-11-28,2011-11-28,False,True,False,True,Drugs
Creative Essences Inc,CREATIVE ESSENCES,unmatched,,,0,False,1,2025-09-25,2025-09-25,False,True,False,True,Drugs
Creative Pharmacy Solutions Central LLC dba Pharmacy Innovations,CREATIVE PHARMACY SOLUTIONS CENTRAL PHARMACY INNOVATIONS,unmatched,,,0,False,1,2017-08-03,2017-08-03,False,True,False,True,Drugs
CreativeStar Solutions,CREATIVESTAR SOLUTIONS,unmatched,,,0,False,1,2021-03-04,2021-03-04,True,False,False,True,Devices
Criticare Systems (Malaysia) Sdn. Bhd.,CRITICARE SYSTEMS MALAYSIA SDN BHD,unmatched,,,0,False,1,2015-01-15,2015-01-15,True,False,False,True,Devices
"Criticare Technologies, Inc.",CRITICARE TECHNOLOGIES,unmatched,,,0,False,2,2017-04-21,2024-07-12,True,False,False,True,Devices
Crocker Spinal Technologies Inc,CROCKER SPINAL TECHNOLOGIES,unmatched,,,0,False,1,2015-06-30,2015-06-30,True,False,False,True,Devices
Crosbys Drugs Inc,CROSBYS DRUGS,unmatched,,,0,False,1,2017-11-30,2017-11-30,False,True,False,True,Drugs
"Cross Brands Contract Filling, LLC",CROSS BRANDS CONTRACT FILLING,unmatched,,,0,False,1,2019-12-17,2019-12-17,False,True,False,True,Drugs
Crothall Healthcare Inc,CROTHALL HEALTHCARE,unmatched,,,0,False,1,2009-12-29,2009-12-29,True,False,False,True,Devices
Crown Health Care Laundry Services Inc,CROWN HEALTH CARE LAUNDRY SERVICES,unmatched,,,0,False,1,2010-01-19,2010-01-19,True,False,False,True,Devices
"Cryos International USA, LLC",CRYOS,unmatched,,,0,False,1,2022-10-24,2022-10-24,False,False,True,True,Biologics
Crystal Care International Inc,CRYSTAL CARE,unmatched,,,0,False,1,2009-05-22,2009-05-22,True,False,False,True,Devices
Crystal Clear Supplements,CRYSTAL CLEAR SUPPLEMENTS,unmatched,,,0,False,1,2022-02-04,2022-02-04,False,True,False,True,Drugs
"CrystalBraces, LLC.",CRYSTALBRACES,unmatched,,,0,False,1,2015-10-30,2015-10-30,True,False,False,True,Devices
"Curae'Lase, Inc.",CURAE LASE,unmatched,,,0,False,1,2011-12-09,2011-12-09,True,False,False,True,Devices
"Curasan AG, Frankfurt Facility",CURASAN FRANKFURT FACILITY,unmatched,,,0,False,1,2017-08-23,2017-08-23,True,False,False,True,Devices
Curativa Bay Corporation,CURATIVA BAY,unmatched,,,0,False,1,2020-06-25,2020-06-25,False,True,False,True,Drugs
Curatronic Ltd.,CURATRONIC,unmatched,,,0,False,1,2013-01-09,2013-01-09,True,False,False,True,Devices
"CureWave Lasers, LLC",CUREWAVE LASERS,unmatched,,,0,False,1,2019-12-12,2019-12-12,True,False,False,True,Devices
Cureganics,CUREGANICS,unmatched,,,0,False,1,2022-03-28,2022-03-28,False,True,False,True,Drugs
"Curexa - East, LLC dba Curexa",CUREXA EAST CUREXA,unmatched,,,0,False,1,2023-09-15,2023-09-15,False,True,False,True,Drugs
"Curia Massachusetts, Inc.",CURIA MASSACHUSETTS,unmatched,,,0,False,1,2010-08-17,2010-08-17,False,True,False,True,Drugs
"Custom Assemblies, Inc.",CUSTOM ASSEMBLIES,unmatched,,,0,False,1,2018-04-06,2018-04-06,True,False,False,True,Devices
Custom Compounding Center,CUSTOM COMPOUNDING CENTER,unmatched,,,0,False,1,2016-03-16,2016-03-16,False,True,False,True,Drugs
"Custom Compounding Centers, LLC",CUSTOM COMPOUNDING CENTERS,unmatched,,,0,False,1,2013-05-15,2013-05-15,False,True,False,True,Drugs
Custom RX LLC,CUSTOM RX,unmatched,,,0,False,1,2018-10-18,2018-10-18,False,True,False,True,Drugs
Custom Research Labs Inc,CUSTOM RESEARCH LABS,unmatched,,,0,False,1,2022-07-08,2022-07-08,False,True,False,True,Drugs
"Customed, Inc.",CUSTOMED,unmatched,,,0,False,2,2009-09-11,2014-12-09,True,False,False,True,Devices
"Customer Service Associates, LLC",CUSTOMER SERVICE ASSOCIATES,unmatched,,,0,False,1,2012-08-24,2012-08-24,True,False,False,True,Devices
Cybernet Medical Corp.,CYBERNET MEDICAL,unmatched,,,0,False,1,2010-01-15,2010-01-15,True,False,False,True,Devices
Cyclotron Center of NE Florida,CYCLOTRON CENTER OF NE FLORIDA,unmatched,,,0,False,1,2009-01-28,2009-01-28,False,True,False,True,Drugs
Cynergy,CYNERGY,unmatched,,,0,False,1,2013-03-01,2013-03-01,True,False,False,True,Devices
"Cytophil, Inc.",CYTOPHIL,unmatched,,,0,False,1,2014-04-01,2014-04-01,True,False,False,True,Devices
D&H Medical Center,D AND H MEDICAL CENTER,unmatched,,,0,False,1,2026-06-08,2026-06-08,False,True,False,True,Drugs
D.N.A. LAB INC.,D N A LAB,unmatched,,,0,False,1,2009-11-06,2009-11-06,False,True,False,True,Drugs
D.O.R.C. Dutch Opthalmic Research Center Intl B.V.,D O R C DUTCH OPTHALMIC RESEARCH CENTER B V,unmatched,,,0,False,1,2015-09-01,2015-09-01,True,False,False,True,Devices
"DAVA Pharmaceuticals, Inc.",DAVA PHARMACEUTICALS,unmatched,,,0,False,1,2009-10-13,2009-10-13,False,True,False,True,Drugs
"DCA, Inc. DBA Beacon Prescriptions",DCA BEACON PRESCRIPTIONS,unmatched,,,0,False,1,2017-06-01,2017-06-01,False,True,False,True,Drugs
DDI MULTINACIONAL SA DE CV,DDI MULTINACIONAL DE CV,unmatched,,,0,False,1,2022-06-27,2022-06-27,False,True,False,True,Drugs
DEPQ Internacional S. de R.L de C.V.,DEPQ INTERNACIONAL S DE R L DE C V,unmatched,,,0,False,1,2021-03-18,2021-03-18,False,True,False,True,Drugs
DERMAL SOURCE,DERMAL SOURCE,unmatched,,,0,False,1,2024-03-25,2024-03-25,False,True,False,True,Drugs
"DERMAMEAL CO., LTD.",DERMAMEAL,unmatched,,,0,False,1,2019-09-24,2019-09-24,False,True,False,True,Drugs
DERMAROLLER GMBH,DERMAROLLER,unmatched,,,0,False,1,2013-03-01,2013-03-01,True,False,False,True,Devices
"DIGIMED CO., LTD",DIGIMED,unmatched,,,0,False,1,2017-03-10,2017-03-10,True,False,False,True,Devices
"DISCOVER HEALTH, LLC",DISCOVER HEALTH,unmatched,,,0,False,1,2023-11-16,2023-11-16,False,True,False,True,Drugs
DISTACART,DISTACART,unmatched,,,0,False,1,2025-11-17,2025-11-17,False,True,False,True,Drugs
DMC Medical Limited,DMC MEDICAL,unmatched,,,0,False,1,2012-05-24,2012-05-24,True,False,False,True,Devices
"DMC Medical Technology & Manufacturing Co., Ltd.",DMC MEDICAL TECHNOLOGY AND MANUFACTURING,unmatched,,,0,False,1,2012-09-12,2012-09-12,True,False,False,True,Devices
"DMM Vission, S.A. de C.V.",DMM VISSION S A DE C V,unmatched,,,0,False,1,2021-06-03,2021-06-03,False,True,False,True,Drugs
"DMX IMAGING, LLC",DMX IMAGING,unmatched,,,0,False,1,2012-10-26,2012-10-26,True,False,False,True,Devices
DNA Genotek Inc.,DNA GENOTEK,unmatched,,,0,False,1,2013-12-20,2013-12-20,True,False,False,True,Devices
"DONGGUAN MICROVIEW MEDICAL TECHNOLOGY CO., LTD",DONGGUAN MICROVIEW MEDICAL TECHNOLOGY,unmatched,,,0,False,1,2019-09-20,2019-09-20,True,False,False,True,Devices
DONGGUAN SHIN YI HEALTHCARE PRODUCTS FACTORY,DONGGUAN SHIN YI HEALTHCARE PRODUCTS FACTORY,unmatched,,,0,False,1,2015-10-27,2015-10-27,True,False,False,True,Devices
DONGGUANCITY XINYUAN NONWOVEN CO,DONGGUANCITY XINYUAN NONWOVEN,unmatched,,,0,False,1,2021-05-27,2021-05-27,True,False,False,True,Devices
DORO INC ( O/S DORO SAFETY & SECURITY),DORO O S DORO SAFETY AND SECURITY,unmatched,,,0,False,1,2015-03-09,2015-03-09,True,False,False,True,Devices
DR TS SUPERGOOP,DR TS SUPERGOOP,unmatched,,,0,False,1,2025-08-06,2025-08-06,False,True,False,True,Drugs
"DR Vitamins, LLC",DR VITAMINS,unmatched,,,0,False,1,2023-09-11,2023-09-11,False,True,False,True,Drugs
DRG Instruments GmbH,DRG INSTRUMENTS,unmatched,,,0,False,2,2017-09-27,2025-03-31,True,False,False,True,Devices
DSAART LLC,DSAART,unmatched,,,0,False,1,2021-11-24,2021-11-24,True,False,False,True,Devices
DSP Skin Care LLC,DSP SKIN CARE,unmatched,,,0,False,1,2022-07-19,2022-07-19,False,True,False,True,Drugs
DUBAK ELECTRICAL GROUP,DUBAK ELECTRICAL,unmatched,,,0,False,1,2021-03-04,2021-03-04,True,False,False,True,Devices
"DXALLERGY SOLUTIONS, LLC",DXALLERGY SOLUTIONS,unmatched,,,0,False,1,2020-08-18,2020-08-18,True,False,False,True,Devices
"Dae Young Foods Co., Ltd.",DAE YOUNG FOODS,unmatched,,,0,False,1,2017-11-20,2017-11-20,False,True,False,True,Drugs
"Daewoo Pharmaceutical Co., Ltd.",DAEWOO PHARMACEUTICAL,unmatched,,,0,False,1,2025-06-26,2025-06-26,False,True,False,True,Drugs
"Daheng New Epoch Technology, Inc.",DAHENG NEW EPOCH TECHNOLOGY,unmatched,,,0,False,1,2014-01-15,2014-01-15,True,False,False,True,Devices
"Daito Kasei Kogyo Co., Ltd.",DAITO KASEI KOGYO,unmatched,,,0,False,1,2018-01-18,2018-01-18,False,True,False,True,Drugs
"Dakota Laboratories, LLC",DAKOTA LABORATORIES,unmatched,,,0,False,1,2011-03-17,2011-03-17,False,True,False,True,Drugs
"Damien Sanderlin, MD",DAMIEN SANDERLIN MD,unmatched,,,0,False,1,2012-07-27,2012-07-27,False,False,True,True,Biologics
"Daniel A. Potter, M.D.",DANIEL A POTTER M D,unmatched,,,0,False,1,2009-11-02,2009-11-02,True,False,False,True,Devices
"Daniel C. Tarquinio, DO",DANIEL C TARQUINIO DO,unmatched,,,0,False,1,2022-04-05,2022-04-05,False,True,False,True,Drugs
"Daniel Fred Goodman, M.D.",DANIEL FRED GOODMAN M D,unmatched,,,0,False,1,2022-07-19,2022-07-19,False,True,False,True,Drugs
"Daniel M. Paulson, MD",DANIEL M PAULSON MD,unmatched,,,0,False,1,2009-03-11,2009-03-11,False,True,False,True,Drugs
"Darmerica, LLC",DARMERICA,unmatched,,,0,False,1,2025-12-08,2025-12-08,False,True,False,True,Drugs
"Dasan C.N Tek Co., Ltd.",DASAN C N TEK,unmatched,,,0,False,1,2017-09-22,2017-09-22,False,True,False,True,Drugs
Databazaar.com,DATABAZAAR COM,unmatched,,,0,False,1,2021-09-03,2021-09-03,True,False,False,True,Devices
Davati Medical Supply LLC,DAVATI MEDICAL SUPPLY,unmatched,,,0,False,1,2021-06-25,2021-06-25,False,False,True,True,Biologics
"David Cosmetic Co., Ltd.",DAVID COSMETIC,unmatched,,,0,False,1,2022-05-02,2022-05-02,False,True,False,True,Drugs
David M. Lubeck MD,DAVID M LUBECK MD,unmatched,,,0,False,1,2022-11-18,2022-11-18,False,True,False,True,Drugs
David Scott,DAVID SCOTT,unmatched,,,0,False,1,2010-10-20,2010-10-20,False,True,False,True,Drugs
Daxal Cosmetics Pvt. Ltd.,DAXAL COSMETICS,unmatched,,,0,False,1,2023-08-03,2023-08-03,False,True,False,True,Drugs
"DePuy Orthopaedics, Inc.",DEPUY ORTHOPAEDICS,unmatched,,,0,False,2,2010-08-19,2011-12-08,True,False,False,True,Devices
DeRoyal Cientifica De Latinoamerica S.R.L.,DEROYAL CIENTIFICA DE LATINOAMERICA S R L,unmatched,,,0,False,1,2013-08-12,2013-08-12,True,False,False,True,Devices
"DeVere Company, Inc.",DEVERE,unmatched,,,0,False,1,2025-11-12,2025-11-12,False,True,False,True,Drugs
DeVilbiss Healthcare LLC,DEVILBISS HEALTHCARE,unmatched,,,0,False,1,2021-11-23,2021-11-23,True,False,False,True,Devices
"Dechoker, LLC",DECHOKER,unmatched,,,0,False,1,2021-05-10,2021-05-10,True,False,False,True,Devices
"Dectro International, Inc.",DECTRO,unmatched,,,0,False,1,2014-05-22,2014-05-22,True,False,False,True,Devices
"Dee Cee Laboratories, Inc",DEE CEE LABORATORIES,unmatched,,,0,False,1,2009-08-18,2009-08-18,False,True,False,True,Drugs
Defender SD Manufacturing LLC,DEFENDER SD MANUFACTURING,unmatched,,,0,False,1,2008-10-31,2008-10-31,False,True,False,True,Drugs
"Defibtech, LLC",DEFIBTECH,unmatched,,,0,False,1,2010-09-22,2010-09-22,True,False,False,True,Devices
Degania Medical Devices Pvt. Ltd.,DEGANIA MEDICAL DEVICES,unmatched,,,0,False,1,2014-12-23,2014-12-23,True,False,False,True,Devices
Degasa S.A. De C.V.,DEGASA S A DE C V,unmatched,,,0,False,1,2018-04-18,2018-04-18,False,True,False,True,Drugs
"Deibel Laboratories of Illinois, Inc.",DEIBEL LABORATORIES OF ILLINOIS,unmatched,,,0,False,1,2011-09-01,2011-09-01,False,True,False,True,Drugs
"Deitz, M.D., Robert",DEITZ M D ROBERT,unmatched,,,0,False,1,2010-04-01,2010-04-01,False,True,False,True,Drugs
Delarange Cosmetics BV,DELARANGE COSMETICS,unmatched,,,0,False,1,2016-09-29,2016-09-29,False,True,False,True,Drugs
"Delpharm Boucherville Canada, Inc.",DELPHARM BOUCHERVILLE CANADA,unmatched,,,0,False,1,2011-11-18,2011-11-18,False,True,False,True,Drugs
Delsam Pharma LLC,DELSAM PHARMA,unmatched,,,0,False,1,2024-02-13,2024-02-13,False,True,False,True,Drugs
Delta 8 Hemp,DELTA 8 HEMP,unmatched,,,0,False,1,2022-05-04,2022-05-04,False,True,False,True,Drugs
Delta Kozmetik Sanayi Ve Ticaret-Selim Yesil,DELTA KOZMETIK SANAYI VE TICARET SELIM YESIL,unmatched,,,0,False,2,2021-07-08,2023-02-13,False,True,False,True,Drugs
Delta Laboratories Pty Ltd,DELTA LABORATORIES PTY,unmatched,,,0,False,1,2017-12-19,2017-12-19,False,True,False,True,Drugs
"Delta Pharma, Inc.",DELTA PHARMA,unmatched,,,0,False,1,2014-12-09,2014-12-09,False,True,False,True,Drugs
"Deltex Pharmaceuticals, Inc",DELTEX PHARMACEUTICALS,unmatched,,,0,False,1,2008-10-31,2008-10-31,False,True,False,True,Drugs
Delux IV and Aesthetics,DELUX IV AND AESTHETICS,unmatched,,,0,False,1,2026-02-20,2026-02-20,False,True,False,True,Drugs
"Denison Pharmaceuticals, LLC",DENISON PHARMACEUTICALS,unmatched,,,0,False,1,2023-07-26,2023-07-26,False,True,False,True,Drugs
"Denker, Mark S, MD PA",DENKER MARK S MD PA,unmatched,,,0,False,1,2022-11-17,2022-11-17,False,False,True,True,Biologics
"Dennis J. Hurwitz, M.D.",DENNIS J HURWITZ M D,unmatched,,,0,False,1,2013-09-30,2013-09-30,True,False,False,True,Devices
"Dental Technologies, Inc.",DENTAL TECHNOLOGIES,unmatched,,,0,False,2,2011-09-15,2021-11-30,False,True,False,True,Drugs
Dental-Kosmetik GmbH & Co. KG,DENTAL KOSMETIK AND KG,unmatched,,,0,False,1,2020-01-16,2020-01-16,False,True,False,True,Drugs
"Denterprise International, Inc.",DENTERPRISE,unmatched,,,0,False,1,2019-10-09,2019-10-09,True,False,False,True,Devices
Dentsply Sirona Preventive,DENTSPLY SIRONA PREVENTIVE,unmatched,,,0,False,1,2011-01-04,2011-01-04,False,True,False,True,Drugs
"Denttio, Inc.",DENTTIO,unmatched,,,0,False,1,2017-02-23,2017-02-23,True,False,False,True,Devices
"Deqing Jiarou Daily Chemical Co., Ltd",DEQING JIAROU DAILY CHEMICAL,unmatched,,,0,False,1,2024-03-19,2024-03-19,False,True,False,True,Drugs
"Dercher Enterprises, Inc., DBA Gordon Laboratories",DERCHER ENTERPRISES GORDON LABORATORIES,unmatched,,,0,False,1,2019-09-13,2019-09-13,False,True,False,True,Drugs
"Derma Pen, LLC",DERMA PEN,unmatched,,,0,False,1,2015-01-09,2015-01-09,True,False,False,True,Devices
Derma Remedies,DERMA REMEDIES,unmatched,,,0,False,1,2011-04-27,2011-04-27,False,True,False,True,Drugs
DermaPharm A/S,DERMAPHARM A S,unmatched,,,0,False,1,2020-03-10,2020-03-10,False,True,False,True,Drugs
"DermaRite Industries, LLC",DERMARITE INDUSTRIES,unmatched,,,0,False,1,2025-10-27,2025-10-27,False,True,False,True,Drugs
Dermacare LLC,DERMACARE,unmatched,,,0,False,1,2025-09-09,2025-09-09,False,True,False,True,Drugs
Dermacare Packaging & Private Label LLC,DERMACARE PACKAGING AND PRIVATE LABEL,unmatched,,,0,False,1,2021-12-01,2021-12-01,True,False,False,True,Devices
Desarrollo E Investigacion Medica Aragonesa SL,DESARROLLO E INVESTIGACION MEDICA ARAGONESA SL,unmatched,,,0,False,1,2014-10-15,2014-10-15,True,False,False,True,Devices
Descor LLC,DESCOR,unmatched,,,0,False,1,2014-08-19,2014-08-19,False,True,False,True,Drugs
Deseo Rebajar,DESEO REBAJAR,unmatched,,,0,False,1,2014-03-07,2014-03-07,False,True,False,True,Drugs
Deseo Rebajar Inc.,DESEO REBAJAR,unmatched,,,0,False,1,2014-03-07,2014-03-07,False,True,False,True,Drugs
Deserving Health International Corp,DESERVING HEALTH,unmatched,,,0,False,1,2017-12-18,2017-12-18,False,True,False,True,Drugs
"Deston Therapeutics, Llc",DESTON THERAPEUTICS,unmatched,,,0,False,1,2010-02-05,2010-02-05,False,True,False,True,Drugs
Deva Holding Anonim Sirketi - Cerkezkoy Subesi,DEVA ANONIM SIRKETI CERKEZKOY SUBESI,unmatched,,,0,False,1,2019-08-06,2019-08-06,False,True,False,True,Drugs
"Devalingam Mahalingam, M.D., Ph.D.",DEVALINGAM MAHALINGAM M D PH D,unmatched,,,0,False,1,2025-12-11,2025-12-11,False,True,False,True,Drugs
Dexcel Ltd.,DEXCEL,unmatched,,,0,False,1,2009-05-14,2009-05-14,False,True,False,True,Drugs
Dexcowin Co. Ltd.,DEXCOWIN,unmatched,,,0,False,2,2015-08-15,2018-02-20,True,False,False,True,Devices
Dexta Corporation,DEXTA,unmatched,,,0,False,1,2014-06-25,2014-06-25,True,False,False,True,Devices
Dexterity Health LLC,DEXTERITY HEALTH,unmatched,,,0,False,1,2023-10-30,2023-10-30,False,True,False,True,Drugs
Dextrum Laboratories,DEXTRUM LABORATORIES,unmatched,,,0,False,1,2023-12-07,2023-12-07,False,True,False,True,Drugs
Deymed Diagnostic s.r.o.,DEYMED DIAGNOSTIC S R O,unmatched,,,0,False,1,2025-08-06,2025-08-06,True,False,False,True,Devices
DiaPharma Group Inc,DIAPHARMA,unmatched,,,0,False,1,2011-03-22,2011-03-22,True,False,False,True,Devices
Diabetes Corporation of America,DIABETES OF AMERICA,unmatched,,,0,False,1,2016-07-21,2016-07-21,False,True,False,True,Drugs
Diagnostic Biochem Canada Inc.,DIAGNOSTIC BIOCHEM CANADA,unmatched,,,0,False,1,2011-12-20,2011-12-20,True,False,False,True,Devices
"Diagnostic Solutions Laboratory, LLC",DIAGNOSTIC SOLUTIONS LABORATORY,unmatched,,,0,False,1,2020-07-24,2020-07-24,True,False,False,True,Devices
"DiamoDent, Inc.",DIAMODENT,unmatched,,,0,False,1,2016-01-05,2016-01-05,True,False,False,True,Devices
Diamond Chemical Co. Inc.,DIAMOND CHEMICAL,unmatched,,,0,False,1,2024-09-06,2024-09-06,False,True,False,True,Drugs
"Diamond Wipes International, Inc.",DIAMOND WIPES,unmatched,,,0,False,2,2016-10-21,2018-03-07,False,True,False,True,Drugs
"Diasol East, Inc.",DIASOL EAST,unmatched,,,0,False,1,2017-07-12,2017-07-12,True,False,False,True,Devices
Diasol Inc,DIASOL,unmatched,,,0,False,1,2017-09-28,2017-09-28,True,False,False,True,Devices
"Diasol, Inc",DIASOL,unmatched,,,0,False,3,2010-08-09,2026-01-30,True,False,False,True,Devices
"Diaz, Leslie, M.D.",DIAZ LESLIE M D,unmatched,,,0,False,1,2011-11-04,2011-11-04,False,True,False,True,Drugs
Dibar Nutricional S. de R.L. de C.V.,DIBAR NUTRICIONAL S DE R L DE C V,unmatched,,,0,False,1,2021-03-10,2021-03-10,False,True,False,True,Drugs
"Digital Radiology Center, Inc.",DIGITAL RADIOLOGY CENTER,unmatched,,,0,False,1,2010-01-22,2010-01-22,True,False,False,True,Devices
Digitimer Ltd.,DIGITIMER,unmatched,,,0,False,1,2015-10-19,2015-10-19,True,False,False,True,Devices
Dignity Health - Northridge Hospital Medical Center,DIGNITY HEALTH NORTHRIDGE HOSPITAL MEDICAL CENTER,unmatched,,,0,False,1,2016-12-13,2016-12-13,False,True,False,True,Drugs
"Dimitri Sirakoff, D.O.",DIMITRI SIRAKOFF D O,unmatched,,,0,False,1,2013-09-12,2013-09-12,False,True,False,True,Drugs
Diora Kimya Sanayi ve Ticaret Limited Sirketi,DIORA KIMYA SANAYI VE TICARET SIRKETI,unmatched,,,0,False,1,2024-10-17,2024-10-17,False,True,False,True,Drugs
"Direct Meds, Inc.",DIRECT MEDS,unmatched,,,0,False,1,2025-09-09,2025-09-09,False,True,False,True,Drugs
Discount Online Pharmacy,DISCOUNT ONLINE PHARMACY,unmatched,,,0,False,1,2013-02-12,2013-02-12,False,True,False,True,Drugs
Disinfect & Shield,DISINFECT AND SHIELD,unmatched,,,0,False,1,2021-05-06,2021-05-06,False,True,False,True,Drugs
"Distribuidora Lagunera del Norte, SA de CV",DISTRIBUIDORA LAGUNERA DEL NORTE DE CV,unmatched,,,0,False,1,2021-03-24,2021-03-24,False,True,False,True,Drugs
"Distributor RFR, LLC.",DISTRIBUTOR RFR,unmatched,,,0,False,1,2023-01-09,2023-01-09,False,True,False,True,Drugs
Divi's Laboratories Ltd. (Unit II),DIVI S LABORATORIES UNIT II,unmatched,,,0,False,1,2017-04-13,2017-04-13,False,True,False,True,Drugs
Dixon Investments Inc,DIXON INVESTMENTS,unmatched,,,0,False,1,2025-09-18,2025-09-18,False,True,False,True,Drugs
Dolan Central Illinois Compounding LLC dba Preckshot Professional Pharmacy,DOLAN CENTRAL ILLINOIS COMPOUNDING PRECKSHOT PROFESSIONAL PHARMACY,unmatched,,,0,False,1,2016-09-02,2016-09-02,False,True,False,True,Drugs
Dolphin Intertrade Corporation,DOLPHIN INTERTRADE,unmatched,,,0,False,1,2013-08-20,2013-08-20,False,True,False,True,Drugs
"Dong Yuan Technology Co., Ltd.",DONG YUAN TECHNOLOGY,unmatched,,,0,False,1,2019-03-18,2019-03-18,False,True,False,True,Drugs
"DongBang Cosmetics Co., Ltd.",DONGBANG COSMETICS,unmatched,,,0,False,1,2021-10-22,2021-10-22,False,True,False,True,Drugs
"Dongguan Jianwei Electronics Products Co., Ltd.",DONGGUAN JIANWEI ELECTRONICS PRODUCTS,unmatched,,,0,False,2,2014-10-16,2015-11-05,True,False,False,True,Devices
"Dongguan Polygreen Technology Co., Ltd.",DONGGUAN POLYGREEN TECHNOLOGY,unmatched,,,0,False,1,2011-09-27,2011-09-27,True,False,False,True,Devices
"Dongguan Sure On Plastic & Fiber Products Co., LTD.",DONGGUAN SURE ON PLASTIC AND FIBER PRODUCTS,unmatched,,,0,False,1,2012-08-06,2012-08-06,True,False,False,True,Devices
Dongguan Yong Rong Plastics Co. Ltd.,DONGGUAN YONG RONG PLASTICS,unmatched,,,0,False,1,2012-06-27,2012-06-27,True,False,False,True,Devices
Dongkuk Techco Rubber Ind. Sdn Bhd,DONGKUK TECHCO RUBBER IND SDN BHD,unmatched,,,0,False,1,2008-12-30,2008-12-30,True,False,False,True,Devices
Dongying Tiandong Pharmaceutical Co Ltd,DONGYING TIANDONG PHARMACEUTICAL,unmatched,,,0,False,1,2016-11-10,2016-11-10,False,True,False,True,Drugs
Dorado Health Inc,DORADO HEALTH,unmatched,,,0,False,1,2009-04-02,2009-04-02,False,False,True,True,Biologics
Dorneyville Pharmacy,DORNEYVILLE PHARMACY,unmatched,,,0,False,1,2017-02-07,2017-02-07,False,True,False,True,Drugs
"Dornier Medtech America, Inc.",DORNIER MEDTECH AMERICA,unmatched,,,0,False,1,2010-03-23,2010-03-23,True,False,False,True,Devices
Dornier Medtech GmbH,DORNIER MEDTECH,unmatched,,,0,False,1,2011-08-26,2011-08-26,True,False,False,True,Devices
Dougherty's Pharmacy,DOUGHERTY S PHARMACY,unmatched,,,0,False,1,2017-05-12,2017-05-12,False,True,False,True,Drugs
Dr Benedict S Liao Md,DR BENEDICT S LIAO MD,unmatched,,,0,False,1,2014-07-08,2014-07-08,False,True,False,True,Drugs
Dr Retter Ec Retter Wladyslaw,DR RETTER EC RETTER WLADYSLAW,unmatched,,,0,False,1,2022-03-16,2022-03-16,False,True,False,True,Drugs
Dr. Ashley Minas,DR ASHLEY MINAS,unmatched,,,0,False,1,2015-05-29,2015-05-29,True,False,False,True,Devices
Dr. Berne's Whole Health Products,DR BERNE S WHOLE HEALTH PRODUCTS,unmatched,,,0,False,1,2023-11-22,2023-11-22,False,True,False,True,Drugs
Dr. Brite LLC,DR BRITE,unmatched,,,0,False,1,2024-11-21,2024-11-21,False,True,False,True,Drugs
Dr. Dhole's Sushanti Homeopathy Clinic,DR DHOLE S SUSHANTI HOMEOPATHY CLINIC,unmatched,,,0,False,1,2020-05-04,2020-05-04,False,True,False,True,Drugs
Dr. G. H. Tichenor's Antiseptic Company,DR G H TICHENOR S ANTISEPTIC,unmatched,,,0,False,1,2011-04-18,2011-04-18,False,True,False,True,Drugs
Dr. Gaters Weight Loss and Wellness,DR GATERS WEIGHT LOSS AND WELLNESS,unmatched,,,0,False,1,2025-09-09,2025-09-09,False,True,False,True,Drugs
Dr. Hettie Morgan,DR HETTIE MORGAN,unmatched,,,0,False,1,2015-05-29,2015-05-29,True,False,False,True,Devices
"Dr. Joel Kaplan, Inc.",DR JOEL KAPLAN,unmatched,,,0,False,2,2014-05-01,2024-01-08,True,False,False,True,Devices
Dr. Paul's Lab,DR PAUL S LAB,unmatched,,,0,False,1,2021-02-16,2021-02-16,False,True,False,True,Drugs
Dr. Reddy's Laboratories Limited CTO VI,DR REDDY S LABORATORIES CTO VI,unmatched,,,0,False,1,2015-11-05,2015-11-05,False,True,False,True,Drugs
Dr. Sankunnis Ayurvedic Research Foundation Pvt Ltd,DR SANKUNNIS AYURVEDIC RESEARCH FOUNDATION,unmatched,,,0,False,1,2024-04-18,2024-04-18,False,True,False,True,Drugs
Dr. Thomas Gazda,DR THOMAS GAZDA,unmatched,,,0,False,1,2009-11-24,2009-11-24,False,True,False,True,Drugs
DrMedHealth,DRMEDHEALTH,unmatched,,,0,False,1,2026-06-09,2026-06-09,False,True,False,True,Drugs
DrNaturalHealing Inc.,DRNATURALHEALING,unmatched,,,0,False,1,2016-03-10,2016-03-10,False,True,False,True,Drugs
"Draeger Medical Systems, Inc.",DRAEGER MEDICAL SYSTEMS,unmatched,,,0,False,1,2020-01-17,2020-01-17,True,False,False,True,Devices
Drive DeVilbiss Healthcare,DRIVE DEVILBISS HEALTHCARE,unmatched,,,0,False,1,2012-10-10,2012-10-10,True,False,False,True,Devices
"Drivergent, Inc.",DRIVERGENT,unmatched,,,0,False,1,2023-05-01,2023-05-01,False,True,False,True,Drugs
"Drug Depot, LLC., dba APS Pharmacy",DRUG DEPOT APS PHARMACY,unmatched,,,0,False,2,2016-12-15,2023-03-31,False,True,False,True,Drugs
"Drugs Are Us, Inc., dba Hopewell Pharmacy",DRUGS ARE HOPEWELL PHARMACY,unmatched,,,0,False,1,2009-09-28,2009-09-28,False,True,False,True,Drugs
"DuPont Nutrition USA, Inc",DUPONT NUTRITION,unmatched,,,0,False,1,2022-12-02,2022-12-02,False,True,False,True,Drugs
Durazo Medical Biomagnetism,DURAZO MEDICAL BIOMAGNETISM,unmatched,,,0,False,1,2020-08-19,2020-08-19,True,False,False,True,Devices
Duren Health Mart Pharmacy,DUREN HEALTH MART PHARMACY,unmatched,,,0,False,1,2019-11-01,2019-11-01,False,True,False,True,Drugs
"Dynamic Blending Specialists, Inc.",DYNAMIC BLENDING SPECIALISTS,unmatched,,,0,False,1,2025-06-18,2025-06-18,False,True,False,True,Drugs
Dynamic Stem Cell Therapy,DYNAMIC STEM CELL THERAPY,unmatched,,,0,False,1,2026-02-11,2026-02-11,False,False,True,True,Biologics
"Dynamic Surgery, Inc.",DYNAMIC SURGERY,unmatched,,,0,False,1,2009-10-13,2009-10-13,True,False,False,True,Devices
Dynavision Global Holdings LLC,DYNAVISION GLOBAL,unmatched,,,0,False,1,2017-09-05,2017-09-05,True,False,False,True,Devices
"Dyno Manufacturing, Inc.",DYNO MANUFACTURING,unmatched,,,0,False,1,2025-04-15,2025-04-15,False,True,False,True,Drugs
"Dzebovskaya, Yelena",DZEBOVSKAYA YELENA,unmatched,,,0,False,1,2012-11-08,2012-11-08,True,False,False,True,Devices
E-Care Technology Corp.,E CARE TECHNOLOGY,unmatched,,,0,False,2,2015-11-24,2020-03-02,True,False,False,True,Devices
E-Cig Technology Inc.,E CIG TECHNOLOGY,unmatched,,,0,False,1,2010-09-08,2010-09-08,False,True,False,True,Drugs
E-M Medical Treatment And Electron (Suzhou) Co Ltd,E M MEDICAL TREATMENT AND ELECTRON SUZHOU,unmatched,,,0,False,2,2012-08-16,2013-05-17,True,False,False,True,Devices
"E-cigarettedirect, Llc",E CIGARETTEDIRECT,unmatched,,,0,False,1,2010-09-08,2010-09-08,False,True,False,True,Drugs
E.A. Beck & Co.,E A BECK AND,unmatched,,,0,False,1,2010-12-14,2010-12-14,True,False,False,True,Devices
EAST FORK CULTIVARS,EAST FORK CULTIVARS,unmatched,,,0,False,1,2023-12-22,2023-12-22,False,True,False,True,Drugs
"ECI Pharmaceuticals, LLC",ECI PHARMACEUTICALS,unmatched,,,0,False,1,2022-02-03,2022-02-03,False,True,False,True,Drugs
EEG Info,EEG INFO,unmatched,,,0,False,1,2012-08-16,2012-08-16,True,False,False,True,Devices
"EIKEN CHEMICAL CO., LTD. NOGI PLANT",EIKEN CHEMICAL NOGI PLANT,unmatched,,,0,False,1,2013-03-13,2013-03-13,True,False,False,True,Devices
EMD Millipore Corporation,EMD MILLIPORE,unmatched,,,0,False,1,2009-12-30,2009-12-30,True,False,False,True,Devices
"EMG Manufacturing Co., Ltd.",EMG MANUFACTURING,unmatched,,,0,False,1,2012-09-14,2012-09-14,True,False,False,True,Devices
EMcision Ltd.,EMCISION,unmatched,,,0,False,1,2014-11-20,2014-11-20,True,False,False,True,Devices
ENERGIST LIMITED,ENERGIST,unmatched,,,0,False,1,2012-12-04,2012-12-04,True,False,False,True,Devices
"EPH Technologies, Inc.",EPH TECHNOLOGIES,unmatched,,,0,False,1,2019-11-18,2019-11-18,False,True,False,True,Drugs
EPS Bio Technology Corp.,EPS BIO TECHNOLOGY,unmatched,,,0,False,1,2012-09-12,2012-09-12,True,False,False,True,Devices
EPSa Elektronik & Prazisionsbau Saalfeld GmbH,EPSA ELEKTRONIK AND PRAZISIONSBAU SAALFELD,unmatched,,,0,False,1,2015-08-04,2015-08-04,True,False,False,True,Devices
EPflex Feinwerktechnik GmbH,EPFLEX FEINWERKTECHNIK,unmatched,,,0,False,1,2013-09-16,2013-09-16,True,False,False,True,Devices
ESSND GLOBAL,ESSND GLOBAL,unmatched,,,0,False,1,2020-02-14,2020-02-14,False,True,False,True,Drugs
ESTRATEGIA HOSPITALARIA SA DE CV,ESTRATEGIA HOSPITALARIA DE CV,unmatched,,,0,False,1,2021-05-04,2021-05-04,False,True,False,True,Drugs
EUCYT Laboratories LLC,EUCYT LABORATORIES,unmatched,,,0,False,1,2020-06-04,2020-06-04,False,False,True,True,Biologics
EUROSIREL S.P.A,EUROSIREL S P A,unmatched,,,0,False,1,2024-11-20,2024-11-20,False,True,False,True,Drugs
EVERYMARKET INC,EVERYMARKET,unmatched,,,0,False,1,2024-08-27,2024-08-27,False,True,False,True,Drugs
"Eagle Diagnostics, Inc",EAGLE DIAGNOSTICS,unmatched,,,0,False,1,2011-03-03,2011-03-03,True,False,False,True,Devices
Eagle Health Supplies,EAGLE HEALTH SUPPLIES,unmatched,,,0,False,1,2010-11-24,2010-11-24,True,False,False,True,Devices
Eagle Parts and Products,EAGLE PARTS AND PRODUCTS,unmatched,,,0,False,1,2008-11-14,2008-11-14,True,False,False,True,Devices
Eagle Pharma Outsourcing LLC,EAGLE PHARMA OUTSOURCING,unmatched,,,0,False,1,2016-10-13,2016-10-13,False,True,False,True,Drugs
Early To Bed,EARLY TO BED,unmatched,,,0,False,1,2025-12-16,2025-12-16,True,False,False,True,Devices
Earth Angel Oils,EARTH ANGEL OILS,unmatched,,,0,False,1,2020-04-14,2020-04-14,False,True,False,True,Drugs
Earthley Wellness,EARTHLEY WELLNESS,unmatched,,,0,False,1,2020-04-09,2020-04-09,False,True,False,True,Drugs
East Jefferson General Hospital,EAST JEFFERSON GENERAL HOSPITAL,unmatched,,,0,False,1,2019-11-12,2019-11-12,True,False,False,True,Devices
"Eastern Cranial Affiliates, LLC",EASTERN CRANIAL AFFILIATES,unmatched,,,0,False,1,2010-11-16,2010-11-16,True,False,False,True,Devices
"Eastern Pharmacy, Inc.",EASTERN PHARMACY,unmatched,,,0,False,1,2014-10-29,2014-10-29,False,True,False,True,Drugs
Easy Pha-Max Marke,EASY PHA MAX MARKE,unmatched,,,0,False,1,2013-07-15,2013-07-15,False,True,False,True,Drugs
Eaton Manufacturing Corporation Dba Eaton Medical,EATON MANUFACTURING EATON MEDICAL,unmatched,,,0,False,1,2010-07-27,2010-07-27,True,False,False,True,Devices
"Eclipse Medcorp, LLC",ECLIPSE MEDCORP,unmatched,,,0,False,2,2015-10-27,2016-03-28,True,False,True,True,Biologics; Devices
"Eco Lips, Inc.",ECO LIPS,unmatched,,,0,False,1,2022-09-20,2022-09-20,False,True,False,True,Drugs
"Ecometics, Inc.",ECOMETICS,unmatched,,,0,False,1,2019-04-16,2019-04-16,False,True,False,True,Drugs
Economax Llc,ECONOMAX,unmatched,,,0,False,1,2016-05-06,2016-05-06,False,True,False,True,Drugs
Eden,EDEN,unmatched,,,0,False,1,2026-06-08,2026-06-08,False,True,False,True,Drugs
Edge Biologicals Inc,EDGE BIOLOGICALS,unmatched,,,0,False,2,2012-02-14,2023-06-27,True,False,False,True,Devices
"Edge Pharma, LLC",EDGE PHARMA,unmatched,,,0,False,1,2015-11-12,2015-11-12,False,True,False,True,Drugs
"Edwards Pharmaceuticals, Inc",EDWARDS PHARMACEUTICALS,unmatched,,,0,False,1,2010-02-08,2010-02-08,False,True,False,True,Drugs
Ehsan NMI Sadri MD,EHSAN NMI SADRI MD,unmatched,,,0,False,1,2026-03-27,2026-03-27,False,True,False,True,Drugs
Ehy Holdings LLC,EHY,unmatched,,,0,False,1,2024-02-02,2024-02-02,False,True,False,True,Drugs
Ei LLC,EI,unmatched,,,0,False,1,2018-04-16,2018-04-16,False,True,False,True,Drugs
Eidosmed,EIDOSMED,unmatched,,,0,False,1,2011-03-16,2011-03-16,True,False,False,True,Devices
Eksa Mills S.A. de C.V.,EKSA MILLS S A DE C V,unmatched,,,0,False,1,2022-10-05,2022-10-05,False,True,False,True,Drugs
Elcam Medical Italy SPA,ELCAM MEDICAL ITALY,unmatched,,,0,False,1,2012-02-23,2012-02-23,True,False,False,True,Devices
Electric Mobility Corp,ELECTRIC MOBILITY,unmatched,,,0,False,1,2011-04-14,2011-04-14,True,False,False,True,Devices
Electro Cap International Inc,ELECTRO CAP,unmatched,,,0,False,1,2011-07-20,2011-07-20,True,False,False,True,Devices
"Electro Medical, Inc.",ELECTRO MEDICAL,unmatched,,,0,False,1,2013-08-09,2013-08-09,True,False,False,True,Devices
"Electro-tech Products, Inc.",ELECTRO TECH PRODUCTS,unmatched,,,0,False,1,2009-07-01,2009-07-01,True,False,False,True,Devices
"Electromedical Products International, Inc.",ELECTROMEDICAL PRODUCTS,unmatched,,,0,False,1,2013-04-30,2013-04-30,True,False,False,True,Devices
"Electronic Development Labs, Inc",ELECTRONIC DEVELOPMENT LABS,unmatched,,,0,False,1,2014-10-01,2014-10-01,True,False,False,True,Devices
Electrostim Medical Services Inc,ELECTROSTIM MEDICAL SERVICES,unmatched,,,0,False,1,2011-04-20,2011-04-20,True,False,False,True,Devices
"Elemental Herbs, Inc.",ELEMENTAL HERBS,unmatched,,,0,False,1,2023-10-20,2023-10-20,False,True,False,True,Drugs
Elements Brands Inc.,ELEMENTS BRANDS,unmatched,,,0,False,1,2022-04-13,2022-04-13,False,True,False,True,Drugs
Elite Health Center,ELITE HEALTH CENTER,unmatched,,,0,False,1,2025-09-09,2025-09-09,False,True,False,True,Drugs
Elite Laboratories Inc.,ELITE LABORATORIES,unmatched,,,0,False,1,2016-08-25,2016-08-25,False,True,False,True,Drugs
"Elite Massagers, LLC.",ELITE MASSAGERS,unmatched,,,0,False,2,2014-08-18,2015-12-11,True,False,False,True,Devices
Elite Supplement Center,ELITE SUPPLEMENT CENTER,unmatched,,,0,False,1,2022-07-06,2022-07-06,False,True,False,True,Drugs
Elite Training Facility LLC,ELITE TRAINING FACILITY,unmatched,,,0,False,1,2022-07-06,2022-07-06,False,True,False,True,Drugs
"Elizabeth E. Houser, MD",ELIZABETH E HOUSER MD,unmatched,,,0,False,1,2012-05-25,2012-05-25,False,True,False,True,Drugs
Elkhart General Hospital Blood Donor Center,ELKHART GENERAL HOSPITAL BLOOD DONOR CENTER,unmatched,,,0,False,1,2009-05-06,2009-05-06,False,False,True,True,Biologics
Elkhart Pharmacy,ELKHART PHARMACY,unmatched,,,0,False,1,2017-05-08,2017-05-08,False,True,False,True,Drugs
"Ellex iScience, Inc.",ELLEX ISCIENCE,unmatched,,,0,False,1,2025-04-23,2025-04-23,True,False,False,True,Devices
Emcure Pharmaceuticals Limited,EMCURE PHARMACEUTICALS,unmatched,,,0,False,2,2016-03-03,2019-08-02,False,True,False,True,Drugs
Emedkit.com,EMEDKIT COM,unmatched,,,0,False,1,2020-04-23,2020-04-23,False,True,False,True,Drugs
Emergency Disaster Systems,EMERGENCY DISASTER SYSTEMS,unmatched,,,0,False,1,2009-05-13,2009-05-13,True,False,False,True,Devices
"Emilia Resources, LLC",EMILIA RESOURCES,unmatched,,,0,False,1,2009-04-27,2009-04-27,False,True,False,True,Drugs
"Eminent Spine, LLC",EMINENT SPINE,unmatched,,,0,False,1,2010-07-20,2010-07-20,True,False,False,True,Devices
"Empire Distributors, Inc.",EMPIRE DISTRIBUTORS,unmatched,,,0,False,1,2019-04-10,2019-04-10,False,True,False,True,Drugs
Empower Clinic Services LLC,EMPOWER CLINIC SERVICES,unmatched,,,0,False,3,2017-05-25,2025-04-02,False,True,False,True,Drugs
"Empower Clinic Services, LLC dba Empower Pharmacy",EMPOWER CLINIC SERVICES EMPOWER PHARMACY,unmatched,,,0,False,1,2025-04-02,2025-04-02,False,True,False,True,Drugs
Empowered Diagnostics LLC,EMPOWERED DIAGNOSTICS,unmatched,,,0,False,1,2022-10-07,2022-10-07,True,False,False,True,Devices
"EnMed MicroAnalytics, Inc.",ENMED MICROANALYTICS,unmatched,,,0,False,1,2021-01-26,2021-01-26,True,False,False,True,Devices
Enclara Pharmacia Inc,ENCLARA PHARMACIA,unmatched,,,0,False,1,2017-03-29,2017-03-29,False,True,False,True,Drugs
"EndoGastric Solutions, Inc.",ENDOGASTRIC SOLUTIONS,unmatched,,,0,False,1,2010-03-12,2010-03-12,True,False,False,True,Devices
"Endogastric Solutions, Inc.",ENDOGASTRIC SOLUTIONS,unmatched,,,0,False,1,2012-06-08,2012-06-08,True,False,False,True,Devices
"Endotec, Inc.",ENDOTEC,unmatched,,,0,False,1,2009-10-22,2009-10-22,True,False,False,True,Devices
Energy Miracle Enterprises,ENERGY MIRACLE ENTERPRISES,unmatched,,,0,False,1,2009-10-08,2009-10-08,True,False,False,True,Devices
Enhance Nutraceutical,ENHANCE NUTRACEUTICAL,unmatched,,,0,False,1,2013-07-15,2013-07-15,False,True,False,True,Drugs
"Enhancement Medical, LLC",ENHANCEMENT MEDICAL,unmatched,,,0,False,1,2014-06-04,2014-06-04,True,False,False,True,Devices
"Enprani Co., Ltd.",ENPRANI,unmatched,,,0,False,1,2019-08-15,2019-08-15,False,True,False,True,Drugs
Enraf-Nonius B.V.,ENRAF NONIUS B V,unmatched,,,0,False,1,2013-07-05,2013-07-05,True,False,False,True,Devices
EnviroServe Chemicals & Cleaners Ltd.,ENVIROSERVE CHEMICALS AND CLEANERS,unmatched,,,0,False,1,2024-09-09,2024-09-09,False,True,False,True,Drugs
Eolane Vailhauques,EOLANE VAILHAUQUES,unmatched,,,0,False,1,2016-02-04,2016-02-04,True,False,False,True,Devices
"Eosera, Inc.",EOSERA,unmatched,,,0,False,1,2020-07-13,2020-07-13,False,True,False,True,Drugs
Ephraim McDowell Health IRB,EPHRAIM MCDOWELL HEALTH IRB,unmatched,,,0,False,1,2010-04-26,2010-04-26,False,True,False,True,Drugs
"Epimed International, Inc.",EPIMED,unmatched,,,0,False,1,2012-09-19,2012-09-19,True,False,False,True,Devices
Episciences Inc,EPISCIENCES,unmatched,,,0,False,2,2015-12-02,2022-08-26,False,True,False,True,Drugs; Food/Cosmetics
Epro E-Commerce Limited,EPRO E COMMERCE,unmatched,,,0,False,1,2020-06-29,2020-06-29,True,False,False,True,Devices
"Erchonia Corporation, LLC",ERCHONIA,unmatched,,,0,False,1,2011-01-21,2011-01-21,True,False,False,True,Devices
Ercros S.A.,ERCROS S A,unmatched,,,0,False,1,2012-06-20,2012-06-20,False,True,False,True,Drugs
Erkul Kozmetik Sanayi ve Ticaret A.S.,ERKUL KOZMETIK SANAYI VE TICARET A S,unmatched,,,0,False,1,2026-06-02,2026-06-02,False,True,False,True,Drugs
Eskbiochem SA de CV,ESKBIOCHEM DE CV,unmatched,,,0,False,1,2020-07-23,2020-07-23,False,True,False,True,Drugs
Essential Pharmacy Compounding,ESSENTIAL PHARMACY COMPOUNDING,unmatched,,,0,False,1,2016-03-10,2016-03-10,False,True,False,True,Drugs
"Essex Institutional Review Board, Inc",ESSEX INSTITUTIONAL REVIEW BOARD,unmatched,,,0,False,1,2011-07-26,2011-07-26,False,True,False,True,Drugs
Estar Technologies Ltd.,ESTAR TECHNOLOGIES,unmatched,,,0,False,1,2026-04-27,2026-04-27,False,False,True,True,Biologics
"Ethical & Independent Review Services, LLC",ETHICAL AND INDEPENDENT REVIEW SERVICES,unmatched,,,0,False,1,2010-07-19,2010-07-19,True,False,False,True,Devices
Eugen Lefter,EUGEN LEFTER,unmatched,,,0,False,1,2009-11-17,2009-11-17,False,True,False,True,Drugs
Eugia Pharma Specialities Limited,EUGIA PHARMA SPECIALITIES,unmatched,,,0,False,1,2024-08-15,2024-08-15,False,True,False,True,Drugs
Eureka Springs Hospital,EUREKA SPRINGS HOSPITAL,unmatched,,,0,False,1,2009-05-06,2009-05-06,False,True,False,True,Drugs
Euromi S.A.,EUROMI S A,unmatched,,,0,False,1,2015-06-22,2015-06-22,True,False,False,True,Devices
Europharma Concepts Limited,EUROPHARMA CONCEPTS,unmatched,,,0,False,1,2018-05-16,2018-05-16,False,True,False,True,Drugs
Eurotrol B.V.,EUROTROL B V,unmatched,,,0,False,1,2014-11-19,2014-11-19,True,False,False,True,Devices
EvaPharmacy,EVAPHARMACY,unmatched,,,0,False,1,2013-06-26,2013-06-26,False,True,False,True,Drugs
"Evelyn Lopez-Brignoni, M.D.",EVELYN LOPEZ BRIGNONI M D,unmatched,,,0,False,1,2021-03-02,2021-03-02,False,True,False,True,Drugs
"Evenbetternow, Llc",EVENBETTERNOW,unmatched,,,0,False,1,2010-10-12,2010-10-12,False,True,False,True,Drugs
Ever Pharma Jena GmbH,EVER PHARMA JENA,unmatched,,,0,False,1,2011-10-19,2011-10-19,False,True,False,True,Drugs
Everlaan Organics Inc,EVERLAAN ORGANICS,unmatched,,,0,False,1,2025-08-11,2025-08-11,False,True,False,True,Drugs
Everything Herbs,EVERYTHING HERBS,unmatched,,,0,False,1,2017-04-17,2017-04-17,False,True,False,True,Drugs
"Evi International Group, LLC",EVI,unmatched,,,0,False,1,2025-05-14,2025-05-14,False,True,False,True,Drugs
Evolife Wellness,EVOLIFE WELLNESS,unmatched,,,0,False,1,2025-09-09,2025-09-09,False,True,False,True,Drugs
Evolutionary Biologics Inc,EVOLUTIONARY BIOLOGICS,unmatched,,,0,False,1,2024-12-31,2024-12-31,False,False,True,True,Biologics
"Evolved Ayurvedic Discoveries, Inc.",EVOLVED AYURVEDIC DISCOVERIES,unmatched,,,0,False,1,2021-02-11,2021-02-11,False,True,False,True,Drugs
Exact-Rx Inc,EXACT RX,unmatched,,,0,False,1,2017-04-19,2017-04-19,False,True,False,True,Drugs
"Exactech Sarasota, Inc.",EXACTECH SARASOTA,unmatched,,,0,False,1,2025-12-19,2025-12-19,True,False,False,True,Devices
"Excel Medical Products, Inc.",EXCEL MEDICAL PRODUCTS,unmatched,,,0,False,1,2013-04-09,2013-04-09,True,False,False,True,Devices
Excel Regenerative Solutions,EXCEL REGENERATIVE SOLUTIONS,unmatched,,,0,False,1,2011-02-03,2011-02-03,True,False,False,True,Devices
Excel Vision,EXCEL VISION,unmatched,,,0,False,2,2025-05-07,2026-06-25,False,True,False,True,Drugs
Excelsior Medical LLC,EXCELSIOR MEDICAL,unmatched,,,0,False,1,2014-11-07,2014-11-07,True,False,False,True,Devices
Exela Pharma Sciences LLC,EXELA PHARMA SCIENCES,unmatched,,,0,False,3,2021-04-09,2025-07-02,False,True,False,True,Drugs
"Exeltis USA, Inc.",EXELTIS,unmatched,,,0,False,1,2009-11-13,2009-11-13,False,True,False,True,Drugs
"Exer Labs, Inc.",EXER LABS,unmatched,,,0,False,1,2025-02-10,2025-02-10,True,False,False,True,Devices
Expert Aesthetics,EXPERT AESTHETICS,unmatched,,,0,False,1,2025-09-09,2025-09-09,False,True,False,True,Drugs
"Expert Chemical Analysis, Inc.",EXPERT CHEMICAL ANALYSIS,unmatched,,,0,False,1,2022-08-19,2022-08-19,False,True,False,True,Drugs
Explora Laboratories,EXPLORA LABORATORIES,unmatched,,,0,False,1,2014-08-07,2014-08-07,False,True,False,True,Drugs
Exthera Medical Corporation,EXTHERA MEDICAL,unmatched,,,0,False,2,2026-02-06,2026-02-09,True,False,False,True,Devices
Extreme Vitamin World,EXTREME VITAMIN WORLD,unmatched,,,0,False,1,2013-06-19,2013-06-19,False,True,False,True,Drugs
"Extremity Medical, LLC",EXTREMITY MEDICAL,unmatched,,,0,False,1,2012-02-24,2012-02-24,True,False,False,True,Devices
Eyal Bar Oz,EYAL BAR OZ,unmatched,,,0,False,1,2012-09-18,2012-09-18,False,True,False,True,Drugs
Eye Center of Texas,EYE CENTER OF TEXAS,unmatched,,,0,False,1,2012-12-18,2012-12-18,True,False,False,True,Devices
"EyeKon Medical, Inc.",EYEKON MEDICAL,unmatched,,,0,False,1,2008-12-09,2008-12-09,True,False,False,True,Devices
"EyeTech One, LLC",EYETECH ONE,unmatched,,,0,False,1,2025-07-09,2025-07-09,False,True,False,True,Drugs
Ezra E.S LLC,EZRA E S,unmatched,,,0,False,1,2026-06-08,2026-06-08,False,True,False,True,Drugs
"EzriCare, LLC.",EZRICARE,unmatched,,,0,False,1,2024-02-13,2024-02-13,False,True,False,True,Drugs
"F Care Systems USA, LLC",F CARE SYSTEMS,unmatched,,,0,False,1,2012-06-12,2012-06-12,True,False,False,True,Devices
F.P. Rubinstein Y Cia SRL,F P RUBINSTEIN Y CIA,unmatched,,,0,False,2,2015-01-29,2016-05-05,True,False,False,True,Devices
FACOSPAR,FACOSPAR,unmatched,,,0,False,1,2012-05-30,2012-05-30,False,True,False,True,Drugs
"FANCYSTAGE, UNIPESSOAL, LDA.",FANCYSTAGE UNIPESSOAL LDA,unmatched,,,0,False,2,2023-08-03,2024-06-04,False,True,False,True,Drugs
FARMAKEIO OUTSOURCING LLC,FARMAKEIO OUTSOURCING,unmatched,,,0,False,1,2021-07-29,2021-07-29,False,True,False,True,Drugs
FCD Health LLC,FCD HEALTH,unmatched,,,0,False,1,2013-01-24,2013-01-24,False,True,False,True,Drugs
FICOSOTA LTD,FICOSOTA,unmatched,,,0,False,1,2020-02-28,2020-02-28,False,True,False,True,Drugs
FILLER LUX,FILLER LUX,unmatched,,,0,False,1,2025-03-03,2025-03-03,False,True,False,True,Drugs
FIXTURE DISPLAYS LLC,FIXTURE DISPLAYS,unmatched,,,0,False,1,2021-06-28,2021-06-28,True,False,False,True,Devices
FLAVNT Streetwear LLC,FLAVNT STREETWEAR,unmatched,,,0,False,1,2025-12-16,2025-12-16,True,False,False,True,Devices
"FOCUS Laboratories, Inc.",FOCUS LABORATORIES,unmatched,,,0,False,2,2011-11-16,2016-06-03,False,True,False,True,Drugs; Food/Cosmetics
"FOSHAN CARE MEDICAL TECHNOLOGY CO., LTD.",FOSHAN CARE MEDICAL TECHNOLOGY,unmatched,,,0,False,1,2015-01-12,2015-01-12,True,False,False,True,Devices
FSSB Chirurgische Nadeln Gmbh,FSSB CHIRURGISCHE NADELN,unmatched,,,0,False,1,2013-01-29,2013-01-29,True,False,False,True,Devices
FUJIFILM Healthcare Americas Corporation,FUJIFILM HEALTHCARE AMERICAS,unmatched,,,0,False,1,2015-08-12,2015-08-12,True,False,False,True,Devices
"FVS Holdings, Inc. dba. Green Valley Drugs",FVS GREEN VALLEY DRUGS,unmatched,,,0,False,1,2013-08-30,2013-08-30,False,True,False,True,Drugs
"FWD Care, Inc.",FWD CARE,unmatched,,,0,False,1,2025-09-09,2025-09-09,False,True,False,True,Drugs
"Facet Technologies, LLC",FACET TECHNOLOGIES,unmatched,,,0,False,1,2011-05-19,2011-05-19,True,False,False,True,Devices
Faci S.p.A.,FACI S P A,unmatched,,,0,False,1,2012-06-14,2012-06-14,False,True,False,True,Drugs
Fagron Compounding Services,FAGRON COMPOUNDING SERVICES,unmatched,,,0,False,2,2017-11-28,2024-12-19,False,True,False,True,Drugs
"Fagron, Inc",FAGRON,unmatched,,,0,False,2,2018-08-29,2022-06-14,False,True,False,True,Drugs
"Fair Price Labs, Inc.",FAIR PRICE LABS,unmatched,,,0,False,1,2020-07-24,2020-07-24,True,False,False,True,Devices
"Fairfax EggBank, Inc.",FAIRFAX EGGBANK,unmatched,,,0,False,1,2009-11-10,2009-11-10,True,False,False,True,Devices
Fallien Cosmeceuticals Ltd.,FALLIEN COSMECEUTICALS,unmatched,,,0,False,1,2025-08-06,2025-08-06,False,True,False,True,Drugs
"Fallon Wellness Pharmacy, L.L.C.",FALLON WELLNESS PHARMACY L L C,unmatched,,,0,False,1,2016-02-01,2016-02-01,False,True,False,True,Drugs
"Family Beginnings, PC",FAMILY BEGINNINGS PC,unmatched,,,0,False,1,2012-06-15,2012-06-15,False,False,True,True,Biologics
Family Fertility Center,FAMILY FERTILITY CENTER,unmatched,,,0,False,1,2019-09-30,2019-09-30,False,False,True,True,Biologics
Family Pharmacy of Statesville,FAMILY PHARMACY OF STATESVILLE,unmatched,,,0,False,1,2020-11-06,2020-11-06,False,True,False,True,Drugs
Fancy Meds,FANCY MEDS,unmatched,,,0,False,1,2025-09-09,2025-09-09,False,True,False,True,Drugs
Fancy drops Beauty LLC,FANCY DROPS BEAUTY,unmatched,,,0,False,1,2024-10-24,2024-10-24,False,True,False,True,Drugs
"Fareva Morton Grove, Inc.",FAREVA MORTON GROVE,unmatched,,,0,False,1,2026-03-03,2026-03-03,False,True,False,True,Drugs
Fareva Pau,FAREVA PAU,unmatched,,,0,False,1,2010-03-26,2010-03-26,False,True,False,True,Drugs
Fareva Unterach GmbH,FAREVA UNTERACH,unmatched,,,0,False,1,2013-05-28,2013-05-28,False,True,False,True,Drugs
Farma Quimia S.A. de C.V.,FARMA QUIMIA S A DE C V,unmatched,,,0,False,1,2012-03-09,2012-03-09,False,True,False,True,Drugs
"Farmville Discount Drug, Inc. DBA Best Value Drug",FARMVILLE DISCOUNT DRUG BEST VALUE DRUG,unmatched,,,0,False,1,2019-07-09,2019-07-09,False,True,False,True,Drugs
Faro Ted Owiesy,FARO TED OWIESY,unmatched,,,0,False,1,2018-11-16,2018-11-16,False,True,False,True,Drugs
Fast Masks USA LLC,FAST MASKS,unmatched,,,0,False,1,2021-03-26,2021-03-26,True,False,False,True,Devices
Feel Good Natural Health,FEEL GOOD NATURAL HEALTH,unmatched,,,0,False,1,2010-05-21,2010-05-21,False,True,False,True,Drugs
"Feel Tech Bio Co., Ltd",FEEL TECH BIO,unmatched,,,0,False,1,2013-03-15,2013-03-15,True,False,False,True,Devices
Fei Fah Medical Manufacturing Pte. Ltd.,FEI FAH MEDICAL MANUFACTURING,unmatched,,,0,False,1,2023-01-30,2023-01-30,False,True,False,True,Drugs
Fenwal Inc,FENWAL,unmatched,,,0,False,1,2016-10-14,2016-10-14,False,False,True,True,Biologics
"Fenwal International, Inc.",FENWAL,unmatched,,,0,False,4,2012-06-01,2023-09-14,False,False,True,True,Biologics
"Fercy Personal Care Products Co., Ltd",FERCY PERSONAL CARE PRODUCTS,unmatched,,,0,False,1,2012-09-07,2012-09-07,False,True,False,True,Drugs
Ferrosan Medical Devices A/s,FERROSAN MEDICAL DEVICES A S,unmatched,,,0,False,1,2015-09-16,2015-09-16,True,False,False,True,Devices
Fertility Specialists of Texas - Lubbock,FERTILITY SPECIALISTS OF TEXAS LUBBOCK,unmatched,,,0,False,1,2013-08-15,2013-08-15,False,False,True,True,Biologics
"Field Controls, LLC",FIELD CONTROLS,unmatched,,,0,False,1,2009-06-02,2009-06-02,True,False,False,True,Devices
Fifty410,FIFTY410,unmatched,,,0,False,1,2026-02-20,2026-02-20,False,True,False,True,Drugs
Fill It Pack It Inc,FILL IT PACK IT,unmatched,,,0,False,1,2019-05-02,2019-05-02,False,True,False,True,Drugs
"Firson Co., Ltd.",FIRSON,unmatched,,,0,False,1,2017-08-31,2017-08-31,False,True,False,True,Drugs
First Medical Source LLC,FIRST MEDICAL SOURCE,unmatched,,,0,False,1,2012-09-26,2012-09-26,True,False,False,True,Devices
First Pharma Associates LLC dba Riverpoint Pharmacy,FIRST PHARMA ASSOCIATES RIVERPOINT PHARMACY,unmatched,,,0,False,1,2017-09-12,2017-09-12,False,True,False,True,Drugs
"First Royal Care Co. LLC, dba Red Mountain Compounding Pharmacy",FIRST ROYAL CARE RED MOUNTAIN COMPOUNDING PHARMACY,unmatched,,,0,False,1,2020-09-10,2020-09-10,False,True,False,True,Drugs
"FirstCham Co., Ltd.",FIRSTCHAM,unmatched,,,0,False,1,2024-04-04,2024-04-04,False,True,False,True,Drugs
Fischer ANalysen Instrumente GmbH,FISCHER ANALYSEN INSTRUMENTE,unmatched,,,0,False,1,2023-02-03,2023-02-03,True,False,False,True,Devices
Fischer Surgical Inc,FISCHER SURGICAL,unmatched,,,0,False,1,2010-11-15,2010-11-15,True,False,False,True,Devices
"FitRX, LLC",FITRX,unmatched,,,0,False,1,2025-09-09,2025-09-09,False,True,False,True,Drugs
FitRx,FITRX,unmatched,,,0,False,1,2026-02-20,2026-02-20,False,True,False,True,Drugs
Fitish,FITISH,unmatched,,,0,False,1,2026-06-08,2026-06-08,False,True,False,True,Drugs
Flawless Beauty & Skin,FLAWLESS BEAUTY AND SKIN,unmatched,,,0,False,1,2022-08-05,2022-08-05,True,False,False,True,Devices
Flawless Beauty and Skin,FLAWLESS BEAUTY AND SKIN,unmatched,,,0,False,1,2022-08-05,2022-08-05,True,False,False,True,Devices
Fleming Laboratories Limited,FLEMING LABORATORIES,unmatched,,,0,False,2,2016-06-21,2018-02-14,False,True,False,True,Drugs
Flextronics America LLC,FLEXTRONICS AMERICA,unmatched,,,0,False,1,2026-01-27,2026-01-27,True,False,False,True,Devices
"Flextronics Electronics Technology (Suzhou) Co., Ltd.",FLEXTRONICS ELECTRONICS TECHNOLOGY SUZHOU,unmatched,,,0,False,1,2015-02-19,2015-02-19,True,False,False,True,Devices
Flir System AB,FLIR SYSTEM,unmatched,,,0,False,1,2011-01-06,2011-01-06,True,False,False,True,Devices
"Flor Nutraceuticals, LLC.",FLOR NUTRACEUTICALS,unmatched,,,0,False,1,2011-04-28,2011-04-28,False,True,False,True,Drugs
Florida Atlantic University IRB,FLORIDA ATLANTIC UNIVERSITY IRB,unmatched,,,0,False,1,2009-12-17,2009-12-17,True,False,False,True,Devices
"Florida Fertility Institute, P.A.",FLORIDA FERTILITY INSTITUTE P A,unmatched,,,0,False,1,2013-12-13,2013-12-13,False,False,True,True,Biologics
Florida Institute for Reproductive Sciences and Technologies,FLORIDA INSTITUTE FOR REPRODUCTIVE SCIENCES AND TECHNOLOGIES,unmatched,,,0,False,1,2016-04-14,2016-04-14,False,False,True,True,Biologics
Flowchem Pharma Private Limited,FLOWCHEM PHARMA PRIVATE,unmatched,,,0,False,1,2026-03-11,2026-03-11,False,True,False,True,Drugs
FluxxLab LLC,FLUXXLAB,unmatched,,,0,False,1,2022-08-04,2022-08-04,False,True,False,True,Drugs
"Folsom Metal Products, Inc.",FOLSOM METAL PRODUCTS,unmatched,,,0,False,1,2009-08-27,2009-08-27,True,False,False,True,Devices
"Foothills Professional Pharmacy, LTD",FOOTHILLS PROFESSIONAL PHARMACY,unmatched,,,0,False,1,2020-09-09,2020-09-09,False,True,False,True,Drugs
For Our Vets LLC dba Patriot Supreme,FOR OUR VETS PATRIOT SUPREME,unmatched,,,0,False,1,2020-10-16,2020-10-16,False,True,False,True,Drugs
"For Them, Inc.",FOR THEM,unmatched,,,0,False,1,2025-12-16,2025-12-16,True,False,False,True,Devices
Forcemech International LLC,FORCEMECH,unmatched,,,0,False,1,2022-09-21,2022-09-21,True,False,False,True,Devices
FormPour,FORMPOUR,unmatched,,,0,False,1,2026-03-31,2026-03-31,False,True,False,True,Drugs
Formatech Inc.,FORMATECH,unmatched,,,0,False,1,2011-02-10,2011-02-10,False,True,False,True,Drugs
Formology Lab Inc.,FORMOLOGY LAB,unmatched,,,0,False,1,2023-03-01,2023-03-01,False,True,False,True,Drugs
Forrest Media Incorporated,FORREST MEDIA,unmatched,,,0,False,1,2009-11-18,2009-11-18,False,True,False,True,Drugs
"Foshan Biours Biosciences Co., Ltd.",FOSHAN BIOURS BIOSCIENCES,unmatched,,,0,False,1,2021-03-10,2021-03-10,False,True,False,True,Drugs
"Foshan Flying Medical Products Co., Ltd.",FOSHAN FLYING MEDICAL PRODUCTS,unmatched,,,0,False,1,2017-08-03,2017-08-03,False,True,False,True,Drugs
"Foshan Jinxiong Technology Co., Ltd.",FOSHAN JINXIONG TECHNOLOGY,unmatched,,,0,False,1,2018-07-02,2018-07-02,False,True,False,True,Drugs
"Foshan Miwei Cosmetics Co., Ltd.",FOSHAN MIWEI COSMETICS,unmatched,,,0,False,1,2026-04-20,2026-04-20,False,True,False,True,Drugs
"Foshan R. Poon Medical Products Co., Ltd.",FOSHAN R POON MEDICAL PRODUCTS,unmatched,,,0,False,1,2012-06-18,2012-06-18,True,False,False,True,Devices
"Foshan Yiying Hygiene Products Co., Ltd",FOSHAN YIYING HYGIENE PRODUCTS,unmatched,,,0,False,1,2025-10-10,2025-10-10,False,True,False,True,Drugs
Fox Pharma LLC,FOX PHARMA,unmatched,,,0,False,1,2025-03-03,2025-03-03,False,True,False,True,Drugs
Foxroids.com,FOXROIDS COM,unmatched,,,0,False,1,2020-04-30,2020-04-30,False,True,False,True,Drugs
"Francisco O. Hernandez, MD.",FRANCISCO O HERNANDEZ MD,unmatched,,,0,False,1,2009-04-20,2009-04-20,False,True,False,True,Drugs
"Frantz Design, Inc",FRANTZ DESIGN,unmatched,,,0,False,1,2009-06-05,2009-06-05,True,False,False,True,Devices
Free Speech System LLC dba Infowars,FREE SPEECH SYSTEM INFOWARS,unmatched,,,0,False,1,2020-04-09,2020-04-09,False,True,False,True,Drugs
Freeman Enterprise LLC,FREEMAN ENTERPRISE,unmatched,,,0,False,1,2009-12-09,2009-12-09,True,False,False,True,Devices
Frenda Corporation,FRENDA,unmatched,,,0,False,1,2023-02-15,2023-02-15,False,True,False,True,Drugs
Fresenius Hemocare Deutschland GmbH,FRESENIUS HEMOCARE DEUTSCHLAND,unmatched,,,0,False,1,2011-01-28,2011-01-28,True,False,False,True,Devices
Fresenius Hemocare Netherlands B.V,FRESENIUS HEMOCARE NETHERLANDS B V,unmatched,,,0,False,1,2011-01-28,2011-01-28,True,False,False,True,Devices
"Fresenius Kabi Compounding, LLC",FRESENIUS KABI COMPOUNDING,unmatched,,,0,False,1,2026-05-12,2026-05-12,False,True,False,True,Drugs
Fresenius Kabi Oncology Limited,FRESENIUS KABI ONCOLOGY,unmatched,,,0,False,3,2013-07-01,2017-12-18,False,True,False,True,Drugs
Fresenius Kabi Oncology Plc,FRESENIUS KABI ONCOLOGY,unmatched,,,0,False,1,2009-04-22,2009-04-22,False,True,False,True,Drugs
Fresenius Kabi USA LLC (FK USA),FRESENIUS KABI FK,unmatched,,,0,False,1,2011-01-28,2011-01-28,True,False,False,True,Devices
"Fresenius Kabi USA, LLC",FRESENIUS KABI,unmatched,,,0,False,2,2012-02-22,2024-01-04,True,True,False,True,Devices; Drugs
Fresenius Kabi iPSUM Srl,FRESENIUS KABI IPSUM,unmatched,,,0,False,1,2010-05-27,2010-05-27,False,True,False,True,Drugs
"Fresenius Medical Care Renal Therapies Group, LLC",FRESENIUS MEDICAL CARE RENAL THERAPIES,unmatched,,,0,False,3,2010-09-15,2023-12-04,True,False,False,True,Devices
"Fresenius USA Manufacturing, Inc.",FRESENIUS MANUFACTURING,unmatched,,,0,False,1,2013-03-05,2013-03-05,True,False,False,True,Devices
Fresh Farms LLC,FRESH FARMS,unmatched,,,0,False,1,2022-04-19,2022-04-19,False,True,False,True,Drugs
Froggy's Fog LLC,FROGGY S FOG,unmatched,,,0,False,1,2022-04-15,2022-04-15,False,True,False,True,Drugs
"Front Door Pharmacy, LLC dba Pure Pharmacy (Pure Pharmaceuticals)",FRONT DOOR PHARMACY PURE PHARMACY PURE PHARMACEUTICALS,unmatched,,,0,False,1,2020-07-01,2020-07-01,False,True,False,True,Drugs
Front Range Kratom,FRONT RANGE KRATOM,unmatched,,,0,False,1,2018-05-18,2018-05-18,False,True,False,True,Drugs
Frontida BioPharm Inc,FRONTIDA BIOPHARM,unmatched,,,0,False,1,2016-08-15,2016-08-15,False,True,False,True,Drugs
Frontier Biologics LLC,FRONTIER BIOLOGICS,unmatched,,,0,False,1,2024-11-01,2024-11-01,False,False,True,True,Biologics
Frontier Medical Products Inc.,FRONTIER MEDICAL PRODUCTS,unmatched,,,0,False,1,2010-09-01,2010-09-01,True,False,False,True,Devices
Frozen Wheels LLC,FROZEN WHEELS,unmatched,,,0,False,1,2021-12-20,2021-12-20,False,True,False,True,Drugs
"Fukuda Denshi Co, Ltd",FUKUDA DENSHI,unmatched,,,0,False,1,2012-02-21,2012-02-21,True,False,False,True,Devices
Fulijaya Manufacturing SDN. BHD.,FULIJAYA MANUFACTURING SDN BHD,unmatched,,,0,False,1,2026-01-14,2026-01-14,False,True,False,True,Drugs
"Fuller Industries, Inc",FULLER INDUSTRIES,unmatched,,,0,False,1,2023-06-29,2023-06-29,False,True,False,True,Drugs
FullerLifeC60 LLC,FULLERLIFEC60,unmatched,,,0,False,1,2020-03-30,2020-03-30,False,True,False,True,Drugs
"Functional Remedies Synchronicity, LLC",FUNCTIONAL REMEDIES SYNCHRONICITY,unmatched,,,0,False,1,2022-03-28,2022-03-28,False,True,False,True,Drugs
Furley Bioextracts SDN BHD,FURLEY BIOEXTRACTS SDN BHD,unmatched,,,0,False,1,2021-09-13,2021-09-13,False,True,False,True,Drugs
Fusion Health and Vitality LLC,FUSION HEALTH AND VITALITY,unmatched,,,0,False,1,2020-05-11,2020-05-11,False,True,False,True,Drugs
"Fusion IV Pharmaceuticals, Inc. dba Axia Pharmaceutical",FUSION IV PHARMACEUTICALS AXIA PHARMACEUTICAL,unmatched,,,0,False,1,2018-02-21,2018-02-21,False,True,False,True,Drugs
"Futrex Tech, Inc.",FUTREX TECH,unmatched,,,0,False,1,2013-02-05,2013-02-05,True,False,False,True,Devices
"G & L Wellness, LLC",G AND L WELLNESS,unmatched,,,0,False,1,2020-12-22,2020-12-22,False,True,False,True,Drugs
"G3 Medical, Inc. dba G3 Packaging",G3 MEDICAL G3 PACKAGING,unmatched,,,0,False,1,2009-10-13,2009-10-13,True,False,False,True,Devices
GAELTEC DEVICES LTD,GAELTEC DEVICES,unmatched,,,0,False,1,2018-07-02,2018-07-02,True,False,False,True,Devices
GAR Laboratories Inc.,GAR LABORATORIES,unmatched,,,0,False,1,2010-12-06,2010-12-06,False,True,False,True,Drugs
GAZA PROVEEDORA DE SERVICIOS DE HOSPEDAJE Y ALIMENTACION,GAZA PROVEEDORA DE SERVICIOS DE HOSPEDAJE Y ALIMENTACION,unmatched,,,0,False,1,2021-03-01,2021-03-01,False,True,False,True,Drugs
"GC America, Inc.",GC AMERICA,unmatched,,,0,False,2,2012-11-21,2026-05-19,True,False,False,True,Devices; Food/Cosmetics
GCP Laboratories,GCP LABORATORIES,unmatched,,,0,False,1,2009-08-21,2009-08-21,False,True,False,True,Drugs
"GD Designs, Inc.",GD DESIGNS,unmatched,,,0,False,1,2011-08-12,2011-08-12,True,False,False,True,Devices
"GDMI, Inc",GDMI,unmatched,,,0,False,1,2009-11-27,2009-11-27,False,True,False,True,Drugs
"GE Labs, LLC",GE LABS,unmatched,,,0,False,1,2025-12-12,2025-12-12,False,True,False,True,Drugs
GETSCH+HILLER MEDIZINTECHNIK GmbH,GETSCH HILLER MEDIZINTECHNIK,unmatched,,,0,False,1,2022-12-27,2022-12-27,True,False,False,True,Devices
"GF Health Products, Inc",GF HEALTH PRODUCTS,unmatched,,,0,False,1,2011-12-08,2011-12-08,True,False,False,True,Devices
"GFA Production Xiamen Co., Ltd.",GFA PRODUCTION XIAMEN,unmatched,,,0,False,1,2024-06-13,2024-06-13,False,True,False,True,Drugs
GLOBAL DRUG SUPPLY,GLOBAL DRUG SUPPLY,unmatched,,,0,False,1,2016-12-13,2016-12-13,False,True,False,True,Drugs
GLP-1 Solution,GLP 1 SOLUTION,unmatched,,,0,False,1,2025-09-09,2025-09-09,False,True,False,True,Drugs
GOJO Industries LLC,GOJO INDUSTRIES,unmatched,,,0,False,1,2020-01-17,2020-01-17,False,True,False,True,Drugs
GPC Medical Ltd.,GPC MEDICAL,unmatched,,,0,False,1,2017-10-20,2017-10-20,True,False,False,True,Devices
GPT Pharmaceuticals Private Ltd,GPT PHARMACEUTICALS PRIVATE,unmatched,,,0,False,1,2019-12-17,2019-12-17,False,True,False,True,Drugs
GRAM Peptides,GRAM PEPTIDES,unmatched,,,0,False,1,2026-03-31,2026-03-31,False,True,False,True,Drugs
"GRANTECH CO., LTD.",GRANTECH,unmatched,,,0,False,1,2013-02-15,2013-02-15,True,False,False,True,Devices
GREAT INDIA OVERSEAS PVT LTD,GREAT INDIA OVERSEAS,unmatched,,,0,False,1,2026-06-17,2026-06-17,False,True,False,True,Drugs
"GRI Medical & Electronic Technology Co., Ltd.",GRI MEDICAL AND ELECTRONIC TECHNOLOGY,unmatched,,,0,False,1,2013-05-01,2013-05-01,True,False,False,True,Devices
GRUPO YACANA MEXICO SAS DE CV,GRUPO YACANA MEXICO SAS DE CV,unmatched,,,0,False,1,2021-01-26,2021-01-26,False,True,False,True,Drugs
GRUPO YPENZA DE MEXICO SA DE CV,GRUPO YPENZA DE MEXICO DE CV,unmatched,,,0,False,1,2023-12-21,2023-12-21,False,True,False,True,Drugs
GS Medical Packaging Inc,GS MEDICAL PACKAGING,unmatched,,,0,False,1,2013-06-12,2013-06-12,True,False,False,True,Devices
"GSCM Ventures, Inc",GSCM VENTURES,unmatched,,,0,False,1,2011-04-28,2011-04-28,False,True,False,True,Drugs
GTP International Corp,GTP,unmatched,,,0,False,1,2023-08-04,2023-08-04,False,True,False,True,Drugs
"GUANGDONG BIOLIGHT MEDITECH CO., LTD",GUANGDONG BIOLIGHT MEDITECH,unmatched,,,0,False,1,2013-01-02,2013-01-02,True,False,False,True,Devices
GUANGDONG KEMEI PHARMACEUTICAL TECHNOLOGY CO LTD,GUANGDONG KEMEI PHARMACEUTICAL TECHNOLOGY,unmatched,,,0,False,1,2021-12-14,2021-12-14,False,True,False,True,Drugs
"GVS Filter Technology UK, Ltd.",GVS FILTER TECHNOLOGY UK,unmatched,,,0,False,1,2015-01-23,2015-01-23,True,False,False,True,Devices
Gadal Laboratories Inc.,GADAL LABORATORIES,unmatched,,,0,False,1,2023-08-15,2023-08-15,False,True,False,True,Drugs
"Gadget Island, Inc",GADGET ISLAND,unmatched,,,0,False,1,2023-07-21,2023-07-21,False,True,False,True,Drugs
Gaia Arise Farms Apothecary,GAIA ARISE FARMS APOTHECARY,unmatched,,,0,False,1,2020-04-13,2020-04-13,False,True,False,True,Drugs
"Gaia's Whole Healing Essentials, LLC",GAIA S WHOLE HEALING ESSENTIALS,unmatched,,,0,False,2,2020-04-01,2022-02-01,False,True,False,True,Drugs
"Galderma Laboratories, L.P.",GALDERMA LABORATORIES L P,unmatched,,,0,False,1,2009-08-18,2009-08-18,False,True,False,True,Drugs
"GaleMed Xiamen Co., Ltd.",GALEMED XIAMEN,unmatched,,,0,False,1,2014-04-30,2014-04-30,True,False,False,True,Devices
Galloway Safety and Supply,GALLOWAY SAFETY AND SUPPLY,unmatched,,,0,False,1,2009-05-14,2009-05-14,True,False,False,True,Devices
"Galloway Technologies, LLC",GALLOWAY TECHNOLOGIES,unmatched,,,0,False,1,2011-08-25,2011-08-25,True,False,False,True,Devices
"Galt Pharmaceuticals, LLC",GALT PHARMACEUTICALS,unmatched,,,0,False,1,2019-09-13,2019-09-13,False,True,False,True,Drugs
Galyna / Ivan Podornikova,GALYNA IVAN PODORNIKOVA,unmatched,,,0,False,1,2011-09-27,2011-09-27,False,True,False,True,Drugs
Gambro Dasco SPA Monitors Division,GAMBRO DASCO MONITORS DIVISION,unmatched,,,0,False,1,2009-07-02,2009-07-02,True,False,False,True,Devices
Gambro Dialysatoren GmbH,GAMBRO DIALYSATOREN,unmatched,,,0,False,1,2009-09-04,2009-09-04,True,False,False,True,Devices
Gambro Renal Products S.A. de C.V.,GAMBRO RENAL PRODUCTS S A DE C V,unmatched,,,0,False,1,2009-07-02,2009-07-02,True,False,False,True,Devices
Gamucci,GAMUCCI,unmatched,,,0,False,1,2010-09-08,2010-09-08,False,True,False,True,Drugs
Gasco Industrial Corp.,GASCO INDUSTRIAL,unmatched,,,0,False,2,2016-02-11,2023-02-17,False,True,False,True,Drugs; Food/Cosmetics
Gaven Medical,GAVEN MEDICAL,unmatched,,,0,False,1,2009-06-26,2009-06-26,True,False,False,True,Devices
GenPak Solutions LLC,GENPAK SOLUTIONS,unmatched,,,0,False,1,2016-07-12,2016-07-12,False,True,False,True,Drugs
GenderBender LLC,GENDERBENDER,unmatched,,,0,False,1,2025-12-16,2025-12-16,True,False,False,True,Devices
General Devices Llc,GENERAL DEVICES,unmatched,,,0,False,1,2016-06-01,2016-06-01,True,False,False,True,Devices
General Project s.r.l.,GENERAL PROJECT S R L,unmatched,,,0,False,1,2011-05-16,2011-05-16,True,False,False,True,Devices
"Generic Medical Devices, Inc.",GENERIC MEDICAL DEVICES,unmatched,,,0,False,2,2011-04-28,2012-08-15,True,False,False,True,Devices
Generitech Corporation,GENERITECH,unmatched,,,0,False,1,2022-03-03,2022-03-03,False,True,False,True,Drugs
Genesis,GENESIS,unmatched,,,0,False,1,2026-02-20,2026-02-20,False,True,False,True,Drugs
Genesis 2 Church,GENESIS 2 CHURCH,unmatched,,,0,False,1,2020-04-08,2020-04-08,False,True,False,True,Drugs
"Genesis BPS, LLC.",GENESIS BPS,unmatched,,,0,False,1,2013-06-12,2013-06-12,True,False,False,True,Devices
"Genesis Biosystems, Inc",GENESIS BIOSYSTEMS,unmatched,,,0,False,1,2015-09-21,2015-09-21,True,False,False,True,Devices
Genesis Partnership Company SA,GENESIS PARTNERSHIP,unmatched,,,0,False,1,2021-12-29,2021-12-29,False,True,False,True,Drugs
Genetech Inc,GENETECH,unmatched,,,0,False,1,2018-12-18,2018-12-18,False,False,True,True,Biologics
Genetics & IVF Institute IRB,GENETICS AND IVF INSTITUTE IRB,unmatched,,,0,False,1,2009-12-23,2009-12-23,True,False,False,True,Devices
Genetrace,GENETRACE,unmatched,,,0,False,1,2026-01-08,2026-01-08,False,False,True,True,Biologics
Genlabmeds,GENLABMEDS,unmatched,,,0,False,1,2025-09-09,2025-09-09,False,True,False,True,Drugs
Genlabs Corporation,GENLABS,unmatched,,,0,False,1,2022-05-12,2022-05-12,False,True,False,True,Drugs
GenoGenix LLC,GENOGENIX,unmatched,,,0,False,1,2026-01-20,2026-01-20,False,True,False,True,Drugs
Genomma Lab Usa Inc,GENOMMA LAB,unmatched,,,0,False,1,2022-04-13,2022-04-13,False,True,False,True,Drugs
Genovate,GENOVATE,unmatched,,,0,False,1,2026-01-08,2026-01-08,False,False,True,True,Biologics
"Gentell, Inc",GENTELL,unmatched,,,0,False,1,2015-10-05,2015-10-05,True,False,False,True,Devices
"Gentherm Medical, LLC",GENTHERM MEDICAL,unmatched,,,0,False,1,2010-07-13,2010-07-13,True,False,False,True,Devices
"Gentuity, LLC",GENTUITY,unmatched,,,0,False,1,2026-07-02,2026-07-02,True,False,False,True,Devices
Genuine Virgin Aloe Corp,GENUINE VIRGIN ALOE,unmatched,,,0,False,1,2024-07-01,2024-07-01,False,True,False,True,Drugs
Genus Lifesciences Inc.,GENUS LIFESCIENCES,unmatched,,,0,False,3,2009-03-30,2011-07-15,False,True,False,True,Drugs
Genus Medical Technologies,GENUS MEDICAL TECHNOLOGIES,unmatched,,,0,False,1,2017-05-02,2017-05-02,False,True,False,True,Drugs
Genzyme Ireland Limited,GENZYME IRELAND,unmatched,,,0,False,1,2026-06-22,2026-06-22,False,False,True,True,Biologics
"George C. Velmahos, M.D., Ph.D",GEORGE C VELMAHOS M D PH D,unmatched,,,0,False,1,2013-11-29,2013-11-29,False,False,True,True,Biologics
"George J. Brewer, M.D.",GEORGE J BREWER M D,unmatched,,,0,False,1,2009-01-14,2009-01-14,False,True,False,True,Drugs
Germaphobix,GERMAPHOBIX,unmatched,,,0,False,1,2026-01-09,2026-01-09,False,False,True,True,Biologics
Geromatrix Nutraceutical Corporation,GEROMATRIX NUTRACEUTICAL,unmatched,,,0,False,1,2009-08-18,2009-08-18,False,True,False,True,Drugs
Get Fit Medical,GET FIT MEDICAL,unmatched,,,0,False,1,2025-09-09,2025-09-09,False,True,False,True,Drugs
Gexfix SA,GEXFIX,unmatched,,,0,False,1,2013-05-15,2013-05-15,True,False,False,True,Devices
"Gibson Laboratories, LLC",GIBSON LABORATORIES,unmatched,,,0,False,1,2009-11-03,2009-11-03,True,False,False,True,Devices
Gipsco Investment Corp,GIPSCO INVESTMENT,unmatched,,,0,False,1,2018-07-10,2018-07-10,False,True,False,True,Drugs
Gland Chemicals Private Limited,GLAND CHEMICALS PRIVATE,unmatched,,,0,False,2,2013-05-28,2019-03-04,False,True,False,True,Drugs
Glenmark Pharmaceuticals Inc USA,GLENMARK PHARMACEUTICALS,unmatched,,,0,False,1,2023-06-20,2023-06-20,False,True,False,True,Drugs
"Glenmark Pharmaceuticals Inc., USA",GLENMARK PHARMACEUTICALS,unmatched,,,0,False,3,2009-03-30,2010-03-16,False,True,False,True,Drugs
Glenmark Pharmaceuticals Limited,GLENMARK PHARMACEUTICALS,unmatched,,,0,False,3,2019-10-03,2025-07-11,False,True,False,True,Drugs
"Glicerinas Industriales, S.A de C.V",GLICERINAS INDUSTRIALES S A DE C V,unmatched,,,0,False,2,2022-06-14,2024-01-16,False,True,False,True,Drugs
Glint Cosmetics Private Ltd,GLINT COSMETICS PRIVATE,unmatched,,,0,False,1,2019-05-31,2019-05-31,False,True,False,True,Drugs
Global Calcium Pvt. Limited,GLOBAL CALCIUM,unmatched,,,0,False,1,2025-01-16,2025-01-16,False,True,False,True,Drugs
Global Cosmetics (China) Company Limited,GLOBAL COSMETICS CHINA,unmatched,,,0,False,1,2024-04-30,2024-04-30,False,True,False,True,Drugs
Global Life Technologies Corporation,GLOBAL LIFE TECHNOLOGIES,unmatched,,,0,False,2,2009-05-22,2024-02-06,False,True,False,True,Drugs
Global Medical Production Co Ltd,GLOBAL MEDICAL PRODUCTION,unmatched,,,0,False,2,2015-08-28,2021-11-15,True,False,False,True,Devices
Global Medical Technology SL,GLOBAL MEDICAL TECHNOLOGY SL,unmatched,,,0,False,1,2019-12-20,2019-12-20,True,False,False,True,Devices
Global Pharma Healthcare Private Limited,GLOBAL PHARMA HEALTHCARE PRIVATE,unmatched,,,0,False,1,2023-10-19,2023-10-19,False,True,False,True,Drugs
Global Sanitizers LLC,GLOBAL SANITIZERS,unmatched,,,0,False,1,2021-11-08,2021-11-08,False,True,False,True,Drugs
Global Treat Srl,GLOBAL TREAT,unmatched,,,0,False,1,2020-03-31,2020-03-31,False,True,False,True,Drugs
"Globe All Wellness, LLC",GLOBE ALL WELLNESS,unmatched,,,0,False,1,2012-02-06,2012-02-06,False,True,False,True,Drugs
Glottal Enterprises Inc.,GLOTTAL ENTERPRISES,unmatched,,,0,False,1,2013-04-23,2013-04-23,True,False,False,True,Devices
GlutaGenic,GLUTAGENIC,unmatched,,,0,False,1,2020-05-06,2020-05-06,False,True,False,True,Drugs
"Go Medical Industries Pty., Ltd.",GO MEDICAL INDUSTRIES PTY,unmatched,,,0,False,1,2011-12-23,2011-12-23,True,False,False,True,Devices
Gold Standard Diagnostics,GOLD STANDARD DIAGNOSTICS,unmatched,,,0,False,1,2014-04-25,2014-04-25,True,False,False,True,Devices
Golden State Medical Supply Inc.,GOLDEN STATE MEDICAL SUPPLY,unmatched,,,0,False,1,2011-04-26,2011-04-26,False,True,False,True,Drugs
Golean Detox US,GOLEAN DETOX,unmatched,,,0,False,1,2019-04-29,2019-04-29,False,True,False,True,Drugs
Good Girl LLC,GOOD GIRL,unmatched,,,0,False,1,2026-02-20,2026-02-20,False,True,False,True,Drugs
Gooten Innolife Corp,GOOTEN INNOLIFE,unmatched,,,0,False,1,2012-07-16,2012-07-16,True,False,False,True,Devices
Gopaldas Visram & Company Ltd.,GOPALDAS VISRAM AND,unmatched,,,0,False,1,2026-06-02,2026-06-02,False,True,False,True,Drugs
Goran Pharma Private Ltd,GORAN PHARMA PRIVATE,unmatched,,,0,False,1,2018-04-24,2018-04-24,False,True,False,True,Drugs
Gordon Laboratories Inc,GORDON LABORATORIES,unmatched,,,0,False,1,2022-08-17,2022-08-17,False,True,False,True,Drugs
"Gordon, Mark, M.D.",GORDON MARK M D,unmatched,,,0,False,1,2009-06-26,2009-06-26,False,True,False,True,Drugs
"Gottfried Medical, Inc.",GOTTFRIED MEDICAL,unmatched,,,0,False,1,2015-04-27,2015-04-27,True,False,False,True,Devices
Grace Analytical Lab Inc,GRACE ANALYTICAL LAB,unmatched,,,0,False,1,2019-11-19,2019-11-19,False,True,False,True,Drugs
Graftys,GRAFTYS,unmatched,,,0,False,1,2013-07-02,2013-07-02,True,False,False,True,Devices
Gramercy Fertility Services,GRAMERCY FERTILITY SERVICES,unmatched,,,0,False,1,2012-05-18,2012-05-18,False,False,True,True,Biologics
Grams Medical Inc.,GRAMS MEDICAL,unmatched,,,0,False,1,2016-03-17,2016-03-17,True,False,False,True,Devices
"Grandpa's Compounding Pharmacy, Inc.",GRANDPA S COMPOUNDING PHARMACY,unmatched,,,0,False,1,2014-05-02,2014-05-02,False,True,False,True,Drugs
"Greco Gas, Inc.",GRECO GAS,unmatched,,,0,False,1,2024-08-12,2024-08-12,False,True,False,True,Drugs
Green Hills Health and Wellness Pharmacy Inc,GREEN HILLS HEALTH AND WELLNESS PHARMACY,unmatched,,,0,False,1,2015-06-04,2015-06-04,False,True,False,True,Drugs
"Green Pharmaceutical Co., Ltd.",GREEN PHARMACEUTICAL,unmatched,,,0,False,1,2023-08-23,2023-08-23,False,True,False,True,Drugs
"Green Pharmaceuticals, Inc.",GREEN PHARMACEUTICALS,unmatched,,,0,False,1,2022-12-16,2022-12-16,False,True,False,True,Drugs
Green Planet Inc,GREEN PLANET,unmatched,,,0,False,1,2013-12-05,2013-12-05,False,True,False,True,Drugs
Green Valley Fertility Partners,GREEN VALLEY FERTILITY PARTNERS,unmatched,,,0,False,1,2025-12-03,2025-12-03,False,False,True,True,Biologics
Green Vitality,GREEN VITALITY,unmatched,,,0,False,1,2025-08-25,2025-08-25,False,True,False,True,Drugs
"Greenbrier International, Inc",GREENBRIER,unmatched,,,0,False,1,2019-11-07,2019-11-07,False,True,False,True,Drugs
Greenway Herbal Products LLC,GREENWAY HERBAL PRODUCTS,unmatched,,,0,False,1,2022-03-28,2022-03-28,False,True,False,True,Drugs
"Greer Laboratories, Inc.",GREER LABORATORIES,unmatched,,,0,False,1,2014-04-21,2014-04-21,False,False,True,True,Biologics
"Gregory J. Tracey, M.D.",GREGORY J TRACEY M D,unmatched,,,0,False,1,2015-10-06,2015-10-06,False,True,False,True,Drugs
Gregory Pharmaceutical Holdings Inc.,GREGORY PHARMACEUTICAL,unmatched,,,0,False,1,2009-10-08,2009-10-08,False,True,False,True,Drugs
Greiner Bio One Brasil Produtos Medicos Hospitalares Ltda.,GREINER BIO ONE BRASIL PRODUTOS MEDICOS HOSPITALARES LTDA,unmatched,,,0,False,1,2014-08-08,2014-08-08,True,False,False,True,Devices
"Greiner Bio-One North America, Inc.",GREINER BIO ONE NORTH AMERICA,unmatched,,,0,False,1,2020-04-16,2020-04-16,True,False,False,True,Devices
"Gresco Products, Inc.",GRESCO PRODUCTS,unmatched,,,0,False,1,2011-12-06,2011-12-06,True,False,False,True,Devices
Griffo Botanicals,GRIFFO BOTANICALS,unmatched,,,0,False,1,2020-10-07,2020-10-07,False,True,False,True,Drugs
"Grimann, S.A. de C.V.",GRIMANN S A DE C V,unmatched,,,0,False,1,2022-05-23,2022-05-23,False,True,False,True,Drugs
Grimm Scientific Industries,GRIMM SCIENTIFIC INDUSTRIES,unmatched,,,0,False,1,2012-06-19,2012-06-19,True,False,False,True,Devices
Grupo Asimex de Mexico SA de CV,GRUPO ASIMEX DE MEXICO DE CV,unmatched,,,0,False,1,2020-11-06,2020-11-06,False,True,False,True,Drugs
"Grupo Insoma, S.A.P.I de CV",GRUPO INSOMA S A P I DE CV,unmatched,,,0,False,1,2020-10-23,2020-10-23,False,True,False,True,Drugs
"Grupo Plast-Y-Kosas, SA de CV",GRUPO PLAST Y KOSAS DE CV,unmatched,,,0,False,1,2021-01-25,2021-01-25,False,True,False,True,Drugs
Grupo Quimico SRL,GRUPO QUIMICO,unmatched,,,0,False,1,2024-04-30,2024-04-30,False,True,False,True,Drugs
"Guangdong Baihe Medical Technology Co., Ltd",GUANGDONG BAIHE MEDICAL TECHNOLOGY,unmatched,,,0,False,1,2012-06-27,2012-06-27,True,False,False,True,Devices
"Guangdong Renhe Guozhuang Biotechnology Co., Ltd.",GUANGDONG RENHE GUOZHUANG BIOTECHNOLOGY,unmatched,,,0,False,1,2025-12-16,2025-12-16,False,True,False,True,Drugs
"Guangdong Zhanjiang Jimin Pharmaceutical Co., Ltd.",GUANGDONG ZHANJIANG JIMIN PHARMACEUTICAL,unmatched,,,0,False,1,2017-10-30,2017-10-30,False,True,False,True,Drugs
"Guangxi Nanning Zhenpeng Biotechnology Co., Ltd",GUANGXI NANNING ZHENPENG BIOTECHNOLOGY,unmatched,,,0,False,1,2025-01-16,2025-01-16,False,True,False,True,Drugs
Guangxi Yulin Pharmaceutical Group Co. Ltd.,GUANGXI YULIN PHARMACEUTICAL,unmatched,,,0,False,1,2025-09-30,2025-09-30,False,True,False,True,Drugs
Guangzhou Baiyunshan Jingxiutang Pharmaceutical Co. Ltd.,GUANGZHOU BAIYUNSHAN JINGXIUTANG PHARMACEUTICAL,unmatched,,,0,False,1,2024-08-01,2024-08-01,False,True,False,True,Drugs
"Guangzhou Baiyunshan Pharmaceutical Co., Ltd.",GUANGZHOU BAIYUNSHAN PHARMACEUTICAL,unmatched,,,0,False,1,2017-11-01,2017-11-01,False,True,False,True,Drugs
"Guangzhou Baiyunshan Zhongyi Pharmaceutical Co.,Ltd.",GUANGZHOU BAIYUNSHAN ZHONGYI PHARMACEUTICAL,unmatched,,,0,False,1,2021-10-14,2021-10-14,False,True,False,True,Drugs
"Guangzhou Four E's Scientific Co., Ltd",GUANGZHOU FOUR E S SCIENTIFIC,unmatched,,,0,False,1,2024-12-03,2024-12-03,False,True,False,True,Drugs
"Guangzhou Haishi Biological Technology Co., Ltd.",GUANGZHOU HAISHI BIOLOGICAL TECHNOLOGY,unmatched,,,0,False,1,2016-06-22,2016-06-22,False,True,False,True,Drugs
"Guangzhou Huli Technology Co., Ltd.",GUANGZHOU HULI TECHNOLOGY,unmatched,,,0,False,1,2026-03-31,2026-03-31,False,True,False,True,Drugs
"Guangzhou Minghui Cosmetics Co., Ltd.",GUANGZHOU MINGHUI COSMETICS,unmatched,,,0,False,1,2021-07-06,2021-07-06,False,True,False,True,Drugs
"Guangzhou Orchard Aromatherapy & Skin Care Co., Ltd.",GUANGZHOU ORCHARD AROMATHERAPY AND SKIN CARE,unmatched,,,0,False,1,2022-07-21,2022-07-21,False,True,False,True,Drugs
"Guangzhou Shiruoni Cosmetics Co., Ltd",GUANGZHOU SHIRUONI COSMETICS,unmatched,,,0,False,1,2021-12-07,2021-12-07,False,True,False,True,Drugs
"Guangzhou Tinci Materials Technology Co., Ltd.",GUANGZHOU TINCI MATERIALS TECHNOLOGY,unmatched,,,0,False,1,2020-01-23,2020-01-23,False,True,False,True,Drugs
"Guangzhou Youxing Cosmetic Co., Ltd",GUANGZHOU YOUXING COSMETIC,unmatched,,,0,False,1,2021-09-30,2021-09-30,False,True,False,True,Drugs
"Guangzhou Zhongkebaishi Health Industry Co., Ltd.",GUANGZHOU ZHONGKEBAISHI HEALTH INDUSTRY,unmatched,,,0,False,1,2022-04-19,2022-04-19,False,True,False,True,Drugs
"Guangzhou Zuofun Cosmetics Co., Ltd",GUANGZHOU ZUOFUN COSMETICS,unmatched,,,0,False,1,2024-06-13,2024-06-13,False,True,False,True,Drugs
"Guidewire Technologies, Inc.",GUIDEWIRE TECHNOLOGIES,unmatched,,,0,False,1,2010-02-26,2010-02-26,True,False,False,True,Devices
"Guilin Zizhu Latex Co., Ltd",GUILIN ZIZHU LATEX,unmatched,,,0,False,1,2015-08-14,2015-08-14,True,False,False,True,Devices
"Gulf Fiberoptics, Inc.",GULF FIBEROPTICS,unmatched,,,0,False,1,2011-07-28,2011-07-28,True,False,False,True,Devices
Gulf Pharmaceutical Industries - Julphar,GULF PHARMACEUTICAL INDUSTRIES JULPHAR,unmatched,,,0,False,1,2012-02-23,2012-02-23,False,True,False,True,Drugs
Gulf States International Inc,GULF STATES,unmatched,,,0,False,1,2023-09-12,2023-09-12,False,True,False,True,Drugs
Gulsah Uretim Kozmetik Sanayi Anonim Sirketi,GULSAH URETIM KOZMETIK SANAYI ANONIM SIRKETI,unmatched,,,0,False,1,2021-05-13,2021-05-13,False,True,False,True,Drugs
Guna Inc.,GUNA,unmatched,,,0,False,1,2018-01-11,2018-01-11,False,True,False,True,Drugs
Gunnell Llc,GUNNELL,unmatched,,,0,False,1,2010-11-09,2010-11-09,True,False,False,True,Devices
Gurunanda LLC,GURUNANDA,unmatched,,,0,False,1,2020-03-06,2020-03-06,False,True,False,True,Drugs
Gussyup LLC,GUSSYUP,unmatched,,,0,False,1,2025-07-09,2025-07-09,False,True,False,True,Drugs
Gyrus Medical Ltd.,GYRUS MEDICAL,unmatched,,,0,False,1,2011-01-10,2011-01-10,True,False,False,True,Devices
"H & A Mui Enterprises, Inc.",H AND A MUI ENTERPRISES,unmatched,,,0,False,1,2011-11-22,2011-11-22,True,False,False,True,Devices
H & H Medical,H AND H MEDICAL,unmatched,,,0,False,1,2012-04-30,2012-04-30,True,False,False,True,Devices
"H & H Wholesale Services, Inc.",H AND H WHOLESALE SERVICES,unmatched,,,0,False,1,2012-03-27,2012-03-27,True,False,False,True,Devices
"H & P Industries, Inc.",H AND P INDUSTRIES,unmatched,,,0,False,1,2009-06-24,2009-06-24,False,True,False,True,Drugs
H & S GMP Factory,H AND S GMP FACTORY,unmatched,,,0,False,1,2011-07-14,2011-07-14,False,True,False,True,Drugs
H-Lab Life,H LAB LIFE,unmatched,,,0,False,1,2020-08-07,2020-08-07,False,True,False,True,Drugs
HADASSAH HEALING O,HADASSAH HEALING O,unmatched,,,0,False,1,2026-06-17,2026-06-17,False,True,False,True,Drugs
HALODERM INC,HALODERM,unmatched,,,0,False,1,2020-10-06,2020-10-06,False,True,False,True,Drugs
HANDELNINE GLOBAL LLC,HANDELNINE GLOBAL,unmatched,,,0,False,1,2025-11-17,2025-11-17,False,True,False,True,Drugs
HANDELNINE GLOBAL LLP,HANDELNINE GLOBAL,unmatched,,,0,False,1,2025-11-17,2025-11-17,False,True,False,True,Drugs
"HANDSOME INDUSTRIAL (H.K.) CO., LTD",HANDSOME INDUSTRIAL H K,unmatched,,,0,False,1,2014-08-04,2014-08-04,True,False,False,True,Devices
HARDCORE FORMULATIONS,HARDCORE FORMULATIONS,unmatched,,,0,False,1,2017-06-05,2017-06-05,False,True,False,True,Drugs
HARMONIC NATURE S DE RL MI,HARMONIC NATURE S DE RL MI,unmatched,,,0,False,1,2020-11-16,2020-11-16,False,True,False,True,Drugs
"HCG Diet Direct, LLC",HCG DIET DIRECT,unmatched,,,0,False,1,2011-11-28,2011-11-28,False,True,False,True,Drugs
HEALTHIUM MEDTECH LIMITED,HEALTHIUM MEDTECH,unmatched,,,0,False,1,2010-09-03,2010-09-03,True,False,False,True,Devices
HERBAL DERMALS LTD,HERBAL DERMALS,unmatched,,,0,False,1,2026-06-17,2026-06-17,False,True,False,True,Drugs
HHCS Pharmacy Inc.,HHCS PHARMACY,unmatched,,,0,False,1,2015-05-14,2015-05-14,False,True,False,True,Drugs
HIMS INC,HIMS,unmatched,,,0,False,2,2025-09-09,2025-09-09,False,True,False,True,Drugs
HIS ENTERPRISE INC,HIS ENTERPRISE,unmatched,,,0,False,1,2023-01-10,2023-01-10,False,True,False,True,Drugs
HLS International Sdn. Bhd.,HLS SDN BHD,unmatched,,,0,False,1,2013-07-15,2013-07-15,False,True,False,True,Drugs
HMD Biomedical Inc.,HMD BIOMEDICAL,unmatched,,,0,False,1,2016-08-31,2016-08-31,True,False,False,True,Devices
HNC Products Inc.,HNC PRODUCTS,unmatched,,,0,False,1,2020-09-10,2020-09-10,False,True,False,True,Drugs
HORIZON TOOL INC,HORIZON TOOL,unmatched,,,0,False,1,2025-06-06,2025-06-06,False,True,False,True,Drugs
HOYA Corporation PENTAX Miyagi Factory,HOYA PENTAX MIYAGI FACTORY,unmatched,,,0,False,1,2015-08-12,2015-08-12,True,False,False,True,Devices
HTO Nevada Inc. dba Kirkman,HTO NEVADA KIRKMAN,unmatched,,,0,False,2,2016-01-13,2026-01-27,False,True,False,True,Drugs
HUBEI HONGKANG PROTECTIVE PRODUCTS CO,HUBEI HONGKANG PROTECTIVE PRODUCTS,unmatched,,,0,False,1,2016-09-15,2016-09-15,True,False,False,True,Devices
HUMAN SCIENCE FOUNDATION,HUMAN SCIENCE FOUNDATION,unmatched,,,0,False,1,2014-08-18,2014-08-18,False,True,False,True,Drugs
HYALURON PEN STORE LLC,HYALURON PEN STORE,unmatched,,,0,False,1,2025-03-03,2025-03-03,False,True,False,True,Drugs
Haemoscope Division of Haemonetics Corp,HAEMOSCOPE DIVISION OF HAEMONETICS,unmatched,,,0,False,1,2008-12-04,2008-12-04,True,False,False,True,Devices
"Hair Labs International, Inc.",HAIR LABS,unmatched,,,0,False,1,2013-08-09,2013-08-09,True,False,False,True,Devices
Halodine LLC,HALODINE,unmatched,,,0,False,1,2021-07-07,2021-07-07,False,True,False,True,Drugs
"Halodine, LLC",HALODINE,unmatched,,,0,False,1,2021-07-07,2021-07-07,False,True,False,True,Drugs
Halosense Inc.,HALOSENSE,unmatched,,,0,False,1,2020-03-30,2020-03-30,False,True,False,True,Drugs
Hammill Manufacturing Company,HAMMILL MANUFACTURING,unmatched,,,0,False,1,2009-01-06,2009-01-06,True,False,False,True,Devices
"Han C. Phan, M.D.",HAN C PHAN M D,unmatched,,,0,False,1,2024-11-27,2024-11-27,False,True,False,True,Drugs
"HanChuan FuMo Plastics Co., Ltd.",HANCHUAN FUMO PLASTICS,unmatched,,,0,False,1,2015-05-13,2015-05-13,True,False,False,True,Devices
"Hanbul Cosmetics Co., Ltd",HANBUL COSMETICS,unmatched,,,0,False,1,2018-03-29,2018-03-29,False,True,False,True,Drugs
"Hand Biomechanics Lab, Inc.",HAND BIOMECHANICS LAB,unmatched,,,0,False,1,2017-11-16,2017-11-16,True,False,False,True,Devices
"Handock Cosmetics Co., Ltd.",HANDOCK COSMETICS,unmatched,,,0,False,1,2023-10-04,2023-10-04,False,True,False,True,Drugs
Hangzhou Badi Daily Use Chemical Company,HANGZHOU BADI DAILY USE CHEMICAL,unmatched,,,0,False,1,2019-08-29,2019-08-29,False,True,False,True,Drugs
"Hangzhou Facecare Cosmetics Co., Ltd.",HANGZHOU FACECARE COSMETICS,unmatched,,,0,False,1,2017-11-17,2017-11-17,False,True,False,True,Drugs
"Hangzhou Glamcos Biotech Co., Ltd.",HANGZHOU GLAMCOS BIOTECH,unmatched,,,0,False,1,2024-10-07,2024-10-07,False,True,False,True,Drugs
"Hangzhou Guoguang Touring Commodity Co.,Ltd.",HANGZHOU GUOGUANG TOURING COMMODITY,unmatched,,,0,False,1,2018-12-14,2018-12-14,False,True,False,True,Drugs
"Hangzhou Huiji Biotechnology Co., Ltd.",HANGZHOU HUIJI BIOTECHNOLOGY,unmatched,,,0,False,1,2024-11-18,2024-11-18,False,True,False,True,Drugs
"Hangzhou Jinlin Medical Appliances Co., Ltd.",HANGZHOU JINLIN MEDICAL APPLIANCES,unmatched,,,0,False,1,2012-12-13,2012-12-13,True,False,False,True,Devices
"Hangzhou Karic Commodities Co., Ltd.",HANGZHOU KARIC COMMODITIES,unmatched,,,0,False,1,2018-07-31,2018-07-31,False,True,False,True,Drugs
"Hangzhou Linkeweier Daily Chemicals Co., Ltd.",HANGZHOU LINKEWEIER DAILY CHEMICALS,unmatched,,,0,False,1,2020-03-13,2020-03-13,False,True,False,True,Drugs
"Hangzhou SunKing Nonwovens Co., Ltd.",HANGZHOU SUNKING NONWOVENS,unmatched,,,0,False,1,2019-01-29,2019-01-29,False,True,False,True,Drugs
"Hangzhou Yiqi Biotechnology Co., Ltd",HANGZHOU YIQI BIOTECHNOLOGY,unmatched,,,0,False,1,2026-04-15,2026-04-15,False,True,False,True,Drugs
"Hangzhou Zhongbo Industrial Co., Ltd.",HANGZHOU ZHONGBO INDUSTRIAL,unmatched,,,0,False,1,2018-11-27,2018-11-27,False,True,False,True,Drugs
Hanlim Pharm Co. Ltd.,HANLIM PHARM,unmatched,,,0,False,1,2018-10-03,2018-10-03,False,True,False,True,Drugs
"Happiest Baby, Inc",HAPPIEST BABY,unmatched,,,0,False,1,2026-06-15,2026-06-15,True,False,False,True,Devices
"Harbin Jixianglong Biotech Co., Ltd.",HARBIN JIXIANGLONG BIOTECH,unmatched,,,0,False,1,2026-05-01,2026-05-01,False,True,False,True,Drugs
Hard Steel,HARD STEEL,unmatched,,,0,False,1,2024-09-26,2024-09-26,False,True,False,True,Drugs
Hardcore Formalations,HARDCORE FORMALATIONS,unmatched,,,0,False,1,2017-06-05,2017-06-05,False,True,False,True,Drugs
Harmony Cone,HARMONY CONE,unmatched,,,0,False,1,2010-02-17,2010-02-17,True,False,False,True,Devices
Harper Meds,HARPER MEDS,unmatched,,,0,False,1,2026-06-08,2026-06-08,False,True,False,True,Drugs
"Harris, Barbara A",HARRIS BARBARA A,unmatched,,,0,False,1,2009-07-27,2009-07-27,False,True,False,True,Drugs
"Hartley Medical Center Pharmacy, Incorporated",HARTLEY MEDICAL CENTER PHARMACY,unmatched,,,0,False,1,2016-04-21,2016-04-21,False,True,False,True,Drugs
Haw Par Healthcare Limited,HAW PAR HEALTHCARE,unmatched,,,0,False,2,2010-07-20,2019-08-19,False,True,False,True,Drugs
Hawaii Health Systems Corporation dba Kona Community Hospital Pharmacy,HAWAII HEALTH SYSTEMS KONA COMMUNITY HOSPITAL PHARMACY,unmatched,,,0,False,1,2021-02-02,2021-02-02,False,True,False,True,Drugs
"Hawk Dok Natural Salve, LLC",HAWK DOK NATURAL SALVE,unmatched,,,0,False,1,2017-04-17,2017-04-17,False,True,False,True,Drugs
Hawkeye Jensen Inc,HAWKEYE JENSEN,unmatched,,,0,False,1,2011-02-08,2011-02-08,False,True,False,True,Drugs
Hcg-miracleweightloss.com,HCG MIRACLEWEIGHTLOSS COM,unmatched,,,0,False,1,2011-11-28,2011-11-28,False,True,False,True,Drugs
He Gao Plastic Factory,HE GAO PLASTIC FACTORY,unmatched,,,0,False,1,2012-03-20,2012-03-20,True,False,False,True,Devices
HealBerry,HEALBERRY,unmatched,,,0,False,1,2025-09-09,2025-09-09,False,True,False,True,Drugs
"Healex Products, Inc.",HEALEX PRODUCTS,unmatched,,,0,False,1,2010-08-19,2010-08-19,True,False,False,True,Devices
Healgen Scientific LLC,HEALGEN SCIENTIFIC,unmatched,,,0,False,1,2009-07-30,2009-07-30,True,False,False,True,Devices
"Healing Dives, Inc.",HEALING DIVES,unmatched,,,0,False,1,2013-08-08,2013-08-08,True,False,False,True,Devices
"Healing Within Products & Services, Inc.",HEALING WITHIN PRODUCTS AND SERVICES,unmatched,,,0,False,1,2017-04-17,2017-04-17,False,True,False,True,Drugs
Health & Beauty Group Inc.,HEALTH AND BEAUTY,unmatched,,,0,False,1,2012-10-24,2012-10-24,False,True,False,True,Drugs
Health And Natural Beauty USA Corp,HEALTH AND NATURAL BEAUTY,unmatched,,,0,False,1,2025-07-28,2025-07-28,False,True,False,True,Drugs
Health Beauty Love,HEALTH BEAUTY LOVE,unmatched,,,0,False,1,2020-07-10,2020-07-10,False,True,False,True,Drugs
Health Care Products,HEALTH CARE PRODUCTS,unmatched,,,0,False,1,2013-07-15,2013-07-15,False,True,False,True,Drugs
"Health Innovations Pharmacy, Inc",HEALTH INNOVATIONS PHARMACY,unmatched,,,0,False,1,2016-07-08,2016-07-08,False,True,False,True,Drugs
Health Mastery Systems DBA Pure Plant Essentials,HEALTH MASTERY SYSTEMS PURE PLANT ESSENTIALS,unmatched,,,0,False,1,2020-04-01,2020-04-01,False,True,False,True,Drugs
Health Partners Neuroscience Center Research and Innovation,HEALTH PARTNERS NEUROSCIENCE CENTER RESEARCH AND INNOVATION,unmatched,,,0,False,1,2026-05-19,2026-05-19,False,True,False,True,Drugs
Health Pharma USA LLC,HEALTH PHARMA,unmatched,,,0,False,1,2019-12-18,2019-12-18,False,True,False,True,Drugs
Health Plus Incorporated,HEALTH PLUS,unmatched,,,0,False,1,2021-12-29,2021-12-29,False,True,False,True,Drugs
Health Robotics Srl,HEALTH ROBOTICS,unmatched,,,0,False,1,2011-03-14,2011-03-14,True,False,False,True,Devices
Health Science Products Inc,HEALTH SCIENCE PRODUCTS,unmatched,,,0,False,2,2012-01-12,2014-08-27,True,False,False,True,Devices
Health Specialty,HEALTH SPECIALTY,unmatched,,,0,False,1,2024-04-15,2024-04-15,False,True,False,True,Drugs
"Health, Wealth, & Happiness",HEALTH WEALTH AND HAPPINESS,unmatched,,,0,False,1,2010-02-17,2010-02-17,True,False,False,True,Devices
"Health-Chem Acquisitions, LLC",HEALTH CHEM ACQUISITIONS,unmatched,,,0,False,1,2017-12-07,2017-12-07,True,False,False,True,Devices
"Health-Mor, Inc",HEALTH MOR,unmatched,,,0,False,1,2010-02-23,2010-02-23,True,False,False,True,Devices
HealthMEDS INC,HEALTHMEDS,unmatched,,,0,False,1,2021-09-29,2021-09-29,False,True,False,True,Drugs
Healthon Inc.,HEALTHON,unmatched,,,0,False,1,2025-09-09,2025-09-09,False,True,False,True,Drugs
"Healthy Body Forero, Inc.",HEALTHY BODY FORERO,unmatched,,,0,False,1,2010-03-15,2010-03-15,False,True,False,True,Drugs
Healthy Choice Compounding LLC,HEALTHY CHOICE COMPOUNDING,unmatched,,,0,False,1,2018-05-31,2018-05-31,False,True,False,True,Drugs
Healthy Foods & Nutrition Lab de Mexico S.A. de C.V.,HEALTHY FOODS AND NUTRITION LAB DE MEXICO S A DE C V,unmatched,,,0,False,1,2021-09-29,2021-09-29,False,True,False,True,Drugs
Healthy Male,HEALTHY MALE,unmatched,,,0,False,1,2025-09-09,2025-09-09,False,True,False,True,Drugs
Healthy People Co,HEALTHY PEOPLE,unmatched,,,0,False,1,2012-09-28,2012-09-28,False,True,False,True,Drugs
HealthyHempOil.com,HEALTHYHEMPOIL COM,unmatched,,,0,False,1,2016-02-04,2016-02-04,False,True,False,True,Drugs
Healwell Homeo Private Limited,HEALWELL HOMEO PRIVATE,unmatched,,,0,False,1,2025-06-12,2025-06-12,False,True,False,True,Drugs
Heartland Laboratory and Andrology Services,HEARTLAND LABORATORY AND ANDROLOGY SERVICES,unmatched,,,0,False,1,2008-10-09,2008-10-09,False,False,True,True,Biologics
Heartsine Technologies Inc,HEARTSINE TECHNOLOGIES,unmatched,,,0,False,2,2009-12-10,2014-02-03,True,False,False,True,Devices
"Heartway Medical Products Co., Ltd.",HEARTWAY MEDICAL PRODUCTS,unmatched,,,0,False,1,2012-03-07,2012-03-07,True,False,False,True,Devices
Heaven's Organics LLC,HEAVEN S ORGANICS,unmatched,,,0,False,1,2022-03-28,2022-03-28,False,True,False,True,Drugs
"Hebei Pukang Medical Instruments Co., Ltd.",HEBEI PUKANG MEDICAL INSTRUMENTS,unmatched,,,0,False,1,2017-03-29,2017-03-29,True,False,False,True,Devices
"Helen K. Wu, M.D.",HELEN K WU M D,unmatched,,,0,False,1,2010-02-12,2010-02-12,True,False,False,True,Devices
"Helica Instruments, Ltd.",HELICA INSTRUMENTS,unmatched,,,0,False,1,2016-05-13,2016-05-13,True,False,False,True,Devices
"Hello Cake, Inc.",HELLO CAKE,unmatched,,,0,False,1,2025-09-09,2025-09-09,False,True,False,True,Drugs
Hemarus LLC,HEMARUS,unmatched,,,0,False,1,2024-10-08,2024-10-08,False,False,True,True,Biologics
Hemofarm AD Vrsac,HEMOFARM AD VRSAC,unmatched,,,0,False,1,2012-06-20,2012-06-20,False,True,False,True,Drugs
Hemp Oil Care,HEMP OIL CARE,unmatched,,,0,False,1,2015-02-26,2015-02-26,False,True,False,True,Drugs
Henan Kangdi Medical Devices Co. Ltd,HENAN KANGDI MEDICAL DEVICES,unmatched,,,0,False,1,2019-12-03,2019-12-03,False,True,False,True,Drugs
"Henan Lihua Pharmaceutical Co., Ltd.",HENAN LIHUA PHARMACEUTICAL,unmatched,,,0,False,1,2018-06-12,2018-06-12,False,True,False,True,Drugs
"Henan Lvyuan Pharmaceutical Co., Ltd.",HENAN LVYUAN PHARMACEUTICAL,unmatched,,,0,False,1,2026-03-26,2026-03-26,False,True,False,True,Drugs
"Henry A Frazer, Pharm D, Clinical Investigator",HENRY A FRAZER PHARM D CLINICAL INVESTIGATOR,unmatched,,,0,False,1,2013-06-05,2013-06-05,False,True,False,True,Drugs
Heraeus Kulzer GmbH,HERAEUS KULZER,unmatched,,,0,False,1,2011-06-16,2011-06-16,True,False,False,True,Devices
Herbal Dermals LLC FZ,HERBAL DERMALS FZ,unmatched,,,0,False,1,2026-06-17,2026-06-17,False,True,False,True,Drugs
Herbal Doctor Remedies,HERBAL DOCTOR REMEDIES,unmatched,,,0,False,2,2017-05-25,2019-10-04,False,True,False,True,Drugs
Herbs of Kedem,HERBS OF KEDEM,unmatched,,,0,False,1,2020-04-10,2020-04-10,False,True,False,True,Drugs
"Herbs, Heirlooms and Homebrew, too",HERBS HEIRLOOMS AND HOMEBREW TOO,unmatched,,,0,False,1,2010-02-17,2010-02-17,True,False,False,True,Devices
Herbsens Botanicals,HERBSENS BOTANICALS,unmatched,,,0,False,1,2022-06-30,2022-06-30,False,True,False,True,Drugs
Heritage Pharmaceuticals Inc,HERITAGE PHARMACEUTICALS,unmatched,,,0,False,1,2015-11-05,2015-11-05,False,True,False,True,Drugs
"Herman A. Jenkins, MD",HERMAN A JENKINS MD,unmatched,,,0,False,1,2010-08-16,2010-08-16,True,False,False,True,Devices
Herniamesh S.r.l,HERNIAMESH S R L,unmatched,,,0,False,1,2015-11-23,2015-11-23,True,False,False,True,Devices
Hetero Labs Limited (Unit V),HETERO LABS UNIT V,unmatched,,,0,False,1,2017-08-15,2017-08-15,False,True,False,True,Drugs
Hevert Pharmaceuticals LLC USA,HEVERT PHARMACEUTICALS,unmatched,,,0,False,1,2020-06-11,2020-06-11,False,True,False,True,Drugs
"High Chemical Company, Div of National Generic Distributors",HIGH CHEMICAL DIV OF NATIONAL GENERIC DISTRIBUTORS,unmatched,,,0,False,1,2019-07-02,2019-07-02,False,True,False,True,Drugs
High Spot Health Technology Co. Ltd.,HIGH SPOT HEALTH TECHNOLOGY,unmatched,,,0,False,1,2015-08-25,2015-08-25,True,False,False,True,Devices
"Higley Industries, Inc.",HIGLEY INDUSTRIES,unmatched,,,0,False,1,2024-02-22,2024-02-22,False,True,False,True,Drugs
"Hijazi, Saad, M.D.",HIJAZI SAAD M D,unmatched,,,0,False,1,2009-05-19,2009-05-19,False,True,False,True,Drugs
Hikal Limited,HIKAL,unmatched,,,0,False,1,2025-08-20,2025-08-20,False,True,False,True,Drugs
"Hikma Farmaceutica, (Portugal) S.A.",HIKMA FARMACEUTICA PORTUGAL S A,unmatched,,,0,False,1,2014-10-21,2014-10-21,False,True,False,True,Drugs
Hikma Pharmaceuticals USA INC.,HIKMA PHARMACEUTICALS,unmatched,,,0,False,2,2009-03-30,2009-03-30,False,True,False,True,Drugs
"Hikma Pharmaceuticals USA, Inc.",HIKMA PHARMACEUTICALS,unmatched,,,0,False,1,2012-02-06,2012-02-06,False,True,False,True,Drugs
"Hill Dermaceuticals, Inc.",HILL DERMACEUTICALS,unmatched,,,0,False,3,2009-04-27,2010-12-03,False,True,False,True,Drugs
Hindustan Syringes & Medical Devices Ltd.,HINDUSTAN SYRINGES AND MEDICAL DEVICES,unmatched,,,0,False,1,2016-05-13,2016-05-13,True,False,False,True,Devices
Hiossen Inc.,HIOSSEN,unmatched,,,0,False,1,2012-10-05,2012-10-05,True,False,False,True,Devices
His Sales,HIS SALES,unmatched,,,0,False,1,2023-01-10,2023-01-10,False,True,False,True,Drugs
Holistic Healing Devices,HOLISTIC HEALING DEVICES,unmatched,,,0,False,1,2010-01-11,2010-01-11,True,False,False,True,Devices
Holistic Health International,HOLISTIC HEALTH,unmatched,,,0,False,1,2020-07-24,2020-07-24,True,False,False,True,Devices
"Home Care Pharmacy of Palm Coast, Inc.",HOME CARE PHARMACY OF PALM COAST,unmatched,,,0,False,1,2017-08-31,2017-08-31,False,True,False,True,Drugs
Home Care Technology USA Inc,HOME CARE TECHNOLOGY,unmatched,,,0,False,1,2012-02-13,2012-02-13,True,False,False,True,Devices
Home Remedies Solutions,HOME REMEDIES SOLUTIONS,unmatched,,,0,False,1,2010-02-17,2010-02-17,True,False,False,True,Devices
HomeChoice Partners dba BioScript Infusion Services,HOMECHOICE PARTNERS BIOSCRIPT INFUSION SERVICES,unmatched,,,0,False,1,2020-04-09,2020-04-09,False,True,False,True,Drugs
"Homeocare Laboratories, Inc.",HOMEOCARE LABORATORIES,unmatched,,,0,False,2,2017-09-07,2020-06-22,False,True,False,True,Drugs
Homeolab USA Inc.,HOMEOLAB,unmatched,,,0,False,2,2013-09-19,2017-08-02,False,True,False,True,Drugs
Homeomart Indibuy,HOMEOMART INDIBUY,unmatched,,,0,False,1,2020-04-01,2020-04-01,False,True,False,True,Drugs
Homeopathic Educational,HOMEOPATHIC EDUCATIONAL,unmatched,,,0,False,1,2025-08-25,2025-08-25,False,True,False,True,Drugs
Homeopathy For Health,HOMEOPATHY FOR HEALTH,unmatched,,,0,False,1,2010-06-08,2010-06-08,False,True,False,True,Drugs
HomeopathyStore.com,HOMEOPATHYSTORE COM,unmatched,,,0,False,1,2015-07-06,2015-07-06,False,False,True,True,Biologics
Homero Corp DBA Natures CBD Oil Distribution,HOMERO NATURES CBD OIL DISTRIBUTION,unmatched,,,0,False,1,2020-04-20,2020-04-20,False,True,False,True,Drugs
"Honest Globe, Inc.",HONEST GLOBE,unmatched,,,0,False,1,2021-03-18,2021-03-18,False,True,False,True,Drugs
HoneyColony LLC,HONEYCOLONY,unmatched,,,0,False,1,2020-05-04,2020-05-04,False,True,False,True,Drugs
Hopewell Essential Oils,HOPEWELL ESSENTIAL OILS,unmatched,,,0,False,1,2020-04-27,2020-04-27,False,True,False,True,Drugs
Horiba Instruments Incorporated,HORIBA INSTRUMENTS,unmatched,,,0,False,1,2012-07-25,2012-07-25,True,False,False,True,Devices
"Horizon Pharmaceuticals, Inc.",HORIZON PHARMACEUTICALS,unmatched,,,0,False,1,2016-12-23,2016-12-23,False,True,False,True,Drugs
"Hormonal Health, Llc",HORMONAL HEALTH,unmatched,,,0,False,1,2010-10-12,2010-10-12,False,True,False,True,Drugs
Hospira Australia Pty Ltd.,HOSPIRA AUSTRALIA PTY,unmatched,,,0,False,1,2014-09-26,2014-09-26,False,True,False,True,Drugs
Hospital Bella Vista,HOSPITAL BELLA VISTA,unmatched,,,0,False,1,2011-09-13,2011-09-13,True,False,False,True,Devices
"Hou Fu Biotech (Jiangsu) Co., Ltd",HOU FU BIOTECH JIANGSU,unmatched,,,0,False,1,2021-04-12,2021-04-12,False,True,False,True,Drugs
Howard Instruments Inc,HOWARD INSTRUMENTS,unmatched,,,0,False,1,2009-05-12,2009-05-12,True,False,False,True,Devices
Howard L Lippton M D,HOWARD L LIPPTON M D,unmatched,,,0,False,1,2010-10-20,2010-10-20,False,True,False,True,Drugs
"Howard M. Gross, M.D.",HOWARD M GROSS M D,unmatched,,,0,False,1,2015-06-29,2015-06-29,False,True,False,True,Drugs
Howard Phillips LLC dba Phillips Co.,HOWARD PHILLIPS PHILLIPS,unmatched,,,0,False,1,2017-05-08,2017-05-08,False,True,False,True,Drugs
Hoya Corporation - Pentax Life Division,HOYA PENTAX LIFE DIVISION,unmatched,,,0,False,2,2018-03-09,2023-01-01,True,False,False,True,Devices
"Hoya Surgical Optics, Inc.",HOYA SURGICAL OPTICS,unmatched,,,0,False,1,2011-08-02,2011-08-02,True,False,False,True,Devices
"Hsmg, Inc. D/b/a Smartinfuser Usa",HSMG D B A SMARTINFUSER,unmatched,,,0,False,1,2010-07-29,2010-07-29,True,False,False,True,Devices
"Hua Da Trading, Inc. dba Wefun Inc.",HUA DA TRADING WEFUN,unmatched,,,0,False,1,2023-12-20,2023-12-20,False,True,False,True,Drugs
"Huaian Zongheng Bio-Tech Co., Ltd",HUAIAN ZONGHENG BIO TECH,unmatched,,,0,False,1,2020-01-09,2020-01-09,False,True,False,True,Drugs
"Huaiyin Medical Instruments Co., Ltd.",HUAIYIN MEDICAL INSTRUMENTS,unmatched,,,0,False,1,2009-11-20,2009-11-20,True,False,False,True,Devices
"Huangshi Hygienic Material Medicine Co., Ltd.",HUANGSHI HYGIENIC MATERIAL MEDICINE,unmatched,,,0,False,1,2025-03-24,2025-03-24,False,True,False,True,Drugs
"Hubei Danao Pharmaceutical Co., Ltd.",HUBEI DANAO PHARMACEUTICAL,unmatched,,,0,False,1,2017-11-06,2017-11-06,False,True,False,True,Drugs
"Hubei Gedian Humanwell Pharmaceutical Co., Ltd.",HUBEI GEDIAN HUMANWELL PHARMACEUTICAL,unmatched,,,0,False,1,2026-06-03,2026-06-03,False,True,False,True,Drugs
"Hubei Kangzheng Pharmaceutical Co., Ltd.",HUBEI KANGZHENG PHARMACEUTICAL,unmatched,,,0,False,1,2021-11-23,2021-11-23,False,True,False,True,Drugs
"Hubei Weikang Protective Products Co., Ltd.",HUBEI WEIKANG PROTECTIVE PRODUCTS,unmatched,,,0,False,2,2013-08-12,2015-10-06,True,False,False,True,Devices
Hudson Radiology Center,HUDSON RADIOLOGY CENTER,unmatched,,,0,False,1,2014-01-28,2014-01-28,True,False,False,True,Devices
Huestis Machine Corporation,HUESTIS MACHINE,unmatched,,,0,False,1,2013-08-06,2013-08-06,True,False,False,True,Devices
"Human Biosciences, Inc.",HUMAN BIOSCIENCES,unmatched,,,0,False,1,2012-05-10,2012-05-10,True,False,False,True,Devices
Human Microbes,HUMAN MICROBES,unmatched,,,0,False,1,2024-02-13,2024-02-13,False,False,True,True,Biologics
Hunan Norchem Pharmaceutical Co. Ltd.,HUNAN NORCHEM PHARMACEUTICAL,unmatched,,,0,False,1,2018-01-09,2018-01-09,False,True,False,True,Drugs
"Hunter, D",HUNTER D,unmatched,,,0,False,1,2009-11-17,2009-11-17,False,True,False,True,Drugs
Huntington Beach Sunset Inc.,HUNTINGTON BEACH SUNSET,unmatched,,,0,False,1,2009-05-14,2009-05-14,True,False,False,True,Devices
"Huons Co., Ltd.",HUONS,unmatched,,,0,False,1,2026-06-15,2026-06-15,False,True,False,True,Drugs
"Huron Pharmaceuticals, Inc.",HURON PHARMACEUTICALS,unmatched,,,0,False,1,2017-04-21,2017-04-21,False,True,False,True,Drugs
Huzhou Aupower Sanitary Commodity,HUZHOU AUPOWER SANITARY COMMODITY,unmatched,,,0,False,1,2016-08-10,2016-08-10,False,True,False,True,Drugs
Hyaluron Pen Store,HYALURON PEN STORE,unmatched,,,0,False,1,2025-03-03,2025-03-03,False,True,False,True,Drugs
Hybrid Pharma LLC,HYBRID PHARMA,unmatched,,,0,False,2,2018-11-30,2022-06-07,False,True,False,True,Drugs
HydraMed,HYDRAMED,unmatched,,,0,False,1,2026-06-08,2026-06-08,False,True,False,True,Drugs
Hydroxie LLC,HYDROXIE,unmatched,,,0,False,1,2025-06-25,2025-06-25,False,True,False,True,Drugs
"Hygienic Labs, LLC.",HYGIENIC LABS,unmatched,,,0,False,1,2023-09-19,2023-09-19,False,True,False,True,Drugs
Hyland's Consumer Health Inc.,HYLAND S CONSUMER HEALTH,unmatched,,,0,False,2,2011-05-02,2013-09-25,False,True,False,True,Drugs
Hyperbaric For Life Llc.com,HYPERBARIC FOR LIFE COM,unmatched,,,0,False,1,2010-05-20,2010-05-20,True,False,False,True,Devices
Hyperbaric Options,HYPERBARIC OPTIONS,unmatched,,,0,False,1,2013-08-08,2013-08-08,True,False,False,True,Devices
Hyperion Medical Technologies Inc,HYPERION MEDICAL TECHNOLOGIES,unmatched,,,0,False,1,2013-11-20,2013-11-20,True,False,False,True,Devices
Hyphen BioMed sasu,HYPHEN BIOMED SASU,unmatched,,,0,False,1,2012-09-05,2012-09-05,True,False,False,True,Devices
I. Shay Cosmetics Inc,I SHAY COSMETICS,unmatched,,,0,False,2,2012-10-22,2018-10-29,False,True,False,True,Drugs
I.T.S. GmbH,I T S,unmatched,,,0,False,2,2014-06-30,2024-03-15,True,False,False,True,Devices
"I.V. Specialty, Ltd",I V SPECIALTY,unmatched,,,0,False,1,2015-04-21,2015-04-21,False,True,False,True,Drugs
IBSPOT INC,IBSPOT,unmatched,,,0,False,1,2025-10-27,2025-10-27,False,True,False,True,Drugs
IBeautiStore.com,IBEAUTISTORE COM,unmatched,,,0,False,1,2026-04-24,2026-04-24,False,True,False,True,Drugs
ICON PLC,ICON,unmatched,,,0,False,1,2009-11-27,2009-11-27,False,True,False,True,Drugs
ICU Medical Costa Rica Ltd.,ICU MEDICAL COSTA RICA,unmatched,,,0,False,1,2012-09-27,2012-09-27,True,False,False,True,Devices
ID Biomedical Corporation of Quebec,ID BIOMEDICAL OF QUEBEC,unmatched,,,0,False,1,2014-06-12,2014-06-12,False,False,True,True,Biologics
"IDACA, LLC",IDACA,unmatched,,,0,False,1,2011-10-20,2011-10-20,True,False,False,True,Devices
"IDEV Technologies, Inc.",IDEV TECHNOLOGIES,unmatched,,,0,False,1,2009-04-09,2009-04-09,True,False,False,True,Devices
IDO PHARM,IDO PHARM,unmatched,,,0,False,1,2026-05-04,2026-05-04,False,True,False,True,Drugs
IDT Australia Ltd.,IDT AUSTRALIA,unmatched,,,0,False,1,2018-05-23,2018-05-23,False,True,False,True,Drugs
IEM Gmbh,IEM,unmatched,,,0,False,1,2012-02-24,2012-02-24,True,False,False,True,Devices
IMS GIOTTO S.p.A.,IMS GIOTTO S P A,unmatched,,,0,False,1,2015-04-08,2015-04-08,True,False,False,True,Devices
INCELL Corporation LLC,INCELL,unmatched,,,0,False,2,2016-10-28,2024-12-13,False,True,True,True,Biologics; Drugs
"INCYTO CO., LTD.",INCYTO,unmatched,,,0,False,1,2016-09-08,2016-09-08,True,False,False,True,Devices
INDELICARE DBA INK-EEZE,INDELICARE INK EEZE,unmatched,,,0,False,1,2024-03-25,2024-03-25,False,True,False,True,Drugs
INDUCTION THERAPIES LLC,INDUCTION THERAPIES,unmatched,,,0,False,1,2021-11-23,2021-11-23,True,False,False,True,Devices
INFINITE PRODUCT COMPANY LLLP,INFINITE PRODUCT LLLP,unmatched,,,0,False,1,2019-11-22,2019-11-22,False,True,False,True,Drugs
INGENUE CARE,INGENUE CARE,unmatched,,,0,False,1,2019-05-31,2019-05-31,False,True,False,True,Drugs
INS ENTERPRISE SDN. BHD.,INS ENTERPRISE SDN BHD,unmatched,,,0,False,1,2013-07-15,2013-07-15,False,True,False,True,Drugs
INVISI SMART TECHNOLOGIES UK LTD,INVISI SMART TECHNOLOGIES UK,unmatched,,,0,False,1,2021-08-24,2021-08-24,True,False,False,True,Devices
IOTECH INTERNATIONAL,IOTECH,unmatched,,,0,False,1,2022-03-15,2022-03-15,False,True,False,True,Drugs
"ISOThrive, Inc.",ISOTHRIVE,unmatched,,,0,False,1,2025-02-04,2025-02-04,False,True,False,True,Drugs
"ITG-Medev, Inc.",ITG MEDEV,unmatched,,,0,False,1,2018-09-07,2018-09-07,True,False,False,True,Devices
ITL Asia Pacific Sdn Bhd,ITL ASIA PACIFIC SDN BHD,unmatched,,,0,False,1,2019-09-25,2019-09-25,True,False,False,True,Devices
"IVD Research, Inc.",IVD RESEARCH,unmatched,,,0,False,1,2009-02-26,2009-02-26,True,False,False,True,Devices
IVF Phoenix P.L.L.C.,IVF PHOENIX P L L C,unmatched,,,0,False,1,2010-03-29,2010-03-29,False,False,True,True,Biologics
IVIM Technologies,IVIM TECHNOLOGIES,unmatched,,,0,False,1,2026-02-20,2026-02-20,False,True,False,True,Drugs
Ideal Implant Incorporated,IDEAL IMPLANT,unmatched,,,0,False,1,2020-05-14,2020-05-14,True,False,False,True,Devices
"Ideal Specialty Apothecary, Inc. dba Ideal Pharmacy",IDEAL SPECIALTY APOTHECARY IDEAL PHARMACY,unmatched,,,0,False,1,2019-06-17,2019-06-17,False,True,False,True,Drugs
"Ignacio J. Rodriguez, MD",IGNACIO J RODRIGUEZ MD,unmatched,,,0,False,1,2021-01-29,2021-01-29,False,True,False,True,Drugs
Ignacio Reyes Gonzalez,IGNACIO REYES GONZALEZ,unmatched,,,0,False,1,2021-01-25,2021-01-25,False,True,False,True,Drugs
"Ignatius P. Godoy, M.D.",IGNATIUS P GODOY M D,unmatched,,,0,False,1,2018-10-03,2018-10-03,False,False,True,True,Biologics
"Ikcon Investments, Inc",IKCON INVESTMENTS,unmatched,,,0,False,1,2021-03-25,2021-03-25,True,False,False,True,Devices
Immuneglory.com,IMMUNEGLORY COM,unmatched,,,0,False,1,2011-04-28,2011-04-28,False,True,False,True,Drugs
"Immunity Bio, Inc",IMMUNITY BIO,unmatched,,,0,False,1,2026-03-13,2026-03-13,False,True,False,True,Drugs
"Imperial Palace Commodity (Dongguan) Co., Ltd.",IMPERIAL PALACE COMMODITY DONGGUAN,unmatched,,,0,False,1,2025-01-27,2025-01-27,False,True,False,True,Drugs
Impladent Ltd.,IMPLADENT,unmatched,,,0,False,1,2014-03-28,2014-03-28,True,False,False,True,Devices
"Implant Dental Technology Co., Ltd.",IMPLANT DENTAL TECHNOLOGY,unmatched,,,0,False,1,2016-10-25,2016-10-25,True,False,False,True,Devices
Implants International Ltd.,IMPLANTS,unmatched,,,0,False,1,2016-02-18,2016-02-18,True,False,False,True,Devices
"Imprimis NJOF, LLC",IMPRIMIS NJOF,unmatched,,,0,False,1,2019-06-07,2019-06-07,False,True,False,True,Drugs
"Imprimis Rx, LLC",IMPRIMIS RX,unmatched,,,0,False,1,2022-07-05,2022-07-05,False,True,False,True,Drugs
"ImprimisRx CA, Inc., dba ImprimisRx",IMPRIMISRX CA IMPRIMISRX,unmatched,,,0,False,2,2017-03-20,2019-03-26,False,True,False,True,Drugs
ImprimisRx NJ LLC,IMPRIMISRX NJ,unmatched,,,0,False,2,2014-06-23,2023-05-26,False,True,False,True,Drugs
"InControl Medical, LLC",INCONTROL MEDICAL,unmatched,,,0,False,1,2012-11-09,2012-11-09,True,False,False,True,Devices
"InVia Fertility Specialists, PLLC",INVIA FERTILITY SPECIALISTS PLLC,unmatched,,,0,False,1,2025-06-13,2025-06-13,False,False,True,True,Biologics
"Incredible Products, SA de CV",INCREDIBLE PRODUCTS DE CV,unmatched,,,0,False,1,2021-05-27,2021-05-27,False,True,False,True,Drugs
Indian Mountain Center,INDIAN MOUNTAIN CENTER,unmatched,,,0,False,1,2010-02-17,2010-02-17,True,False,False,True,Devices
Indiana Chem-Port,INDIANA CHEM PORT,unmatched,,,0,False,1,2022-01-31,2022-01-31,False,True,False,True,Drugs
Indiana Fertility Associates PC,INDIANA FERTILITY ASSOCIATES PC,unmatched,,,0,False,1,2008-10-09,2008-10-09,False,False,True,True,Biologics
Indiana Fertility Institute LLC,INDIANA FERTILITY INSTITUTE,unmatched,,,0,False,1,2008-10-09,2008-10-09,False,False,True,True,Biologics
"Indiana Lions Eye Bank, Inc.",INDIANA LIONS EYE BANK,unmatched,,,0,False,1,2024-06-10,2024-06-10,False,False,True,True,Biologics
Indiangoods.shop,INDIANGOODS SHOP,unmatched,,,0,False,1,2026-06-17,2026-06-17,False,True,False,True,Drugs
Indigenous Products,INDIGENOUS PRODUCTS,unmatched,,,0,False,1,2020-12-10,2020-12-10,False,True,False,True,Drugs
Indigo Naturals,INDIGO NATURALS,unmatched,,,0,False,1,2020-04-06,2020-04-06,False,True,False,True,Drugs
Inditherm Medical,INDITHERM MEDICAL,unmatched,,,0,False,1,2009-06-10,2009-06-10,True,False,False,True,Devices
Indoco Remedies Limited,INDOCO REMEDIES,unmatched,,,0,False,2,2017-03-31,2024-12-16,False,True,False,True,Drugs
Indoco Remedies Limited (Plant I),INDOCO REMEDIES PLANT I,unmatched,,,0,False,1,2019-07-09,2019-07-09,False,True,False,True,Drugs
Indus Medicare Limited,INDUS MEDICARE,unmatched,,,0,False,1,2020-05-04,2020-05-04,True,False,False,True,Devices
Industrias Cklass S de RL de CV,INDUSTRIAS CKLASS S DE RL DE CV,unmatched,,,0,False,1,2022-06-22,2022-06-22,False,True,False,True,Drugs
"Industrias Quimicas Falcon de Mexico, SA de CV (Dr. Reddy's Mexico)",INDUSTRIAS QUIMICAS FALCON DE MEXICO DE CV DR REDDY S MEXICO,unmatched,,,0,False,1,2011-06-03,2011-06-03,False,True,False,True,Drugs
Industry Lab Diagnostic Partners,INDUSTRY LAB DIAGNOSTIC PARTNERS,unmatched,,,0,False,1,2020-11-23,2020-11-23,True,False,False,True,Devices
Infant Acid Reflux Solutions LLC,INFANT ACID REFLUX SOLUTIONS,unmatched,,,0,False,1,2018-02-09,2018-02-09,False,True,False,True,Drugs
Infantry Labs LLC,INFANTRY LABS,unmatched,,,0,False,1,2017-10-23,2017-10-23,False,True,False,True,Drugs
"Infinant Health, LLC",INFINANT HEALTH,unmatched,,,0,False,1,2023-09-28,2023-09-28,False,False,True,True,Biologics
"Infiniti Labs, LLC",INFINITI LABS,unmatched,,,0,False,1,2015-02-26,2015-02-26,False,True,False,True,Drugs
"InfuScience, Inc. dba Bioscrip Infusion Services",INFUSCIENCE BIOSCRIP INFUSION SERVICES,unmatched,,,0,False,1,2020-12-21,2020-12-21,False,True,False,True,Drugs
InfuTronix LLC,INFUTRONIX,unmatched,,,0,False,1,2022-06-16,2022-06-16,True,False,False,True,Devices
Infupharma LLC d.b.a. President Pharmacy,INFUPHARMA D B A PRESIDENT PHARMACY,unmatched,,,0,False,1,2012-07-09,2012-07-09,False,True,False,True,Drugs
"Infusion Options, Inc.",INFUSION OPTIONS,unmatched,,,0,False,2,2016-03-21,2021-08-26,False,True,False,True,Drugs
"Infusion Partners, LLC",INFUSION PARTNERS,unmatched,,,0,False,1,2019-03-20,2019-03-20,False,True,False,True,Drugs
Infusion Systems of SW Florida Inc. dba Myerlee Pharmacy,INFUSION SYSTEMS OF SW FLORIDA MYERLEE PHARMACY,unmatched,,,0,False,1,2016-02-03,2016-02-03,False,True,False,True,Drugs
Inhalation Inc.,INHALATION,unmatched,,,0,False,1,2009-05-28,2009-05-28,False,True,False,True,Drugs
Innate Healthcare Institute,INNATE HEALTHCARE INSTITUTE,unmatched,,,0,False,1,2025-08-15,2025-08-15,False,False,True,True,Biologics
"Inno Health Technology, Inc.",INNO HEALTH TECHNOLOGY,unmatched,,,0,False,1,2011-01-21,2011-01-21,True,False,False,True,Devices
Innocore Sales & Marketing Inc.,INNOCORE SALES AND MARKETING,unmatched,,,0,False,1,2025-10-16,2025-10-16,False,True,False,True,Drugs
Innolatex Sdn. Bhd.,INNOLATEX SDN BHD,unmatched,,,0,False,1,2011-05-25,2011-05-25,True,False,False,True,Devices
"Innova Medical Group, Inc.",INNOVA MEDICAL,unmatched,,,0,False,1,2021-06-10,2021-06-10,True,False,False,True,Devices
Innovatech Medical Resources L.P.,INNOVATECH MEDICAL RESOURCES L P,unmatched,,,0,False,1,2012-02-23,2012-02-23,True,False,False,True,Devices
Innovative Biodefense Inc.,INNOVATIVE BIODEFENSE,unmatched,,,0,False,1,2015-06-30,2015-06-30,False,True,False,True,Drugs
Innovative Compounding Pharmacy,INNOVATIVE COMPOUNDING PHARMACY,unmatched,,,0,False,1,2016-06-20,2016-06-20,False,True,False,True,Drugs
Innovative Directions in Health,INNOVATIVE DIRECTIONS IN HEALTH,unmatched,,,0,False,1,2010-04-05,2010-04-05,False,True,False,True,Drugs
Innovative Formulations LLC,INNOVATIVE FORMULATIONS,unmatched,,,0,False,1,2024-02-22,2024-02-22,False,True,False,True,Drugs
"Innovative Intrathecal Solutions, Inc. dba Innovative Compounding Pharmacy",INNOVATIVE INTRATHECAL SOLUTIONS INNOVATIVE COMPOUNDING PHARMACY,unmatched,,,0,False,1,2018-09-19,2018-09-19,False,True,False,True,Drugs
Innovative Medical Manufacturing Co.,INNOVATIVE MEDICAL MANUFACTURING,unmatched,,,0,False,1,2010-12-15,2010-12-15,True,False,False,True,Devices
"Innovative Neurotronics, Inc.",INNOVATIVE NEUROTRONICS,unmatched,,,0,False,1,2008-11-04,2008-11-04,True,False,False,True,Devices
Innovative Sterilization Technologies LLC,INNOVATIVE STERILIZATION TECHNOLOGIES,unmatched,,,0,False,2,2016-03-02,2019-03-20,True,False,False,True,Devices
Innoveix Pharmaceuticals Inc,INNOVEIX PHARMACEUTICALS,unmatched,,,0,False,1,2022-01-26,2022-01-26,False,True,False,True,Drugs
Inopak Ltd,INOPAK,unmatched,,,0,False,2,2019-02-21,2023-12-15,False,True,False,True,Drugs
Inova Health Care Services,INOVA HEALTH CARE SERVICES,unmatched,,,0,False,1,2012-05-03,2012-05-03,False,False,True,True,Biologics
Inova Health System,INOVA HEALTH SYSTEM,unmatched,,,0,False,1,2019-04-04,2019-04-04,True,False,False,True,Devices
Inovaker Lab SA de CV,INOVAKER LAB DE CV,unmatched,,,0,False,1,2021-02-25,2021-02-25,False,True,False,True,Drugs
"Inovo, Inc",INOVO,unmatched,,,0,False,1,2015-02-19,2015-02-19,True,False,False,True,Devices
"Insert Depot, Inc",INSERT DEPOT,unmatched,,,0,False,1,2014-01-30,2014-01-30,True,False,False,True,Devices
Insight Pharmaceuticals Corporation,INSIGHT PHARMACEUTICALS,unmatched,,,0,False,1,2013-09-19,2013-09-19,False,True,False,True,Drugs
"Insight Pharmaceuticals LLC, a Prestige Consumer Healthcare company",INSIGHT PHARMACEUTICALS A PRESTIGE CONSUMER HEALTHCARE,unmatched,,,0,False,1,2013-09-19,2013-09-19,False,True,False,True,Drugs
Insightra Medical Inc,INSIGHTRA MEDICAL,unmatched,,,0,False,2,2015-05-21,2025-06-03,True,False,False,True,Devices
Inspire Clinic,INSPIRE CLINIC,unmatched,,,0,False,1,2025-09-09,2025-09-09,False,True,False,True,Drugs
"Instituto Bioclon, S.A. de C.V.",INSTITUTO BIOCLON S A DE C V,unmatched,,,0,False,1,2014-04-16,2014-04-16,False,False,True,True,Biologics
"Instratek, Incorporated",INSTRATEK,unmatched,,,0,False,1,2012-08-23,2012-08-23,True,False,False,True,Devices
Instrumed GmbH,INSTRUMED,unmatched,,,0,False,1,2014-03-28,2014-03-28,True,False,False,True,Devices
Intas Pharmaceuticals Limited,INTAS PHARMACEUTICALS,unmatched,,,0,False,2,2023-07-28,2023-11-21,False,True,False,True,Drugs
Intas Pharmaceuticals Ltd.,INTAS PHARMACEUTICALS,unmatched,,,0,False,1,2026-03-30,2026-03-30,False,True,False,True,Drugs
Intec Industries Inc,INTEC INDUSTRIES,unmatched,,,0,False,1,2010-09-03,2010-09-03,True,False,False,True,Devices
Integra LifeSciences Corp. (NeuroSciences),INTEGRA LIFESCIENCES NEUROSCIENCES,unmatched,,,0,False,1,2024-12-19,2024-12-19,True,False,False,True,Devices
Integra NeuroSciences Ltd.,INTEGRA NEUROSCIENCES,unmatched,,,0,False,1,2012-11-01,2012-11-01,True,False,False,True,Devices
Integra Neurosciences,INTEGRA NEUROSCIENCES,unmatched,,,0,False,1,2013-02-13,2013-02-13,True,False,False,True,Devices
IntegraDose Compounding Services LLC,INTEGRADOSE COMPOUNDING SERVICES,unmatched,,,0,False,1,2020-05-06,2020-05-06,False,True,False,True,Drugs
Integrated Health Concepts Inc.,INTEGRATED HEALTH CONCEPTS,unmatched,,,0,False,1,2020-09-10,2020-09-10,False,True,False,True,Drugs
IntelSource Group Inc dba Electro Medical Technologies LLC,INTELSOURCE ELECTRO MEDICAL TECHNOLOGIES,unmatched,,,0,False,1,2009-06-25,2009-06-25,True,False,False,True,Devices
"Intelli Health Products, LLC",INTELLI HEALTH PRODUCTS,unmatched,,,0,False,1,2011-04-27,2011-04-27,False,True,False,True,Drugs
Interacoustics A/S,INTERACOUSTICS A S,unmatched,,,0,False,1,2009-12-10,2009-12-10,True,False,False,True,Devices
Intercos Europe S.p.A,INTERCOS EUROPE S P A,unmatched,,,0,False,1,2024-08-16,2024-08-16,False,True,False,True,Drugs
Interlab S.r.l.,INTERLAB S R L,unmatched,,,0,False,1,2013-02-28,2013-02-28,True,False,False,True,Devices
Interlectric Corporation,INTERLECTRIC,unmatched,,,0,False,1,2012-04-13,2012-04-13,True,False,False,True,Devices
"International Ear Candle, LLC",EAR CANDLE,unmatched,,,0,False,1,2010-02-17,2010-02-17,True,False,False,True,Devices
"International Hospital Products, Inc.",HOSPITAL PRODUCTS,unmatched,,,0,False,1,2019-05-29,2019-05-29,True,False,False,True,Devices
International Immuno-Diagnostics Inc.,IMMUNO DIAGNOSTICS,unmatched,,,0,False,1,2011-09-14,2011-09-14,True,False,False,True,Devices
"International Institute Of Holistic Healing, Inc.",INSTITUTE OF HOLISTIC HEALING,unmatched,,,0,False,1,2011-04-28,2011-04-28,False,True,False,True,Drugs
International Laboratories (Canada) Ltd.,LABORATORIES CANADA,unmatched,,,0,False,1,2012-10-23,2012-10-23,False,True,False,True,Drugs
"International Laboratories Corp., Limited",LABORATORIES,unmatched,,,0,False,2,2023-08-08,2025-03-10,False,True,False,True,Drugs
"International Medical Development, Inc.",MEDICAL DEVELOPMENT,unmatched,,,0,False,1,2015-09-17,2015-09-17,True,False,False,True,Devices
International Medication Systems Ltd.,MEDICATION SYSTEMS,unmatched,,,0,False,1,2026-07-02,2026-07-02,False,True,False,True,Drugs
"International Medsurg Connection, Inc.",MEDSURG CONNECTION,unmatched,,,0,False,1,2017-05-08,2017-05-08,True,False,False,True,Devices
International Trading Pharm Lab Inc,TRADING PHARM LAB,unmatched,,,0,False,1,2020-04-24,2020-04-24,False,True,False,True,Drugs
Interojo Inc.,INTEROJO,unmatched,,,0,False,1,2013-01-07,2013-01-07,True,False,False,True,Devices
Interpharma Praha A.S.,INTERPHARMA PRAHA A S,unmatched,,,0,False,1,2016-10-13,2016-10-13,False,True,False,True,Drugs
Interquim S.A.,INTERQUIM S A,unmatched,,,0,False,1,2016-11-22,2016-11-22,False,True,False,True,Drugs
"Intersurgical, Ltd.",INTERSURGICAL,unmatched,,,0,False,1,2011-12-30,2011-12-30,True,False,False,True,Devices
Intimate Rose,INTIMATE ROSE,unmatched,,,0,False,1,2025-09-09,2025-09-09,False,True,False,True,Drugs
"Intrathecal Compounding Specialists, LLC",INTRATHECAL COMPOUNDING SPECIALISTS,unmatched,,,0,False,1,2020-09-16,2020-09-16,False,True,False,True,Drugs
"InvaDerm, Inc.",INVADERM,unmatched,,,0,False,1,2026-06-03,2026-06-03,False,True,False,True,Drugs
Invasix Ltd.,INVASIX,unmatched,,,0,False,1,2012-11-29,2012-11-29,True,False,False,True,Devices
Invatec S.p.A.,INVATEC S P A,unmatched,,,0,False,1,2013-05-06,2013-05-06,True,False,False,True,Devices
Investra-24hs,INVESTRA 24HS,unmatched,,,0,False,1,2017-12-28,2017-12-28,False,True,False,True,Drugs
Invigorate Med Spa,INVIGORATE MED,unmatched,,,0,False,1,2025-09-09,2025-09-09,False,True,False,True,Drugs
Invitrx Therapeutics,INVITRX THERAPEUTICS,unmatched,,,0,False,1,2020-08-12,2020-08-12,False,False,True,True,Biologics
Invitrx Therapeutics Inc.,INVITRX THERAPEUTICS,unmatched,,,0,False,2,2020-03-16,2022-11-09,False,False,True,True,Biologics
Inz Distributors Inc. / Magic Power Coffee Inc.,INZ DISTRIBUTORS MAGIC POWER COFFEE,unmatched,,,0,False,1,2010-08-23,2010-08-23,False,True,False,True,Drugs
Iodine Products Inc,IODINE PRODUCTS,unmatched,,,0,False,1,2022-03-25,2022-03-25,False,True,False,True,Drugs
"IodoRios Company, LLC",IODORIOS,unmatched,,,0,False,1,2021-03-05,2021-03-05,False,True,False,True,Drugs
"Ion Genius, Inc.",ION GENIUS,unmatched,,,0,False,1,2010-06-28,2010-06-28,True,False,False,True,Devices
Ionia Pharmacy,IONIA PHARMACY,unmatched,,,0,False,1,2015-12-22,2015-12-22,False,True,False,True,Drugs
Ionogen,IONOGEN,unmatched,,,0,False,1,2020-07-07,2020-07-07,False,True,False,True,Drugs
Ipca Laboratories Limited,IPCA LABORATORIES,unmatched,,,0,False,1,2016-01-29,2016-01-29,False,True,False,True,Drugs
Ironmag Labs,IRONMAG LABS,unmatched,,,0,False,2,2017-10-23,2022-05-05,False,True,False,True,Drugs; Food/Cosmetics
"Irvin, Inc.",IRVIN,unmatched,,,0,False,1,2021-05-27,2021-05-27,True,False,False,True,Devices
Irvine Stem Cell Treatment Center,IRVINE STEM CELL TREATMENT CENTER,unmatched,,,0,False,1,2015-12-30,2015-12-30,False,False,True,True,Biologics
Isis.Gold,ISIS GOLD,unmatched,,,0,False,1,2024-07-25,2024-07-25,False,True,False,True,Drugs
Ismar Soluciones Dinamicas SA de CV,ISMAR SOLUCIONES DINAMICAS DE CV,unmatched,,,0,False,1,2021-05-04,2021-05-04,False,True,False,True,Drugs
"Iso-Tex Diagnostics, Inc.",ISO TEX DIAGNOSTICS,unmatched,,,0,False,3,2010-12-03,2023-07-20,False,True,False,True,Drugs
"IsoAid, L.L.C.",ISOAID L L C,unmatched,,,0,False,1,2012-08-16,2012-08-16,True,False,False,True,Devices
"IsoTis OrthoBiologics, Inc.",ISOTIS ORTHOBIOLOGICS,unmatched,,,0,False,1,2026-02-24,2026-02-24,True,False,False,True,Devices
"Isolux, LLC",ISOLUX,unmatched,,,0,False,1,2016-01-08,2016-01-08,True,False,False,True,Devices
"Isomedix Operations, Inc.",ISOMEDIX OPERATIONS,unmatched,,,0,False,2,2010-09-27,2014-05-22,True,False,False,True,Devices
"Isomeric Pharmacy Solutions, LLC",ISOMERIC PHARMACY SOLUTIONS,unmatched,,,0,False,1,2016-12-13,2016-12-13,False,True,False,True,Drugs
Izeen Pharma Inc,IZEEN PHARMA,unmatched,,,0,False,2,2010-04-20,2019-05-16,False,True,False,True,Drugs
"J & F International, Inc.",J AND F,unmatched,,,0,False,1,2010-04-09,2010-04-09,False,True,False,True,Drugs
J&T Health and Wellness LLC,J AND T HEALTH AND WELLNESS,unmatched,,,0,False,2,2011-08-15,2017-10-25,True,False,False,True,Devices
"J. Robert Flamini, MD",J ROBERT FLAMINI MD,unmatched,,,0,False,1,2024-08-20,2024-08-20,False,True,False,True,Drugs
"JAS Diagnostics, Inc./Drew Scientific, Inc.",JAS DIAGNOSTICS DREW SCIENTIFIC,unmatched,,,0,False,1,2022-08-16,2022-08-16,True,False,False,True,Devices
JCB Laboratories LLC,JCB LABORATORIES,unmatched,,,0,False,1,2014-07-07,2014-07-07,False,True,False,True,Drugs
JD & SN Inc.,JD AND SN,unmatched,,,0,False,1,2016-10-14,2016-10-14,False,True,False,True,Drugs
"JG Atlas Comercios, SA de CV",JG ATLAS COMERCIOS DE CV,unmatched,,,0,False,1,2020-11-06,2020-11-06,False,True,False,True,Drugs
JHS SVENDGAARD LABORATORIES LTD,JHS SVENDGAARD LABORATORIES,unmatched,,,0,False,1,2020-02-13,2020-02-13,False,True,False,True,Drugs
JJLBRO,JJLBRO,unmatched,,,0,False,1,2026-06-17,2026-06-17,False,True,False,True,Drugs
JMA Partners,JMA PARTNERS,unmatched,,,0,False,1,2017-11-03,2017-11-03,False,True,False,True,Drugs
JOSE MIGUEL GUTIERREZ SALAS,JOSE MIGUEL GUTIERREZ SALAS,unmatched,,,0,False,1,2022-07-21,2022-07-21,False,True,False,True,Drugs
JRB Enterprise Group Inc. DBA Anti Aging Bed,JRB ENTERPRISE ANTI AGING BED,unmatched,,,0,False,1,2020-03-30,2020-03-30,False,True,False,True,Drugs
JT Cosmetics & Chemicals Pvt Ltd.,JT COSMETICS AND CHEMICALS,unmatched,,,0,False,1,2018-07-27,2018-07-27,False,True,False,True,Drugs
JW Nutritional LLC,JW NUTRITIONAL,unmatched,,,0,False,2,2015-03-25,2026-05-14,False,True,False,True,Drugs; Food/Cosmetics
Jabones Pardo S.A.,JABONES PARDO S A,unmatched,,,0,False,1,2013-08-26,2013-08-26,False,True,False,True,Drugs
Jabones Y Productos Especializados SA de CV,JABONES Y PRODUCTOS ESPECIALIZADOS DE CV,unmatched,,,0,False,1,2018-09-05,2018-09-05,False,True,False,True,Drugs
"Jack P. Herick, Inc. dba Glades Drugs",JACK P HERICK GLADES DRUGS,unmatched,,,0,False,1,2016-08-09,2016-08-09,False,True,False,True,Drugs
"Jade & Pearl, Inc.",JADE AND PEARL,unmatched,,,0,False,1,2014-05-09,2014-05-09,True,False,False,True,Devices
Jagsonpal Pharmaceuticals Ltd.,JAGSONPAL PHARMACEUTICALS,unmatched,,,0,False,1,2025-02-05,2025-02-05,False,True,False,True,Drugs
"Jajco, Inc. DBA Anchor Drugs Pharmacy",JAJCO ANCHOR DRUGS PHARMACY,unmatched,,,0,False,1,2017-08-22,2017-08-22,False,True,False,True,Drugs
Jalco Cosmetics Pty Ltd.,JALCO COSMETICS PTY,unmatched,,,0,False,1,2018-05-18,2018-05-18,False,True,False,True,Drugs
Jamaica Hospital Medical Center IRB,JAMAICA HOSPITAL MEDICAL CENTER IRB,unmatched,,,0,False,1,2016-02-24,2016-02-24,False,True,False,True,Drugs
James G Cole Inc dba ASN/Maxam Neutraceutics,JAMES G COLE ASN MAXAM NEUTRACEUTICS,unmatched,,,0,False,2,2010-10-12,2012-09-28,False,True,False,True,Drugs; Food/Cosmetics
"James P. Johnston, CO, dba Midwest Ocular Prosthetics",JAMES P JOHNSTON MIDWEST OCULAR PROSTHETICS,unmatched,,,0,False,1,2010-03-17,2010-03-17,True,False,False,True,Devices
"James R. Corbett, M.D.",JAMES R CORBETT M D,unmatched,,,0,False,1,2020-02-27,2020-02-27,False,True,False,True,Drugs
"James W. Findling, M.D.",JAMES W FINDLING M D,unmatched,,,0,False,1,2019-12-31,2019-12-31,False,True,False,True,Drugs
"Jamol Laboratories, Inc.",JAMOL LABORATORIES,unmatched,,,0,False,1,2023-07-13,2023-07-13,False,True,False,True,Drugs
"Janet K Tillisch, MD",JANET K TILLISCH MD,unmatched,,,0,False,1,2013-06-20,2013-06-20,False,False,True,True,Biologics
"Janssen Pharmaceuticals, dba Actelion Pharmaceutical",JANSSEN PHARMACEUTICALS ACTELION PHARMACEUTICAL,unmatched,,,0,False,2,2008-11-24,2010-09-14,False,True,False,True,Drugs
Janssen Vaccines Corp.,JANSSEN VACCINES,unmatched,,,0,False,1,2025-07-18,2025-07-18,False,True,False,True,Drugs
Japanese Mayo Kaisha Pharmacy Export Ltd,JAPANESE MAYO KAISHA PHARMACY EXPORT,unmatched,,,0,False,1,2015-07-31,2015-07-31,False,True,False,True,Drugs
Jaychem Industries Ltd,JAYCHEM INDUSTRIES,unmatched,,,0,False,1,2015-09-04,2015-09-04,False,True,False,True,Drugs
Jaymac Pharmaceuticals L.L.C.,JAYMAC PHARMACEUTICALS L L C,unmatched,,,0,False,1,2010-02-08,2010-02-08,False,True,False,True,Drugs
Jd Nelson And Associates Llc,JD NELSON AND ASSOCIATES,unmatched,,,0,False,1,2011-04-19,2011-04-19,False,True,False,True,Drugs
Je Dois Lavoir LLC,JE DOIS LAVOIR,unmatched,,,0,False,1,2021-08-11,2021-08-11,False,True,False,True,Drugs
Jeffrey Horowitz,JEFFREY HOROWITZ,unmatched,,,0,False,1,2011-03-21,2011-03-21,False,True,False,True,Drugs
"Jeffrey M. Steinberg MD, Inc., A Professional Medical Corporation",JEFFREY M STEINBERG MD A PROFESSIONAL MEDICAL,unmatched,,,0,False,1,2008-11-18,2008-11-18,False,False,True,True,Biologics
"Jeffrey W. Taub, M.D.",JEFFREY W TAUB M D,unmatched,,,0,False,1,2023-12-19,2023-12-19,False,True,False,True,Drugs
Jeffreys Drug Store,JEFFREYS DRUG STORE,unmatched,,,0,False,1,2016-08-25,2016-08-25,False,True,False,True,Drugs
"Jenis, Louis G., M.D.",JENIS LOUIS G M D,unmatched,,,0,False,1,2012-02-14,2012-02-14,True,False,False,True,Devices
"Jerome Stevens Pharmaceuticals, Inc.",JEROME STEVENS PHARMACEUTICALS,unmatched,,,0,False,1,2008-10-23,2008-10-23,False,True,False,True,Drugs
Jian Peng Zhou,JIAN PENG ZHOU,unmatched,,,0,False,1,2015-05-29,2015-05-29,True,False,False,True,Devices
"Jianerkang Medical Co., Ltd",JIANERKANG MEDICAL,unmatched,,,0,False,1,2012-07-30,2012-07-30,False,True,False,True,Drugs
"Jiangmen Nowadays Daily Goods Co., Ltd.",JIANGMEN NOWADAYS DAILY GOODS,unmatched,,,0,False,1,2017-09-12,2017-09-12,False,True,False,True,Drugs
"Jiangsu Caina Medical Co., Ltd",JIANGSU CAINA MEDICAL,unmatched,,,0,False,1,2024-07-18,2024-07-18,True,False,False,True,Devices
"Jiangsu Hengrui Pharmaceuticals Co., Ltd. (Huanghe Road Site)",JIANGSU HENGRUI PHARMACEUTICALS HUANGHE ROAD SITE,unmatched,,,0,False,1,2024-07-11,2024-07-11,False,True,False,True,Drugs
"Jiangsu JDC Medical Devices Co., Ltd.",JIANGSU JDC MEDICAL DEVICES,unmatched,,,0,False,1,2019-12-19,2019-12-19,True,False,False,True,Devices
Jiangsu Kerbio Medical Technology Group CO.,JIANGSU KERBIO MEDICAL TECHNOLOGY,unmatched,,,0,False,1,2025-07-14,2025-07-14,True,False,False,True,Devices
"Jiangsu Meifan Biotechnology Co., Ltd.",JIANGSU MEIFAN BIOTECHNOLOGY,unmatched,,,0,False,1,2024-04-03,2024-04-03,False,True,False,True,Drugs
"Jiangsu NHWA Pharmaceutical Co., Ltd.",JIANGSU NHWA PHARMACEUTICAL,unmatched,,,0,False,1,2019-09-10,2019-09-10,False,True,False,True,Drugs
"Jiangsu Shenli Medical Production Co., Ltd.",JIANGSU SHENLI MEDICAL PRODUCTION,unmatched,,,0,False,2,2024-03-18,2024-07-18,True,False,False,True,Devices
Jiangsu ZW Pharmaceuticals Co. Ltd.,JIANGSU ZW PHARMACEUTICALS,unmatched,,,0,False,1,2016-06-21,2016-06-21,False,True,False,True,Drugs
Jilin Shulan Synthetic Pharmaceutical Co. Ltd.,JILIN SHULAN SYNTHETIC PHARMACEUTICAL,unmatched,,,0,False,2,2010-05-13,2018-05-21,False,True,False,True,Drugs
"Jinan Jinda Pharmaceutical Chemistry Co., Ltd.",JINAN JINDA PHARMACEUTICAL CHEMISTRY,unmatched,,,0,False,1,2017-02-24,2017-02-24,False,True,False,True,Drugs
John A Ward M D,JOHN A WARD M D,unmatched,,,0,False,1,2009-12-03,2009-12-03,False,True,False,True,Drugs
John Caton Jr,JOHN CATON JR,unmatched,,,0,False,1,2011-08-26,2011-08-26,False,True,False,True,Drugs
"John D. Gabriel, MD",JOHN D GABRIEL MD,unmatched,,,0,False,1,2016-06-28,2016-06-28,False,True,False,True,Drugs
John F Simmons M D,JOHN F SIMMONS M D,unmatched,,,0,False,1,2011-02-18,2011-02-18,False,True,False,True,Drugs
"John J. Griffin, MD",JOHN J GRIFFIN MD,unmatched,,,0,False,1,2011-03-14,2011-03-14,False,True,False,True,Drugs
"John Joseph Hewett, M.D.",JOHN JOSEPH HEWETT M D,unmatched,,,0,False,1,2012-09-05,2012-09-05,True,False,False,True,Devices
"John M. Kirkwood, MD",JOHN M KIRKWOOD MD,unmatched,,,0,False,1,2009-09-15,2009-09-15,False,False,True,True,Biologics
"John M. Wise, M.D.",JOHN M WISE M D,unmatched,,,0,False,1,2014-08-12,2014-08-12,False,True,False,True,Drugs
John Meadors,JOHN MEADORS,unmatched,,,0,False,1,2018-10-15,2018-10-15,True,False,False,True,Devices
John W Hollis Inc,JOHN W HOLLIS,unmatched,,,0,False,1,2014-09-04,2014-09-04,False,True,False,True,Drugs
"Johnson & Johnson Pharmaceutical Research & Development, LLC",JOHNSON AND JOHNSON PHARMACEUTICAL RESEARCH AND DEVELOPMENT,unmatched,,,0,False,1,2009-08-10,2009-08-10,False,True,False,True,Drugs
Johnson & Johnson Ps,JOHNSON AND JOHNSON PS,unmatched,,,0,False,1,2009-05-12,2009-05-12,False,True,False,True,Drugs
"Johnson Creek Enterprises, LLC",JOHNSON CREEK ENTERPRISES,unmatched,,,0,False,1,2010-09-08,2010-09-08,False,True,False,True,Drugs
Johnson Memorial Cancer Center,JOHNSON MEMORIAL CANCER CENTER,unmatched,,,0,False,1,2015-10-28,2015-10-28,False,True,False,True,Drugs
Joi+Blokes,JOI BLOKES,unmatched,,,0,False,1,2026-06-08,2026-06-08,False,True,False,True,Drugs
Join Josie,JOIN JOSIE,unmatched,,,0,False,1,2026-02-20,2026-02-20,False,True,False,True,Drugs
"Jon B. Cole, MD",JON B COLE MD,unmatched,,,0,False,1,2021-05-05,2021-05-05,False,True,False,True,Drugs
Jordan's Crossing Herbal Connections,JORDAN S CROSSING HERBAL CONNECTIONS,unmatched,,,0,False,1,2021-07-20,2021-07-20,False,True,False,True,Drugs
Jose Giron,JOSE GIRON,unmatched,,,0,False,1,2016-05-19,2016-05-19,False,True,False,True,Drugs
"Jose M. Carpio, M.D.",JOSE M CARPIO M D,unmatched,,,0,False,1,2026-05-28,2026-05-28,False,True,False,True,Drugs
"Joseph A. Zadra, MD",JOSEPH A ZADRA MD,unmatched,,,0,False,1,2021-10-14,2021-10-14,False,True,False,True,Drugs
"Joseph B. Michelson, Md",JOSEPH B MICHELSON MD,unmatched,,,0,False,1,2011-07-06,2011-07-06,False,True,False,True,Drugs
"Joseph-Vempilly, Jose, MD",JOSEPH VEMPILLY JOSE MD,unmatched,,,0,False,1,2013-05-14,2013-05-14,False,True,False,True,Drugs
Jost Chemical Co.,JOST CHEMICAL,unmatched,,,0,False,1,2022-07-18,2022-07-18,False,True,False,True,Drugs
Jubilant Draximage Radiopharmacies Inc,JUBILANT DRAXIMAGE RADIOPHARMACIES,unmatched,,,0,False,1,2016-03-10,2016-03-10,False,True,False,True,Drugs
Jubilant Generics Limited,JUBILANT GENERICS,unmatched,,,0,False,1,2019-03-06,2019-03-06,False,True,False,True,Drugs
Jubilant HollisterStier General Partnership,JUBILANT HOLLISTERSTIER GENERAL PARTNERSHIP,unmatched,,,0,False,2,2013-02-20,2026-06-05,False,True,False,True,Drugs
Jubilant HollisterStier LLC,JUBILANT HOLLISTERSTIER,unmatched,,,0,False,1,2013-11-27,2013-11-27,False,True,False,True,Drugs
Judith Ratzan,JUDITH RATZAN,unmatched,,,0,False,1,2011-02-16,2011-02-16,False,True,False,True,Drugs
Julian Naya Beauty LLC,JULIAN NAYA BEAUTY,unmatched,,,0,False,1,2025-03-03,2025-03-03,False,True,False,True,Drugs
JulyMD,JULYMD,unmatched,,,0,False,1,2025-09-09,2025-09-09,False,True,False,True,Drugs
Just Enhance,JUST ENHANCE,unmatched,,,0,False,1,2015-07-31,2015-07-31,False,True,False,True,Drugs
JustChinaIt,JUSTCHINAIT,unmatched,,,0,False,1,2024-02-15,2024-02-15,False,True,False,True,Drugs
Justified Laboratories,JUSTIFIED LABORATORIES,unmatched,,,0,False,1,2022-08-04,2022-08-04,False,True,False,True,Drugs
K & CARE ORGANICS,K AND CARE ORGANICS,unmatched,,,0,False,1,2025-08-06,2025-08-06,False,True,False,True,Drugs
K S Choi Corp,K S CHOI,unmatched,,,0,False,1,2013-05-17,2013-05-17,True,False,False,True,Devices
"K.Boeun Pharmaceutical Co.,Ltd.",K BOEUN PHARMACEUTICAL,unmatched,,,0,False,1,2023-08-14,2023-08-14,False,True,False,True,Drugs
"K.C. Pharmaceuticals, Inc",K C PHARMACEUTICALS,unmatched,,,0,False,2,2010-05-21,2023-08-03,True,True,False,True,Devices; Drugs
KABANA SKIN CARE,KABANA SKIN CARE,unmatched,,,0,False,2,2025-03-12,2025-07-18,False,True,False,True,Drugs
KABS Software,KABS SOFTWARE,unmatched,,,0,False,1,2016-06-02,2016-06-02,False,True,False,True,Drugs
"KBD, Inc.",KBD,unmatched,,,0,False,1,2011-12-15,2011-12-15,True,False,False,True,Devices
KBMO DIAGNOSTICS,KBMO DIAGNOSTICS,unmatched,,,0,False,1,2020-06-17,2020-06-17,True,False,False,True,Devices
KDNA Life Sciences LLC,KDNA LIFE SCIENCES,unmatched,,,0,False,1,2020-08-27,2020-08-27,False,False,True,True,Biologics
"KDunn and Associates, P.A. dba HealthQuilt",KDUNN AND ASSOCIATES P A HEALTHQUILT,unmatched,,,0,False,1,2021-02-16,2021-02-16,False,True,False,True,Drugs
KENIL HEALTHCARE PRIVATE LIMITED,KENIL HEALTHCARE PRIVATE,unmatched,,,0,False,1,2025-06-12,2025-06-12,False,True,False,True,Drugs
KHL Inc,KHL,unmatched,,,0,False,1,2010-03-17,2010-03-17,True,False,False,True,Devices
KLEENHANZ LLC,KLEENHANZ,unmatched,,,0,False,1,2022-04-20,2022-04-20,False,True,False,True,Drugs
"KM PHARMACEUTICAL CO., LTD.",KM PHARMACEUTICAL,unmatched,,,0,False,1,2023-08-03,2023-08-03,False,True,False,True,Drugs
KMI IMI Group,KMI IMI,unmatched,,,0,False,1,2013-03-19,2013-03-19,True,False,False,True,Devices
"KOI CBD, LLC",KOI CBD,unmatched,,,0,False,2,2019-11-22,2023-07-18,False,True,False,True,Drugs; Food/Cosmetics
"KRS Global Biotechnology, Inc",KRS GLOBAL BIOTECHNOLOGY,unmatched,,,0,False,1,2015-07-06,2015-07-06,False,True,False,True,Drugs
KUKAMONGA,KUKAMONGA,unmatched,,,0,False,1,2023-12-21,2023-12-21,False,True,False,True,Drugs
"KVK Tech, Inc.",KVK TECH,unmatched,,,0,False,1,2020-02-11,2020-02-11,False,True,False,True,Drugs
"KVK-Tech, Inc.",KVK TECH,unmatched,,,0,False,1,2020-10-08,2020-10-08,False,True,False,True,Drugs
Kabe Labortechnik Gmbh,KABE LABORTECHNIK,unmatched,,,0,False,1,2025-05-09,2025-05-09,True,False,False,True,Devices
Kadesh International,KADESH,unmatched,,,0,False,1,2019-05-02,2019-05-02,False,True,False,True,Drugs
Kaiser Permanente - 20th Avenue Medical Center,KAISER PERMANENTE 20TH AVENUE MEDICAL CENTER,unmatched,,,0,False,1,2012-09-25,2012-09-25,True,False,False,True,Devices
Kalani AB,KALANI,unmatched,,,0,False,1,2025-08-06,2025-08-06,False,True,False,True,Drugs
"Kalchem International, Inc.",KALCHEM,unmatched,,,0,False,1,2020-08-27,2020-08-27,False,True,False,True,Drugs
"Kalman Health & Wellness, Inc.",KALMAN HEALTH AND WELLNESS,unmatched,,,0,False,1,2016-07-25,2016-07-25,False,True,False,True,Drugs
Kanebo Cosmetics Inc.,KANEBO COSMETICS,unmatched,,,0,False,1,2013-04-01,2013-04-01,False,True,False,True,Drugs
"Kanec Usa, Inc.",KANEC,unmatched,,,0,False,1,2010-10-08,2010-10-08,False,True,False,True,Drugs
"Kang Zhang, M.D., Ph.D.",KANG ZHANG M D PH D,unmatched,,,0,False,1,2017-01-05,2017-01-05,False,True,False,True,Drugs
Kardesler Ucan Yaglar Sanayi Anonim Sirketi,KARDESLER UCAN YAGLAR SANAYI ANONIM SIRKETI,unmatched,,,0,False,1,2025-01-21,2025-01-21,False,True,False,True,Drugs
Kari Gran Inc.,KARI GRAN,unmatched,,,0,False,1,2022-11-30,2022-11-30,False,True,False,True,Drugs
"Karl Storz Endovision, Inc.",KARL STORZ ENDOVISION,unmatched,,,0,False,1,2014-12-08,2014-12-08,True,False,False,True,Devices
Karl Storz GMBH & Co KG (KSVEM),KARL STORZ AND KG KSVEM,unmatched,,,0,False,1,2010-02-23,2010-02-23,True,False,False,True,Devices
Kath Khemicals LLC,KATH KHEMICALS,unmatched,,,0,False,1,2025-09-22,2025-09-22,False,True,False,True,Drugs
"Kawada Sanitary Products Co., Ltd.",KAWADA SANITARY PRODUCTS,unmatched,,,0,False,1,2014-10-08,2014-10-08,True,False,False,True,Devices
Kaylaan LLC,KAYLAAN,unmatched,,,0,False,1,2024-08-19,2024-08-19,False,True,False,True,Drugs
Kayline Inc,KAYLINE,unmatched,,,0,False,1,2008-10-17,2008-10-17,True,False,False,True,Devices
Kegan Wellness,KEGAN WELLNESS,unmatched,,,0,False,1,2020-07-13,2020-07-13,False,True,False,True,Drugs
"Keith A. Aqua, M.D.",KEITH A AQUA M D,unmatched,,,0,False,1,2014-09-02,2014-09-02,False,True,False,True,Drugs
"Kelley-Ross & Associates, Inc. dba Kelley-Ross Compounding Pharmacy",KELLEY ROSS AND ASSOCIATES KELLEY ROSS COMPOUNDING PHARMACY,unmatched,,,0,False,1,2018-08-02,2018-08-02,False,True,False,True,Drugs
"Kellin Chemicals (Zhangjiagang) Co., Ltd",KELLIN CHEMICALS ZHANGJIAGANG,unmatched,,,0,False,1,2025-11-06,2025-11-06,False,True,False,True,Drugs
"Kelyniam Global, Inc.",KELYNIAM GLOBAL,unmatched,,,0,False,1,2017-10-05,2017-10-05,True,False,False,True,Devices
"Ken Prima Cosmeceuticals, Sdn. Bhd.",KEN PRIMA COSMECEUTICALS SDN BHD,unmatched,,,0,False,1,2024-06-10,2024-06-10,False,True,False,True,Drugs
"Kennedy, Philip R.",KENNEDY PHILIP R,unmatched,,,0,False,1,2020-02-27,2020-02-27,True,False,False,True,Devices
Kentron Health Care Inc,KENTRON HEALTH CARE,unmatched,,,0,False,1,2012-03-26,2012-03-26,True,False,False,True,Devices
Kenvue Brands LLC,KENVUE BRANDS,unmatched,,,0,False,3,2010-09-27,2014-06-27,True,True,False,True,Devices; Drugs; Food/Cosmetics
Keshava Organics Private Ltd.,KESHAVA ORGANICS PRIVATE,unmatched,,,0,False,1,2018-03-15,2018-03-15,False,True,False,True,Drugs
Ket Plug,KET PLUG,unmatched,,,0,False,1,2026-06-23,2026-06-23,False,True,False,True,Drugs
"Kevin R. Bender, M.D.",KEVIN R BENDER M D,unmatched,,,0,False,1,2024-05-02,2024-05-02,False,True,False,True,Drugs
Key Surgical LLC,KEY SURGICAL,unmatched,,,0,False,1,2015-02-20,2015-02-20,True,False,False,True,Devices
"Keystone Laboratories, Inc.",KEYSTONE LABORATORIES,unmatched,,,0,False,1,2013-03-18,2013-03-18,False,True,False,True,Drugs
Kids Company Ltd Yugengaisha Kids,KIDS YUGENGAISHA KIDS,unmatched,,,0,False,2,2008-12-03,2015-04-15,True,False,False,True,Devices
Kilitch Healthcare India Limited,KILITCH HEALTHCARE INDIA,unmatched,,,0,False,1,2024-03-28,2024-03-28,False,True,False,True,Drugs
Kim Chemicals Private Ltd.,KIM CHEMICALS PRIVATE,unmatched,,,0,False,1,2017-10-16,2017-10-16,False,True,False,True,Drugs
Kimera Labs Inc,KIMERA LABS,unmatched,,,0,False,1,2023-09-01,2023-09-01,False,False,True,True,Biologics
Kin Meds,KIN MEDS,unmatched,,,0,False,1,2026-02-20,2026-02-20,False,True,False,True,Drugs
King Bio Inc.,KING BIO,unmatched,,,0,False,2,2018-01-11,2019-03-20,False,True,False,True,Drugs
King Cone International,KING CONE,unmatched,,,0,False,1,2010-02-17,2010-02-17,True,False,False,True,Devices
King Systems Corp.,KING SYSTEMS,unmatched,,,0,False,3,2009-10-26,2023-08-16,True,False,False,True,Devices
Kingdom Harvest,KINGDOM HARVEST,unmatched,,,0,False,1,2022-05-04,2022-05-04,False,True,False,True,Drugs
Kings Park Slope Inc,KINGS PARK SLOPE,unmatched,,,0,False,1,2015-03-27,2015-03-27,False,True,False,True,Drugs
"Kirk Pharmaceuticals, LLC",KIRK PHARMACEUTICALS,unmatched,,,0,False,1,2010-02-04,2010-02-04,False,True,False,True,Drugs
Klarity Medical Products LLC,KLARITY MEDICAL PRODUCTS,unmatched,,,0,False,1,2020-06-08,2020-06-08,True,False,False,True,Devices
Klinge Chemicals Limited,KLINGE CHEMICALS,unmatched,,,0,False,1,2010-12-21,2010-12-21,False,True,False,True,Drugs
Ko Da Pharmaceutical Co Ltd,KO DA PHARMACEUTICAL,unmatched,,,0,False,1,2016-05-27,2016-05-27,False,True,False,True,Drugs
"Kobayashi America Manufacturing, LLC",KOBAYASHI AMERICA MANUFACTURING,unmatched,,,0,False,1,2023-01-27,2023-01-27,False,True,False,True,Drugs
"Kogniz, Inc.",KOGNIZ,unmatched,,,0,False,1,2021-03-04,2021-03-04,True,False,False,True,Devices
Kolmar Korea Co. Ltd.,KOLMAR KOREA,unmatched,,,0,False,1,2018-05-18,2018-05-18,False,True,False,True,Drugs
Konec Inc.,KONEC,unmatched,,,0,False,1,2010-03-16,2010-03-16,False,True,False,True,Drugs
"Konrad Rejdak, M.D.",KONRAD REJDAK M D,unmatched,,,0,False,1,2024-05-29,2024-05-29,False,False,True,True,Biologics
KooJoo Trading Company,KOOJOO TRADING,unmatched,,,0,False,1,2013-06-24,2013-06-24,True,False,False,True,Devices
Kootenai Medical Center IRB,KOOTENAI MEDICAL CENTER IRB,unmatched,,,0,False,1,2013-11-15,2013-11-15,True,False,False,True,Devices
Kor- Chem Inc,KOR CHEM,unmatched,,,0,False,1,2023-09-11,2023-09-11,False,True,False,True,Drugs
"Korea Pharma Co., Ltd.",KOREA PHARMA,unmatched,,,0,False,1,2012-03-26,2012-03-26,False,True,False,True,Drugs
Korea United Pharm,KOREA UNITED PHARM,unmatched,,,0,False,1,2014-08-07,2014-08-07,False,True,False,True,Drugs
Kottakkal Arya Vaidya Sala,KOTTAKKAL ARYA VAIDYA SALA,unmatched,,,0,False,1,2022-05-19,2022-05-19,False,True,False,True,Drugs
Kral X-ray Inc.,KRAL X RAY,unmatched,,,0,False,1,2013-02-21,2013-02-21,True,False,False,True,Devices
Kratom Exchange,KRATOM EXCHANGE,unmatched,,,0,False,1,2022-06-30,2022-06-30,False,True,False,True,Drugs
KratomNC,KRATOMNC,unmatched,,,0,False,1,2019-05-16,2019-05-16,False,True,False,True,Drugs
"Krest Holdings, Panama S.A.",KREST PANAMA S A,unmatched,,,0,False,1,2009-11-17,2009-11-17,False,True,False,True,Drugs
"Kronner Prototypes, Inc.",KRONNER PROTOTYPES,unmatched,,,0,False,1,2013-05-09,2013-05-09,True,False,False,True,Devices
Kumar Organic Products Limited,KUMAR ORGANIC PRODUCTS,unmatched,,,0,False,1,2020-04-23,2020-04-23,False,True,False,True,Drugs
"Kunming Aolym Biotech Co.,Ltd",KUNMING AOLYM BIOTECH,unmatched,,,0,False,1,2023-01-09,2023-01-09,False,True,False,True,Drugs
"Kyowa Hakko Bio Co., Ltd.",KYOWA HAKKO BIO,unmatched,,,0,False,2,2010-09-29,2018-08-10,False,True,False,True,Drugs
"L Lamar Snow, MD",L LAMAR SNOW MD,unmatched,,,0,False,1,2010-09-29,2010-09-29,False,True,False,True,Drugs
L. Perrigo Company,L PERRIGO,unmatched,,,0,False,1,2010-04-29,2010-04-29,False,True,False,True,Drugs
LABORATORIOS DE FUERZA DE LA SALUD S.A DE CV,LABORATORIOS DE FUERZA DE LA SALUD S A DE CV,unmatched,,,0,False,1,2023-06-22,2023-06-22,False,True,False,True,Drugs
LAPBANDVIP.com,LAPBANDVIP COM,unmatched,,,0,False,1,2012-06-20,2012-06-20,True,False,False,True,Devices
"LAR NE, LLC",LAR NE,unmatched,,,0,False,1,2015-12-09,2015-12-09,True,False,False,True,Devices
LASIK Vision Institute LLC,LASIK VISION INSTITUTE,unmatched,,,0,False,1,2010-02-12,2010-02-12,True,False,False,True,Devices
"LC Medical Concepts, Inc",LC MEDICAL CONCEPTS,unmatched,,,0,False,1,2019-01-31,2019-01-31,True,False,False,True,Devices
LCA Vision Inc/Lasik Plus Vision Center,LCA VISION LASIK PLUS VISION CENTER,unmatched,,,0,False,1,2010-02-12,2010-02-12,True,False,False,True,Devices
LEADING EDGE HEALTH INC,LEADING EDGE HEALTH,unmatched,,,0,False,1,2026-06-17,2026-06-17,False,True,False,True,Drugs
"LEC Custom Products, Inc.",LEC CUSTOM PRODUCTS,unmatched,,,0,False,1,2020-09-24,2020-09-24,False,True,False,True,Drugs
"LEESAR, INC",LEESAR,unmatched,,,0,False,1,2020-02-18,2020-02-18,False,True,False,True,Drugs
LEVO AG,LEVO,unmatched,,,0,False,1,2025-07-16,2025-07-16,False,False,True,True,Biologics
"LGM Pharma Solutions, LLC",LGM PHARMA SOLUTIONS,unmatched,,,0,False,2,2010-09-27,2022-11-14,False,True,False,True,Drugs; Food/Cosmetics
LISA Laser Products OHG,LISA LASER PRODUCTS OHG,unmatched,,,0,False,1,2013-05-08,2013-05-08,True,False,False,True,Devices
"LNK International, Inc.",LNK,unmatched,,,0,False,1,2019-09-26,2019-09-26,False,True,False,True,Drugs
LS Promotions Inc.,LS PROMOTIONS,unmatched,,,0,False,1,2024-08-05,2024-08-05,False,True,False,True,Drugs
LSL Healthcare Inc.,LSL HEALTHCARE,unmatched,,,0,False,1,2012-03-30,2012-03-30,True,False,False,True,Devices
LUMINATE VENTURES LLC,LUMINATE VENTURES,unmatched,,,0,False,1,2025-09-09,2025-09-09,False,True,False,True,Drugs
LUS ESSENTIALS LLC,LUS ESSENTIALS,unmatched,,,0,False,1,2026-05-14,2026-05-14,False,True,False,True,Drugs
LVWellness & Aesthetics,LVWELLNESS AND AESTHETICS,unmatched,,,0,False,1,2020-10-15,2020-10-15,True,False,False,True,Devices
LXR Biotech,LXR BIOTECH,unmatched,,,0,False,2,2023-07-17,2025-12-29,False,True,False,True,Drugs; Food/Cosmetics
La Crema De Rebeca,LA CREMA DE REBECA,unmatched,,,0,False,1,2026-05-14,2026-05-14,False,True,False,True,Drugs
"La Vita Compounding Pharmacy, LLC",LA VITA COMPOUNDING PHARMACY,unmatched,,,0,False,1,2019-02-28,2019-02-28,False,True,False,True,Drugs
"Laavo Clean, S.A. de C.V.",LAAVO CLEAN S A DE C V,unmatched,,,0,False,1,2023-08-07,2023-08-07,False,True,False,True,Drugs
Labcorp Bedford LLC.,LABCORP BEDFORD,unmatched,,,0,False,1,2022-02-10,2022-02-10,False,False,True,True,Biologics
Labcorp- PMD,LABCORP PMD,unmatched,,,0,False,1,2011-07-18,2011-07-18,True,False,False,True,Devices
Labor LS SE & Co. KG,LABOR LS SE AND KG,unmatched,,,0,False,1,2011-12-16,2011-12-16,False,True,False,True,Drugs
Laboratoire Atlas Inc.,LABORATOIRE ATLAS,unmatched,,,0,False,1,2009-06-25,2009-06-25,False,True,False,True,Drugs
Laboratoire Sintyl S.A.,LABORATOIRE SINTYL S A,unmatched,,,0,False,1,2016-09-29,2016-09-29,False,True,False,True,Drugs
Laboratoires Clarins,LABORATOIRES CLARINS,unmatched,,,0,False,1,2019-04-23,2019-04-23,False,True,False,True,Drugs
Laboratoires Druide inc.,LABORATOIRES DRUIDE,unmatched,,,0,False,1,2025-05-29,2025-05-29,False,True,False,True,Drugs
Laboratoria Qualiphar NV,LABORATORIA QUALIPHAR,unmatched,,,0,False,1,2010-09-30,2010-09-30,False,True,False,True,Drugs
Laboratorio Banco Vida,LABORATORIO BANCO VIDA,unmatched,,,0,False,1,2020-08-12,2020-08-12,False,False,True,True,Biologics
"Laboratorio Magnachem International, S.A.",LABORATORIO MAGNACHEM S A,unmatched,,,0,False,1,2024-06-21,2024-06-21,False,True,False,True,Drugs
Laboratorio Pharma International SRL,LABORATORIO PHARMA,unmatched,,,0,False,1,2021-09-15,2021-09-15,False,True,False,True,Drugs
Laboratorios B. Braun S.A.,LABORATORIOS B BRAUN S A,unmatched,,,0,False,1,2011-07-26,2011-07-26,True,False,False,True,Devices
"Laboratorios Dentales De Zona Franca, S.A.",LABORATORIOS DENTALES DE ZONA FRANCA S A,unmatched,,,0,False,1,2020-05-15,2020-05-15,True,False,False,True,Devices
Laboratorios Dr. Collado S.A.,LABORATORIOS DR COLLADO S A,unmatched,,,0,False,1,2026-06-02,2026-06-02,False,True,False,True,Drugs
Laboratorios Jaloma S.A. de C.V.,LABORATORIOS JALOMA S A DE C V,unmatched,,,0,False,3,2012-03-09,2026-05-22,False,True,False,True,Drugs
"Laboratorios L.O. Oftalmi, C.A.",LABORATORIOS L O OFTALMI C A,unmatched,,,0,False,1,2010-05-12,2010-05-12,False,True,False,True,Drugs
Laboratorios Labocont Industrial SRL,LABORATORIOS LABOCONT INDUSTRIAL,unmatched,,,0,False,1,2018-03-09,2018-03-09,False,True,False,True,Drugs
Laboratorios Quantium Llc,LABORATORIOS QUANTIUM,unmatched,,,0,False,1,2019-02-28,2019-02-28,False,True,False,True,Drugs
Laboratorios Senosiain SA de CV,LABORATORIOS SENOSIAIN DE CV,unmatched,,,0,False,1,2014-08-26,2014-08-26,False,True,False,True,Drugs
Labotech Microscopes India Private Limited,LABOTECH MICROSCOPES INDIA PRIVATE,unmatched,,,0,False,1,2014-04-21,2014-04-21,True,False,False,True,Devices
Lac-Mac Limited,LAC MAC,unmatched,,,0,False,1,2015-04-01,2015-04-01,True,False,False,True,Devices
"Laclede, Inc.",LACLEDE,unmatched,,,0,False,1,2013-02-14,2013-02-14,False,True,False,True,Drugs
Ladd Family Pharmacy LLC,LADD FAMILY PHARMACY,unmatched,,,0,False,1,2017-09-26,2017-09-26,False,True,False,True,Drugs
Lady-comp Usa,LADY COMP,unmatched,,,0,False,1,2010-12-06,2010-12-06,True,False,False,True,Devices
Laglove Sdn Bhd (M) aka LA Glove,LAGLOVE SDN BHD M AKA LA GLOVE,unmatched,,,0,False,1,2011-01-20,2011-01-20,True,False,False,True,Devices
Lakpura LLC,LAKPURA,unmatched,,,0,False,1,2022-10-24,2022-10-24,False,True,False,True,Drugs
Landy International,LANDY,unmatched,,,0,False,1,2024-06-12,2024-06-12,False,True,False,True,Drugs
"Larken Laboratories, Inc.",LARKEN LABORATORIES,unmatched,,,0,False,1,2009-11-13,2009-11-13,False,True,False,True,Drugs
Larkin Community Hospital IRB,LARKIN COMMUNITY HOSPITAL IRB,unmatched,,,0,False,1,2023-01-11,2023-01-11,False,True,False,True,Drugs
Las Villas Health Care LLC,LAS VILLAS HEALTH CARE,unmatched,,,0,False,1,2025-09-09,2025-09-09,False,True,False,True,Drugs
Laser Dental Innovations,LASER DENTAL INNOVATIONS,unmatched,,,0,False,1,2018-02-27,2018-02-27,True,False,False,True,Devices
"Laser Energetics, Inc.",LASER ENERGETICS,unmatched,,,0,False,1,2012-11-29,2012-11-29,True,False,False,True,Devices
"Laser Engineering, Inc.",LASER ENGINEERING,unmatched,,,0,False,2,2009-01-07,2014-09-25,True,False,False,True,Devices
Laser Eye Care of California,LASER EYE CARE OF CALIFORNIA,unmatched,,,0,False,2,2009-10-09,2011-10-26,True,False,False,True,Devices
Lasetech LLC,LASETECH,unmatched,,,0,False,1,2025-03-21,2025-03-21,True,False,False,True,Devices
Lasik Laser,LASIK LASER,unmatched,,,0,False,1,2010-04-20,2010-04-20,True,False,False,True,Devices
Lasik Plus,LASIK PLUS,unmatched,,,0,False,1,2009-10-09,2009-10-09,True,False,False,True,Devices
Lasik Plus Houston,LASIK PLUS HOUSTON,unmatched,,,0,False,1,2009-10-30,2009-10-30,True,False,False,True,Devices
Lasik Plus Vision Center,LASIK PLUS VISION CENTER,unmatched,,,0,False,1,2010-04-20,2010-04-20,True,False,False,True,Devices
Lasik Vision Institute,LASIK VISION INSTITUTE,unmatched,,,0,False,6,2009-10-09,2011-12-16,True,False,False,True,Devices
LasikPlus,LASIKPLUS,unmatched,,,0,False,1,2009-10-09,2009-10-09,True,False,False,True,Devices
LasikPlus Vision Center,LASIKPLUS VISION CENTER,unmatched,,,0,False,6,2009-10-09,2012-04-03,True,False,False,True,Devices
Latin Foods Market,LATIN FOODS MARKET,unmatched,,,0,False,1,2022-10-28,2022-10-28,False,True,False,True,Drugs
Latina Pharma S.p.A.,LATINA PHARMA S P A,unmatched,,,0,False,1,2016-05-20,2016-05-20,False,True,False,True,Drugs
"Laura A. Teasley, M.D.",LAURA A TEASLEY M D,unmatched,,,0,False,1,2011-10-14,2011-10-14,False,True,False,True,Drugs
"Lauren R. Klein, M.D.",LAUREN R KLEIN M D,unmatched,,,0,False,1,2021-05-05,2021-05-05,False,True,False,True,Drugs
"Laveeza (nmi) Bhatti, M.D., Principle Investigator",LAVEEZA NMI BHATTI M D PRINCIPLE INVESTIGATOR,unmatched,,,0,False,1,2017-08-04,2017-08-04,False,True,False,True,Drugs
"Lazzaro, Marc, MD",LAZZARO MARC MD,unmatched,,,0,False,1,2015-07-09,2015-07-09,True,False,False,True,Devices
Lean Dreams LLC,LEAN DREAMS,unmatched,,,0,False,1,2025-09-09,2025-09-09,False,True,False,True,Drugs
Led Dental Inc,LED DENTAL,unmatched,,,0,False,1,2014-05-12,2014-05-12,True,False,False,True,Devices
Lee & Company,LEE AND,unmatched,,,0,False,1,2014-06-06,2014-06-06,False,True,False,True,Drugs
Leel Tech,LEEL TECH,unmatched,,,0,False,1,2024-08-07,2024-08-07,True,False,False,True,Devices
Legacy Pharmaceutical Packaging LLC,LEGACY PHARMACEUTICAL PACKAGING,unmatched,,,0,False,1,2022-10-03,2022-10-03,False,True,False,True,Drugs
Legal Lean,LEGAL LEAN,unmatched,,,0,False,1,2017-12-11,2017-12-11,False,True,False,True,Drugs
Leica Microsystems NC Inc.,LEICA MICROSYSTEMS NC,unmatched,,,0,False,1,2011-02-09,2011-02-09,True,False,False,True,Devices
Leisegang Feinmechanick-Optik GmbH,LEISEGANG FEINMECHANICK OPTIK,unmatched,,,0,False,1,2012-07-11,2012-07-11,True,False,False,True,Devices
Leltek Inc.,LELTEK,unmatched,,,0,False,1,2025-07-17,2025-07-17,True,False,False,True,Devices
Lelypharma BV,LELYPHARMA,unmatched,,,0,False,1,2024-01-24,2024-01-24,False,True,False,True,Drugs
"Lepu Medical Technology (Beijing) Co., Ltd.",LEPU MEDICAL TECHNOLOGY BEIJING,unmatched,,,0,False,1,2021-07-29,2021-07-29,True,False,False,True,Devices
Lernapharm (Loris) Inc.,LERNAPHARM LORIS,unmatched,,,0,False,1,2018-09-04,2018-09-04,False,True,False,True,Drugs
Les Emballages Facoteck Inc,LES EMBALLAGES FACOTECK,unmatched,,,0,False,1,2018-08-21,2018-08-21,False,True,False,True,Drugs
Les Encres LLC,LES ENCRES,unmatched,,,0,False,1,2025-07-30,2025-07-30,True,False,False,True,Devices
Les Importations Herbasante Inc.,LES IMPORTATIONS HERBASANTE,unmatched,,,0,False,1,2024-01-31,2024-01-31,False,True,False,True,Drugs
"Les Produits Chimiques B.G.R., Inc.",LES PRODUITS CHIMIQUES B G R,unmatched,,,0,False,1,2018-07-31,2018-07-31,False,True,False,True,Drugs
Lesa Sverid,LESA SVERID,unmatched,,,0,False,1,2011-04-28,2011-04-28,False,True,False,True,Drugs
Leventon S. A. U.,LEVENTON S A U,unmatched,,,0,False,1,2018-09-05,2018-09-05,True,False,False,True,Devices
Levity,LEVITY,unmatched,,,0,False,1,2026-02-20,2026-02-20,False,True,False,True,Drugs
"Lex, Inc.",LEX,unmatched,,,0,False,1,2023-08-17,2023-08-17,False,True,False,True,Drugs
Lexia LLC,LEXIA,unmatched,,,0,False,1,2026-04-20,2026-04-20,False,True,False,True,Drugs
Lexion Medical Llc,LEXION MEDICAL,unmatched,,,0,False,1,2021-07-26,2021-07-26,True,False,False,True,Devices
Lianhuaqingwencaps.com,LIANHUAQINGWENCAPS COM,unmatched,,,0,False,1,2020-07-06,2020-07-06,False,True,False,True,Drugs
"Libby Laboratories, Inc.",LIBBY LABORATORIES,unmatched,,,0,False,1,2025-06-27,2025-06-27,False,True,False,True,Drugs
Liberty Drug & Surgical,LIBERTY DRUG AND SURGICAL,unmatched,,,0,False,1,2016-03-14,2016-03-14,False,True,False,True,Drugs
"Libido Edge Labs, LLC",LIBIDO EDGE LABS,unmatched,,,0,False,1,2010-06-10,2010-06-10,False,True,False,True,Drugs
Liebel-Flarsheim Company LLC,LIEBEL FLARSHEIM,unmatched,,,0,False,1,2025-10-17,2025-10-17,False,True,False,True,Drugs
Life Enthusiast Co-op,LIFE ENTHUSIAST OP,unmatched,,,0,False,1,2025-08-25,2025-08-25,False,True,False,True,Drugs
"Life Recovery Systems HD, LLC",LIFE RECOVERY SYSTEMS HD,unmatched,,,0,False,2,2010-07-28,2012-02-23,True,False,False,True,Devices
"Life Unlearned, LLC",LIFE UNLEARNED,unmatched,,,0,False,1,2020-05-19,2020-05-19,False,True,False,True,Drugs
LifeNet Health,LIFENET HEALTH,unmatched,,,0,False,1,2010-12-02,2010-12-02,True,False,False,True,Devices
LifeSecure Emergency Solutions,LIFESECURE EMERGENCY SOLUTIONS,unmatched,,,0,False,1,2009-05-12,2009-05-12,True,False,False,True,Devices
LifeServe Blood Center,LIFESERVE BLOOD CENTER,unmatched,,,0,False,1,2013-08-09,2013-08-09,False,False,True,True,Biologics
LifeSouth Community Blood Centers Inc,LIFESOUTH COMMUNITY BLOOD CENTERS,unmatched,,,0,False,1,2012-01-30,2012-01-30,False,False,True,True,Biologics
"LifeVac, LLC",LIFEVAC,unmatched,,,0,False,1,2025-09-18,2025-09-18,True,False,False,True,Devices
"Lifetech Resources, LLC",LIFETECH RESOURCES,unmatched,,,0,False,1,2011-04-18,2011-04-18,False,True,False,True,Drugs
Lifewatch Services Inc,LIFEWATCH SERVICES,unmatched,,,0,False,1,2012-12-17,2012-12-17,True,False,False,True,Devices
"Light Age, Inc.",LIGHT AGE,unmatched,,,0,False,1,2018-01-24,2018-01-24,True,False,False,True,Devices
"Light Portal Technologies, LLC",LIGHT PORTAL TECHNOLOGIES,unmatched,,,0,False,1,2014-05-21,2014-05-21,True,False,False,True,Devices
"Light-Tech, Inc.",LIGHT TECH,unmatched,,,0,False,1,2011-12-09,2011-12-09,True,False,False,True,Devices
LightEyez Limited,LIGHTEYEZ,unmatched,,,0,False,1,2024-02-15,2024-02-15,False,True,False,True,Drugs
"Lijiang Yinghua Biochemical and Pharmaceutical Co., Ltd.",LIJIANG YINGHUA BIOCHEMICAL AND PHARMACEUTICAL,unmatched,,,0,False,1,2018-04-19,2018-04-19,False,True,False,True,Drugs
"Lilly del Caribe, Inc.",LILLY DEL CARIBE,unmatched,,,0,False,1,2010-02-05,2010-02-05,False,True,False,True,Drugs
Lima & Pergher Industria e Comercio S/A,LIMA AND PERGHER INDUSTRIA E COMERCIO S A,unmatched,,,0,False,1,2016-08-26,2016-08-26,False,True,False,True,Drugs
Lime Essentials,LIME ESSENTIALS,unmatched,,,0,False,1,2012-09-28,2012-09-28,True,False,False,True,Devices
"Limpo Quimicos, SA de CV",LIMPO QUIMICOS DE CV,unmatched,,,0,False,1,2021-09-30,2021-09-30,False,True,False,True,Drugs
"Lin, Henry MD",LIN HENRY MD,unmatched,,,0,False,1,2010-03-08,2010-03-08,False,True,False,True,Drugs
Linda D. Bosserman,LINDA D BOSSERMAN,unmatched,,,0,False,1,2011-07-19,2011-07-19,False,True,False,True,Drugs
Linde Gas & Equiment Inc.,LINDE GAS AND EQUIMENT,unmatched,,,0,False,1,2015-01-07,2015-01-07,True,False,False,True,Devices
Linemaster Switch Corporation,LINEMASTER SWITCH,unmatched,,,0,False,1,2026-05-27,2026-05-27,True,False,False,True,Devices
Linet Spol. S.r.o.,LINET SPOL S R O,unmatched,,,0,False,1,2013-03-01,2013-03-01,True,False,False,True,Devices
"Linghai ZhanWang Biotechnology Co., Ltd",LINGHAI ZHANWANG BIOTECHNOLOGY,unmatched,,,0,False,1,2025-02-25,2025-02-25,False,True,False,True,Drugs
Linkwin Technology Co Ltd,LINKWIN TECHNOLOGY,unmatched,,,0,False,1,2015-11-05,2015-11-05,True,False,False,True,Devices
"Linzer, Dov M.D.",LINZER DOV M D,unmatched,,,0,False,1,2009-06-12,2009-06-12,False,True,False,True,Drugs
Liq-E S.A. De C.V.,LIQ E S A DE C V,unmatched,,,0,False,1,2020-11-19,2020-11-19,False,True,False,True,Drugs
"LiquidCapsule Manufacturing, LLC",LIQUIDCAPSULE MANUFACTURING,unmatched,,,0,False,2,2015-05-15,2025-12-19,False,True,False,True,Drugs; Food/Cosmetics
Little Moon Essentials LLC,LITTLE MOON ESSENTIALS,unmatched,,,0,False,1,2024-09-17,2024-09-17,False,True,False,True,Drugs
LivaNova Deutschland GmbH,LIVANOVA DEUTSCHLAND,unmatched,,,0,False,2,2011-08-02,2015-12-29,True,False,False,True,Devices
Live Well RX,LIVE WELL RX,unmatched,,,0,False,1,2025-09-09,2025-09-09,False,True,False,True,Drugs
Liveyon Labs Inc,LIVEYON LABS,unmatched,,,0,False,1,2019-12-05,2019-12-05,False,False,True,True,Biologics
"Living Senior, LLC",LIVING SENIOR,unmatched,,,0,False,1,2020-08-19,2020-08-19,False,True,False,True,Drugs
Lloyd Industries Inc.,LLOYD INDUSTRIES,unmatched,,,0,False,1,2011-03-23,2011-03-23,True,False,False,True,Devices
LockDown Medical Ltd.,LOCKDOWN MEDICAL,unmatched,,,0,False,1,2014-09-11,2014-09-11,True,False,False,True,Devices
Logix Biosciences Inc.,LOGIX BIOSCIENCES,unmatched,,,0,False,1,2022-03-28,2022-03-28,False,True,False,True,Drugs
Lohxa LLC,LOHXA,unmatched,,,0,False,1,2019-09-10,2019-09-10,False,True,False,True,Drugs
"Lone Star Medical Products, Inc.",LONE STAR MEDICAL PRODUCTS,unmatched,,,0,False,1,2013-04-25,2013-04-25,True,False,False,True,Devices
Longbow First Aid Products Manufactory,LONGBOW FIRST AID PRODUCTS MANUFACTORY,unmatched,,,0,False,1,2018-12-14,2018-12-14,False,True,False,True,Drugs
Longhorn Vaccines And Diagnostics LLC,LONGHORN VACCINES AND DIAGNOSTICS,unmatched,,,0,False,1,2026-02-27,2026-02-27,True,False,False,True,Devices
Longood Medicine (Beijing) Co Ltd,LONGOOD MEDICINE BEIJING,unmatched,,,0,False,1,2018-08-28,2018-08-28,False,True,False,True,Drugs
"Lonza Biologics, Inc.",LONZA BIOLOGICS,unmatched,,,0,False,1,2011-09-01,2011-09-01,False,True,False,True,Drugs
"Lonza Walkersville, Inc.",LONZA WALKERSVILLE,unmatched,,,0,False,1,2017-04-21,2017-04-21,True,False,False,True,Devices
Loop Plaza Pharmacy Company DBA Loop Compounding Pharmacy,LOOP PLAZA PHARMACY LOOP COMPOUNDING PHARMACY,unmatched,,,0,False,1,2017-09-20,2017-09-20,False,True,False,True,Drugs
Lorna Hillier,LORNA HILLIER,unmatched,,,0,False,1,2009-11-17,2009-11-17,False,True,False,True,Drugs
Lotus Herbal Supplements,LOTUS HERBAL SUPPLEMENTS,unmatched,,,0,False,1,2020-07-06,2020-07-06,False,True,False,True,Drugs
"Louise Taber, MD",LOUISE TABER MD,unmatched,,,0,False,1,2014-10-09,2014-10-09,False,True,False,True,Drugs
Louisiana State University Health Sciences Center IRB,LOUISIANA STATE UNIVERSITY HEALTH SCIENCES CENTER IRB,unmatched,,,0,False,1,2024-09-27,2024-09-27,False,True,False,True,Drugs
Louisville Reproductive Center,LOUISVILLE REPRODUCTIVE CENTER,unmatched,,,0,False,2,2017-08-29,2026-01-23,False,False,True,True,Biologics
Lovega LLC,LOVEGA,unmatched,,,0,False,1,2026-03-31,2026-03-31,False,True,False,True,Drugs
Lovely Meds,LOVELY MEDS,unmatched,,,0,False,1,2025-09-09,2025-09-09,False,True,False,True,Drugs
Loyal Great International Ltd.,LOYAL GREAT,unmatched,,,0,False,1,2020-06-26,2020-06-26,False,True,False,True,Drugs
Lucero Medical LLC,LUCERO MEDICAL,unmatched,,,0,False,1,2012-03-21,2012-03-21,True,False,False,True,Devices
"Lucky Beauty Equipment Co., LTD.",LUCKY BEAUTY EQUIPMENT,unmatched,,,0,False,1,2014-01-15,2014-01-15,True,False,False,True,Devices
Lucky Board Manufacturing,LUCKY BOARD MANUFACTURING,unmatched,,,0,False,1,2013-06-20,2013-06-20,True,False,False,True,Devices
Lucy's Weight Loss (dba. Waisted With Lucy),LUCY S WEIGHT LOSS WAISTED WITH LUCY,unmatched,,,0,False,1,2016-02-17,2016-02-17,False,True,False,True,Drugs
Luen Fook Medicine Sdn. Bhd.,LUEN FOOK MEDICINE SDN BHD,unmatched,,,0,False,1,2019-04-08,2019-04-08,False,True,False,True,Drugs
Luen Wah (HK) Medicine Ltd,LUEN WAH HK MEDICINE,unmatched,,,0,False,1,2018-04-06,2018-04-06,False,True,False,True,Drugs
"Luis J. Pena-Hernandez, M.D.",LUIS J PENA HERNANDEZ M D,unmatched,,,0,False,1,2023-09-20,2023-09-20,False,True,False,True,Drugs
LumiQuick Diagnostics Inc.,LUMIQUICK DIAGNOSTICS,unmatched,,,0,False,2,2013-07-31,2014-04-01,True,False,False,True,Devices
Lumis Global Pharmaceuticals Co. Ltd.,LUMIS GLOBAL PHARMACEUTICALS,unmatched,,,0,False,1,2017-03-02,2017-03-02,False,True,False,True,Drugs
Lupin Limited,LUPIN,unmatched,,,0,False,5,2009-05-07,2022-09-27,False,True,False,True,Drugs
"Lusys Laboratories, Inc.",LUSYS LABORATORIES,unmatched,,,0,False,2,2015-09-30,2022-02-18,True,False,False,True,Devices
Luv N' Care Ltd,LUV N CARE,unmatched,,,0,False,1,2009-09-11,2009-09-11,True,False,False,True,Devices
Lux Therapeutics LLC,LUX THERAPEUTICS,unmatched,,,0,False,1,2025-11-25,2025-11-25,False,False,True,True,Biologics
Lydia Co Ltd.,LYDIA,unmatched,,,0,False,1,2023-06-26,2023-06-26,False,True,False,True,Drugs
Lymol Medical Corporation,LYMOL MEDICAL,unmatched,,,0,False,1,2020-04-07,2020-04-07,True,False,False,True,Devices
M Dialysis AB,M DIALYSIS,unmatched,,,0,False,1,2018-06-14,2018-06-14,True,False,False,True,Devices
"M Six Labs, Inc.",M SIX LABS,unmatched,,,0,False,1,2022-05-04,2022-05-04,False,True,False,True,Drugs; Food/Cosmetics
M W Laboratories Inc,M W LABORATORIES,unmatched,,,0,False,1,2009-12-09,2009-12-09,False,True,False,True,Drugs
"M&M Beauty and Wellness, LLC",M AND M BEAUTY AND WELLNESS,unmatched,,,0,False,1,2022-04-13,2022-04-13,False,True,False,True,Drugs
M.i. Tech Co Ltd,M I TECH,unmatched,,,0,False,1,2010-07-29,2010-07-29,True,False,False,True,Devices
MACSEN DRUGS,MACSEN DRUGS,unmatched,,,0,False,1,2025-03-05,2025-03-05,False,True,False,True,Drugs
MADHU MAHITA LLC,MADHU MAHITA,unmatched,,,0,False,1,2025-11-17,2025-11-17,False,True,False,True,Drugs
MAKRA KOZMETIKA D.O.O.,MAKRA KOZMETIKA D O O,unmatched,,,0,False,1,2024-09-26,2024-09-26,False,True,False,True,Drugs
MANDELAY KFT,MANDELAY KFT,unmatched,,,0,False,1,2020-02-03,2020-02-03,True,False,False,True,Devices
MANHATTAN STITCHING CO,MANHATTAN STITCHING,unmatched,,,0,False,1,2021-04-13,2021-04-13,True,False,False,True,Devices
MANI HANOI CO. LTD,MANI HANOI,unmatched,,,0,False,1,2014-06-11,2014-06-11,True,False,False,True,Devices
MARC STEINER,MARC STEINER,unmatched,,,0,False,1,2026-03-31,2026-03-31,False,True,False,True,Drugs
MARCI BEAUTY LLC,MARCI BEAUTY,unmatched,,,0,False,1,2021-02-02,2021-02-02,True,False,False,True,Devices
MAST Biosurgery USA Inc,MAST BIOSURGERY,unmatched,,,0,False,1,2025-12-17,2025-12-17,True,False,False,True,Devices
MBB Production Mexico S. de R.L. de C.V.,MBB PRODUCTION MEXICO S DE R L DE C V,unmatched,,,0,False,1,2019-12-13,2019-12-13,False,True,False,True,Drugs
"MD Pharmaceutical Supply, LLC",MD PHARMACEUTICAL SUPPLY,unmatched,,,0,False,1,2022-11-23,2022-11-23,False,True,False,True,Drugs
"MEDDEV USA, INC.",MEDDEV,unmatched,,,0,False,1,2012-10-09,2012-10-09,True,False,False,True,Devices
MEDGEL PRIVATE LIMITED,MEDGEL PRIVATE,unmatched,,,0,False,1,2023-07-20,2023-07-20,False,True,False,True,Drugs
"MEDHOST of Tennessee, Inc.",MEDHOST OF TENNESSEE,unmatched,,,0,False,1,2010-10-20,2010-10-20,True,False,False,True,Devices
MEDIA NETWORKS SYDNEY PTY LIMITED,MEDIA NETWORKS SYDNEY PTY,unmatched,,,0,False,2,2024-08-15,2025-09-18,False,True,False,True,Drugs
MEDICAMAT S.A.,MEDICAMAT S A,unmatched,,,0,False,1,2013-04-19,2013-04-19,True,False,False,True,Devices
MEDINVENTS NV,MEDINVENTS,unmatched,,,0,False,1,2013-06-06,2013-06-06,True,False,False,True,Devices
MEDOLIFE CORP,MEDOLIFE,unmatched,,,0,False,1,2023-04-19,2023-04-19,False,True,False,True,Drugs
MEDVi,MEDVI,unmatched,,,0,False,1,2026-02-20,2026-02-20,False,True,False,True,Drugs
MG Infusions,MG INFUSIONS,unmatched,,,0,False,1,2025-03-10,2025-03-10,False,False,True,True,Biologics
MI Hope Inc. dba Center for Complex Infectious Diseases IRB,MI HOPE CENTER FOR COMPLEX INFECTIOUS DISEASES IRB,unmatched,,,0,False,1,2009-10-19,2009-10-19,False,True,False,True,Drugs
MICHIGAN HERBAL REMEDIES,MICHIGAN HERBAL REMEDIES,unmatched,,,0,False,1,2016-02-04,2016-02-04,False,True,False,True,Drugs
"MICROspecialties, LLC",MICROSPECIALTIES,unmatched,,,0,False,2,2011-06-28,2025-05-08,True,False,False,True,Devices
MKL DIAGNOSTICS AB,MKL DIAGNOSTICS,unmatched,,,0,False,1,2014-07-29,2014-07-29,True,False,False,True,Devices
MMC HEALTHCARE LTD.,MMC HEALTHCARE,unmatched,,,0,False,1,2024-09-24,2024-09-24,False,True,False,True,Drugs
MMStabs.com,MMSTABS COM,unmatched,,,0,False,1,2020-08-03,2020-08-03,False,True,False,True,Drugs
MOLECULAR TESTING LABS,MOLECULAR TESTING LABS,unmatched,,,0,False,1,2024-10-11,2024-10-11,False,False,True,True,Biologics
MOLLUSCUMRX,MOLLUSCUMRX,unmatched,,,0,False,1,2023-08-18,2023-08-18,False,True,False,True,Drugs
MONQ,MONQ,unmatched,,,0,False,1,2022-06-30,2022-06-30,False,True,False,True,Drugs
MOORE'S PHARMACY INC,MOORE S PHARMACY,unmatched,,,0,False,1,2018-01-16,2018-01-16,False,True,False,True,Drugs
MP Biomedicals Diagnostics Division,MP BIOMEDICALS DIAGNOSTICS DIVISION,unmatched,,,0,False,1,2010-08-02,2010-08-02,True,False,False,True,Devices
MPP PHARMA LLC,MPP PHARMA,unmatched,,,0,False,1,2009-04-27,2009-04-27,False,True,False,True,Drugs
"MR. PINK COLLECTIONS, LLC",MR PINK COLLECTIONS,unmatched,,,0,False,1,2019-11-22,2019-11-22,False,True,False,True,Drugs
MRI Imaging Specialist,MRI IMAGING SPECIALIST,unmatched,,,0,False,1,2016-03-17,2016-03-17,True,False,False,True,Devices
"MRP, LLC",MRP,unmatched,,,0,False,1,2009-04-03,2009-04-03,True,False,False,True,Devices
"MSM Nutraceuticals, LLC dba MSM Health Solutions",MSM NUTRACEUTICALS MSM HEALTH SOLUTIONS,unmatched,,,0,False,1,2019-10-24,2019-10-24,False,True,False,True,Drugs
MTI Precision Products LLC.,MTI PRECISION PRODUCTS,unmatched,,,0,False,1,2014-06-06,2014-06-06,True,False,False,True,Devices
"MWT Materials, Inc.",MWT MATERIALS,unmatched,,,0,False,1,2015-08-06,2015-08-06,True,False,False,True,Devices
"MXL Comercial, SA de CV",MXL COMERCIAL DE CV,unmatched,,,0,False,1,2020-11-10,2020-11-10,False,True,False,True,Drugs
MYM Hidrominerales S. de RL. de C.V.,MYM HIDROMINERALES S DE RL DE C V,unmatched,,,0,False,1,2021-04-09,2021-04-09,False,True,False,True,Drugs
Macau-Union Pharmaceutical Limited,MACAU UNION PHARMACEUTICAL,unmatched,,,0,False,1,2026-05-29,2026-05-29,False,True,False,True,Drugs
Macco Organiques Inc.,MACCO ORGANIQUES,unmatched,,,0,False,1,2010-12-10,2010-12-10,False,True,False,True,Drugs
Madespa S.A.,MADESPA S A,unmatched,,,0,False,1,2008-10-02,2008-10-02,True,False,False,True,Devices
Madhu Instruments Private Limited,MADHU INSTRUMENTS PRIVATE,unmatched,,,0,False,1,2024-02-01,2024-02-01,False,True,False,True,Drugs
Madison Polymeric Engineering,MADISON POLYMERIC ENGINEERING,unmatched,,,0,False,1,2015-04-22,2015-04-22,True,False,False,True,Devices
"Magellan Diagnostics, Inc.",MAGELLAN DIAGNOSTICS,unmatched,,,0,False,2,2017-10-23,2025-12-23,True,False,False,True,Devices
"Magellan Rx Pharmacy, LLC",MAGELLAN RX PHARMACY,unmatched,,,0,False,1,2017-09-11,2017-09-11,False,True,False,True,Drugs
"Maggie A. Jeffries, M.D.",MAGGIE A JEFFRIES M D,unmatched,,,0,False,1,2023-03-03,2023-03-03,False,True,False,True,Drugs
Magna Pharmaceuticals Inc,MAGNA PHARMACEUTICALS,unmatched,,,0,False,1,2010-02-08,2010-02-08,False,True,False,True,Drugs
"Magnolia Medical Technologies, Inc.",MAGNOLIA MEDICAL TECHNOLOGIES,unmatched,,,0,False,1,2021-09-17,2021-09-17,True,False,False,True,Devices
Mahendra Chemicals,MAHENDRA CHEMICALS,unmatched,,,0,False,1,2015-07-13,2015-07-13,False,True,False,True,Drugs
Mahita LLC,MAHITA,unmatched,,,0,False,2,2021-08-19,2025-11-17,False,True,False,True,Drugs
Mahoney Property Ltd,MAHONEY PROPERTY,unmatched,,,0,False,1,2024-03-25,2024-03-25,False,True,False,True,Drugs
"Mainline Technology, Inc.",MAINLINE TECHNOLOGY,unmatched,,,0,False,1,2009-01-23,2009-01-23,True,False,False,True,Devices
Maison Blanche LLC,MAISON BLANCHE,unmatched,,,0,False,1,2023-09-14,2023-09-14,False,True,False,True,Drugs
"Maison Terre, LLC",MAISON TERRE,unmatched,,,0,False,1,2021-04-01,2021-04-01,False,True,False,True,Drugs
Maitland Labs of Central Florida,MAITLAND LABS OF CENTRAL FLORIDA,unmatched,,,0,False,1,2021-08-10,2021-08-10,False,True,False,True,Drugs
"Malcolm, Mathew PhD., OTR",MALCOLM MATHEW PHD OTR,unmatched,,,0,False,1,2012-05-22,2012-05-22,True,False,False,True,Devices
Malladi Drugs and Pharmaceuticals Ltd.,MALLADI DRUGS AND PHARMACEUTICALS,unmatched,,,0,False,1,2018-03-09,2018-03-09,False,True,False,True,Drugs
Mallinckrodt Hospital Products Inc.,MALLINCKRODT HOSPITAL PRODUCTS,unmatched,,,0,False,1,2009-03-30,2009-03-30,False,True,False,True,Drugs
Mandell's Clinical Pharmacy,MANDELL S CLINICAL PHARMACY,unmatched,,,0,False,1,2020-06-10,2020-06-10,False,True,False,True,Drugs
"Mane And Steel, LLC.",MANE AND STEEL,unmatched,,,0,False,1,2025-09-09,2025-09-09,False,True,False,True,Drugs
Manhattan Regenerative Medicine Medical Group,MANHATTAN REGENERATIVE MEDICINE MEDICAL,unmatched,,,0,False,1,2015-12-30,2015-12-30,False,False,True,True,Biologics
"Manhattan Reproductive Medicine, PC",MANHATTAN REPRODUCTIVE MEDICINE PC,unmatched,,,0,False,1,2013-11-20,2013-11-20,False,False,True,True,Biologics
"Manish Mehta, MD",MANISH MEHTA MD,unmatched,,,0,False,1,2012-02-21,2012-02-21,True,False,False,True,Devices
Mantro Force,MANTRO FORCE,unmatched,,,0,False,1,2026-06-17,2026-06-17,False,True,False,True,Drugs
"Manuel J. Quinones, M.D.",MANUEL J QUINONES M D,unmatched,,,0,False,1,2009-03-03,2009-03-03,False,True,False,True,Drugs
Mapa Gmbh,MAPA,unmatched,,,0,False,1,2013-12-31,2013-12-31,True,False,False,True,Devices
"Maple Rose Enterprises, Inc, dba Pencol Pharmacy",MAPLE ROSE ENTERPRISES PENCOL PHARMACY,unmatched,,,0,False,1,2017-08-03,2017-08-03,False,True,False,True,Drugs
Mappel Industria de Embalagens S.A.,MAPPEL INDUSTRIA DE EMBALAGENS S A,unmatched,,,0,False,1,2016-09-12,2016-09-12,False,True,False,True,Drugs
Maquet Cardiopulmonary Gmbh,MAQUET CARDIOPULMONARY,unmatched,,,0,False,1,2014-12-04,2014-12-04,True,False,False,True,Devices
"Maquet Cardiovascular, LLC",MAQUET CARDIOVASCULAR,unmatched,,,0,False,1,2010-08-11,2010-08-11,True,False,False,True,Devices
Maquiladora Miniara SA de CV,MAQUILADORA MINIARA DE CV,unmatched,,,0,False,1,2021-12-15,2021-12-15,False,True,False,True,Drugs
Marco Antonio Rodriguez Fierro,MARCO ANTONIO RODRIGUEZ FIERRO,unmatched,,,0,False,1,2021-03-01,2021-03-01,False,True,False,True,Drugs
"Marcus Research Laboratory, Inc.",MARCUS RESEARCH LABORATORY,unmatched,,,0,False,1,2021-09-30,2021-09-30,False,True,False,True,Drugs
Marel Corporation,MAREL,unmatched,,,0,False,1,2014-08-11,2014-08-11,True,False,False,True,Devices
"Margaret E. Thurmond-Anderle, M.D./AAMR Research Clinic",MARGARET E THURMOND ANDERLE M D AAMR RESEARCH CLINIC,unmatched,,,0,False,1,2011-02-25,2011-02-25,False,True,False,True,Drugs
Maria A. Carballosa MD,MARIA A CARBALLOSA MD,unmatched,,,0,False,1,2025-12-12,2025-12-12,False,True,False,True,Drugs
"Maria W. Greenwald, M.D.",MARIA W GREENWALD M D,unmatched,,,0,False,1,2023-10-20,2023-10-20,False,True,False,True,Drugs
Marina Medical Instruments Inc.,MARINA MEDICAL INSTRUMENTS,unmatched,,,0,False,1,2009-04-21,2009-04-21,True,False,False,True,Devices
"Mariposa Labs, LLC",MARIPOSA LABS,unmatched,,,0,False,1,2019-03-14,2019-03-14,False,True,False,True,Drugs
"Mark Berman, M.D.",MARK BERMAN M D,unmatched,,,0,False,1,2019-02-13,2019-02-13,True,False,False,True,Devices
"Mark Dacey, M.D.",MARK DACEY M D,unmatched,,,0,False,1,2026-02-02,2026-02-02,False,True,False,True,Drugs
"Mark Savant, M.D.",MARK SAVANT M D,unmatched,,,0,False,1,2025-06-26,2025-06-26,False,True,False,True,Drugs
Marketview Research,MARKETVIEW RESEARCH,unmatched,,,0,False,1,2009-08-18,2009-08-18,False,True,False,True,Drugs
Marks Marine Pharmacy,MARKS MARINE PHARMACY,unmatched,,,0,False,1,2012-08-23,2012-08-23,False,True,False,True,Drugs
Marlen Manufacturing & Development Co.,MARLEN MANUFACTURING AND DEVELOPMENT,unmatched,,,0,False,1,2009-08-28,2009-08-28,True,False,False,True,Devices
"Marli Washington Design, LLC",MARLI WASHINGTON DESIGN,unmatched,,,0,False,1,2025-12-16,2025-12-16,True,False,False,True,Devices
Marshalls Traditional Healthcare CC,MARSHALLS TRADITIONAL HEALTHCARE CC,unmatched,,,0,False,1,2025-02-10,2025-02-10,False,True,False,True,Drugs
"Martech Medical Products, Inc.",MARTECH MEDICAL PRODUCTS,unmatched,,,0,False,1,2015-04-10,2015-04-10,True,False,False,True,Devices
"Martin Avenue Pharmacy, Inc.",MARTIN AVENUE PHARMACY,unmatched,,,0,False,1,2015-03-18,2015-03-18,False,True,False,True,Drugs
"Martin K. Dineen, M.D.",MARTIN K DINEEN M D,unmatched,,,0,False,1,2008-12-22,2008-12-22,True,False,False,True,Devices
Martin N. Zaiac,MARTIN N ZAIAC,unmatched,,,0,False,1,2011-03-21,2011-03-21,False,True,False,True,Drugs
Maryland Specialty and Compounding Pharmacy,MARYLAND SPECIALTY AND COMPOUNDING PHARMACY,unmatched,,,0,False,1,2017-04-03,2017-04-03,False,True,False,True,Drugs
Mask Supply Store,MASK SUPPLY STORE,unmatched,,,0,False,1,2021-05-21,2021-05-21,True,False,False,True,Devices
Massco Dental,MASSCO DENTAL,unmatched,,,0,False,1,2023-02-23,2023-02-23,False,True,False,True,Drugs
Master Paints & Chemical Corp,MASTER PAINTS AND CHEMICAL,unmatched,,,0,False,1,2024-03-13,2024-03-13,False,True,False,True,Drugs
Master Pharmaceuticals Group,MASTER PHARMACEUTICALS,unmatched,,,0,False,1,2025-09-09,2025-09-09,False,True,False,True,Drugs
MasterPharm LLC,MASTERPHARM,unmatched,,,0,False,2,2016-01-08,2021-07-19,False,True,False,True,Drugs
Matrix Pharmacorp Private Limited,MATRIX PHARMACORP PRIVATE,unmatched,,,0,False,2,2019-11-05,2020-08-20,False,True,False,True,Drugs
Matte Beauty,MATTE BEAUTY,unmatched,,,0,False,1,2024-07-25,2024-07-25,False,True,False,True,Drugs
Matthew 7:25 Inc dba Thrive Pharmacy,MATTHEW 7 25 THRIVE PHARMACY,unmatched,,,0,False,1,2021-07-23,2021-07-23,False,True,False,True,Drugs
"Matthew N. Songer, MD",MATTHEW N SONGER MD,unmatched,,,0,False,1,2010-08-27,2010-08-27,True,False,False,True,Devices
Matxi S.G.,MATXI S G,unmatched,,,0,False,1,2019-04-29,2019-04-29,False,True,False,True,Drugs
Max Chemical Inc,MAX CHEMICAL,unmatched,,,0,False,1,2024-06-20,2024-06-20,False,True,False,True,Drugs
"Maximus Health, Inc.",MAXIMUS HEALTH,unmatched,,,0,False,1,2026-06-08,2026-06-08,False,True,False,True,Drugs
Maxlife,MAXLIFE,unmatched,,,0,False,1,2026-02-20,2026-02-20,False,True,False,True,Drugs
"Mayer Laboratories, Inc.",MAYER LABORATORIES,unmatched,,,0,False,1,2011-07-05,2011-07-05,True,False,False,True,Devices
Mayfair Medical Supplies Ltd,MAYFAIR MEDICAL SUPPLIES,unmatched,,,0,False,1,2014-09-23,2014-09-23,True,False,False,True,Devices
Mayon's Pharmaceuticals Private Ltd,MAYON S PHARMACEUTICALS PRIVATE,unmatched,,,0,False,1,2020-09-04,2020-09-04,False,True,False,True,Drugs
Mb Industria Cirurgica Ltda,MB INDUSTRIA CIRURGICA LTDA,unmatched,,,0,False,1,2017-08-04,2017-08-04,True,False,False,True,Devices
McCallum Manufacturing Limited,MCCALLUM MANUFACTURING,unmatched,,,0,False,1,2018-04-09,2018-04-09,False,True,False,True,Drugs
McDaniel Life-Line LLC,MCDANIEL LIFE LINE,unmatched,,,0,False,1,2019-05-16,2019-05-16,False,True,False,True,Drugs
"McDaniel Water, LLC",MCDANIEL WATER,unmatched,,,0,False,1,2021-09-07,2021-09-07,False,True,False,True,Drugs
"McGuff Pharmaceuticals, Inc.",MCGUFF PHARMACEUTICALS,unmatched,,,0,False,2,2010-12-28,2015-11-13,False,True,False,True,Drugs
McKesson Corporation Headquarters,MCKESSON HEADQUARTERS,unmatched,,,0,False,1,2019-02-07,2019-02-07,False,True,False,True,Drugs
Mcconnell Labs Inc,MCCONNELL LABS,unmatched,,,0,False,1,2022-10-18,2022-10-18,False,True,False,True,Drugs
Measured,MEASURED,unmatched,,,0,False,1,2026-02-20,2026-02-20,False,True,False,True,Drugs
"Mectra Labs, Inc.",MECTRA LABS,unmatched,,,0,False,1,2013-11-14,2013-11-14,True,False,False,True,Devices
Mectronic Medicale S.R.L.,MECTRONIC MEDICALE S R L,unmatched,,,0,False,1,2025-06-27,2025-06-27,True,False,False,True,Devices
Med Light Ltd,MED LIGHT,unmatched,,,0,False,1,2009-11-18,2009-11-18,False,True,False,True,Drugs
"Med Pen Concepts, LLC",MED PEN CONCEPTS,unmatched,,,0,False,1,2022-09-15,2022-09-15,True,False,False,True,Devices
"Med Prep Consulting, Inc.",MED PREP CONSULTING,unmatched,,,0,False,1,2010-07-09,2010-07-09,False,True,False,True,Drugs
Med Shop Total Care Inc.,MED SHOP TOTAL CARE,unmatched,,,0,False,2,2019-07-30,2022-03-18,False,True,False,True,Drugs; Veterinary
"Med-Mizer, Inc.",MED MIZER,unmatched,,,0,False,1,2014-07-22,2014-07-22,True,False,False,True,Devices
MedChem Inc. dba Express Medical Supplies,MEDCHEM EXPRESS MEDICAL SUPPLIES,unmatched,,,0,False,1,2009-05-14,2009-05-14,True,False,False,True,Devices
MedClub by Dr. Jenn,MEDCLUB BY DR JENN,unmatched,,,0,False,1,2025-09-09,2025-09-09,False,True,False,True,Drugs
"MedLine Industries, LP (NAMIC Division)",MEDLINE INDUSTRIES NAMIC DIVISION,unmatched,,,0,False,1,2026-03-26,2026-03-26,True,False,False,True,Devices
MedOffice Saglik Endustri Anonim Sirketi,MEDOFFICE SAGLIK ENDUSTRI ANONIM SIRKETI,unmatched,,,0,False,1,2024-10-23,2024-10-23,False,True,False,True,Drugs
"MedPark Pharmacy, LLC",MEDPARK PHARMACY,unmatched,,,0,False,1,2018-03-05,2018-03-05,False,True,False,True,Drugs
"Meda Pharmaceuticals, Inc",MEDA PHARMACEUTICALS,unmatched,,,0,False,1,2009-07-13,2009-07-13,False,True,False,True,Drugs
"Medaesthetics International, LLC",MEDAESTHETICS,unmatched,,,0,False,2,2013-01-03,2026-04-28,True,False,False,True,Devices
Medakit Ltd,MEDAKIT,unmatched,,,0,False,1,2020-06-10,2020-06-10,True,False,False,True,Devices
Medart A /S,MEDART A S,unmatched,,,0,False,1,2012-11-19,2012-11-19,True,False,False,True,Devices
"Medaus, Inc.",MEDAUS,unmatched,,,0,False,2,2014-01-15,2018-03-08,False,True,False,True,Drugs
Medefil Incorporated,MEDEFIL,unmatched,,,0,False,1,2010-06-10,2010-06-10,True,False,False,True,Devices
Medela Inc,MEDELA,unmatched,,,0,False,1,2011-02-25,2011-02-25,True,False,False,True,Devices
Medi-Fare Drug,MEDI FARE DRUG,unmatched,,,0,False,1,2013-03-07,2013-03-07,False,True,False,True,Drugs
Mediagnost GmbH,MEDIAGNOST,unmatched,,,0,False,1,2012-05-09,2012-05-09,True,False,False,True,Devices
Medibo N.V.,MEDIBO N V,unmatched,,,0,False,1,2009-10-02,2009-10-02,True,False,False,True,Devices
Medica Outlet,MEDICA OUTLET,unmatched,,,0,False,1,2015-06-01,2015-06-01,True,False,False,True,Devices
Medica Weightloss,MEDICA WEIGHTLOSS,unmatched,,,0,False,1,2026-06-08,2026-06-08,False,True,False,True,Drugs
"Medica-Rents Co., Ltd.",MEDICA RENTS,unmatched,,,0,False,1,2012-02-23,2012-02-23,True,False,False,True,Devices
Medical & Clinical Consortium Inc,MEDICAL AND CLINICAL CONSORTIUM,unmatched,,,0,False,1,2009-02-02,2009-02-02,True,False,False,True,Devices
"Medical Accessories, Inc.",MEDICAL ACCESSORIES,unmatched,,,0,False,1,2009-07-30,2009-07-30,True,False,False,True,Devices
"Medical Center Pharmacy, Inc.",MEDICAL CENTER PHARMACY,unmatched,,,0,False,1,2017-07-21,2017-07-21,False,True,False,True,Drugs
Medical Central Health System IRB #1,MEDICAL CENTRAL HEALTH SYSTEM IRB 1,unmatched,,,0,False,1,2010-06-22,2010-06-22,True,False,False,True,Devices
Medical Chemical Corporation,MEDICAL CHEMICAL,unmatched,,,0,False,1,2025-07-09,2025-07-09,False,True,False,True,Drugs
"Medical Components, Inc",MEDICAL COMPONENTS,unmatched,,,0,False,1,2015-04-02,2015-04-02,True,False,False,True,Devices
Medical Compression Systems DBN Ltd.,MEDICAL COMPRESSION SYSTEMS DBN,unmatched,,,0,False,1,2011-10-21,2011-10-21,True,False,False,True,Devices
Medical Cosmetic Enhancements,MEDICAL COSMETIC ENHANCEMENTS,unmatched,,,0,False,1,2010-04-05,2010-04-05,False,True,False,True,Drugs
Medical Device Resource Corporation,MEDICAL DEVICE RESOURCE,unmatched,,,0,False,2,2012-10-09,2013-09-20,True,False,False,True,Devices
Medical Foods LLC,MEDICAL FOODS,unmatched,,,0,False,3,2010-04-08,2017-03-29,False,True,False,True,Drugs
Medical Mega,MEDICAL MEGA,unmatched,,,0,False,1,2025-11-13,2025-11-13,False,True,False,True,Drugs
"Medical Mikes, Inc.",MEDICAL MIKES,unmatched,,,0,False,1,2023-01-10,2023-01-10,False,True,False,True,Drugs
Medical Positioning Inc,MEDICAL POSITIONING,unmatched,,,0,False,1,2011-04-18,2011-04-18,True,False,False,True,Devices
"Medical Products Laboratories, Inc.",MEDICAL PRODUCTS LABORATORIES,unmatched,,,0,False,1,2026-04-09,2026-04-09,False,True,False,True,Drugs
Medical Quant USA Inc.,MEDICAL QUANT,unmatched,,,0,False,1,2012-01-09,2012-01-09,True,False,False,True,Devices
Medical Specialties of California,MEDICAL SPECIALTIES OF CALIFORNIA,unmatched,,,0,False,1,2016-08-15,2016-08-15,True,False,False,True,Devices
Medical Supplies Corporation,MEDICAL SUPPLIES,unmatched,,,0,False,1,2011-11-21,2011-11-21,True,False,False,True,Devices
Medical Supply Liquidators Llc,MEDICAL SUPPLY LIQUIDATORS,unmatched,,,0,False,1,2015-01-09,2015-01-09,False,True,False,True,Drugs
"Medicepts, Inc.",MEDICEPTS,unmatched,,,0,False,1,2011-01-25,2011-01-25,True,False,False,True,Devices
"Medinatura New Mexico, inc.",MEDINATURA NEW MEXICO,unmatched,,,0,False,2,2020-06-11,2025-12-10,False,True,False,True,Drugs
Medinol Ltd.,MEDINOL,unmatched,,,0,False,1,2014-07-29,2014-07-29,True,False,False,True,Devices
"Medisca, Inc.",MEDISCA,unmatched,,,0,False,1,2015-11-25,2015-11-25,False,True,False,True,Drugs
MedisourceRx,MEDISOURCERX,unmatched,,,0,False,1,2025-12-12,2025-12-12,False,True,False,True,Drugs
Medispec Ltd,MEDISPEC,unmatched,,,0,False,1,2010-03-12,2010-03-12,True,False,False,True,Devices
"Medispec, Ltd.",MEDISPEC,unmatched,,,0,False,1,2010-03-12,2010-03-12,True,False,False,True,Devices
Meditech KFT,MEDITECH KFT,unmatched,,,0,False,1,2012-07-18,2012-07-18,True,False,False,True,Devices
"Meditech Laboratories, Inc",MEDITECH LABORATORIES,unmatched,,,0,False,1,2016-10-19,2016-10-19,False,True,False,True,Drugs
Meditherm Inc.,MEDITHERM,unmatched,,,0,False,2,2011-03-22,2011-04-04,True,False,False,True,Devices
"Meditrend, Inc.",MEDITREND,unmatched,,,0,False,1,2009-08-18,2009-08-18,False,True,False,True,Drugs
Medivance Instruments Ltd.,MEDIVANCE INSTRUMENTS,unmatched,,,0,False,1,2023-02-13,2023-02-13,True,False,False,True,Devices
Medivera Compounding Pharmacy,MEDIVERA COMPOUNDING PHARMACY,unmatched,,,0,False,1,2016-02-26,2016-02-26,False,True,False,True,Drugs
Medlife Pharmacy and Compounding,MEDLIFE PHARMACY AND COMPOUNDING,unmatched,,,0,False,1,2020-04-30,2020-04-30,False,True,False,True,Drugs
Medolife Corp,MEDOLIFE,unmatched,,,0,False,1,2023-04-19,2023-04-19,False,True,False,True,Drugs
Medoz Pharmacy of Polk Inc,MEDOZ PHARMACY OF POLK,unmatched,,,0,False,1,2020-09-25,2020-09-25,False,True,False,True,Drugs
"Medpharm, LLC",MEDPHARM,unmatched,,,0,False,1,2011-12-20,2011-12-20,False,True,False,True,Drugs
Meds India LTD,MEDS INDIA,unmatched,,,0,False,1,2015-06-08,2015-06-08,False,True,False,True,Drugs
Medsnoscript,MEDSNOSCRIPT,unmatched,,,0,False,1,2013-02-11,2013-02-11,False,True,False,True,Drugs
"Medsource, Inc.",MEDSOURCE,unmatched,,,0,False,1,2015-09-24,2015-09-24,True,False,False,True,Devices
Medsys s.a.,MEDSYS S A,unmatched,,,0,False,1,2013-02-05,2013-02-05,True,False,False,True,Devices
"Medtronic MiniMed, Inc.",MEDTRONIC MINIMED,unmatched,,,0,False,2,2013-09-19,2021-12-09,True,False,False,True,Devices
"Medtronic Navigation, Inc.",MEDTRONIC NAVIGATION,unmatched,,,0,False,1,2010-05-07,2010-05-07,True,False,False,True,Devices
Medtronic Neuromodulation,MEDTRONIC NEUROMODULATION,unmatched,,,0,False,1,2012-07-17,2012-07-17,True,False,False,True,Devices
Medtronic Puerto Rico Operations Co.,MEDTRONIC PUERTO RICO OPERATIONS,unmatched,,,0,False,2,2009-06-01,2018-08-23,True,False,False,True,Devices
Medys S.p.A.,MEDYS S P A,unmatched,,,0,False,1,2013-05-14,2013-05-14,True,False,False,True,Devices
"MegaLabs USA, LLC",MEGALABS,unmatched,,,0,False,1,2009-12-21,2009-12-21,True,False,False,True,Devices
Megafine Pharma (P) Limited,MEGAFINE PHARMA P,unmatched,,,0,False,2,2016-05-19,2017-02-24,False,True,False,True,Drugs
Megsan Labs Private Limited,MEGSAN LABS PRIVATE,unmatched,,,0,False,1,2026-03-03,2026-03-03,False,True,False,True,Drugs
"Mehran Michael Bahrami, M.D.",MEHRAN MICHAEL BAHRAMI M D,unmatched,,,0,False,1,2025-03-05,2025-03-05,False,True,False,True,Drugs
"Mei Lan (Thailand) Company, Ltd.",MEI LAN THAILAND,unmatched,,,0,False,1,2024-01-25,2024-01-25,False,True,False,True,Drugs
Mekt Llc,MEKT,unmatched,,,0,False,1,2009-08-18,2009-08-18,False,True,False,True,Drugs
Mel Honey US,MEL HONEY,unmatched,,,0,False,1,2025-08-25,2025-08-25,False,True,False,True,Drugs
"Melanie M Hoppers, MD",MELANIE M HOPPERS MD,unmatched,,,0,False,1,2023-11-08,2023-11-08,False,True,False,True,Drugs
Melcare Biomedical Pty,MELCARE BIOMEDICAL PTY,unmatched,,,0,False,1,2025-10-09,2025-10-09,False,True,False,True,Drugs
"Memorial Hospital Of South Bend, IRB",MEMORIAL HOSPITAL OF SOUTH BEND IRB,unmatched,,,0,False,1,2012-09-21,2012-09-21,False,True,False,True,Drugs
"Mendez, Dr Antonio",MENDEZ DR ANTONIO,unmatched,,,0,False,1,2009-11-17,2009-11-17,False,True,False,True,Drugs
Mentha & Allied Products Private Ltd.,MENTHA AND ALLIED PRODUCTS PRIVATE,unmatched,,,0,False,1,2025-04-16,2025-04-16,False,True,False,True,Drugs
Mentor Worldwide LLC,MENTOR WORLDWIDE,unmatched,,,0,False,1,2019-03-18,2019-03-18,True,False,False,True,Devices
Merck Kommanditgesellschaft auf Aktien,MERCK KOMMANDITGESELLSCHAFT AUF AKTIEN,unmatched,,,0,False,3,2011-12-15,2011-12-15,False,True,False,True,Drugs
Merck Serono S.p.A.,MERCK SERONO S P A,unmatched,,,0,False,1,2011-12-15,2011-12-15,False,True,False,True,Drugs
Merck Serono SA (Vevey),MERCK SERONO VEVEY,unmatched,,,0,False,1,2011-12-15,2011-12-15,False,True,False,True,Drugs
Mercy Hospital Medical Center IRB,MERCY HOSPITAL MEDICAL CENTER IRB,unmatched,,,0,False,1,2014-01-10,2014-01-10,True,False,False,True,Devices
Merete GmbH,MERETE,unmatched,,,0,False,1,2018-12-31,2018-12-31,True,False,False,True,Devices
"Meridian Co., Ltd.",MERIDIAN,ambiguous,,,4,False,1,2014-08-19,2014-08-19,True,False,False,True,Devices
Meridian Medical Systems LLC,MERIDIAN MEDICAL SYSTEMS,unmatched,,,0,False,1,2013-07-03,2013-07-03,True,False,False,True,Devices
"Meridian Medical Technologies, LLC a Subsidiary of Kindeva Drug Delivery, L.P.",MERIDIAN MEDICAL TECHNOLOGIES A SUBSIDIARY OF KINDEVA DRUG DELIVERY L P,unmatched,,,0,False,1,2017-09-05,2017-09-05,False,True,False,True,Drugs
Merit Medical Ireland Ltd.,MERIT MEDICAL IRELAND,unmatched,,,0,False,1,2012-01-30,2012-01-30,True,False,False,True,Devices
"Merits Health Products Co., Ltd.",MERITS HEALTH PRODUCTS,unmatched,,,0,False,1,2011-11-29,2011-11-29,True,False,False,True,Devices
"Merlin Labs, Inc.",MERLIN LABS,unmatched,,,0,False,1,2009-03-09,2009-03-09,True,False,False,True,Devices
"Merrill D. Benson, M.D.",MERRILL D BENSON M D,unmatched,,,0,False,1,2017-03-20,2017-03-20,False,True,False,True,Drugs
"Metuchen Pharmaceuticals, LLC.",METUCHEN PHARMACEUTICALS,unmatched,,,0,False,1,2019-08-16,2019-08-16,False,True,False,True,Drugs
MexHealth LLC,MEXHEALTH,unmatched,,,0,False,1,2024-08-27,2024-08-27,False,True,False,True,Drugs
Mgs Soapopular,MGS SOAPOPULAR,unmatched,,,0,False,1,2009-07-15,2009-07-15,False,True,False,True,Drugs
"Mi Gwang Contact Lens Co., Ltd.",MI GWANG CONTACT LENS,unmatched,,,0,False,1,2012-11-13,2012-11-13,True,False,False,True,Devices
Miach Orthopaedics,MIACH ORTHOPAEDICS,unmatched,,,0,False,1,2025-08-19,2025-08-19,True,False,False,True,Devices
"Miami Fat Supply, Inc",MIAMI FAT SUPPLY,unmatched,,,0,False,1,2016-03-17,2016-03-17,True,False,False,True,Devices
Miami Stem Cell Treatment Center,MIAMI STEM CELL TREATMENT CENTER,unmatched,,,0,False,1,2015-12-30,2015-12-30,False,False,True,True,Biologics
Miami University,MIAMI UNIVERSITY,unmatched,,,0,False,1,2022-04-20,2022-04-20,False,True,False,True,Drugs
Mibo Medical Group,MIBO MEDICAL,unmatched,,,0,False,1,2018-11-20,2018-11-20,True,False,False,True,Devices
"Michael E. Ring, MD",MICHAEL E RING MD,unmatched,,,0,False,1,2013-01-14,2013-01-14,True,False,False,True,Devices
Michele Sewell,MICHELE SEWELL,unmatched,,,0,False,1,2014-04-30,2014-04-30,False,True,False,True,Drugs
Michigan Medical Innovations,MICHIGAN MEDICAL INNOVATIONS,unmatched,,,0,False,1,2012-06-05,2012-06-05,True,False,False,True,Devices
Michigan Medicine,MICHIGAN MEDICINE,unmatched,,,0,False,1,2017-09-29,2017-09-29,False,True,False,True,Drugs
"Micro Current Technology, Inc.",MICRO CURRENT TECHNOLOGY,unmatched,,,0,False,1,2009-12-24,2009-12-24,True,False,False,True,Devices
"Micro Distributing I I, Ltd",MICRO DISTRIBUTING I I,unmatched,,,0,False,1,2011-08-26,2011-08-26,True,False,False,True,Devices
Micro Orgo Chem,MICRO ORGO CHEM,unmatched,,,0,False,1,2024-12-03,2024-12-03,False,True,False,True,Drugs
"MicroAire Surgical Instruments, LLC",MICROAIRE SURGICAL INSTRUMENTS,unmatched,,,0,False,1,2014-12-29,2014-12-29,True,False,False,True,Devices
MicroPort CRM S.r.l.,MICROPORT CRM S R L,unmatched,,,0,False,1,2009-10-29,2009-10-29,True,False,False,True,Devices
MicroPort Orthopedics Inc.,MICROPORT ORTHOPEDICS,unmatched,,,0,False,1,2015-06-17,2015-06-17,True,False,False,True,Devices
MicroVention Costa Rica S.R.L.,MICROVENTION COSTA RICA S R L,unmatched,,,0,False,1,2022-09-30,2022-09-30,True,False,False,True,Devices
"Microbiological Testing & Consulting, LLC",MICROBIOLOGICAL TESTING AND CONSULTING,unmatched,,,0,False,1,2026-03-16,2026-03-16,False,True,False,True,Drugs
"Microline Surgical, Inc.",MICROLINE SURGICAL,unmatched,,,0,False,1,2010-08-10,2010-08-10,True,False,False,True,Devices
Microsulis Medical Ltd.,MICROSULIS MEDICAL,unmatched,,,0,False,1,2009-11-20,2009-11-20,True,False,False,True,Devices
"Microvascular Tissue, Inc",MICROVASCULAR TISSUE,unmatched,,,0,False,1,2025-12-03,2025-12-03,False,False,True,True,Biologics
"Mid-Link Testing Company, Ltd",MID LINK TESTING,unmatched,,,0,False,1,2024-09-10,2024-09-10,True,False,False,True,Devices
Middlesboro Appalachian Hospital,MIDDLESBORO APPALACHIAN HOSPITAL,unmatched,,,0,False,1,2011-09-27,2011-09-27,True,False,False,True,Devices
Midlab Incorporated,MIDLAB,unmatched,,,0,False,1,2023-02-15,2023-02-15,False,True,False,True,Drugs
Midmark Corporation,MIDMARK,unmatched,,,0,False,1,2011-12-28,2011-12-28,True,False,False,True,Devices
Miers Laboratories Ltd.,MIERS LABORATORIES,unmatched,,,0,False,1,2025-11-03,2025-11-03,False,True,False,True,Drugs
"Miguelangelo J. Perez-Cruet, M.D., M.S.",MIGUELANGELO J PEREZ CRUET M D M S,unmatched,,,0,False,1,2010-03-02,2010-03-02,True,False,False,True,Devices
"Mihalko Medical, LLC",MIHALKO MEDICAL,unmatched,,,0,False,2,2015-09-29,2017-12-05,False,True,False,True,Drugs
Mihon Corp.,MIHON,unmatched,,,0,False,1,2025-01-16,2025-01-16,False,True,False,True,Drugs
Mikart LLC,MIKART,unmatched,,,0,False,1,2020-02-21,2020-02-21,False,True,False,True,Drugs
"Milbar Laboratories, Inc.",MILBAR LABORATORIES,unmatched,,,0,False,1,2018-07-23,2018-07-23,False,True,False,True,Drugs
Mile High Compounds,MILE HIGH COMPOUNDS,unmatched,,,0,False,1,2026-03-31,2026-03-31,False,True,False,True,Drugs
"Millar, Inc.",MILLAR,unmatched,,,0,False,1,2012-05-07,2012-05-07,True,False,False,True,Devices
"Millennium Biotechnology, Inc.",MILLENNIUM BIOTECHNOLOGY,unmatched,,,0,False,1,2009-01-12,2009-01-12,True,False,False,True,Devices
"Millers of Wyckoff, Inc.",MILLERS OF WYCKOFF,unmatched,,,0,False,1,2016-06-07,2016-06-07,False,True,False,True,Drugs
"Mindray DS USA, Inc.",MINDRAY DS,unmatched,,,0,False,1,2012-11-29,2012-11-29,True,False,False,True,Devices
Ming Fai Industrial (Shenzhen) Co LTD,MING FAI INDUSTRIAL SHENZHEN,unmatched,,,0,False,2,2018-04-05,2023-05-31,True,True,False,True,Devices; Drugs
Mint Med,MINT MED,unmatched,,,0,False,1,2026-06-08,2026-06-08,False,True,False,True,Drugs
"Mir-Com Products, LLC",MIR COM PRODUCTS,unmatched,,,0,False,1,2012-09-11,2012-09-11,True,False,False,True,Devices
Miracles In Sight Lone Star Division,MIRACLES IN SIGHT LONE STAR DIVISION,unmatched,,,0,False,1,2011-12-09,2011-12-09,False,False,True,True,Biologics
"Miramar Cosmetics, Inc",MIRAMAR COSMETICS,unmatched,,,0,False,1,2011-08-08,2011-08-08,False,True,False,True,Drugs
"Mirfeel Korea Co., Ltd",MIRFEEL KOREA,unmatched,,,0,False,1,2022-06-22,2022-06-22,False,True,False,True,Drugs
Miss Slim,MISS SLIM,unmatched,,,0,False,1,2023-01-10,2023-01-10,False,True,False,True,Drugs
"Missouri Analytical Laboratories, Inc.",MISSOURI ANALYTICAL LABORATORIES,unmatched,,,0,False,1,2021-09-30,2021-09-30,False,True,False,True,Drugs
Mitra Distributing Inc.,MITRA DISTRIBUTING,unmatched,,,0,False,1,2018-09-04,2018-09-04,False,True,False,True,Drugs
"Mobeen Mazhar, M.D.",MOBEEN MAZHAR M D,unmatched,,,0,False,1,2023-05-31,2023-05-31,False,True,False,True,Drugs
Modern Allergy Management LLC dba Direct Med Solutions LLC,MODERN ALLERGY MANAGEMENT DIRECT MED SOLUTIONS,unmatched,,,0,False,1,2020-06-17,2020-06-17,True,False,False,True,Devices
"Modern Herb Shop, Inc.",MODERN HERB SHOP,unmatched,,,0,False,1,2015-02-26,2015-02-26,False,True,False,True,Drugs
"Moehs Cantabra, S.L.",MOEHS CANTABRA S L,unmatched,,,0,False,1,2011-04-14,2011-04-14,False,True,False,True,Drugs
Mohawk Laboratories Division of NCH Corp.,MOHAWK LABORATORIES DIVISION OF NCH,unmatched,,,0,False,1,2023-01-18,2023-01-18,False,True,False,True,Drugs
"Moko Therapeutics, LLC",MOKO THERAPEUTICS,unmatched,,,0,False,1,2011-11-17,2011-11-17,False,True,False,True,Drugs
Molluscum Away,MOLLUSCUM AWAY,unmatched,,,0,False,1,2023-08-18,2023-08-18,False,True,False,True,Drugs
Molteno Ophthalmic Limited,MOLTENO OPHTHALMIC,unmatched,,,0,False,2,2010-05-11,2015-02-27,True,False,False,True,Devices
"Monarch Labs, LLC",MONARCH LABS,unmatched,,,0,False,1,2010-11-09,2010-11-09,True,False,False,True,Devices
Monarch Medspa,MONARCH MEDSPA,unmatched,,,0,False,1,2010-04-05,2010-04-05,False,True,False,True,Drugs
"Monarch PCM, LLC",MONARCH PCM,unmatched,,,0,False,1,2022-06-10,2022-06-10,False,True,False,True,Drugs
Mondeal Medical Systems Gmbh,MONDEAL MEDICAL SYSTEMS,unmatched,,,0,False,1,2014-06-09,2014-06-09,True,False,False,True,Devices
Monkeypox-treatment.com,MONKEYPOX TREATMENT COM,unmatched,,,0,False,1,2023-01-30,2023-01-30,False,True,False,True,Drugs
Monmouth Medical Center IRB,MONMOUTH MEDICAL CENTER IRB,unmatched,,,0,False,1,2015-11-10,2015-11-10,False,True,False,True,Drugs
Montana Compounding Pharmacy PC,MONTANA COMPOUNDING PHARMACY PC,unmatched,,,0,False,2,2015-12-11,2018-05-09,False,True,False,True,Drugs
Montgomery Fertility Center,MONTGOMERY FERTILITY CENTER,unmatched,,,0,False,1,2020-05-14,2020-05-14,False,False,True,True,Biologics
Mooncup LTD,MOONCUP,unmatched,,,0,False,1,2016-05-27,2016-05-27,True,False,False,True,Devices
Moor Instruments Ltd,MOOR INSTRUMENTS,unmatched,,,0,False,2,2011-09-06,2014-12-18,True,False,False,True,Devices
"Morguetorium, LLC",MORGUETORIUM,unmatched,,,0,False,1,2016-02-04,2016-02-04,False,True,False,True,Drugs
Morton Drug Company dba Morton LTC,MORTON DRUG MORTON LTC,unmatched,,,0,False,1,2016-10-26,2016-10-26,False,True,False,True,Drugs
"Morton Grove Pharmaceuticals, Inc.",MORTON GROVE PHARMACEUTICALS,unmatched,,,0,False,1,2017-02-17,2017-02-17,False,True,False,True,Drugs
Mother Frances Hospital IRB,MOTHER FRANCES HOSPITAL IRB,unmatched,,,0,False,1,2011-06-13,2011-06-13,True,False,False,True,Devices
Mother Stem Institute,MOTHER STEM INSTITUTE,unmatched,,,0,False,1,2024-08-20,2024-08-20,False,False,True,True,Biologics
"Moussa C. Mansour, MD",MOUSSA C MANSOUR MD,unmatched,,,0,False,1,2014-03-18,2014-03-18,True,False,False,True,Devices
Moyeah Store.com,MOYEAH STORE COM,unmatched,,,0,False,1,2024-08-08,2024-08-08,True,False,False,True,Devices
"Mueller Water Conditioning, Inc",MUELLER WATER CONDITIONING,unmatched,,,0,False,1,2010-02-24,2010-02-24,True,False,False,True,Devices
Multaler Et Cie S.A.S.,MULTALER ET CIE S A S,unmatched,,,0,False,1,2024-11-05,2024-11-05,False,True,False,True,Drugs
"Multi-Med, Inc.",MULTI MED,unmatched,,,0,False,1,2009-10-07,2009-10-07,True,False,False,True,Devices
Multimedical S.R.L.,MULTIMEDICAL S R L,unmatched,,,0,False,1,2015-02-13,2015-02-13,True,False,False,True,Devices
Mundt & Associates Inc,MUNDT AND ASSOCIATES,unmatched,,,0,False,1,2010-09-23,2010-09-23,True,False,False,True,Devices
Munroe Regional Medical Center Clinical Laboratory,MUNROE REGIONAL MEDICAL CENTER CLINICAL LABORATORY,unmatched,,,0,False,1,2010-01-11,2010-01-11,True,False,False,True,Devices
"Musculoskeletal Transplant Foundation, Inc.",MUSCULOSKELETAL TRANSPLANT FOUNDATION,unmatched,,,0,False,1,2013-04-11,2013-04-11,False,False,True,True,Biologics
Musthavemom.com,MUSTHAVEMOM COM,unmatched,,,0,False,1,2020-05-26,2020-05-26,False,True,False,True,Drugs
My Natural Treatment,MY NATURAL TREATMENT,unmatched,,,0,False,1,2022-02-22,2022-02-22,False,True,False,True,Drugs
"MyNicNaxs, Inc.",MYNICNAXS,unmatched,,,0,False,1,2015-02-20,2015-02-20,False,True,False,True,Drugs
MyStart Health LLC,MYSTART HEALTH,unmatched,,,0,False,1,2025-09-09,2025-09-09,False,True,False,True,Drugs
Mylan Laboratories Limited,MYLAN LABORATORIES,unmatched,,,0,False,4,2013-09-09,2024-12-19,False,True,False,True,Drugs
Mylan Pharmaceuticals Inc,MYLAN PHARMACEUTICALS,unmatched,,,0,False,1,2018-11-09,2018-11-09,False,True,False,True,Drugs
Myotronics-Noromed Inc,MYOTRONICS NOROMED,unmatched,,,0,False,1,2012-04-09,2012-04-09,True,False,False,True,Devices
Mytilini Enterprises LLC dba Bedford Pharmacy Inc.,MYTILINI ENTERPRISES BEDFORD PHARMACY,unmatched,,,0,False,1,2016-05-18,2016-05-18,False,True,False,True,Drugs
N-Molecular Inc. d.b.a. SOFIE,N MOLECULAR D B A SOFIE,unmatched,,,0,False,1,2018-09-24,2018-09-24,False,True,False,True,Drugs
N.Y.S. Psychiatric Institute IRB,N Y S PSYCHIATRIC INSTITUTE IRB,unmatched,,,0,False,1,2024-03-21,2024-03-21,False,True,False,True,Drugs
"NANHAI MEISHIDA BEAUTY EQUIPMENT CO., LTD",NANHAI MEISHIDA BEAUTY EQUIPMENT,unmatched,,,0,False,1,2013-03-01,2013-03-01,True,False,False,True,Devices
NARVA Lichtquelle GmbH + Co. KG,NARVA LICHTQUELLE KG,unmatched,,,0,False,1,2017-02-23,2017-02-23,True,False,False,True,Devices
NATCO Pharma Limited,NATCO PHARMA,unmatched,,,0,False,1,2024-04-08,2024-04-08,False,True,False,True,Drugs
NATIVE SALTS LLC,NATIVE SALTS,unmatched,,,0,False,1,2024-02-28,2024-02-28,False,True,False,True,Drugs
NATURA BISSE INTERNATIONAL SA,NATURA BISSE,unmatched,,,0,False,1,2016-12-15,2016-12-15,False,True,False,True,Drugs
NATURAL ADVENTURE LLC,NATURAL ADVENTURE,unmatched,,,0,False,1,2021-04-01,2021-04-01,False,True,False,True,Drugs
"NATURE'S FUSIONS, LLC",NATURE S FUSIONS,unmatched,,,0,False,2,2024-08-14,2025-07-10,False,True,False,True,Drugs; Food/Cosmetics
NAVAFRESH/HANDELNINE GLOBAL,NAVAFRESH HANDELNINE GLOBAL,unmatched,,,0,False,1,2025-11-17,2025-11-17,False,True,False,True,Drugs
NAVEH PHARMA (1966) LTD,NAVEH PHARMA 1966,unmatched,,,0,False,1,2026-05-04,2026-05-04,False,True,False,True,Drugs
NCS Pearson,NCS PEARSON,unmatched,,,0,False,1,2015-08-20,2015-08-20,True,False,False,True,Devices
"NETPRODUCTSTORE INC, DBA Afton Communications",NETPRODUCTSTORE AFTON COMMUNICATIONS,unmatched,,,0,False,1,2009-09-11,2009-09-11,True,False,False,True,Devices
NEWLANDS CLINICAL TRIALS LTD,NEWLANDS CLINICAL TRIALS,unmatched,,,0,False,1,2014-05-12,2014-05-12,True,False,False,True,Devices
NEXTL3VEL SERVICES GROUP LLC DBA ThisStuffIsGoodForYou,NEXTL3VEL SERVICES THISSTUFFISGOODFORYOU,unmatched,,,0,False,1,2020-12-22,2020-12-22,False,True,False,True,Drugs
"NIDEK Co., Ltd.",NIDEK,unmatched,,,0,False,1,2013-09-24,2013-09-24,True,False,False,True,Devices
"NINGBO HUAHUI MEDICAL INSTRUMENTS CO., LTD.",NINGBO HUAHUI MEDICAL INSTRUMENTS,unmatched,,,0,False,1,2012-07-16,2012-07-16,True,False,False,True,Devices
"NINGBO LINGGUANG ELECTRIC APPLIANCE CO., LTD.",NINGBO LINGGUANG ELECTRIC APPLIANCE,unmatched,,,0,False,1,2013-07-01,2013-07-01,True,False,False,True,Devices
NIPRO CANADA CORPORATION,NIPRO CANADA,unmatched,,,0,False,1,2018-09-21,2018-09-21,True,False,False,True,Devices
NRP Organics Ltd,NRP ORGANICS,unmatched,,,0,False,1,2020-04-08,2020-04-08,False,True,False,True,Drugs
"NSE Products, Inc.",NSE PRODUCTS,unmatched,,,0,False,1,2026-03-02,2026-03-02,False,True,False,True,Drugs
NUTRIAIR,NUTRIAIR,unmatched,,,0,False,1,2021-12-01,2021-12-01,False,True,False,True,Drugs
NUTROVAPE LLC,NUTROVAPE,unmatched,,,0,False,1,2021-12-01,2021-12-01,False,True,False,True,Drugs
NWL Netherlands Services B.V.,NWL NETHERLANDS SERVICES B V,unmatched,,,0,False,1,2025-04-01,2025-04-01,False,True,False,True,Drugs
"Namita A. Goyal, M.D.",NAMITA A GOYAL M D,unmatched,,,0,False,1,2024-10-10,2024-10-10,False,False,True,True,Biologics
Namsa,NAMSA,unmatched,,,0,False,1,2018-03-23,2018-03-23,True,False,False,True,Devices
Nan San (HK) Pharmaceutical Factory Ltd.,NAN SAN HK PHARMACEUTICAL FACTORY,unmatched,,,0,False,1,2018-02-23,2018-02-23,False,True,False,True,Drugs
"Nana Barseghian, M.D.",NANA BARSEGHIAN M D,unmatched,,,0,False,1,2025-04-28,2025-04-28,False,True,False,True,Drugs
Nanjing Maohai Biotech Co.,NANJING MAOHAI BIOTECH,unmatched,,,0,False,1,2011-08-05,2011-08-05,False,True,False,True,Drugs
NanoEnTek Factory,NANOENTEK FACTORY,unmatched,,,0,False,1,2015-03-02,2015-03-02,True,False,False,True,Devices
"Nanomateriales, SA de CV",NANOMATERIALES DE CV,unmatched,,,0,False,2,2021-09-15,2021-09-15,False,True,False,True,Drugs
"Nantong Furuida Packaging Products Co., Ltd.",NANTONG FURUIDA PACKAGING PRODUCTS,unmatched,,,0,False,1,2023-11-17,2023-11-17,False,True,False,True,Drugs
"Napoli LLC, dba Precision Reproduction LLC",NAPOLI PRECISION REPRODUCTION,unmatched,,,0,False,1,2011-01-21,2011-01-21,True,False,False,True,Devices
Nartex Laboratorios Homeopaticos S.A. de C.V.,NARTEX LABORATORIOS HOMEOPATICOS S A DE C V,unmatched,,,0,False,1,2020-11-04,2020-11-04,False,True,False,True,Drugs
"Nasr,Samya M.D.",NASR SAMYA M D,unmatched,,,0,False,1,2010-01-28,2010-01-28,False,True,False,True,Drugs
National Biological Corp,NATIONAL BIOLOGICAL,unmatched,,,0,False,1,2017-07-11,2017-07-11,True,False,False,True,Devices
National Chemical Laboratories,NATIONAL CHEMICAL LABORATORIES,unmatched,,,0,False,1,2023-11-08,2023-11-08,False,True,False,True,Drugs
"National Creative Enterprises, Inc.",NATIONAL CREATIVE ENTERPRISES,unmatched,,,0,False,1,2011-06-24,2011-06-24,True,False,False,True,Devices
National Therapy Products Inc.,NATIONAL THERAPY PRODUCTS,unmatched,,,0,False,1,2011-10-11,2011-10-11,True,False,False,True,Devices
"Nationwide Laboratories, LLC",NATIONWIDE LABORATORIES,unmatched,,,0,False,1,2019-04-05,2019-04-05,False,True,False,True,Drugs
Native Roots Hemp,NATIVE ROOTS HEMP,unmatched,,,0,False,1,2020-04-06,2020-04-06,False,True,False,True,Drugs
NativeMed,NATIVEMED,unmatched,,,0,False,1,2026-06-08,2026-06-08,False,True,False,True,Drugs
Natural Beauty Care Pty Ltd,NATURAL BEAUTY CARE PTY,unmatched,,,0,False,1,2021-06-09,2021-06-09,False,True,False,True,Drugs
"Natural Medical Supply, LLC",NATURAL MEDICAL SUPPLY,unmatched,,,0,False,1,2011-11-28,2011-11-28,False,True,False,True,Drugs
"Natural Medicine Associates, Inc",NATURAL MEDICINE ASSOCIATES,unmatched,,,0,False,1,2013-03-12,2013-03-12,False,True,False,True,Drugs
Natural Methods,NATURAL METHODS,unmatched,,,0,False,1,2010-12-06,2010-12-06,True,False,False,True,Devices
Natural Ophthalmics,NATURAL OPHTHALMICS,unmatched,,,0,False,1,2023-09-11,2023-09-11,False,True,False,True,Drugs
"Natural Ophthalmics, Inc.",NATURAL OPHTHALMICS,unmatched,,,0,False,1,2023-09-11,2023-09-11,False,True,False,True,Drugs
"Natural Wellness, LLC",NATURAL WELLNESS,unmatched,,,0,False,1,2010-10-06,2010-10-06,False,True,False,True,Drugs
Nature'S Gift Inc,NATURE S GIFT,unmatched,,,0,False,1,2010-02-16,2010-02-16,False,True,False,True,Drugs
Nature's Highway,NATURE S HIGHWAY,unmatched,,,0,False,1,2022-03-28,2022-03-28,False,True,False,True,Drugs
"Nature's Innovation, Inc.",NATURE S INNOVATION,unmatched,,,0,False,1,2023-08-18,2023-08-18,False,True,False,True,Drugs
Nature's Pharmacy & Compounding Center,NATURE S PHARMACY AND COMPOUNDING CENTER,unmatched,,,0,False,1,2014-05-09,2014-05-09,False,True,False,True,Drugs
Natures Pillows,NATURES PILLOWS,unmatched,,,0,False,1,2024-08-07,2024-08-07,True,False,False,True,Devices
"Natures Rx, LLC",NATURES RX,unmatched,,,0,False,1,2020-02-24,2020-02-24,False,True,False,True,Drugs
Naturich Cosmetique Labs,NATURICH COSMETIQUE LABS,unmatched,,,0,False,1,2025-09-25,2025-09-25,False,True,False,True,Drugs
Naturista Store,NATURISTA STORE,unmatched,,,0,False,1,2025-03-26,2025-03-26,False,True,False,True,Drugs
Naturistas Especializados,NATURISTAS ESPECIALIZADOS,unmatched,,,0,False,1,2024-08-27,2024-08-27,False,True,False,True,Drugs
Natus Europe GmbH,NATUS EUROPE,unmatched,,,0,False,1,2013-04-19,2013-04-19,True,False,False,True,Devices
"Natuzen Co., Ltd.",NATUZEN,unmatched,,,0,False,1,2024-05-03,2024-05-03,False,True,False,True,Drugs
"Navinta, LLC",NAVINTA,unmatched,,,0,False,1,2016-09-26,2016-09-26,False,True,False,True,Drugs
"Nebion, LLC",NEBION,unmatched,,,0,False,1,2008-11-17,2008-11-17,True,False,False,True,Devices
Nebraska Medicine at Village Point,NEBRASKA MEDICINE AT VILLAGE POINT,unmatched,,,0,False,1,2008-10-21,2008-10-21,True,False,False,True,Devices
Nefeteri Wellness,NEFETERI WELLNESS,unmatched,,,0,False,1,2025-05-30,2025-05-30,False,True,False,True,Drugs
"Neil R. Feins, M.D.",NEIL R FEINS M D,unmatched,,,0,False,1,2009-05-20,2009-05-20,True,False,False,True,Devices
Neilmed Pharmaceuticals Inc,NEILMED PHARMACEUTICALS,unmatched,,,0,False,1,2023-05-26,2023-05-26,False,True,False,True,Drugs
"Neitz Instruments Co., Ltd.",NEITZ INSTRUMENTS,unmatched,,,0,False,1,2023-10-02,2023-10-02,True,False,False,True,Devices
"Nemechek Do Pa, Patrick",NEMECHEK DO PA PATRICK,unmatched,,,0,False,1,2010-06-28,2010-06-28,False,False,True,True,Biologics
"Nemschoff Chairs, Inc.",NEMSCHOFF CHAIRS,unmatched,,,0,False,2,2011-07-14,2014-11-07,True,False,False,True,Devices
Nenningers Naturals,NENNINGERS NATURALS,unmatched,,,0,False,1,2011-12-14,2011-12-14,False,False,True,True,Biologics
Neo Vision Co Ltd,NEO VISION,unmatched,,,0,False,1,2016-09-14,2016-09-14,True,False,False,True,Devices
Neobiosis LLC,NEOBIOSIS,unmatched,,,0,False,1,2024-06-05,2024-06-05,False,False,True,True,Biologics
"Neoingenium Labs, SA de CV",NEOINGENIUM LABS DE CV,unmatched,,,0,False,1,2021-03-31,2021-03-31,False,True,False,True,Drugs
Neomedix Corporation,NEOMEDIX,unmatched,,,0,False,1,2014-02-26,2014-02-26,True,False,False,True,Devices
"Neoteric Cosmetics, Incorporated",NEOTERIC COSMETICS,unmatched,,,0,False,1,2022-04-13,2022-04-13,False,True,False,True,Drugs
Neoventa Medical AB,NEOVENTA MEDICAL,unmatched,,,0,False,1,2010-08-04,2010-08-04,True,False,False,True,Devices
"Nephron SC, LLC",NEPHRON SC,unmatched,,,0,False,5,2013-09-24,2022-10-21,False,True,False,True,Drugs
"Netcos Co., Ltd.",NETCOS,unmatched,,,0,False,1,2018-11-01,2018-11-01,False,True,False,True,Drugs
Neubauer Hyperbaric Neurologic Center Inc,NEUBAUER HYPERBARIC NEUROLOGIC CENTER,unmatched,,,0,False,1,2009-09-11,2009-09-11,True,False,False,True,Devices
"Neuralight HD, LLC",NEURALIGHT HD,unmatched,,,0,False,1,2016-05-20,2016-05-20,False,True,False,True,Drugs
"NeuroField, Inc.",NEUROFIELD,unmatched,,,0,False,1,2022-02-28,2022-02-28,True,False,False,True,Devices
"NeuroSync, Inc.",NEUROSYNC,unmatched,,,0,False,2,2017-07-31,2025-05-09,True,False,False,True,Devices
NeuroTrax Israel Ltd.,NEUROTRAX ISRAEL,unmatched,,,0,False,1,2012-03-15,2012-03-15,True,False,False,True,Devices
NeuroXPF,NEUROXPF,unmatched,,,0,False,1,2020-03-31,2020-03-31,False,True,False,True,Drugs
Neurolumen LLC,NEUROLUMEN,unmatched,,,0,False,1,2014-05-30,2014-05-30,True,False,False,True,Devices
Neuromed Devices Llc,NEUROMED DEVICES,unmatched,,,0,False,1,2012-10-22,2012-10-22,True,False,False,True,Devices
Neurotherm LLC,NEUROTHERM,unmatched,,,0,False,1,2012-07-11,2012-07-11,True,False,False,True,Devices
"Neurotris, Inc.",NEUROTRIS,unmatched,,,0,False,2,2015-11-18,2023-10-26,True,False,False,True,Devices
Neva Global Grup Sanayi Ic Ve Dis Ticaret Anonim Sirketi,NEVA GLOBAL GRUP SANAYI IC VE DIS TICARET ANONIM SIRKETI,unmatched,,,0,False,1,2025-03-12,2025-03-12,False,True,False,True,Drugs
Nevyas Eye Associates,NEVYAS EYE ASSOCIATES,unmatched,,,0,False,1,2012-06-05,2012-06-05,True,False,False,True,Devices
New Direction Biosciences LLC,NEW DIRECTION BIOSCIENCES,unmatched,,,0,False,1,2012-03-13,2012-03-13,False,False,True,True,Biologics
"New Earth Healing Essentials, LLC DBA 5D Full Disclosure",NEW EARTH HEALING ESSENTIALS 5D FULL DISCLOSURE,unmatched,,,0,False,1,2022-02-01,2022-02-01,False,True,False,True,Drugs
"New England Life Care, Inc. dba Advanced Compounding Solutions",NEW ENGLAND LIFE CARE ADVANCED COMPOUNDING SOLUTIONS,unmatched,,,0,False,1,2023-05-16,2023-05-16,False,True,False,True,Drugs
New Era Naturals,NEW ERA NATURALS,unmatched,,,0,False,1,2019-01-30,2019-01-30,False,True,False,True,Drugs
"New Era Pharmacy, LLC",NEW ERA PHARMACY,unmatched,,,0,False,1,2017-09-18,2017-09-18,False,True,False,True,Drugs
New Generation Wellness Inc.,NEW GENERATION WELLNESS,unmatched,,,0,False,1,2010-09-27,2010-09-27,False,True,False,True,Drugs
New Green Nutrition Inc,NEW GREEN NUTRITION,unmatched,,,0,False,1,2021-10-14,2021-10-14,False,True,False,True,Drugs
New Horizons LTD,NEW HORIZONS,unmatched,,,0,False,1,2009-11-17,2009-11-17,False,True,False,True,Drugs
New Leaf Pharmaceuticals,NEW LEAF PHARMACEUTICALS,unmatched,,,0,False,1,2020-12-22,2020-12-22,False,True,False,True,Drugs
"New Life Generation, Inc.",NEW LIFE GENERATION,unmatched,,,0,False,1,2011-10-17,2011-10-17,False,False,True,True,Biologics
"New Life Medical Services, LLC",NEW LIFE MEDICAL SERVICES,unmatched,,,0,False,1,2025-09-24,2025-09-24,False,False,True,True,Biologics
New Life Pharma LLC,NEW LIFE PHARMA,unmatched,,,0,False,1,2026-04-14,2026-04-14,False,True,False,True,Drugs
New May King Plastic Ltd,NEW MAY KING PLASTIC,unmatched,,,0,False,1,2015-04-13,2015-04-13,True,False,False,True,Devices
"New Mexico Lions Sight Conservation Foundation, Inc.",NEW MEXICO LIONS SIGHT CONSERVATION FOUNDATION,unmatched,,,0,False,1,2024-06-21,2024-06-21,False,False,True,True,Biologics
New Vision Pharmaceuticals LLC,NEW VISION PHARMACEUTICALS,unmatched,,,0,False,1,2019-11-06,2019-11-06,False,True,False,True,Drugs
New Vitalis Pharmacy LLC,NEW VITALIS PHARMACY,unmatched,,,0,False,1,2022-05-18,2022-05-18,False,True,False,True,Drugs
NewSelf,NEWSELF,unmatched,,,0,False,1,2026-02-20,2026-02-20,False,True,False,True,Drugs
Newman Clinic PLLC,NEWMAN CLINIC PLLC,unmatched,,,0,False,1,2026-02-20,2026-02-20,False,True,False,True,Drugs
"Newman Lasik Centers, LLC",NEWMAN LASIK CENTERS,unmatched,,,0,False,1,2011-12-16,2011-12-16,True,False,False,True,Devices
"Newton Laboratories, Inc.",NEWTON LABORATORIES,unmatched,,,0,False,1,2019-04-23,2019-04-23,False,True,False,True,Drugs
"Nexera Medical, Inc.",NEXERA MEDICAL,unmatched,,,0,False,2,2009-05-11,2012-10-16,True,False,False,True,Devices
Nexlife Inc.,NEXLIFE,unmatched,,,0,False,1,2026-06-08,2026-06-08,False,True,False,True,Drugs
"Next Science, LLC",NEXT SCIENCE,unmatched,,,0,False,1,2025-02-21,2025-02-21,True,False,False,True,Devices
"Nice-Pak Products, LLC",NICE PAK PRODUCTS,unmatched,,,0,False,1,2022-03-31,2022-03-31,False,True,False,True,Drugs
"Nicola M. Spirtos, MD",NICOLA M SPIRTOS MD,unmatched,,,0,False,1,2009-01-03,2009-01-03,False,True,False,True,Drugs
Nidek Medical Products Inc,NIDEK MEDICAL PRODUCTS,unmatched,,,0,False,1,2009-01-20,2009-01-20,True,False,False,True,Devices
"Nidek, Inc.",NIDEK,unmatched,,,0,False,1,2014-08-08,2014-08-08,True,False,False,True,Devices
"Nihon Kohden Digital Health Solutions, LLC.",NIHON KOHDEN DIGITAL HEALTH SOLUTIONS,unmatched,,,0,False,1,2026-06-15,2026-06-15,True,False,False,True,Devices
"Nikkiso Medical America, Inc",NIKKISO MEDICAL AMERICA,unmatched,,,0,False,1,2021-05-07,2021-05-07,True,False,False,True,Devices
"NingBo Huize Commodity Co.,Ltd.",NINGBO HUIZE COMMODITY,unmatched,,,0,False,1,2019-08-02,2019-08-02,False,True,False,True,Drugs
"Ningbo BST Clean and Care Products Co., Ltd",NINGBO BST CLEAN AND CARE PRODUCTS,unmatched,,,0,False,1,2019-11-27,2019-11-27,False,True,False,True,Drugs
"Ningbo Poplar Daily-Use Commodity Co, Ltd",NINGBO POPLAR DAILY USE COMMODITY,unmatched,,,0,False,1,2024-02-06,2024-02-06,False,True,False,True,Drugs
"Ningbo Pulisi Daily Chemical Products Co., Ltd",NINGBO PULISI DAILY CHEMICAL PRODUCTS,unmatched,,,0,False,1,2019-08-13,2019-08-13,False,True,False,True,Drugs
"Ningbo Riway Industrial Co., Ltd.",NINGBO RIWAY INDUSTRIAL,unmatched,,,0,False,1,2025-04-30,2025-04-30,False,True,False,True,Drugs
"Ningbo Smart Pharmaceutical Co., Ltd.",NINGBO SMART PHARMACEUTICAL,unmatched,,,0,False,1,2011-03-30,2011-03-30,False,True,False,True,Drugs
"Nippon Fine Chemical Co., Ltd.",NIPPON FINE CHEMICAL,unmatched,,,0,False,1,2016-09-27,2016-09-27,False,True,False,True,Drugs
"Nissei Precision Instruments (Suzhou) Co., LTD",NISSEI PRECISION INSTRUMENTS SUZHOU,unmatched,,,0,False,1,2012-10-10,2012-10-10,True,False,False,True,Devices
"Nitrox, Inc.",NITROX,unmatched,,,0,False,1,2010-07-26,2010-07-26,False,True,False,True,Drugs
Noah Medical Corporation,NOAH MEDICAL,unmatched,,,0,False,1,2025-04-09,2025-04-09,True,False,False,True,Devices
"Nobel Laboratories, LLC",NOBEL LABORATORIES,unmatched,,,0,False,1,2010-10-21,2010-10-21,False,True,False,True,Drugs
Nobilus Ent Oddzial Kutno,NOBILUS ENT ODDZIAL KUTNO,unmatched,,,0,False,1,2012-03-07,2012-03-07,False,True,False,True,Drugs
"Noble Anesthesia-Air, Inc.",NOBLE ANESTHESIA AIR,unmatched,,,0,False,1,2012-09-12,2012-09-12,True,False,False,True,Devices
"Nobles Medical Technology, II",NOBLES MEDICAL TECHNOLOGY II,unmatched,,,0,False,1,2024-01-26,2024-01-26,True,False,False,True,Devices
Noetic Nutraceuticals,NOETIC NUTRACEUTICALS,unmatched,,,0,False,1,2020-05-15,2020-05-15,False,True,False,True,Drugs
"Noli Oil, LLC",NOLI OIL,unmatched,,,0,False,1,2019-11-22,2019-11-22,False,True,False,True,Drugs
"Noli R. Zosa, MD",NOLI R ZOSA MD,unmatched,,,0,False,1,2009-06-16,2009-06-16,False,True,False,True,Drugs
"Nomax, Inc.",NOMAX,unmatched,,,0,False,1,2016-12-15,2016-12-15,True,False,False,True,Devices
"Non-Invasive Monitoring Systems, Inc.",NON INVASIVE MONITORING SYSTEMS,unmatched,,,0,False,1,2011-03-18,2011-03-18,True,False,False,True,Devices
Norland At Swissray,NORLAND AT SWISSRAY,unmatched,,,0,False,1,2012-01-04,2012-01-04,True,False,False,True,Devices
Nortec Quimica SA,NORTEC QUIMICA,unmatched,,,0,False,1,2022-12-08,2022-12-08,False,True,False,True,Drugs
"North American Custom Laboratories, LLC dba FarmaKeio Superior Custom Compounding",NORTH AMERICAN CUSTOM LABORATORIES FARMAKEIO SUPERIOR CUSTOM COMPOUNDING,unmatched,,,0,False,1,2022-11-18,2022-11-18,False,True,False,True,Drugs
North American Diagnostics,NORTH AMERICAN DIAGNOSTICS,unmatched,,,0,False,1,2022-12-27,2022-12-27,True,False,False,True,Devices
North Coast Biologics,NORTH COAST BIOLOGICS,unmatched,,,0,False,1,2020-05-21,2020-05-21,False,False,True,True,Biologics
North Isle Wellness Center,NORTH ISLE WELLNESS CENTER,unmatched,,,0,False,1,2020-06-19,2020-06-19,False,True,False,True,Drugs
North Memorial Medical Center IRB,NORTH MEMORIAL MEDICAL CENTER IRB,unmatched,,,0,False,1,2010-06-24,2010-06-24,True,False,False,True,Devices
Northern Digital Inc.,NORTHERN DIGITAL,unmatched,,,0,False,1,2013-07-24,2013-07-24,True,False,False,True,Devices
Northern VA Compounders PLLC,NORTHERN VA COMPOUNDERS PLLC,unmatched,,,0,False,1,2024-04-12,2024-04-12,False,True,False,True,Drugs
"Nose Slap, LLC",NOSE SLAP,unmatched,,,0,False,2,2023-04-24,2023-04-24,False,True,False,True,Drugs
Not For Profit Hospital Corp. dba United Medical Center,NOT FOR PROFIT HOSPITAL UNITED MEDICAL CENTER,unmatched,,,0,False,1,2012-05-04,2012-05-04,True,False,False,True,Devices
"Notarika, S.A. de C.V.",NOTARIKA S A DE C V,unmatched,,,0,False,1,2021-10-07,2021-10-07,False,True,False,True,Drugs
"Noticias Mexico Hoy Grupo Multimedia, S.A. de C.V.",NOTICIAS MEXICO HOY GRUPO MULTIMEDIA S A DE C V,unmatched,,,0,False,1,2022-06-27,2022-06-27,False,True,False,True,Drugs
"Nouritress Hair Products, LLC",NOURITRESS HAIR PRODUCTS,unmatched,,,0,False,1,2013-04-25,2013-04-25,True,False,False,True,Devices
"Nouryon Chemicals, S.A. de C.V.",NOURYON CHEMICALS S A DE C V,unmatched,,,0,False,1,2011-11-16,2011-11-16,False,True,False,True,Drugs
Nova Botanix LTD dba Cana BD,NOVA BOTANIX CANA BD,unmatched,,,0,False,1,2020-04-16,2020-04-16,False,True,False,True,Drugs
Nova Computers dba Nova Tech Gadgets,NOVA COMPUTERS NOVA TECH GADGETS,unmatched,,,0,False,1,2009-05-14,2009-05-14,True,False,False,True,Devices
Nova Homeopathic Therapeutics Inc,NOVA HOMEOPATHIC THERAPEUTICS,unmatched,,,0,False,1,2017-09-01,2017-09-01,False,True,False,True,Drugs
"Nova Products, Inc.",NOVA PRODUCTS,unmatched,,,0,False,1,2014-09-26,2014-09-26,False,True,False,True,Drugs
NovaLung Gmbh,NOVALUNG,unmatched,,,0,False,1,2012-04-02,2012-04-02,True,False,False,True,Devices
NovaRx,NOVARX,unmatched,,,0,False,1,2026-06-08,2026-06-08,False,True,False,True,Drugs
Novabay Pharmaceuticals Inc,NOVABAY PHARMACEUTICALS,unmatched,,,0,False,1,2020-11-02,2020-11-02,False,True,False,True,Drugs
Novacyl (Thailand) Ltd.,NOVACYL THAILAND,unmatched,,,0,False,1,2015-03-02,2015-03-02,False,True,False,True,Drugs
"Novacyl Wuxi Pharmaceutical Co., Ltd.",NOVACYL WUXI PHARMACEUTICAL,unmatched,,,0,False,1,2014-12-19,2014-12-19,False,True,False,True,Drugs
Novartis Oncology,NOVARTIS ONCOLOGY,unmatched,,,0,False,1,2010-04-21,2010-04-21,False,True,False,True,Drugs
Novartis Pharma AG,NOVARTIS PHARMA,unmatched,,,0,False,1,2011-11-18,2011-11-18,False,True,False,True,Drugs
Novastep,NOVASTEP,unmatched,,,0,False,1,2016-07-28,2016-07-28,True,False,False,True,Devices
"Novel Laboratories, Inc. d.b.a Lupin Somerset",NOVEL LABORATORIES D B A LUPIN SOMERSET,unmatched,,,0,False,1,2021-06-11,2021-06-11,False,True,False,True,Drugs
"Novid Group, Inc",NOVID,unmatched,,,0,False,1,2023-12-07,2023-12-07,False,True,False,True,Drugs
Novo Nordisk Inc.,NOVO NORDISK,unmatched,,,0,False,2,2025-09-09,2026-03-05,False,True,False,True,Drugs
"Nowcos Co., Ltd.",NOWCOS,unmatched,,,0,False,1,2018-02-14,2018-02-14,False,True,False,True,Drugs
Nowrez & Ismail Shukri Company,NOWREZ AND ISMAIL SHUKRI,unmatched,,,0,False,1,2024-07-11,2024-07-11,False,True,False,True,Drugs
"Nox Bellcow Cosmetics Co., Ltd.",NOX BELLCOW COSMETICS,unmatched,,,0,False,1,2018-05-09,2018-05-09,False,True,False,True,Drugs
NuCare Pharmaceuticals Inc,NUCARE PHARMACEUTICALS,unmatched,,,0,False,1,2019-09-27,2019-09-27,False,True,False,True,Drugs
NuCare Pharmacy a/k/a CanadaDrugs.com,NUCARE PHARMACY A K A CANADADRUGS COM,unmatched,,,0,False,1,2012-09-18,2012-09-18,False,True,False,True,Drugs
"NuGeneration Technologies, LLC",NUGENERATION TECHNOLOGIES,unmatched,,,0,False,1,2023-03-13,2023-03-13,False,True,False,True,Drugs
NuSil Technology LLC,NUSIL TECHNOLOGY,unmatched,,,0,False,1,2012-03-23,2012-03-23,False,True,False,True,Drugs
NuVida Medical LLC,NUVIDA MEDICAL,unmatched,,,0,False,1,2025-09-04,2025-09-04,False,False,True,True,Biologics
"Nuance Health, LLC",NUANCE HEALTH,unmatched,,,0,False,1,2020-06-26,2020-06-26,False,True,False,True,Drugs
"Nubratori, Inc",NUBRATORI,unmatched,,,0,False,1,2025-01-22,2025-01-22,False,True,False,True,Drugs
Nurettin Yagmur Bokurt,NURETTIN YAGMUR BOKURT,unmatched,,,0,False,1,2016-06-02,2016-06-02,False,True,False,True,Drugs
"Nurse Assist, LLC",NURSE ASSIST,unmatched,,,0,False,2,2011-10-21,2017-05-08,True,False,False,True,Devices
Nutra Pure LLC,NUTRA PURE,unmatched,,,0,False,1,2019-03-28,2019-03-28,False,True,False,True,Drugs
"Nutri-Fusion Systems, Inc.",NUTRI FUSION SYSTEMS,unmatched,,,0,False,1,2011-11-28,2011-11-28,False,True,False,True,Drugs
Nutrishare Inc,NUTRISHARE,unmatched,,,0,False,1,2018-01-16,2018-01-16,False,True,False,True,Drugs
Nutrishop of Brick Inc.,NUTRISHOP OF BRICK,unmatched,,,0,False,2,2014-06-05,2017-02-24,False,True,False,True,Drugs; Food/Cosmetics
Nuvo Life Health,NUVO LIFE HEALTH,unmatched,,,0,False,1,2025-09-09,2025-09-09,False,True,False,True,Drugs
Nuvolase Inc.,NUVOLASE,unmatched,,,0,False,1,2014-05-08,2014-05-08,True,False,False,True,Devices
"O'Barr, Thomas MD",O BARR THOMAS MD,unmatched,,,0,False,1,2010-09-30,2010-09-30,False,True,False,True,Drugs
"O3UV, LLC",O3UV,unmatched,,,0,False,1,2025-07-07,2025-07-07,False,False,True,True,Biologics
OEM Systems Co. Ltd.,OEM SYSTEMS,unmatched,,,0,False,1,2011-02-03,2011-02-03,True,False,False,True,Devices
"OHM Pharma, Inc.",OHM PHARMA,unmatched,,,0,False,1,2019-11-19,2019-11-19,False,True,False,True,Drugs
"OKC Allergy Supplies, Inc.",OKC ALLERGY SUPPLIES,unmatched,,,0,False,1,2013-09-04,2013-09-04,False,False,True,True,Biologics
OLYMPUS MEDICAL SYSTEMS CORP. Hinode Plant,OLYMPUS MEDICAL SYSTEMS HINODE PLANT,unmatched,,,0,False,1,2023-03-15,2023-03-15,True,False,False,True,Devices
OLYMPUS TERUMO BIOMATERIALS CORP. MISHIMA FACTORY,OLYMPUS TERUMO BIOMATERIALS MISHIMA FACTORY,unmatched,,,0,False,1,2010-02-25,2010-02-25,True,False,False,True,Devices
OMEGA ENGINEERING INC,OMEGA ENGINEERING,unmatched,,,0,False,1,2021-03-04,2021-03-04,True,False,False,True,Devices
OMEZA LLC,OMEZA,unmatched,,,0,False,1,2023-12-12,2023-12-12,False,True,False,True,Drugs
OMNI LENS PVT. LTD.,OMNI LENS,unmatched,,,0,False,1,2024-10-02,2024-10-02,False,True,False,True,Drugs
OMNISENSE SYSTEMS PTE LTD,OMNISENSE SYSTEMS,unmatched,,,0,False,1,2021-03-04,2021-03-04,True,False,False,True,Devices
ONTEX HYGIENEARTIKEL DEUTSCHLAND GMBH,ONTEX HYGIENEARTIKEL DEUTSCHLAND,unmatched,,,0,False,1,2013-08-01,2013-08-01,True,False,False,True,Devices
OPGAL OPTRONIC INDUSTRIES LTD,OPGAL OPTRONIC INDUSTRIES,unmatched,,,0,False,1,2021-03-04,2021-03-04,True,False,False,True,Devices
"OPTILASA, S.L.",OPTILASA S L,unmatched,,,0,False,1,2010-11-29,2010-11-29,True,False,False,True,Devices
ORCHID LIFESCIENCES,ORCHID LIFESCIENCES,unmatched,,,0,False,1,2023-08-03,2023-08-03,False,True,False,True,Drugs
ORTHOPEDIATRICS CANADA ULC,ORTHOPEDIATRICS CANADA ULC,unmatched,,,0,False,1,2010-10-26,2010-10-26,True,False,False,True,Devices
"OSANG Healthcare CO., LTD.",OSANG HEALTHCARE,unmatched,,,0,False,1,2014-07-10,2014-07-10,True,False,False,True,Devices
OSRX Inc.,OSRX,unmatched,,,0,False,1,2025-04-23,2025-04-23,False,True,False,True,Drugs
OWLET BABY CARE INC,OWLET BABY CARE,unmatched,,,0,False,1,2021-10-05,2021-10-05,True,False,False,True,Devices
OXYGENETIX INSTITUTE INC,OXYGENETIX INSTITUTE,unmatched,,,0,False,1,2023-12-06,2023-12-06,False,True,False,True,Drugs
Oakdell Compounding Pharmacy LLC,OAKDELL COMPOUNDING PHARMACY,unmatched,,,0,False,2,2014-01-22,2014-05-27,False,True,False,True,Drugs
"Oasis Consumer Healthcare, LLC",OASIS CONSUMER HEALTHCARE,unmatched,,,0,False,1,2013-02-11,2013-02-11,False,True,False,True,Drugs
"Oasis Medical, Inc.",OASIS MEDICAL,unmatched,,,0,False,1,2025-07-15,2025-07-15,False,True,False,True,Drugs
"Obstetrics Gynecology, Ltd",OBSTETRICS GYNECOLOGY,unmatched,,,0,False,1,2014-01-10,2014-01-10,True,False,False,True,Devices
Oclo Nanotechnology Science,OCLO NANOTECHNOLOGY SCIENCE,unmatched,,,0,False,1,2021-05-27,2021-05-27,False,True,False,True,Drugs
OcluMed,OCLUMED,unmatched,,,0,False,1,2023-09-11,2023-09-11,False,True,False,True,Drugs
Octapharma AB,OCTAPHARMA,unmatched,,,0,False,1,2011-04-15,2011-04-15,False,False,True,True,Biologics
"Octapharma USA, Inc.",OCTAPHARMA,unmatched,,,0,False,1,2012-05-17,2012-05-17,False,False,True,True,Biologics
"Oculo Plastik, Inc.",OCULO PLASTIK,unmatched,,,0,False,1,2015-12-22,2015-12-22,True,False,False,True,Devices
Oertel Medical GmbH,OERTEL MEDICAL,unmatched,,,0,False,1,2012-06-11,2012-06-11,True,False,False,True,Devices
Oeyama-Moto Medical Foundation,OEYAMA MOTO MEDICAL FOUNDATION,unmatched,,,0,False,1,2016-04-07,2016-04-07,False,True,False,True,Drugs
"Oeyama-Moto-Medical Group Foundation, LLC",OEYAMA MOTO MEDICAL FOUNDATION,unmatched,,,0,False,2,2016-03-29,2018-05-21,False,True,False,True,Drugs
"Oh So Clean, Inc. dba CleanWell Company",OH SO CLEAN CLEANWELL,unmatched,,,0,False,2,2011-04-18,2011-04-18,False,True,False,True,Drugs
Ohio Medical Corporation,OHIO MEDICAL,unmatched,,,0,False,1,2009-07-22,2009-07-22,True,False,False,True,Devices
"Ohm Laboratories, Inc.",OHM LABORATORIES,unmatched,,,0,False,1,2009-12-21,2009-12-21,False,True,False,True,Drugs
"Okamoto Industries, Inc.",OKAMOTO INDUSTRIES,unmatched,,,0,False,1,2015-11-23,2015-11-23,True,False,False,True,Devices
"Okamoto Rubber Products Co., Ltd.",OKAMOTO RUBBER PRODUCTS,unmatched,,,0,False,2,2011-12-30,2020-02-14,True,False,False,True,Devices
"Oklahoma Respiratory Care, Inc.",OKLAHOMA RESPIRATORY CARE,unmatched,,,0,False,1,2012-06-18,2012-06-18,False,True,False,True,Drugs
Olay LLC,OLAY,unmatched,,,0,False,1,2009-04-24,2009-04-24,False,True,False,True,Drugs
Old Tiles Decor,OLD TILES DECOR,unmatched,,,0,False,1,2023-01-30,2023-01-30,False,True,False,True,Drugs
"Old Tiles Wallpaper, LLC DBA Old Tiles Decor",OLD TILES WALLPAPER OLD TILES DECOR,unmatched,,,0,False,1,2023-01-30,2023-01-30,False,True,False,True,Drugs
"Ology Bioservices, Inc.",OLOGY BIOSERVICES,unmatched,,,0,False,1,2011-02-22,2011-02-22,True,False,False,True,Devices
Olympia Pharmaceuticals,OLYMPIA PHARMACEUTICALS,unmatched,,,0,False,2,2014-02-18,2016-02-04,False,True,False,True,Drugs
Olympia Women's Health,OLYMPIA WOMEN S HEALTH,unmatched,,,0,False,1,2013-04-24,2013-04-24,False,False,True,True,Biologics
Olympus Corporation of the Americas,OLYMPUS OF AMERICAS,unmatched,,,0,False,2,2012-09-10,2015-08-12,True,False,False,True,Devices
Olympus Medical Systems Corporation,OLYMPUS MEDICAL SYSTEMS,unmatched,,,0,False,3,2015-08-12,2022-12-12,True,False,False,True,Devices
Omarc Llc,OMARC,unmatched,,,0,False,1,2012-03-27,2012-03-27,True,False,False,True,Devices
OmeCare Inc.,OMECARE,unmatched,,,0,False,1,2021-07-26,2021-07-26,True,False,False,True,Devices
"Omega & Delta Co., Inc.",OMEGA AND DELTA,unmatched,,,0,False,1,2022-11-02,2022-11-02,False,True,False,True,Drugs
Omega Laboratories Inc,OMEGA LABORATORIES,unmatched,,,0,False,1,2009-02-09,2009-02-09,True,False,False,True,Devices
Omega Packaging Corp,OMEGA PACKAGING,unmatched,,,0,False,1,2023-03-20,2023-03-20,False,True,False,True,Drugs
"Omega Tech Labs, Inc.",OMEGA TECH LABS,unmatched,,,0,False,2,2008-10-21,2024-07-23,False,True,False,True,Drugs
"Omid Nassim, M.D.",OMID NASSIM M D,unmatched,,,0,False,1,2013-09-03,2013-09-03,False,True,False,True,Drugs
Omni Consumer Products LLC (D/B/A YoKratom),OMNI CONSUMER PRODUCTS D B A YOKRATOM,unmatched,,,0,False,1,2022-06-30,2022-06-30,False,True,False,True,Drugs
"Omron (Dalian) Co., Ltd. (Plant 1)",OMRON DALIAN PLANT 1,unmatched,,,0,False,1,2012-02-16,2012-02-16,True,False,False,True,Devices
Ondamed GmBH,ONDAMED,unmatched,,,0,False,1,2015-06-01,2015-06-01,True,False,False,True,Devices
One Way Drug DBA Partell Specialty Pharmacy,ONE WAY DRUG PARTELL SPECIALTY PHARMACY,unmatched,,,0,False,1,2019-03-14,2019-03-14,False,True,False,True,Drugs
"One Way Drug, LLC",ONE WAY DRUG,unmatched,,,0,False,2,2015-07-22,2019-03-14,False,True,False,True,Drugs
"OneBlood, Inc.",ONEBLOOD,unmatched,,,0,False,1,2012-04-27,2012-04-27,False,False,True,True,Biologics
OneSource Specialty Pharma Limited,ONESOURCE SPECIALTY PHARMA,unmatched,,,0,False,1,2015-08-07,2015-08-07,False,True,False,True,Drugs
Oneness Labs,ONENESS LABS,unmatched,,,0,False,1,2020-10-06,2020-10-06,False,True,False,True,Drugs
"Onkos Surgical, Inc.",ONKOS SURGICAL,unmatched,,,0,False,1,2025-07-21,2025-07-21,True,False,False,True,Devices
"Opada Alzohaili, M.D.",OPADA ALZOHAILI M D,unmatched,,,0,False,1,2014-07-17,2014-07-17,False,True,False,True,Drugs
"Optikem International, Inc.",OPTIKEM,unmatched,,,0,False,3,2023-09-11,2024-08-13,True,True,False,True,Devices; Drugs
Option Care Enterprises,OPTION CARE ENTERPRISES,unmatched,,,0,False,1,2017-09-28,2017-09-28,False,True,False,True,Drugs
"Option Care Enterprises, Inc.",OPTION CARE ENTERPRISES,unmatched,,,0,False,2,2016-09-07,2017-07-20,False,True,False,True,Drugs
"Option Care Enterprises, Inc. dba Option Care",OPTION CARE ENTERPRISES OPTION CARE,unmatched,,,0,False,1,2017-09-12,2017-09-12,False,True,False,True,Drugs
Opto-Pharm Pte Ltd.,OPTO PHARM,unmatched,,,0,False,1,2017-03-17,2017-03-17,False,True,False,True,Drugs
"Optovue, Inc.",OPTOVUE,unmatched,,,0,False,1,2010-06-11,2010-06-11,True,False,False,True,Devices
"Optum Infusion Services 308, LLC",OPTUM INFUSION SERVICES 308,unmatched,,,0,False,1,2022-12-13,2022-12-13,False,True,False,True,Drugs
Ora Care Products LLC,ORA CARE PRODUCTS,unmatched,,,0,False,1,2020-11-18,2020-11-18,False,True,False,True,Drugs
OraWell USA,ORAWELL,unmatched,,,0,False,1,2011-09-21,2011-09-21,False,False,True,True,Biologics
OrderlyMeds,ORDERLYMEDS,unmatched,,,0,False,1,2026-06-08,2026-06-08,False,True,False,True,Drugs
Orean Personal Care Ltd,OREAN PERSONAL CARE,unmatched,,,0,False,1,2024-08-29,2024-08-29,False,True,False,True,Drugs
"Oregon Aesthetic Technologies, Inc.",OREGON AESTHETIC TECHNOLOGIES,unmatched,,,0,False,1,2012-09-14,2012-09-14,True,False,False,True,Devices
"Oregon Compounding Centers, Inc.",OREGON COMPOUNDING CENTERS,unmatched,,,0,False,1,2015-01-27,2015-01-27,False,True,False,True,Drugs
Oregon Health & Science University,OREGON HEALTH AND SCIENCE UNIVERSITY,unmatched,,,0,False,1,2010-06-23,2010-06-23,False,False,True,True,Biologics
OrgSyn Laboratory Inc,ORGSYN LABORATORY,unmatched,,,0,False,1,2014-08-26,2014-08-26,False,True,False,True,Drugs
"Organ Recovery Systems, Inc.",ORGAN RECOVERY SYSTEMS,unmatched,,,0,False,1,2017-04-20,2017-04-20,True,False,False,True,Devices
"OriGen Biomedical, Inc.",ORIGEN BIOMEDICAL,unmatched,,,0,False,1,2018-12-20,2018-12-20,True,False,False,True,Devices
Oridion Medical 1987 Ltd.,ORIDION MEDICAL 1987,unmatched,,,0,False,1,2011-10-04,2011-10-04,True,False,False,True,Devices
Origin Biomedicinals Inc.,ORIGIN BIOMEDICINALS,unmatched,,,0,False,1,2013-07-15,2013-07-15,False,True,False,True,Drugs
Originitalia SRL,ORIGINITALIA,unmatched,,,0,False,1,2024-11-07,2024-11-07,False,True,False,True,Drugs
Orion Star & Associates Inc.,ORION STAR AND ASSOCIATES,unmatched,,,0,False,1,2009-11-17,2009-11-17,False,True,False,True,Drugs
Orion Vision Group,ORION VISION,unmatched,,,0,False,2,2011-06-06,2011-06-06,True,False,False,True,Devices
Orkla Care AB,ORKLA CARE,unmatched,,,0,False,1,2011-01-20,2011-01-20,True,False,False,True,Devices
Ortho-Cycle Company Inc.,ORTHO CYCLE,unmatched,,,0,False,1,2013-05-16,2013-05-16,True,False,False,True,Devices
Orthopedic Alliance LLC,ORTHOPEDIC ALLIANCE,unmatched,,,0,False,1,2012-02-03,2012-02-03,True,False,False,True,Devices
Orthotic & Prosthetic Lab Inc,ORTHOTIC AND PROSTHETIC LAB,unmatched,,,0,False,1,2010-03-17,2010-03-17,True,False,False,True,Devices
Orthotics & Prosthetics One Inc,ORTHOTICS AND PROSTHETICS ONE,unmatched,,,0,False,1,2012-01-09,2012-01-09,True,False,False,True,Devices
Orvic dba Webstore-USA,ORVIC WEBSTORE,unmatched,,,0,False,1,2021-02-26,2021-02-26,True,False,False,True,Devices
Osachi Co Ltd,OSACHI,unmatched,,,0,False,1,2012-11-13,2012-11-13,True,False,False,True,Devices
Oscor Inc.,OSCOR,unmatched,,,0,False,1,2016-06-13,2016-06-13,True,False,False,True,Devices
Osmed Gmbh,OSMED,unmatched,,,0,False,1,2011-11-18,2011-11-18,True,False,False,True,Devices
OsteoSymbionics LLC,OSTEOSYMBIONICS,unmatched,,,0,False,1,2010-11-30,2010-11-30,True,False,False,True,Devices
Osteolife Biomedical I LLC,OSTEOLIFE BIOMEDICAL I,unmatched,,,0,False,1,2022-03-31,2022-03-31,False,False,True,True,Biologics
Osypka Medical Gmbh,OSYPKA MEDICAL,unmatched,,,0,False,1,2012-03-07,2012-03-07,True,False,False,True,Devices
Otologics LLC,OTOLOGICS,unmatched,,,0,False,1,2010-03-05,2010-03-05,True,False,False,True,Devices
Our Lady Of Bellefonte Hosp IRB,OUR LADY OF BELLEFONTE HOSP IRB,unmatched,,,0,False,1,2012-06-01,2012-06-01,False,True,False,True,Drugs
Ourvita DBA Ion Labs Inc.,OURVITA ION LABS,unmatched,,,0,False,2,2009-07-31,2011-12-05,False,True,False,True,Drugs; Food/Cosmetics
Outin Futures Corp,OUTIN FUTURES,unmatched,,,0,False,1,2024-09-25,2024-09-25,False,True,False,True,Drugs
Owen Biosciences Inc.,OWEN BIOSCIENCES,unmatched,,,0,False,1,2025-10-30,2025-10-30,False,True,False,True,Drugs
"Owen Mumford USA, Inc.",OWEN MUMFORD,unmatched,,,0,False,1,2014-06-04,2014-06-04,True,False,False,True,Devices
"Oxford Medical Instruments USA, Inc.",OXFORD MEDICAL INSTRUMENTS,unmatched,,,0,False,1,2020-08-11,2020-08-11,False,True,False,True,Drugs
"Oxford Performance Materials, Inc.",OXFORD PERFORMANCE MATERIALS,unmatched,,,0,False,1,2017-05-01,2017-05-01,True,False,False,True,Devices
"Oxygen Health Systems, LLC",OXYGEN HEALTH SYSTEMS,unmatched,,,0,False,1,2017-04-17,2017-04-17,False,True,False,True,Drugs
Oxygen Therapy Program,OXYGEN THERAPY PROGRAM,unmatched,,,0,False,1,2010-11-10,2010-11-10,False,True,False,True,Drugs
"Oxyhealth, LLC",OXYHEALTH,unmatched,,,0,False,1,2013-08-08,2013-08-08,True,False,False,True,Devices
"Oxysure Systems, Inc.",OXYSURE SYSTEMS,unmatched,,,0,False,1,2014-12-08,2014-12-08,True,False,False,True,Devices
Oy Ajat Ltd,AJAT,unmatched,,,0,False,1,2013-04-10,2013-04-10,True,False,False,True,Devices
Ozempen.com,OZEMPEN COM,unmatched,,,0,False,1,2024-06-27,2024-06-27,False,True,False,True,Drugs
P Banerji Mihijam Pharmaceuticals,P BANERJI MIHIJAM PHARMACEUTICALS,unmatched,,,0,False,1,2018-08-07,2018-08-07,False,True,False,True,Drugs
"P. Damodara Kumaran, M.D.",P DAMODARA KUMARAN M D,unmatched,,,0,False,1,2025-12-22,2025-12-22,False,True,False,True,Drugs
P.A. Benjamin Manufacturing Company Limited,P A BENJAMIN MANUFACTURING,unmatched,,,0,False,1,2013-01-29,2013-01-29,False,True,False,True,Drugs
P.T. Sankei Medical Industries,P T SANKEI MEDICAL INDUSTRIES,unmatched,,,0,False,1,2023-09-19,2023-09-19,True,False,False,True,Devices
PA Green Wellness LLC,PA GREEN WELLNESS,unmatched,,,0,False,1,2020-08-17,2020-08-17,False,False,True,True,Biologics
PAI Holdings LLC,PAI,unmatched,,,0,False,2,2011-08-29,2016-03-21,False,True,False,True,Drugs
"PC Marketing, Inc.",PC MARKETING,unmatched,,,0,False,1,2012-10-10,2012-10-10,True,False,False,True,Devices
PCP LV LLC dba Pinnacle Compounding Pharmacy,PCP LV PINNACLE COMPOUNDING PHARMACY,unmatched,,,0,False,1,2016-05-23,2016-05-23,False,True,False,True,Drugs
PDS Manufacturing Inc.,PDS MANUFACTURING,unmatched,,,0,False,1,2008-11-24,2008-11-24,True,False,False,True,Devices
PETNET Solutions Inc.,PETNET SOLUTIONS,unmatched,,,0,False,1,2019-10-17,2019-10-17,False,True,False,True,Drugs
"PHYSICIAN 360, INC.",PHYSICIAN 360,unmatched,,,0,False,1,2020-10-05,2020-10-05,True,False,False,True,Devices
PLANTAS MEDICINALES DE MEXICO,PLANTAS MEDICINALES DE MEXICO,unmatched,,,0,False,1,2023-12-21,2023-12-21,False,True,False,True,Drugs
PLZ Corp.,PLZ,unmatched,,,0,False,1,2026-06-02,2026-06-02,False,True,False,True,Drugs
"PMS4PMS, LLC",PMS4PMS,unmatched,,,0,False,1,2025-04-07,2025-04-07,False,True,False,True,Drugs
PMT Corporation,PMT,unmatched,,,0,False,1,2009-12-03,2009-12-03,True,False,False,True,Devices
"PN Medical, Inc.",PN MEDICAL,unmatched,,,0,False,1,2011-11-01,2011-11-01,True,False,False,True,Devices
"POLLEYMED, LLC",POLLEYMED,unmatched,,,0,False,1,2026-05-14,2026-05-14,False,True,False,True,Drugs
PQ Pharmacy LLC,PQ PHARMACY,unmatched,,,0,False,1,2025-10-10,2025-10-10,False,True,False,True,Drugs
PREMIER NUTRA PHARMA Inc.,PREMIER NUTRA PHARMA,unmatched,,,0,False,1,2022-12-09,2022-12-09,False,True,False,True,Drugs
PREMIUM NATURE,PREMIUM NATURE,unmatched,,,0,False,1,2022-09-01,2022-09-01,False,True,False,True,Drugs
PRIME SPORTS NUTRITION,PRIME SPORTS NUTRITION,unmatched,,,0,False,1,2025-12-12,2025-12-12,False,True,False,True,Drugs
PROSANA DISTRIBUCIONES SA DE CV,PROSANA DISTRIBUCIONES DE CV,unmatched,,,0,False,1,2017-12-21,2017-12-21,False,True,False,True,Drugs
PT. MegaSurya Mas,PT MEGASURYA MAS,unmatched,,,0,False,1,2020-08-24,2020-08-24,False,True,False,True,Drugs
PUREPURGE,PUREPURGE,unmatched,,,0,False,1,2021-06-02,2021-06-02,False,True,False,True,Drugs
"Pace Tech, Inc.",PACE TECH,unmatched,,,0,False,1,2011-11-01,2011-11-01,True,False,False,True,Devices
Pacific Center of Health,PACIFIC CENTER OF HEALTH,unmatched,,,0,False,1,2021-06-22,2021-06-22,False,True,False,True,Drugs
"Pacific Hospital Supply Co., Ltd",PACIFIC HOSPITAL SUPPLY,unmatched,,,0,False,1,2017-05-26,2017-05-26,True,False,False,True,Devices
Pacific Vision Institute,PACIFIC VISION INSTITUTE,unmatched,,,0,False,1,2014-08-19,2014-08-19,True,False,False,True,Devices
Padagis US LLC,PADAGIS,unmatched,,,0,False,1,2010-03-01,2010-03-01,False,True,False,True,Drugs
"Padtest, LLC",PADTEST,unmatched,,,0,False,1,2014-12-17,2014-12-17,True,False,False,True,Devices
PainBomb,PAINBOMB,unmatched,,,0,False,1,2016-02-04,2016-02-04,False,True,False,True,Drugs
Painless Tattoo Cream Co.,PAINLESS TATTOO CREAM,unmatched,,,0,False,1,2024-03-25,2024-03-25,False,True,False,True,Drugs
Pairon Solutions LLC,PAIRON SOLUTIONS,unmatched,,,0,False,1,2021-08-09,2021-08-09,True,False,False,True,Devices
Palamur Biosciences Private Limited,PALAMUR BIOSCIENCES PRIVATE,unmatched,,,0,False,1,2025-12-11,2025-12-11,True,False,False,True,Devices
"Pallimed Solutions, Inc.",PALLIMED SOLUTIONS,unmatched,,,0,False,1,2014-02-19,2014-02-19,False,True,False,True,Drugs
Palmdale Ambulatory Surgery,PALMDALE AMBULATORY SURGERY,unmatched,,,0,False,1,2011-12-09,2011-12-09,True,False,False,True,Devices
"Pamela K. Den Besten, DDS",PAMELA K DEN BESTEN DDS,unmatched,,,0,False,1,2025-09-19,2025-09-19,False,True,False,True,Drugs
Pan Drugs Limited,PAN DRUGS,unmatched,,,0,False,1,2016-08-25,2016-08-25,False,True,False,True,Drugs
Pan Drugs Ltd.,PAN DRUGS,unmatched,,,0,False,2,2012-02-28,2015-09-02,False,True,False,True,Drugs
Panacea Biotec Pharma Limited,PANACEA BIOTEC PHARMA,unmatched,,,0,False,1,2020-09-24,2020-09-24,False,True,False,True,Drugs
Panoramic Corp.,PANORAMIC,unmatched,,,0,False,1,2015-10-01,2015-10-01,True,False,False,True,Devices
Pantheon Research,PANTHEON RESEARCH,unmatched,,,0,False,1,2009-09-03,2009-09-03,True,False,False,True,Devices
Panther Sports Nutrition,PANTHER SPORTS NUTRITION,unmatched,,,0,False,1,2017-10-23,2017-10-23,False,True,False,True,Drugs
"Par Health USA, LLC",PAR HEALTH,unmatched,,,0,False,1,2026-04-15,2026-04-15,False,True,False,True,Drugs
"Paradigm RE, LLC",PARADIGM RE,unmatched,,,0,False,1,2020-12-07,2020-12-07,False,True,False,True,Drugs
"Paragon DX, LLC",PARAGON DX,unmatched,,,0,False,1,2010-03-18,2010-03-18,True,False,False,True,Devices
"Paramesh Banerji Life Sciences, LLC",PARAMESH BANERJI LIFE SCIENCES,unmatched,,,0,False,1,2018-08-07,2018-08-07,False,True,False,True,Drugs
Park Avenue Compounding,PARK AVENUE COMPOUNDING,unmatched,,,0,False,1,2015-10-19,2015-10-19,False,True,False,True,Drugs
Park Infusioncare LP dba Preferred Homecare,PARK INFUSIONCARE PREFERRED HOMECARE,unmatched,,,0,False,1,2018-03-01,2018-03-01,False,True,False,True,Drugs
"Parks Medical Electronics, Inc",PARKS MEDICAL ELECTRONICS,unmatched,,,0,False,1,2012-11-27,2012-11-27,True,False,False,True,Devices
Patcos Cosmetics (India) Private Limited,PATCOS COSMETICS INDIA PRIVATE,unmatched,,,0,False,2,2023-12-15,2026-03-12,False,True,False,True,Drugs
"Pattanam D. Srinivasan, MD",PATTANAM D SRINIVASAN MD,unmatched,,,0,False,1,2014-03-14,2014-03-14,True,False,False,True,Devices
Pax-All Manufacturing Inc,PAX ALL MANUFACTURING,unmatched,,,0,False,1,2012-03-09,2012-03-09,False,True,False,True,Drugs
Peace Medical Inc.,PEACE MEDICAL,unmatched,,,0,False,1,2011-07-12,2011-07-12,True,False,False,True,Devices
Peaks Curative LLC,PEAKS CURATIVE,unmatched,,,0,False,1,2026-02-20,2026-02-20,False,True,False,True,Drugs
Pedinol Pharmacal Inc,PEDINOL PHARMACAL,unmatched,,,0,False,1,2009-08-20,2009-08-20,False,True,False,True,Drugs
PekCura Labs,PEKCURA LABS,unmatched,,,0,False,1,2026-03-31,2026-03-31,False,True,False,True,Drugs
Peking Medicine Manufactory,PEKING MEDICINE MANUFACTORY,unmatched,,,0,False,2,2012-04-05,2013-03-25,False,True,False,True,Drugs
"Pelvic Therapies, Inc",PELVIC THERAPIES,unmatched,,,0,False,1,2017-10-17,2017-10-17,True,False,False,True,Devices
Penn Pharmaceutical Services Limited,PENN PHARMACEUTICAL SERVICES,unmatched,,,0,False,1,2013-06-11,2013-06-11,True,False,False,True,Devices
"Pensacola Apothecary, Inc. DBA Everwell Specialty Pharmacy",PENSACOLA APOTHECARY EVERWELL SPECIALTY PHARMACY,unmatched,,,0,False,1,2017-06-28,2017-06-28,False,True,False,True,Drugs
Pentax of America Inc,PENTAX OF AMERICA,unmatched,,,0,False,2,2013-03-29,2015-08-12,True,False,False,True,Devices
Pentec Health,PENTEC HEALTH,unmatched,,,0,False,1,2014-03-07,2014-03-07,False,True,False,True,Drugs
"People's Custom Rx and Clinical Care, LLC",PEOPLE S CUSTOM RX AND CLINICAL CARE,unmatched,,,0,False,1,2016-06-06,2016-06-06,False,True,False,True,Drugs
Peregrine Surgical Ltd,PEREGRINE SURGICAL,unmatched,,,0,False,1,2010-12-20,2010-12-20,True,False,False,True,Devices
"Perich Larry, D. O",PERICH LARRY D O,unmatched,,,0,False,1,2008-12-01,2008-12-01,True,False,False,True,Devices
"PerioSeal, Inc.",PERIOSEAL,unmatched,,,0,False,1,2012-10-29,2012-10-29,True,False,False,True,Devices
Perma Pure LLC,PERMA PURE,unmatched,,,0,False,1,2010-09-21,2010-09-21,True,False,False,True,Devices
Perry Drugs Inc.,PERRY DRUGS,unmatched,,,0,False,1,2015-02-03,2015-02-03,False,True,False,True,Drugs
Person & Covey Inc,PERSON AND COVEY,unmatched,,,0,False,1,2025-09-23,2025-09-23,False,True,False,True,Drugs
Pet Pharmacy NW LLC,PET PHARMACY NW,unmatched,,,0,False,1,2020-03-31,2020-03-31,False,True,False,True,Drugs
Peter Schiff Enterprises,PETER SCHIFF ENTERPRISES,unmatched,,,0,False,1,2013-07-31,2013-07-31,True,False,False,True,Devices
Petra Hygienic Systems Int Ltd,PETRA HYGIENIC SYSTEMS INT,unmatched,,,0,False,1,2019-05-07,2019-05-07,False,True,False,True,Drugs
Pfizer Healthcare India Private Limited,PFIZER HEALTHCARE INDIA PRIVATE,unmatched,,,0,False,1,2020-03-25,2020-03-25,False,True,False,True,Drugs
PharMEDium Services LLC,PHARMEDIUM SERVICES,unmatched,,,0,False,1,2014-07-18,2014-07-18,False,True,False,True,Drugs
"PharMEDium Services, LLC",PHARMEDIUM SERVICES,unmatched,,,0,False,2,2014-07-18,2014-07-18,False,True,False,True,Drugs
"PharMEDium Services, LLC.",PHARMEDIUM SERVICES,unmatched,,,0,False,1,2014-07-18,2014-07-18,False,True,False,True,Drugs
"Pharm D Solutions, LLC",PHARM D SOLUTIONS,unmatched,,,0,False,1,2016-12-08,2016-12-08,False,True,False,True,Drugs
"PharmScript, LLC",PHARMSCRIPT,unmatched,,,0,False,1,2017-08-23,2017-08-23,False,True,False,True,Drugs
Pharma Nobis LLC,PHARMA NOBIS,unmatched,,,0,False,1,2017-01-26,2017-01-26,False,True,False,True,Drugs
"Pharma Tech Solutions, Inc",PHARMA TECH SOLUTIONS,unmatched,,,0,False,2,2014-04-08,2014-07-07,True,False,False,True,Devices
PharmaCanna,PHARMACANNA,unmatched,,,0,False,1,2023-01-05,2023-01-05,False,True,False,True,Drugs
PharmaLegacy Research LLC,PHARMALEGACY RESEARCH,unmatched,,,0,False,1,2023-10-20,2023-10-20,False,True,False,True,Drugs
"PharmaLogic CSP, Inc.",PHARMALOGIC CSP,unmatched,,,0,False,1,2016-04-29,2016-04-29,False,True,False,True,Drugs
PharmaZee,PHARMAZEE,unmatched,,,0,False,1,2026-02-20,2026-02-20,False,True,False,True,Drugs
Pharmaboosters.com,PHARMABOOSTERS COM,unmatched,,,0,False,1,2020-07-15,2020-07-15,False,True,False,True,Drugs
"Pharmaceutic Labs, LLC.",PHARMACEUTIC LABS,unmatched,,,0,False,1,2017-05-03,2017-05-03,False,True,False,True,Drugs
Pharmaceutical Care Solutions,PHARMACEUTICAL CARE SOLUTIONS,unmatched,,,0,False,1,2021-08-02,2021-08-02,False,True,False,True,Drugs
"Pharmaceutical Innovations, Inc.",PHARMACEUTICAL INNOVATIONS,unmatched,,,0,False,1,2011-07-29,2011-07-29,True,False,False,True,Devices
"Pharmaceutical Laboratories and Consultants, Inc.",PHARMACEUTICAL LABORATORIES AND CONSULTANTS,unmatched,,,0,False,1,2018-08-29,2018-08-29,False,True,False,True,Drugs
Pharmacy Innovations,PHARMACY INNOVATIONS,unmatched,,,0,False,1,2023-09-20,2023-09-20,False,True,False,True,Drugs
Pharmacy Resources Incorporated,PHARMACY RESOURCES,unmatched,,,0,False,1,2018-03-02,2018-03-02,False,True,False,True,Drugs
Pharmadel LLC,PHARMADEL,unmatched,,,0,False,1,2023-05-18,2023-05-18,False,True,False,True,Drugs
"Pharmagen Laboratories, Inc",PHARMAGEN LABORATORIES,unmatched,,,0,False,1,2014-10-24,2014-10-24,False,True,False,True,Drugs
"Pharmakon Compounding Pharmacy, Inc.",PHARMAKON COMPOUNDING PHARMACY,unmatched,,,0,False,1,2017-09-07,2017-09-07,False,True,False,True,Drugs
"Pharmakon Pharmaceuticals, Inc.",PHARMAKON PHARMACEUTICALS,unmatched,,,0,False,1,2015-05-21,2015-05-21,False,True,False,True,Drugs
Pharmaplast S.A.E.,PHARMAPLAST S A E,unmatched,,,0,False,1,2023-04-13,2023-04-13,False,True,False,True,Drugs
Pharmasol Corporation,PHARMASOL,unmatched,,,0,False,1,2019-03-14,2019-03-14,False,True,False,True,Drugs
Pharmathen International S.A.,PHARMATHEN S A,unmatched,,,0,False,1,2026-05-27,2026-05-27,False,True,False,True,Drugs
Pharmawest Pharmacy Ltd,PHARMAWEST PHARMACY,unmatched,,,0,False,1,2012-05-24,2012-05-24,False,True,False,True,Drugs
Pharmco Laboratories Inc.,PHARMCO LABORATORIES,unmatched,,,0,False,1,2016-12-15,2016-12-15,False,True,False,True,Drugs
Pharmcore Inc. dba Hallandale Pharmacy,PHARMCORE HALLANDALE PHARMACY,unmatched,,,0,False,1,2020-03-11,2020-03-11,False,True,False,True,Drugs
"Pharmedica USA, LLC",PHARMEDICA,unmatched,,,0,False,1,2023-04-28,2023-04-28,False,True,False,True,Drugs
"Pharmedium Services, LLC",PHARMEDIUM SERVICES,unmatched,,,0,False,1,2014-07-18,2014-07-18,False,True,False,True,Drugs
Phase 4 Pharmaceutical Llc,PHASE 4 PHARMACEUTICAL,unmatched,,,0,False,1,2018-04-18,2018-04-18,False,True,False,True,Drugs
"Philadelphia 7, Inc",PHILADELPHIA 7,unmatched,,,0,False,1,2025-12-16,2025-12-16,True,False,False,True,Devices
Philips Healthcare,PHILIPS HEALTHCARE,unmatched,,,0,False,1,2013-12-20,2013-12-20,True,False,False,True,Devices
"Philips Healthcare (Suzhou) Co., Ltd.",PHILIPS HEALTHCARE SUZHOU,unmatched,,,0,False,1,2024-02-15,2024-02-15,True,False,False,True,Devices
Philips Medical Systems (Cleveland) Inc,PHILIPS MEDICAL SYSTEMS CLEVELAND,unmatched,,,0,False,1,2011-06-07,2011-06-07,True,False,False,True,Devices
Philips Medical Systems Nederland B.V.,PHILIPS MEDICAL SYSTEMS NEDERLAND B V,unmatched,,,0,False,1,2025-09-09,2025-09-09,True,False,False,True,Devices
Philips North America LLC,PHILIPS NORTH AMERICA,unmatched,,,0,False,1,2011-03-28,2011-03-28,True,False,False,True,Devices
"Philips North America, LLC",PHILIPS NORTH AMERICA,unmatched,,,0,False,1,2009-10-09,2009-10-09,True,False,False,True,Devices
"Philips Respironics, Inc.",PHILIPS RESPIRONICS,unmatched,,,0,False,3,2011-10-11,2014-11-17,True,False,False,True,Devices
"Philips Ultrasound, Inc",PHILIPS ULTRASOUND,unmatched,,,0,False,1,2025-09-09,2025-09-09,True,False,False,True,Devices
"Philips Ultrasound, LLC",PHILIPS ULTRASOUND,unmatched,,,0,False,1,2025-09-09,2025-09-09,True,False,False,True,Devices
"Phillips Precision, Inc.",PHILLIPS PRECISION,unmatched,,,0,False,1,2024-12-09,2024-12-09,True,False,False,True,Devices
"Phillips, Robert A.",PHILLIPS ROBERT A,unmatched,,,0,False,1,2009-07-20,2009-07-20,True,False,False,True,Devices
Philosys Co. Ltd,PHILOSYS,unmatched,,,0,False,1,2020-02-05,2020-02-05,True,False,False,True,Devices
Phoenix Bio-Tech Corporation,PHOENIX BIO TECH,unmatched,,,0,False,1,2009-10-05,2009-10-05,True,False,False,True,Devices
"Phoenix Biotechnology, Inc.",PHOENIX BIOTECHNOLOGY,unmatched,,,0,False,1,2020-12-15,2020-12-15,False,True,False,True,Drugs
Phoenix Instruments Inc.,PHOENIX INSTRUMENTS,unmatched,,,0,False,1,2012-11-08,2012-11-08,True,False,False,True,Devices
"Phoenix Medical Devices, LLC",PHOENIX MEDICAL DEVICES,unmatched,,,0,False,1,2009-09-29,2009-09-29,True,False,False,True,Devices
"PhotoMedex, Inc.",PHOTOMEDEX,unmatched,,,0,False,1,2012-01-26,2012-01-26,True,False,False,True,Devices
PhotonX Holdings Inc.,PHOTONX,unmatched,,,0,False,1,2017-09-25,2017-09-25,True,False,False,True,Devices
"Physician Preferred Medical, LLC",PHYSICIAN PREFERRED MEDICAL,unmatched,,,0,False,1,2016-01-20,2016-01-20,False,True,False,True,Drugs
"Physicians Total Care, Inc.",PHYSICIANS TOTAL CARE,unmatched,,,0,False,2,2009-03-30,2013-01-10,False,True,False,True,Drugs
"Physio PS, Inc.",PHYSIO PS,unmatched,,,0,False,1,2012-11-02,2012-11-02,True,False,False,True,Devices
"Physitemp Instruments, LLC",PHYSITEMP INSTRUMENTS,unmatched,,,0,False,1,2025-11-12,2025-11-12,True,False,False,True,Devices
Pico IV Inc.,PICO IV,unmatched,,,0,False,1,2025-03-06,2025-03-06,False,True,False,True,Drugs
"Picus, Dr Joel",PICUS DR JOEL,unmatched,,,0,False,1,2010-09-20,2010-09-20,False,True,False,True,Drugs
Piezosurgery Inc,PIEZOSURGERY,unmatched,,,0,False,1,2010-06-08,2010-06-08,True,False,False,True,Devices
Pikeville Medical Center Inc Institutional Review Committee,PIKEVILLE MEDICAL CENTER INSTITUTIONAL REVIEW COMMITTEE,unmatched,,,0,False,1,2016-03-01,2016-03-01,False,True,False,True,Drugs
"Pine Pharmaceuticals, LLC",PINE PHARMACEUTICALS,unmatched,,,0,False,1,2016-11-07,2016-11-07,False,True,False,True,Drugs
"Pine Pharmacy and Home Care Products Center, Inc.",PINE PHARMACY AND HOME CARE PRODUCTS CENTER,unmatched,,,0,False,1,2015-02-13,2015-02-13,False,True,False,True,Drugs
"Pinnacle Labs of Tennessee, LLC",PINNACLE LABS OF TENNESSEE,unmatched,,,0,False,1,2024-04-17,2024-04-17,True,False,False,True,Devices
Pinnacle Peptides,PINNACLE PEPTIDES,unmatched,,,0,False,1,2025-12-12,2025-12-12,False,True,False,True,Drugs
"Pinnacle Transplant Technologies, LLC",PINNACLE TRANSPLANT TECHNOLOGIES,unmatched,,,0,False,1,2024-10-01,2024-10-01,False,False,True,True,Biologics
"Pinook USA, LLC",PINOOK,unmatched,,,0,False,1,2012-06-14,2012-06-14,True,False,False,True,Devices
"Pinsky Mark, MD",PINSKY MARK MD,unmatched,,,0,False,1,2013-01-14,2013-01-14,True,False,False,True,Devices
Pioneer Surgical Technology Inc.,PIONEER SURGICAL TECHNOLOGY,unmatched,,,0,False,1,2010-08-03,2010-08-03,True,False,False,True,Devices
Pishon Trading Inc,PISHON TRADING,unmatched,,,0,False,1,2013-01-30,2013-01-30,True,False,False,True,Devices
Plainsboro Pharmacy,PLAINSBORO PHARMACY,unmatched,,,0,False,1,2016-08-01,2016-08-01,False,True,False,True,Drugs
"Plasticos Las Palmas, S.A. de C.V.",PLASTICOS LAS PALMAS S A DE C V,unmatched,,,0,False,1,2021-03-01,2021-03-01,False,True,False,True,Drugs
Plastikon Healthcare LLC,PLASTIKON HEALTHCARE,unmatched,,,0,False,1,2022-04-20,2022-04-20,False,True,False,True,Drugs
Platinum Biologics,PLATINUM BIOLOGICS,unmatched,,,0,False,1,2025-08-15,2025-08-15,False,False,True,True,Biologics
"Platinum Strategies, Inc.",PLATINUM STRATEGIES,unmatched,,,0,False,1,2009-09-23,2009-09-23,False,True,False,True,Drugs
Plum Dragon Herbs,PLUM DRAGON HERBS,unmatched,,,0,False,1,2020-05-08,2020-05-08,False,True,False,True,Drugs
"Pneumex, Inc.",PNEUMEX,unmatched,,,0,False,1,2008-12-05,2008-12-05,True,False,False,True,Devices
Pocono Coated Products LLC.,POCONO COATED PRODUCTS,unmatched,,,0,False,1,2016-10-27,2016-10-27,False,True,False,True,Drugs
"Podo Xingda Medical Co., Ltd.",PODO XINGDA MEDICAL,unmatched,,,0,False,1,2012-12-05,2012-12-05,True,False,False,True,Devices
"Pointcare Technologies, Inc.",POINTCARE TECHNOLOGIES,unmatched,,,0,False,1,2011-06-14,2011-06-14,True,False,False,True,Devices
"Polaroisin International Co., Ltd.",POLAROISIN,unmatched,,,0,False,1,2018-01-26,2018-01-26,False,True,False,True,Drugs
Polimeros y Servicios S.A.,POLIMEROS Y SERVICIOS S A,unmatched,,,0,False,1,2019-08-22,2019-08-22,False,True,False,True,Drugs
"Poly Pharmaceuticals, Inc",POLY PHARMACEUTICALS,unmatched,,,0,False,1,2010-02-08,2010-02-08,False,True,False,True,Drugs
"PolyCarbon Industries, Inc.",POLYCARBON INDUSTRIES,unmatched,,,0,False,1,2010-12-02,2010-12-02,False,True,False,True,Drugs
Polydrug Laboratories Pvt. Ltd.,POLYDRUG LABORATORIES,unmatched,,,0,False,1,2016-04-14,2016-04-14,False,True,False,True,Drugs
"Polymer Technology Systems, Inc.",POLYMER TECHNOLOGY SYSTEMS,unmatched,,,0,False,1,2019-07-31,2019-07-31,True,False,False,True,Devices
Pomegranate Consulting Ltd dba Glorious One-Pot Meals,POMEGRANATE CONSULTING GLORIOUS ONE POT MEALS,unmatched,,,0,False,1,2020-08-18,2020-08-18,True,False,False,True,Devices
"Pomegranate Consulting, LLC",POMEGRANATE CONSULTING,unmatched,,,0,False,1,2020-08-18,2020-08-18,True,False,False,True,Devices
Portal Pharmaceutical,PORTAL PHARMACEUTICAL,unmatched,,,0,False,1,2010-02-03,2010-02-03,False,True,False,True,Drugs
Porton Biopharma Limited,PORTON BIOPHARMA,unmatched,,,0,False,1,2017-01-19,2017-01-19,False,True,False,True,Drugs
"Powers Medical Devices, LLC",POWERS MEDICAL DEVICES,unmatched,,,0,False,1,2014-09-25,2014-09-25,True,False,False,True,Devices
"Pozner, Jason N. MD",POZNER JASON N MD,unmatched,,,0,False,1,2010-06-25,2010-06-25,True,False,False,True,Devices
"Practice Medx, LLC dba BioVeda Technologies",PRACTICE MEDX BIOVEDA TECHNOLOGIES,unmatched,,,0,False,1,2010-08-05,2010-08-05,True,False,False,True,Devices
Prairie Dawn Herbs,PRAIRIE DAWN HERBS,unmatched,,,0,False,2,2020-10-07,2020-12-10,False,True,False,True,Drugs; Food/Cosmetics
Precision Analitica Integral S.A. de C.V.,PRECISION ANALITICA INTEGRAL S A DE C V,unmatched,,,0,False,1,2021-02-05,2021-02-05,False,True,False,True,Drugs
Precision Herbs LLC,PRECISION HERBS,unmatched,,,0,False,1,2011-12-01,2011-12-01,True,False,False,True,Devices
"Precision Needle Manufacturing, Inc.",PRECISION NEEDLE MANUFACTURING,unmatched,,,0,False,1,2014-05-25,2014-05-25,True,False,False,True,Devices
"Precision Pharmacy Center, LLC",PRECISION PHARMACY CENTER,unmatched,,,0,False,1,2016-11-15,2016-11-15,False,True,False,True,Drugs
"Predictive Biotech, Inc.",PREDICTIVE BIOTECH,unmatched,,,0,False,2,2020-08-17,2020-08-17,False,False,True,True,Biologics
Prefense LLC,PREFENSE,unmatched,,,0,False,1,2020-04-23,2020-04-23,False,True,False,True,Drugs
Premier Pharmacy Labs Inc,PREMIER PHARMACY LABS,unmatched,,,0,False,1,2015-04-27,2015-04-27,False,True,False,True,Drugs
Premier Trends LLC,PREMIER TRENDS,unmatched,,,0,False,1,2022-03-14,2022-03-14,False,True,False,True,Drugs
"Premium Dental, LLC",PREMIUM DENTAL,unmatched,,,0,False,1,2010-01-14,2010-01-14,True,False,False,True,Devices
"Premium Health Management, Inc.",PREMIUM HEALTH MANAGEMENT,unmatched,,,0,False,1,2026-02-20,2026-02-20,False,True,False,True,Drugs
Prescription Dispensing Laboratories Inc.,PRESCRIPTION DISPENSING LABORATORIES,unmatched,,,0,False,1,2019-07-30,2019-07-30,False,True,False,True,Drugs
Prescription Lab Compounding Pharmacy,PRESCRIPTION LAB COMPOUNDING PHARMACY,unmatched,,,0,False,1,2016-11-16,2016-11-16,False,True,False,True,Drugs
Prescription Labs Inc dba Greenpark,PRESCRIPTION LABS GREENPARK,unmatched,,,0,False,1,2018-10-26,2018-10-26,False,True,False,True,Drugs
"Preservation Solutions, Inc.",PRESERVATION SOLUTIONS,unmatched,,,0,False,1,2017-08-21,2017-08-21,True,False,False,True,Devices
Pressure Tech Inc,PRESSURE TECH,unmatched,,,0,False,1,2013-08-08,2013-08-08,True,False,False,True,Devices
"Pressure Tech, Inc.",PRESSURE TECH,unmatched,,,0,False,1,2009-09-04,2009-09-04,True,False,False,True,Devices
Prestige Brands Holdings,PRESTIGE BRANDS,unmatched,,,0,False,1,2017-06-01,2017-06-01,False,True,False,True,Drugs
Primary Health Care Associates,PRIMARY HEALTH CARE ASSOCIATES,unmatched,,,0,False,1,2012-03-19,2012-03-19,False,False,True,True,Biologics
Prime Enterprises LLC,PRIME ENTERPRISES,unmatched,,,0,False,1,2009-01-29,2009-01-29,False,True,False,True,Drugs
Prime Herbs Corporation,PRIME HERBS,unmatched,,,0,False,1,2012-12-10,2012-12-10,True,False,False,True,Devices
Prime Lab LLC,PRIME LAB,unmatched,,,0,False,1,2024-01-02,2024-01-02,False,True,False,True,Drugs
Prime Sciences,PRIME SCIENCES,unmatched,,,0,False,1,2026-03-31,2026-03-31,False,True,False,True,Drugs
Prime Vitality Inc.,PRIME VITALITY,unmatched,,,0,False,1,2024-12-10,2024-12-10,False,True,False,True,Drugs
Primus Corporation,PRIMUS,unmatched,,,0,False,1,2020-08-12,2020-08-12,True,False,False,True,Devices
Prince Medical Industry SUARL,PRINCE MEDICAL INDUSTRY SUARL,unmatched,,,0,False,1,2012-08-03,2012-08-03,True,False,False,True,Devices
Prince Medical S.A.S.,PRINCE MEDICAL S A S,unmatched,,,0,False,1,2012-08-06,2012-08-06,True,False,False,True,Devices
"Prismatik Dentalcraft, Inc.",PRISMATIK DENTALCRAFT,unmatched,,,0,False,1,2014-03-27,2014-03-27,True,False,False,True,Devices
"Private Label Partners, Inc.",PRIVATE LABEL PARTNERS,unmatched,,,0,False,1,2025-07-02,2025-07-02,False,True,False,True,Drugs
Private Label Skin Care,PRIVATE LABEL SKIN CARE,unmatched,,,0,False,1,2025-12-18,2025-12-18,False,True,False,True,Drugs
Pro Numb Tattoo Numbing Spray LLC,PRO NUMB TATTOO NUMBING SPRAY,unmatched,,,0,False,1,2026-04-14,2026-04-14,False,True,False,True,Drugs
Pro West Marketing Ltd.,PRO WEST MARKETING,unmatched,,,0,False,1,2009-11-17,2009-11-17,False,True,False,True,Drugs
"Pro-Paks, LLC",PRO PAKS,unmatched,,,0,False,1,2011-06-24,2011-06-24,True,False,False,True,Devices
Pro-White Teeth,PRO WHITE TEETH,unmatched,,,0,False,1,2013-06-11,2013-06-11,True,False,False,True,Devices
ProDx Health,PRODX HEALTH,unmatched,,,0,False,1,2026-01-08,2026-01-08,False,False,True,True,Biologics
ProRx LLC,PRORX,unmatched,,,0,False,2,2024-12-20,2026-04-07,False,True,False,True,Drugs
Proandre SL,PROANDRE SL,unmatched,,,0,False,1,2019-02-15,2019-02-15,False,True,False,True,Drugs
"Probed Medical Technologies, Inc.",PROBED MEDICAL TECHNOLOGIES,unmatched,,,0,False,1,2012-02-08,2012-02-08,True,False,False,True,Devices
"Procter & Gamble Manufacturing Mexico, S. de R.L. de C.V.",PROCTER AND GAMBLE MANUFACTURING MEXICO S DE R L DE C V,unmatched,,,0,False,1,2023-03-14,2023-03-14,False,True,False,True,Drugs
"Prodesse, Inc",PRODESSE,unmatched,,,0,False,1,2009-05-11,2009-05-11,True,False,False,True,Devices
"Prodigy Diabetes Care, LLC",PRODIGY DIABETES CARE,unmatched,,,0,False,1,2013-02-22,2013-02-22,True,False,False,True,Devices
Prodimed,PRODIMED,unmatched,,,0,False,1,2015-11-02,2015-11-02,True,False,False,True,Devices
"Prodose, Inc.",PRODOSE,unmatched,,,0,False,1,2025-03-28,2025-03-28,False,True,False,True,Drugs
"Prodrome Sciences USA, LLC",PRODROME SCIENCES,unmatched,,,0,False,1,2026-01-08,2026-01-08,False,True,False,True,Drugs
"Product Packaging West, Inc.",PRODUCT PACKAGING WEST,unmatched,,,0,False,1,2018-11-02,2018-11-02,False,True,False,True,Drugs
Product Society LLC,PRODUCT SOCIETY,unmatched,,,0,False,1,2025-05-08,2025-05-08,False,True,False,True,Drugs
"Productos Urologos de Mexico, S.A. de C.V.",PRODUCTOS UROLOGOS DE MEXICO S A DE C V,unmatched,,,0,False,1,2012-05-07,2012-05-07,True,False,False,True,Devices
Professional Compounding Centers of America,PROFESSIONAL COMPOUNDING CENTERS OF AMERICA,unmatched,,,0,False,1,2021-01-07,2021-01-07,False,True,False,True,Drugs
"Professional Disposables International, Inc.",PROFESSIONAL DISPOSABLES,unmatched,,,0,False,1,2022-01-07,2022-01-07,False,True,False,True,Drugs
Professional World Store,PROFESSIONAL WORLD STORE,unmatched,,,0,False,1,2021-04-27,2021-04-27,True,False,False,True,Devices
Profounda Inc,PROFOUNDA,unmatched,,,0,False,1,2023-02-01,2023-02-01,False,True,False,True,Drugs
Progressive Emu Inc,PROGRESSIVE EMU,unmatched,,,0,False,1,2009-08-18,2009-08-18,False,True,False,True,Drugs
Progressive Medical Inc,PROGRESSIVE MEDICAL,unmatched,,,0,False,1,2012-01-10,2012-01-10,True,False,False,True,Devices
Project 1600 Inc.,PROJECT 1600,unmatched,,,0,False,1,2020-06-18,2020-06-18,False,True,False,True,Drugs
Prolatis,PROLATIS,unmatched,,,0,False,1,2010-12-02,2010-12-02,False,True,False,True,Drugs
"Promise Pharmacy, LLC",PROMISE PHARMACY,unmatched,,,0,False,1,2019-07-29,2019-07-29,False,True,False,True,Drugs
"Proportional Technologies, Inc",PROPORTIONAL TECHNOLOGIES,unmatched,,,0,False,1,2011-03-31,2011-03-31,False,True,False,True,Drugs
Proquimes S A Productos Quimicos Especializados S A,PROQUIMES S A PRODUCTOS QUIMICOS ESPECIALIZADOS S A,unmatched,,,0,False,1,2021-04-05,2021-04-05,False,True,False,True,Drugs
"Prosec Protection Systems, Inc.",PROSEC PROTECTION SYSTEMS,unmatched,,,0,False,1,2012-02-28,2012-02-28,True,False,False,True,Devices
"Protech Professional Products, Inc.",PROTECH PROFESSIONAL PRODUCTS,unmatched,,,0,False,1,2014-07-24,2014-07-24,True,False,False,True,Devices
Prothya Biosolutions Netherlands B.V.,PROTHYA BIOSOLUTIONS NETHERLANDS B V,unmatched,,,0,False,1,2013-08-29,2013-08-29,False,False,True,True,Biologics
Provena St. Joseph's Medical Center IRB,PROVENA ST JOSEPH S MEDICAL CENTER IRB,unmatched,,,0,False,1,2009-03-16,2009-03-16,False,False,True,True,Biologics
Providence Hospital Institutional Review Board,PROVIDENCE HOSPITAL INSTITUTIONAL REVIEW BOARD,unmatched,,,0,False,1,2010-01-06,2010-01-06,True,False,False,True,Devices
Provident Pharmaceuticals Llc,PROVIDENT PHARMACEUTICALS,unmatched,,,0,False,1,2009-11-09,2009-11-09,False,True,False,True,Drugs
Przedsiebiorstwo Farmaceutyczne Jelfa SA,PRZEDSIEBIORSTWO FARMACEUTYCZNE JELFA,unmatched,,,0,False,1,2011-07-14,2011-07-14,False,True,False,True,Drugs
Puget Sound Drug Corporation dba Key Pharmacy and Compounding Center,PUGET SOUND DRUG KEY PHARMACY AND COMPOUNDING CENTER,unmatched,,,0,False,1,2018-04-04,2018-04-04,False,True,False,True,Drugs
Pulse Health Llc,PULSE HEALTH,unmatched,,,0,False,1,2012-09-28,2012-09-28,True,False,False,True,Devices
"Punjwani Sohail S., MD",PUNJWANI SOHAIL S MD,unmatched,,,0,False,1,2010-02-04,2010-02-04,False,True,False,True,Drugs
Pure Indulgence Aesthetics,PURE INDULGENCE AESTHETICS,unmatched,,,0,False,1,2026-04-01,2026-04-01,False,True,False,True,Drugs
Pure Med Spa,PURE MED,unmatched,,,0,False,1,2010-04-06,2010-04-06,False,True,False,True,Drugs
"Pure Source, LLC",PURE SOURCE,unmatched,,,0,False,1,2019-02-20,2019-02-20,False,True,False,True,Drugs
Purechempros LLC,PURECHEMPROS,unmatched,,,0,False,1,2023-09-01,2023-09-01,False,True,False,True,Drugs
Purecraft Llc,PURECRAFT,unmatched,,,0,False,1,2023-01-10,2023-01-10,False,True,False,True,Drugs
Puretone Ltd.,PURETONE,unmatched,,,0,False,1,2009-04-10,2009-04-10,True,False,False,True,Devices
Purolea Cosmetics Lab,PUROLEA COSMETICS LAB,unmatched,,,0,False,1,2026-04-02,2026-04-02,False,True,False,True,Drugs
Pushclean Technology Plastik Sanayi Ve Ticaret Ltd. Sirketi,PUSHCLEAN TECHNOLOGY PLASTIK SANAYI VE TICARET SIRKETI,unmatched,,,0,False,1,2025-06-16,2025-06-16,False,True,False,True,Drugs
Pyng Medical Corporation,PYNG MEDICAL,unmatched,,,0,False,1,2009-05-12,2009-05-12,True,False,False,True,Devices
"Q'apel Medical, Inc.",Q APEL MEDICAL,unmatched,,,0,False,1,2025-02-05,2025-02-05,True,False,False,True,Devices
Q-Based Solutions,Q BASED SOLUTIONS,unmatched,,,0,False,1,2009-07-22,2009-07-22,False,True,False,True,Drugs
QLRAD,QLRAD,unmatched,,,0,False,1,2017-07-20,2017-07-20,True,False,False,True,Devices
Qiagen Sciences LLC,QIAGEN SCIENCES,unmatched,,,0,False,1,2016-05-16,2016-05-16,True,False,False,True,Devices
Qingdao Jiulong Biopharmaceutical Co. Ltd.,QINGDAO JIULONG BIOPHARMACEUTICAL,unmatched,,,0,False,1,2009-04-14,2009-04-14,False,True,False,True,Drugs
"Qinghai Baojiantang Pharmaceutical Co., Ltd",QINGHAI BAOJIANTANG PHARMACEUTICAL,unmatched,,,0,False,1,2015-07-31,2015-07-31,False,True,False,True,Drugs
"Qinhuangdao Zizhu Pharmaceutical Co., Ltd.",QINHUANGDAO ZIZHU PHARMACEUTICAL,unmatched,,,0,False,1,2017-04-24,2017-04-24,False,True,False,True,Drugs
"QuVa Pharma, Inc.",QUVA PHARMA,unmatched,,,0,False,1,2024-01-26,2024-01-26,False,True,False,True,Drugs
"Quadex Pharmaceuticals, Llc",QUADEX PHARMACEUTICALS,unmatched,,,0,False,1,2012-05-07,2012-05-07,False,True,False,True,Drugs
"Quadrant Sales & Marketing, Inc.",QUADRANT SALES AND MARKETING,unmatched,,,0,False,1,2020-05-28,2020-05-28,False,True,False,True,Drugs
"Quake Kare, Inc.",QUAKE KARE,unmatched,,,0,False,1,2009-05-12,2009-05-12,True,False,False,True,Devices
"Qualgen, LLC",QUALGEN,unmatched,,,0,False,1,2016-06-03,2016-06-03,False,True,False,True,Drugs
Quali Controle,QUALI CONTROLE,unmatched,,,0,False,1,2018-03-05,2018-03-05,False,True,False,True,Drugs
Quality CDMO,QUALITY CDMO,unmatched,,,0,False,1,2024-09-11,2024-09-11,False,True,False,True,Drugs
Quality Electrodynamics LLC,QUALITY ELECTRODYNAMICS,unmatched,,,0,False,1,2015-04-10,2015-04-10,True,False,False,True,Devices
"Quanta Aesthetic Lasers USA, LLC",QUANTA AESTHETIC LASERS,unmatched,,,0,False,1,2012-07-16,2012-07-16,True,False,False,True,Devices
Quanta System SpA,QUANTA SYSTEM,unmatched,,,0,False,1,2012-10-18,2012-10-18,True,False,False,True,Devices
"Quantum Devices, Inc.",QUANTUM DEVICES,unmatched,,,0,False,1,2012-07-12,2012-07-12,True,False,False,True,Devices
"Quasar Bio-Tech, Inc.",QUASAR BIO TECH,unmatched,,,0,False,1,2011-12-09,2011-12-09,True,False,False,True,Devices
"Quimica Magna de Mexico, S.A. de C.V.",QUIMICA MAGNA DE MEXICO S A DE C V,unmatched,,,0,False,1,2020-10-15,2020-10-15,False,True,False,True,Drugs
Quinessence Aromatherapy LTD,QUINESSENCE AROMATHERAPY,unmatched,,,0,False,1,2020-03-06,2020-03-06,False,True,False,True,Drugs
Quzhou Chemsyn Pharm Co Ltd,QUZHOU CHEMSYN PHARM,unmatched,,,0,False,1,2012-09-06,2012-09-06,False,True,False,True,Drugs
R & B Medical Group Inc.,R AND B MEDICAL,unmatched,,,0,False,1,2020-01-16,2020-01-16,False,False,True,True,Biologics
"R Thomas Marketing, LLC",R THOMAS MARKETING,unmatched,,,0,False,1,2015-07-31,2015-07-31,False,True,False,True,Drugs
"R&D Engineering, Inc. of Earlham",R AND D ENGINEERING OF EARLHAM,unmatched,,,0,False,1,2014-05-16,2014-05-16,True,False,False,True,Devices
R4 LLC,R4,unmatched,,,0,False,1,2009-05-11,2009-05-11,True,False,False,True,Devices
R82 A/S,R82 A S,unmatched,,,0,False,2,2011-03-14,2013-10-18,True,False,False,True,Devices
"RAM Scientific, Inc.",RAM SCIENTIFIC,unmatched,,,0,False,1,2016-09-06,2016-09-06,True,False,False,True,Devices
RAPID RELEASE TECHNOLOGIES,RAPID RELEASE TECHNOLOGIES,unmatched,,,0,False,1,2017-01-17,2017-01-17,True,False,False,True,Devices
"RAVENSCROFT APOTHECARY, INC",RAVENSCROFT APOTHECARY,unmatched,,,0,False,1,2021-03-12,2021-03-12,False,True,False,True,Drugs
RAWZ BIO LLC,RAWZ BIO,unmatched,,,0,False,1,2025-09-08,2025-09-08,False,True,False,True,Drugs
"RC Compounding Services, LLC",RC COMPOUNDING SERVICES,unmatched,,,0,False,1,2014-07-14,2014-07-14,False,True,False,True,Drugs
"RC Outsourcing, LLC",RC OUTSOURCING,unmatched,,,0,False,2,2017-11-29,2026-03-20,False,True,False,True,Drugs
"RD Medical Manufacturing, Inc.",RD MEDICAL MANUFACTURING,unmatched,,,0,False,1,2011-02-04,2011-02-04,True,False,False,True,Devices
"REMINGTON MEDICAL, S.A.",REMINGTON MEDICAL S A,unmatched,,,0,False,1,2015-09-14,2015-09-14,True,False,False,True,Devices
RESET TECHNOLOGY CORPORATION,RESET TECHNOLOGY,unmatched,,,0,False,1,2025-06-09,2025-06-09,True,False,False,True,Devices
RESPILON PRODUCTION S.R.O.,RESPILON PRODUCTION S R O,unmatched,,,0,False,1,2026-04-27,2026-04-27,False,True,False,True,Drugs
"RGI Medical Manufacturing, Inc.",RGI MEDICAL MANUFACTURING,unmatched,,,0,False,1,2008-12-08,2008-12-08,True,False,False,True,Devices
RHYZ ANALYTICAL LABS,RHYZ ANALYTICAL LABS,unmatched,,,0,False,1,2025-11-12,2025-11-12,False,True,False,True,Drugs
RI.MOS. SRL,RI MOS,unmatched,,,0,False,1,2012-06-29,2012-06-29,True,False,False,True,Devices
"RIGHTEYE, LLC",RIGHTEYE,unmatched,,,0,False,1,2022-12-20,2022-12-20,True,False,False,True,Devices
RIJ Pharmaceutical LLC,RIJ PHARMACEUTICAL,unmatched,,,0,False,1,2019-03-28,2019-03-28,False,True,False,True,Drugs
RLC Labs Inc.,RLC LABS,unmatched,,,0,False,1,2020-10-09,2020-10-09,False,True,False,True,Drugs
RMLC Industries LLC,RMLC INDUSTRIES,unmatched,,,0,False,1,2023-06-01,2023-06-01,False,True,False,True,Drugs
RNA Bio/Pharma Inc,RNA BIO PHARMA,unmatched,,,0,False,1,2025-10-10,2025-10-10,False,True,False,True,Drugs
RNV LLC,RNV,unmatched,,,0,False,1,2019-12-10,2019-12-10,False,True,False,True,Drugs
ROIS Phoenix Inc,ROIS PHOENIX,unmatched,,,0,False,1,2022-10-31,2022-10-31,False,True,False,True,Drugs
RPG Life Sciences Limited,RPG LIFE SCIENCES,unmatched,,,0,False,1,2013-05-28,2013-05-28,False,True,False,True,Drugs
"RTI Surgical, Inc.",RTI SURGICAL,unmatched,,,0,False,2,2012-10-19,2017-11-08,False,False,True,True,Biologics
RX Air Industries LLC.,RX AIR INDUSTRIES,unmatched,,,0,False,1,2011-09-08,2011-09-08,True,False,False,True,Devices
RX Partners,RX PARTNERS,unmatched,,,0,False,1,2015-06-08,2015-06-08,False,True,False,True,Drugs
RX South DBA RX3 Compounding Pharmacy LLC,RX SOUTH RX3 COMPOUNDING PHARMACY,unmatched,,,0,False,1,2014-10-23,2014-10-23,False,True,False,True,Drugs
RXQ Compounding LLC,RXQ COMPOUNDING,unmatched,,,0,False,1,2016-05-19,2016-05-19,False,True,False,True,Drugs
Racer Technology Pte Ltd,RACER TECHNOLOGY,unmatched,,,0,False,1,2013-12-12,2013-12-12,True,False,False,True,Devices
"RadLogics, Inc.",RADLOGICS,unmatched,,,0,False,1,2018-04-09,2018-04-09,True,False,False,True,Devices
Rainbow Gold Products Inc,RAINBOW GOLD PRODUCTS,unmatched,,,0,False,1,2017-05-04,2017-05-04,False,True,False,True,Drugs
Ralco S.R.L.,RALCO S R L,unmatched,,,0,False,1,2013-12-06,2013-12-06,True,False,False,True,Devices
Ralf C. Zimmermann,RALF C ZIMMERMANN,unmatched,,,0,False,1,2014-02-21,2014-02-21,False,True,False,True,Drugs
"Ralph A DeFronzo, MD",RALPH A DEFRONZO MD,unmatched,,,0,False,1,2025-09-17,2025-09-17,False,True,False,True,Drugs
Rand Eye Institute,RAND EYE INSTITUTE,unmatched,,,0,False,1,2012-12-18,2012-12-18,True,False,False,True,Devices
Randek l-warez,RANDEK L WAREZ,unmatched,,,0,False,1,2009-11-17,2009-11-17,False,True,False,True,Drugs
Randol Mill Pharmacy,RANDOL MILL PHARMACY,unmatched,,,0,False,1,2020-09-17,2020-09-17,False,True,False,True,Drugs
Randox Laboratories Limited,RANDOX LABORATORIES,unmatched,,,0,False,1,2024-12-06,2024-12-06,True,False,False,True,Devices
"Randy J. Epstein, M.D.",RANDY J EPSTEIN M D,unmatched,,,0,False,1,2023-06-14,2023-06-14,False,True,False,True,Drugs
Ranier's Compounding Laboratory,RANIER S COMPOUNDING LABORATORY,unmatched,,,0,False,1,2017-03-28,2017-03-28,False,True,False,True,Drugs
"Rapid Diagnostics, Division Of Mp Biomedicals, Llc",RAPID DIAGNOSTICS DIVISION OF MP BIOMEDICALS,unmatched,,,0,False,1,2015-08-24,2015-08-24,True,False,False,True,Devices
"Rare Antibody Antigen Supply, Inc.",RARE ANTIBODY ANTIGEN SUPPLY,unmatched,,,0,False,1,2021-09-30,2021-09-30,False,True,False,True,Drugs
"Raritan Pharmaceuticals, Inc.",RARITAN PHARMACEUTICALS,unmatched,,,0,False,1,2017-06-20,2017-06-20,False,True,False,True,Drugs
Rat's Army,RAT S ARMY,unmatched,,,0,False,1,2020-12-02,2020-12-02,False,True,False,True,Drugs
Rays Vitamins,RAYS VITAMINS,unmatched,,,0,False,1,2026-04-24,2026-04-24,False,True,False,True,Drugs
Rdg Imports Llc,RDG IMPORTS,unmatched,,,0,False,1,2022-08-05,2022-08-05,True,False,False,True,Devices
Re-Gen Active Lab Inc,RE GEN ACTIVE LAB,unmatched,,,0,False,1,2022-05-27,2022-05-27,False,False,True,True,Biologics
"ReNovo, Inc.",RENOVO,unmatched,,,0,False,1,2023-10-13,2023-10-13,True,False,False,True,Devices
Ready Med,READY MED,unmatched,,,0,False,1,2026-06-08,2026-06-08,False,True,False,True,Drugs
Real Clean Distribuciones SA de CV,REAL CLEAN DISTRIBUCIONES DE CV,unmatched,,,0,False,1,2020-10-30,2020-10-30,False,True,False,True,Drugs
"Realm of Caring Foundation, Inc.",REALM OF CARING FOUNDATION,unmatched,,,0,False,1,2017-10-31,2017-10-31,False,True,False,True,Drugs; Food/Cosmetics
Rebel Distributors Corp,REBEL DISTRIBUTORS,unmatched,,,0,False,1,2015-03-31,2015-03-31,False,True,False,True,Drugs
"Rebom Co., Ltd.",REBOM,unmatched,,,0,False,1,2024-06-26,2024-06-26,False,True,False,True,Drugs
"Rebuilder Medical, Inc.",REBUILDER MEDICAL,unmatched,,,0,False,2,2009-05-03,2011-03-08,True,True,False,True,Devices; Drugs
Rechargeable Power Energy North America LLC,RECHARGEABLE POWER ENERGY NORTH AMERICA,unmatched,,,0,False,1,2019-05-09,2019-05-09,True,False,False,True,Devices
Rechon Life Science AB,RECHON LIFE SCIENCE,unmatched,,,0,False,1,2025-04-30,2025-04-30,False,True,False,True,Drugs
"Recsei Laboratories, LLC",RECSEI LABORATORIES,unmatched,,,0,False,1,2014-01-15,2014-01-15,False,True,False,True,Drugs
Red Mountain Inc,RED MOUNTAIN,unmatched,,,0,False,1,2019-03-20,2019-03-20,False,True,False,True,Drugs
"Red Oak Instruments, LLC",RED OAK INSTRUMENTS,unmatched,,,0,False,1,2025-02-21,2025-02-21,True,False,False,True,Devices
Redwood Memorial Hospital,REDWOOD MEMORIAL HOSPITAL,unmatched,,,0,False,1,2011-07-05,2011-07-05,True,False,False,True,Devices
Reese Pharmaceutical Company,REESE PHARMACEUTICAL,unmatched,,,0,False,1,2011-05-18,2011-05-18,False,True,False,True,Drugs
Refills Health LLC,REFILLS HEALTH,unmatched,,,0,False,1,2026-02-20,2026-02-20,False,True,False,True,Drugs
"Refine USA, LLC",REFINE,unmatched,,,0,False,1,2011-04-18,2011-04-18,True,False,False,True,Devices
Reflow Supply Chain Solutions LLC,REFLOW SUPPLY CHAIN SOLUTIONS,unmatched,,,0,False,1,2022-12-27,2022-12-27,False,True,False,True,Drugs
Regenerative Biologics Inc.,REGENERATIVE BIOLOGICS,unmatched,,,0,False,1,2024-08-16,2024-08-16,False,False,True,True,Biologics
"Regenerative Processing Plant, LLC",REGENERATIVE PROCESSING PLANT,unmatched,,,0,False,1,2024-08-16,2024-08-16,False,False,True,True,Biologics
"Region Care, Inc.",REGION CARE,unmatched,,,0,False,1,2015-04-08,2015-04-08,False,True,False,True,Drugs
Regional Radiology,REGIONAL RADIOLOGY,unmatched,,,0,False,1,2016-07-11,2016-07-11,True,False,False,True,Devices
Rehabtronics Inc.,REHABTRONICS,unmatched,,,0,False,1,2013-12-04,2013-12-04,True,False,False,True,Devices
Reine Lifescience,REINE LIFESCIENCE,unmatched,,,0,False,1,2018-05-09,2018-05-09,False,True,False,True,Drugs
Reka Health Pte Ltd,REKA HEALTH,unmatched,,,0,False,1,2014-12-19,2014-12-19,True,False,False,True,Devices
Reliable Rexall-A Compounding Pharmacy,RELIABLE REXALL A COMPOUNDING PHARMACY,unmatched,,,0,False,1,2017-03-10,2017-03-10,False,True,False,True,Drugs
"Reliant Compounded Solutions Monroe, LLC",RELIANT COMPOUNDED SOLUTIONS MONROE,unmatched,,,0,False,1,2017-09-18,2017-09-18,False,True,False,True,Drugs
ReliantHeart Inc.,RELIANTHEART,unmatched,,,0,False,1,2009-12-15,2009-12-15,True,False,False,True,Devices
Remedy Meds,REMEDY MEDS,unmatched,,,0,False,1,2025-09-09,2025-09-09,False,True,False,True,Drugs
RemedyRePack Inc.,REMEDYREPACK,unmatched,,,0,False,2,2015-03-31,2023-05-11,False,True,False,True,Drugs
"Renaissance Lakewood, LLC",RENAISSANCE LAKEWOOD,unmatched,,,0,False,1,2012-08-27,2012-08-27,False,True,False,True,Drugs
RenatiLabs Inc,RENATILABS,unmatched,,,0,False,1,2023-05-31,2023-05-31,False,False,True,True,Biologics
Repare Skincare,REPARE SKINCARE,unmatched,,,0,False,1,2024-07-25,2024-07-25,False,True,False,True,Drugs
"Replication Medical, Inc.",REPLICATION MEDICAL,unmatched,,,0,False,1,2010-07-02,2010-07-02,True,False,False,True,Devices
"Repro-Med Systems, Inc.",REPRO MED SYSTEMS,unmatched,,,0,False,1,2016-02-26,2016-02-26,True,False,False,True,Devices
"Reproductive Medicine Associates of Michigan, PLC",REPRODUCTIVE MEDICINE ASSOCIATES OF MICHIGAN,unmatched,,,0,False,1,2009-01-06,2009-01-06,False,False,True,True,Biologics
"Reproductive Technologies, Inc.",REPRODUCTIVE TECHNOLOGIES,unmatched,,,0,False,1,2019-11-06,2019-11-06,False,False,True,True,Biologics
Repromed Fertility Center,REPROMED FERTILITY CENTER,unmatched,,,0,False,1,2014-07-28,2014-07-28,False,False,True,True,Biologics
Reset IV LLC,RESET IV,unmatched,,,0,False,1,2025-09-09,2025-09-09,False,True,False,True,Drugs
"Resilience US, Inc.",RESILIENCE,unmatched,,,0,False,1,2009-02-27,2009-02-27,False,True,False,True,Drugs
Resolution Inc,RESOLUTION,unmatched,,,0,False,1,2011-12-20,2011-12-20,False,True,False,True,Drugs
Resonance Laboratories Private Limited,RESONANCE LABORATORIES PRIVATE,unmatched,,,0,False,1,2017-02-03,2017-02-03,False,True,False,True,Drugs
Revecomed International Inc,REVECOMED,unmatched,,,0,False,1,2013-03-01,2013-03-01,True,False,False,True,Devices
Revibe LLC,REVIBE,unmatched,,,0,False,1,2018-05-18,2018-05-18,False,True,False,True,Drugs
Revitalize Energy Inc.,REVITALIZE ENERGY,unmatched,,,0,False,1,2025-07-09,2025-07-09,False,True,False,True,Drugs
Revive Rx LLC dba Revive Rx Pharmacy,REVIVE RX REVIVE RX PHARMACY,unmatched,,,0,False,1,2025-09-22,2025-09-22,False,True,False,True,Drugs
"Revlon Group Holdings, LLC",REVLON,ambiguous,,,2,False,1,2026-06-02,2026-06-02,False,True,False,True,Drugs
Revvity Health Sciences Inc,REVVITY HEALTH SCIENCES,unmatched,,,0,False,1,2014-10-23,2014-10-23,True,False,False,True,Devices
Rex Implants,REX IMPLANTS,unmatched,,,0,False,1,2025-03-12,2025-03-12,True,False,False,True,Devices
Ric Deleon,RIC DELEON,unmatched,,,0,False,1,2009-11-17,2009-11-17,False,True,False,True,Drugs
Richard A Wright MD,RICHARD A WRIGHT MD,unmatched,,,0,False,1,2009-02-18,2009-02-18,False,True,False,True,Drugs
"Richard E. Colgin, Inc",RICHARD E COLGIN,unmatched,,,0,False,1,2024-01-25,2024-01-25,False,True,False,True,Drugs
"Richard E. Ringel, M.D.",RICHARD E RINGEL M D,unmatched,,,0,False,1,2009-05-20,2009-05-20,True,False,False,True,Devices
"Richard F. Holub, M.D.",RICHARD F HOLUB M D,unmatched,,,0,False,1,2008-10-01,2008-10-01,False,True,False,True,Drugs
"Richard J. Obiso, PhD dba Avila Herbals, LLC",RICHARD J OBISO PHD AVILA HERBALS,unmatched,,,0,False,2,2020-12-15,2022-02-04,False,True,False,True,Drugs
Richard K. Burt,RICHARD K BURT,unmatched,,,0,False,1,2016-11-15,2016-11-15,False,False,True,True,Biologics
"Richard W. Foltin, Ph.D.",RICHARD W FOLTIN PH D,unmatched,,,0,False,1,2024-11-06,2024-11-06,False,True,False,True,Drugs
Richard Wolf Medical Instruments Corp.,RICHARD WOLF MEDICAL INSTRUMENTS,unmatched,,,0,False,1,2014-02-28,2014-02-28,True,False,False,True,Devices
Richway NF,RICHWAY NF,unmatched,,,0,False,1,2013-01-09,2013-01-09,True,False,False,True,Devices
Ridge Medical Products LLC,RIDGE MEDICAL PRODUCTS,unmatched,,,0,False,1,2009-08-11,2009-08-11,False,True,False,True,Drugs
"Ridge Properties, LLC",RIDGE PROPERTIES,unmatched,,,0,False,1,2017-10-13,2017-10-13,False,True,False,True,Drugs
Right Value Drug Stores LLC,RIGHT VALUE DRUG STORES,unmatched,,,0,False,3,2016-07-25,2024-12-17,False,True,False,True,Drugs
"Rightway Nutrition, LLC",RIGHTWAY NUTRITION,unmatched,,,0,False,2,2011-11-28,2016-03-07,False,True,False,True,Drugs; Food/Cosmetics
"Rigid FX Orthopedics, Inc",RIGID FX ORTHOPEDICS,unmatched,,,0,False,1,2012-11-02,2012-11-02,True,False,False,True,Devices
"Rising Pharma Holdings, Inc",RISING PHARMA,unmatched,,,0,False,1,2019-01-04,2019-01-04,False,True,False,True,Drugs
Rite-Kem Incorporated,RITE KEM,unmatched,,,0,False,1,2025-01-28,2025-01-28,False,True,False,True,Drugs
"River's Edge Pharmaceuticals, LLC",RIVER S EDGE PHARMACEUTICALS,unmatched,,,0,False,2,2010-05-20,2010-05-20,False,True,False,True,Drugs
"Riverpoint Medical, LLC",RIVERPOINT MEDICAL,unmatched,,,0,False,1,2013-05-01,2013-05-01,True,False,False,True,Devices
"Robbins Instruments, LLC",ROBBINS INSTRUMENTS,unmatched,,,0,False,1,2025-01-21,2025-01-21,True,False,False,True,Devices
"Robert J. Hayashi, MD",ROBERT J HAYASHI MD,unmatched,,,0,False,1,2023-03-14,2023-03-14,False,True,False,True,Drugs
Rocasuba,ROCASUBA,unmatched,,,0,False,1,2011-04-18,2011-04-18,False,True,False,True,Drugs
Rocket Medical Plc,ROCKET MEDICAL,unmatched,,,0,False,1,2011-10-13,2011-10-13,True,False,False,True,Devices
Rocky Mountain Apothecary DBA Rocky Mountain Pharmacy,ROCKY MOUNTAIN APOTHECARY ROCKY MOUNTAIN PHARMACY,unmatched,,,0,False,1,2019-05-14,2019-05-14,False,True,False,True,Drugs
Rocky Mountain Environmental,ROCKY MOUNTAIN ENVIRONMENTAL,unmatched,,,0,False,1,2009-05-20,2009-05-20,True,False,False,True,Devices
Rocky Mountain Orthodontics,ROCKY MOUNTAIN ORTHODONTICS,unmatched,,,0,False,1,2011-11-10,2011-11-10,True,False,False,True,Devices
Rodo Medical Inc,RODO MEDICAL,unmatched,,,0,False,1,2015-02-20,2015-02-20,True,False,False,True,Devices
RoenRx,ROENRX,unmatched,,,0,False,1,2026-06-08,2026-06-08,False,True,False,True,Drugs
Rogerio Lobo,ROGERIO LOBO,unmatched,,,0,False,1,2014-04-18,2014-04-18,False,True,False,True,Drugs
Roidsmall.net,ROIDSMALL NET,unmatched,,,0,False,1,2020-04-23,2020-04-23,False,True,False,True,Drugs
"Romark Laboratories, L.C.",ROMARK LABORATORIES L C,unmatched,,,0,False,1,2009-05-26,2009-05-26,False,True,False,True,Drugs
Ronald M Bukowski MD,RONALD M BUKOWSKI MD,unmatched,,,0,False,1,2009-03-30,2009-03-30,False,True,False,True,Drugs
Rontis Hellas S.A.,RONTIS HELLAS S A,unmatched,,,0,False,1,2024-10-28,2024-10-28,True,False,False,True,Devices
"Root Bioscience, Inc.",ROOT BIOSCIENCE,unmatched,,,0,False,1,2024-08-30,2024-08-30,False,True,False,True,Drugs
Rooted Apothecary LLC,ROOTED APOTHECARY,unmatched,,,0,False,1,2019-10-11,2019-10-11,False,True,False,True,Drugs
"Ropack, Inc. (Site A & B)",ROPACK SITE A AND B,unmatched,,,0,False,1,2016-08-03,2016-08-03,True,False,False,True,Devices
Roque Plast S.A. De C.V.,ROQUE PLAST S A DE C V,unmatched,,,0,False,1,2021-04-09,2021-04-09,False,True,False,True,Drugs
Rose Stone Enterprises,ROSE STONE ENTERPRISES,unmatched,,,0,False,1,2011-11-16,2011-11-16,False,True,False,True,Drugs
Ross Healthcare Inc.,ROSS HEALTHCARE,unmatched,,,0,False,1,2018-01-29,2018-01-29,False,True,False,True,Drugs
Row1 Inc.,ROW1,unmatched,,,0,False,1,2023-06-21,2023-06-21,False,False,True,True,Biologics
Rowpar Pharmaceuticals,ROWPAR PHARMACEUTICALS,unmatched,,,0,False,1,2020-12-18,2020-12-18,False,True,False,True,Drugs
"Royal Case Co., Inc.",ROYAL CASE,unmatched,,,0,False,1,2015-07-30,2015-07-30,True,False,False,True,Devices
Royal Chemical Company,ROYAL CHEMICAL,unmatched,,,0,False,1,2023-04-05,2023-04-05,False,True,False,True,Drugs
"Royal King Infant Products Co., Ltd.",ROYAL KING INFANT PRODUCTS,unmatched,,,0,False,1,2012-07-26,2012-07-26,True,False,False,True,Devices
RoyalVibe Health Ltd.,ROYALVIBE HEALTH,unmatched,,,0,False,1,2022-11-18,2022-11-18,True,False,False,True,Devices
Rpk Pharmaceuticals Inc,RPK PHARMACEUTICALS,unmatched,,,0,False,1,2021-03-26,2021-03-26,False,True,False,True,Drugs
"Rt Naturals, Llc",RT NATURALS,unmatched,,,0,False,1,2010-07-15,2010-07-15,False,True,False,True,Drugs
Rubimed AG,RUBIMED,unmatched,,,0,False,1,2013-05-06,2013-05-06,True,False,False,True,Devices
"Ruemu E. Birhiray, M.D.",RUEMU E BIRHIRAY M D,unmatched,,,0,False,1,2014-04-28,2014-04-28,False,True,False,True,Drugs
Russell C. Davis Planetarium,RUSSELL C DAVIS PLANETARIUM,unmatched,,,0,False,1,2010-10-27,2010-10-27,True,False,False,True,Devices
Ruyan America Inc,RUYAN AMERICA,unmatched,,,0,False,1,2010-09-08,2010-09-08,False,True,False,True,Drugs
Rx Compounding Inc.,RX COMPOUNDING,unmatched,,,0,False,1,2014-02-14,2014-02-14,False,True,False,True,Drugs
"Rx Development Resources, LLC",RX DEVELOPMENT RESOURCES,unmatched,,,0,False,1,2010-02-18,2010-02-18,False,True,False,True,Drugs
Rx-promotion,RX PROMOTION,unmatched,,,0,False,1,2010-10-08,2010-10-08,False,True,False,True,Drugs
Rxhomeo Private Limited,RXHOMEO PRIVATE,unmatched,,,0,False,1,2019-06-13,2019-06-13,False,True,False,True,Drugs
S & J INTERNATIONAL ENTERPRISES PUBLIC COMPANY LIMITED,S AND J ENTERPRISES PUBLIC,unmatched,,,0,False,1,2024-01-26,2024-01-26,False,True,False,True,Drugs
"S&S X-Ray Products, Inc.",S AND S X RAY PRODUCTS,unmatched,,,0,False,1,2019-08-02,2019-08-02,True,False,False,True,Devices
S. Kant Healthcare Limited,S KANT HEALTHCARE,unmatched,,,0,False,1,2014-09-22,2014-09-22,False,True,False,True,Drugs
S.R. Burzynski Manufacturing Facility,S R BURZYNSKI MANUFACTURING FACILITY,unmatched,,,0,False,1,2016-06-13,2016-06-13,False,True,False,True,Drugs
SAMBROSA CARE INC,SAMBROSA CARE,unmatched,,,0,False,1,2024-01-24,2024-01-24,False,True,False,True,Drugs
SANTHIGRAM KERALA AYURVEDIC CO. OF US INC,SANTHIGRAM KERALA AYURVEDIC OF,unmatched,,,0,False,1,2022-05-19,2022-05-19,False,True,False,True,Drugs
SANUM-Kehlbeck GmbH & Co. KG,SANUM KEHLBECK AND KG,unmatched,,,0,False,1,2014-04-11,2014-04-11,False,True,False,True,Drugs
SARMs America,SARMS AMERICA,unmatched,,,0,False,1,2025-12-12,2025-12-12,False,True,False,True,Drugs
"SC Johnson Professional USA, Inc.",SC JOHNSON PROFESSIONAL,unmatched,,,0,False,1,2019-06-11,2019-06-11,False,True,False,True,Drugs
"SCA Pharmaceuticals, Inc.",SCA PHARMACEUTICALS,unmatched,,,0,False,1,2015-06-25,2015-06-25,False,True,False,True,Drugs
SCK Zeta Dis Ticaret Pazarlama Limited Sirketi,SCK ZETA DIS TICARET PAZARLAMA SIRKETI,unmatched,,,0,False,1,2021-07-15,2021-07-15,False,True,False,True,Drugs
SCOPE HEALTH,SCOPE HEALTH,unmatched,,,0,False,1,2025-07-09,2025-07-09,False,True,False,True,Drugs
SCS Direct Inc.,SCS DIRECT,unmatched,,,0,False,2,2016-10-18,2023-04-06,False,True,False,True,Drugs; Food/Cosmetics
SECRET OF THE ISLANDS,SECRET OF ISLANDS,unmatched,,,0,False,1,2021-08-10,2021-08-10,False,True,False,True,Drugs
SETHI LABORATORIES,SETHI LABORATORIES,unmatched,,,0,False,1,2021-04-06,2021-04-06,True,False,False,True,Devices
"SHANGHAI APOLO MEDICAL TECHNOLOGY CO., LTD.",SHANGHAI APOLO MEDICAL TECHNOLOGY,unmatched,,,0,False,1,2012-02-23,2012-02-23,True,False,False,True,Devices
"SHANTOU Qiwei industrial Co., Ltd",SHANTOU QIWEI INDUSTRIAL,unmatched,,,0,False,1,2026-06-02,2026-06-02,False,True,False,True,Drugs
SHENZHEN SUNELL TECHNOLOGY CORPORATION,SHENZHEN SUNELL TECHNOLOGY,unmatched,,,0,False,1,2021-03-04,2021-03-04,True,False,False,True,Devices
SHENZHEN WEIFA TECHNOLOGY CO. LTD,SHENZHEN WEIFA TECHNOLOGY,unmatched,,,0,False,1,2021-03-11,2021-03-11,True,False,False,True,Devices
SHUZY ROCK INC,SHUZY ROCK,unmatched,,,0,False,1,2022-09-01,2022-09-01,False,True,False,True,Drugs
SIGN Fracture Care International,SIGN FRACTURE CARE,unmatched,,,0,False,1,2008-11-18,2008-11-18,True,False,False,True,Devices
SKIN SHEEK LLC,SKIN SHEEK,unmatched,,,0,False,1,2022-01-28,2022-01-28,True,False,False,True,Devices
"SKINREX CO., LTD",SKINREX,unmatched,,,0,False,1,2013-12-12,2013-12-12,True,False,False,True,Devices
"SKW Ventures, LLC",SKW VENTURES,unmatched,,,0,False,1,2009-09-14,2009-09-14,False,True,False,True,Drugs
SMT Schilling Metalltechnik GmbH,SMT SCHILLING METALLTECHNIK,unmatched,,,0,False,1,2012-10-09,2012-10-09,True,False,False,True,Devices
"SOCIETAL CDMO SAN DIEGO, LLC",SOCIETAL CDMO SAN DIEGO,unmatched,,,0,False,1,2010-08-23,2010-08-23,False,True,False,True,Drugs
SPHERE Inc.,SPHERE,unmatched,,,0,False,1,2011-09-26,2011-09-26,False,True,False,True,Drugs
SPIROCHAETE RESEARCH LABS LLC,SPIROCHAETE RESEARCH LABS,unmatched,,,0,False,1,2024-03-08,2024-03-08,False,True,False,True,Drugs
SSG Ventures,SSG VENTURES,unmatched,,,0,False,1,2019-06-28,2019-06-28,False,True,False,True,Drugs
STI Pharma LLC,STI PHARMA,unmatched,,,0,False,1,2016-11-21,2016-11-21,False,True,False,True,Drugs
STOCKERT GMBH,STOCKERT,unmatched,,,0,False,1,2015-04-14,2015-04-14,True,False,False,True,Devices
STORZ ENDOSKOP PRODUKTIONS GMBH,STORZ ENDOSKOP PRODUKTIONS,unmatched,,,0,False,1,2009-05-12,2009-05-12,True,False,False,True,Devices
SUDESAN TEMIZLIK URUNLERI VE AMBALAJ SANAYI TICARET ANONIM S,SUDESAN TEMIZLIK URUNLERI VE AMBALAJ SANAYI TICARET ANONIM S,unmatched,,,0,False,1,2023-11-13,2023-11-13,False,True,False,True,Drugs
SUN PHARMACEUTICAL INDUSTRIES INC,SUN PHARMACEUTICAL INDUSTRIES,unmatched,,,0,False,1,2010-08-25,2010-08-25,False,True,False,True,Drugs
SUNFLORA INC,SUNFLORA,unmatched,,,0,False,1,2019-11-22,2019-11-22,False,True,False,True,Drugs
SUNY Downstate Health Sciences University IRB & Privacy Board,SUNY DOWNSTATE HEALTH SCIENCES UNIVERSITY IRB AND PRIVACY BOARD,unmatched,,,0,False,1,2009-02-11,2009-02-11,False,True,False,True,Drugs
"SUPERIOR GLOVE WORKS, LTD.",SUPERIOR GLOVE WORKS,unmatched,,,0,False,1,2022-12-16,2022-12-16,False,True,False,True,Drugs
SURGENEX LLC,SURGENEX,unmatched,,,0,False,1,2021-11-15,2021-11-15,False,False,True,True,Biologics
"SUZUKEN CO., LTD. OGUCHI CENTER",SUZUKEN OGUCHI CENTER,unmatched,,,0,False,1,2014-06-11,2014-06-11,True,False,False,True,Devices
SV Labs Prescott Corporation,SV LABS PRESCOTT,unmatched,,,0,False,1,2025-12-09,2025-12-09,False,True,False,True,Drugs
SWIFT DIGITAL GROUP LLC,SWIFT DIGITAL,unmatched,,,0,False,1,2025-11-17,2025-11-17,False,True,False,True,Drugs
SWIFT DIGITAL GRP LLC,SWIFT DIGITAL GRP,unmatched,,,0,False,1,2025-11-17,2025-11-17,False,True,False,True,Drugs
SYNECCO CO. LTD.,SYNECCO,unmatched,,,0,False,1,2013-11-18,2013-11-18,True,False,False,True,Devices
SaNOtize Wellness Corp.,SANOTIZE WELLNESS,unmatched,,,0,False,1,2026-04-17,2026-04-17,False,True,False,True,Drugs
"Sabine S. Hazan, M.D.",SABINE S HAZAN M D,unmatched,,,0,False,1,2022-02-28,2022-02-28,False,True,False,True,Drugs
"Safe Chain Solutions, Llc",SAFE CHAIN SOLUTIONS,unmatched,,,0,False,1,2023-06-08,2023-06-08,False,True,False,True,Drugs
"Safecor Health, LLC",SAFECOR HEALTH,unmatched,,,0,False,1,2023-09-05,2023-09-05,False,True,False,True,Drugs
Safecross First Aid Ltd,SAFECROSS FIRST AID,unmatched,,,0,False,1,2013-03-26,2013-03-26,True,False,False,True,Devices
Sagami Manufacturers Sdn. Bhd.,SAGAMI MANUFACTURERS SDN BHD,unmatched,,,0,False,1,2010-11-24,2010-11-24,True,False,False,True,Devices
"Sagami Rubber Industries Co., Ltd.",SAGAMI RUBBER INDUSTRIES,unmatched,,,0,False,1,2015-11-24,2015-11-24,True,False,False,True,Devices
"Sage Products, LLC",SAGE PRODUCTS,unmatched,,,0,False,2,2009-01-22,2017-07-17,False,True,False,True,Drugs
"Sagemax Bioceramics, Inc.",SAGEMAX BIOCERAMICS,unmatched,,,0,False,1,2014-12-09,2014-12-09,True,False,False,True,Devices
"Saint Mary's Medical Group, Inc.",SAINT MARY S MEDICAL,unmatched,,,0,False,1,2014-12-03,2014-12-03,True,False,False,True,Devices
Sal Pharma,SAL PHARMA,unmatched,,,0,False,2,2012-05-30,2017-04-20,False,True,False,True,Drugs
Salem Hospital IRB,SALEM HOSPITAL IRB,unmatched,,,0,False,1,2012-11-29,2012-11-29,False,True,False,True,Drugs
"Salon Technologies International, Inc",SALON TECHNOLOGIES,unmatched,,,0,False,1,2022-12-21,2022-12-21,False,True,False,True,Drugs
"Salvacion USA, Inc.",SALVACION,unmatched,,,0,False,1,2024-02-13,2024-02-13,False,True,False,True,Drugs
Sam-go Products,SAM GO PRODUCTS,unmatched,,,0,False,1,2011-08-24,2011-08-24,True,False,False,True,Devices
"Samchundang Pharm Co., Ltd.",SAMCHUNDANG PHARM,unmatched,,,0,False,1,2020-05-13,2020-05-13,False,True,False,True,Drugs
"Samson Pharmaceuticals, Inc",SAMSON PHARMACEUTICALS,unmatched,,,0,False,1,2018-12-13,2018-12-13,False,True,False,True,Drugs
"San Diego Ambulatory Surgery Center, LLC",SAN DIEGO AMBULATORY SURGERY CENTER,unmatched,,,0,False,1,2011-12-09,2011-12-09,True,False,False,True,Devices
San Diego Compounding Pharmacy,SAN DIEGO COMPOUNDING PHARMACY,unmatched,,,0,False,1,2017-09-25,2017-09-25,False,True,False,True,Drugs
San Up S.A.,SAN UP S A,unmatched,,,0,False,1,2013-11-25,2013-11-25,True,False,False,True,Devices
"Sandeep Bagla, MD",SANDEEP BAGLA MD,unmatched,,,0,False,1,2014-03-21,2014-03-21,True,False,False,True,Devices
Sandoz Private Limited,SANDOZ PRIVATE,unmatched,,,0,False,1,2015-11-02,2015-11-02,False,True,False,True,Drugs
"Sangleaf Pharm., Co Ltd",SANGLEAF PHARM,unmatched,,,0,False,1,2023-08-03,2023-08-03,False,True,False,True,Drugs
"Sani-Care Salon Products, Inc",SANI CARE SALON PRODUCTS,unmatched,,,0,False,1,2024-04-24,2024-04-24,False,True,False,True,Drugs
"Sanit Technologies, LLC dba Durisan",SANIT TECHNOLOGIES DURISAN,unmatched,,,0,False,2,2020-05-07,2021-07-27,False,True,False,True,Drugs
Sanitation & Environmental Technology Institute,SANITATION AND ENVIRONMENTAL TECHNOLOGY INSTITUTE,unmatched,,,0,False,2,2011-11-02,2024-09-10,True,False,False,True,Devices
Sanitizer Supply LLC,SANITIZER SUPPLY,unmatched,,,0,False,1,2022-09-02,2022-09-02,False,True,False,True,Drugs
Sanitor Corporation,SANITOR,unmatched,,,0,False,1,2021-11-29,2021-11-29,False,True,False,True,Drugs
Sanmina-SCI AB,SANMINA SCI,unmatched,,,0,False,1,2014-04-11,2014-04-11,True,False,False,True,Devices
Sanofi Pasteur Limited,SANOFI PASTEUR,unmatched,,,0,False,1,2012-07-12,2012-07-12,False,False,True,True,Biologics
Sanofi Winthrop Industrie,SANOFI WINTHROP INDUSTRIE,unmatched,,,0,False,1,2012-07-12,2012-07-12,False,False,True,True,Biologics
Sanofi-Aventis Deutschland GmbH,SANOFI AVENTIS DEUTSCHLAND,unmatched,,,0,False,1,2011-02-08,2011-02-08,False,True,False,True,Drugs
"Sant P. Chawla, MD",SANT P CHAWLA MD,unmatched,,,0,False,1,2010-03-17,2010-03-17,False,True,False,True,Drugs
Sante Manufacturing Inc.,SANTE MANUFACTURING,unmatched,,,0,False,1,2026-06-05,2026-06-05,False,True,False,True,Drugs
Santec Chemicals Corp.,SANTEC CHEMICALS,unmatched,,,0,False,1,2021-07-06,2021-07-06,False,True,False,True,Drugs
Santiste Labs LLC,SANTISTE LABS,unmatched,,,0,False,1,2020-04-27,2020-04-27,False,True,False,True,Drugs
Sanuvox Technologies Inc,SANUVOX TECHNOLOGIES,unmatched,,,0,False,1,2009-05-13,2009-05-13,True,False,False,True,Devices
"Sarah H. Lisanby, M.D.",SARAH H LISANBY M D,unmatched,,,0,False,1,2008-10-06,2008-10-06,True,False,False,True,Devices
Sarfez Pharmaceuticals Inc.,SARFEZ PHARMACEUTICALS,unmatched,,,0,False,1,2025-04-25,2025-04-25,False,True,False,True,Drugs
Saruhan Kimya Ve Temizlik Urunleri Sanayi Ticaret Anonim Sirketi Corlu Subesi,SARUHAN KIMYA VE TEMIZLIK URUNLERI SANAYI TICARET ANONIM SIRKETI CORLU SUBESI,unmatched,,,0,False,1,2023-11-06,2023-11-06,False,True,False,True,Drugs
"Sato Pharmaceutical Co., Ltd.",SATO PHARMACEUTICAL,unmatched,,,0,False,2,2017-02-02,2026-05-19,False,True,False,True,Drugs
"Sato Yakuhin Kogyo Co., Ltd.",SATO YAKUHIN KOGYO,unmatched,,,0,False,1,2017-01-06,2017-01-06,False,True,False,True,Drugs
"Satyaprakash N. Makam, MD",SATYAPRAKASH N MAKAM MD,unmatched,,,0,False,1,2011-12-19,2011-12-19,True,False,False,True,Devices
"Savaria Concord Lifts, Inc.",SAVARIA CONCORD LIFTS,unmatched,,,0,False,1,2016-08-03,2016-08-03,True,False,False,True,Devices
Save Rite Medical,SAVE RITE MEDICAL,unmatched,,,0,False,1,2025-11-13,2025-11-13,False,True,False,True,Drugs
"SaveWay Compounding Pharmacy, Inc.",SAVEWAY COMPOUNDING PHARMACY,unmatched,,,0,False,1,2016-10-04,2016-10-04,False,True,False,True,Drugs
Savec Health Systems,SAVEC HEALTH SYSTEMS,unmatched,,,0,False,1,2008-12-10,2008-12-10,True,False,False,True,Devices
Savvy Holistic Health,SAVVY HOLISTIC HEALTH,unmatched,,,0,False,2,2020-04-07,2020-08-25,False,True,False,True,Drugs; Veterinary
Schindele Enterprises dba Midwest Wholesale,SCHINDELE ENTERPRISES MIDWEST WHOLESALE,unmatched,,,0,False,1,2014-07-17,2014-07-17,False,True,False,True,Drugs
Scholler Scientific Corporation,SCHOLLER SCIENTIFIC,unmatched,,,0,False,1,2008-10-28,2008-10-28,True,False,False,True,Devices
Schrofner Cosmetics Gmbh,SCHROFNER COSMETICS,unmatched,,,0,False,1,2017-12-20,2017-12-20,False,True,False,True,Drugs
"Schwabe North America, Inc.",SCHWABE NORTH AMERICA,unmatched,,,0,False,1,2012-02-15,2012-02-15,False,True,False,True,Drugs
Scientific Protein Laboratories LLC,SCIENTIFIC PROTEIN LABORATORIES,unmatched,,,0,False,2,2011-01-20,2025-10-16,False,True,False,True,Drugs
"ScottHyver Visioncare, Inc.",SCOTTHYVER VISIONCARE,unmatched,,,0,False,1,2012-12-18,2012-12-18,True,False,False,True,Devices
Scottcare Corporation,SCOTTCARE,unmatched,,,0,False,1,2012-02-21,2012-02-21,True,False,False,True,Devices
"Scully, Sean P.",SCULLY SEAN P,unmatched,,,0,False,1,2010-07-30,2010-07-30,True,False,False,True,Devices
"Sea-Long Medical Systems, LLC",SEA LONG MEDICAL SYSTEMS,unmatched,,,0,False,1,2023-04-04,2023-04-04,True,False,False,True,Devices
"Seanjari Preeti Womb Healing, L.L.C.",SEANJARI PREETI WOMB HEALING L L C,unmatched,,,0,False,1,2020-05-08,2020-05-08,False,True,False,True,Drugs
Seatex LLC,SEATEX,unmatched,,,0,False,1,2024-04-01,2024-04-01,False,True,False,True,Drugs
Seattle Sperm Bank LLC,SEATTLE SPERM BANK,unmatched,,,0,False,1,2011-07-15,2011-07-15,False,False,True,True,Biologics
Seaway Pharma Inc.,SEAWAY PHARMA,unmatched,,,0,False,2,2019-05-14,2025-12-01,False,True,False,True,Drugs
SeeNext Venture Ltd,SEENEXT VENTURE,unmatched,,,0,False,1,2024-03-25,2024-03-25,False,True,False,True,Drugs
Seeds of Light Enterprises,SEEDS OF LIGHT ENTERPRISES,unmatched,,,0,False,1,2015-10-15,2015-10-15,False,True,False,True,Drugs
Seema International,SEEMA,unmatched,,,0,False,1,2025-11-13,2025-11-13,False,True,False,True,Drugs
"Seindni Co., Ltd.",SEINDNI,unmatched,,,0,False,1,2017-12-05,2017-12-05,False,True,False,True,Drugs
"Sekisui Medical Co., Ltd",SEKISUI MEDICAL,unmatched,,,0,False,1,2014-10-17,2014-10-17,True,False,False,True,Devices
"Sekisui Medical Co., Ltd.",SEKISUI MEDICAL,unmatched,,,0,False,1,2016-11-08,2016-11-08,False,True,False,True,Drugs
Selder S.A. de C.V.,SELDER S A DE C V,unmatched,,,0,False,1,2012-05-01,2012-05-01,False,True,False,True,Drugs
SemaBio,SEMABIO,unmatched,,,0,False,1,2025-09-09,2025-09-09,False,True,False,True,Drugs
Seniorlife Technologies Inc,SENIORLIFE TECHNOLOGIES,unmatched,,,0,False,1,2025-08-21,2025-08-21,True,False,False,True,Devices
Sensory Cloud,SENSORY CLOUD,unmatched,,,0,False,1,2022-04-06,2022-04-06,False,True,False,True,Drugs
Sentara Infusion Services,SENTARA INFUSION SERVICES,unmatched,,,0,False,1,2016-08-08,2016-08-08,False,True,False,True,Drugs
Sentiss Pharma Private Ltd.,SENTISS PHARMA PRIVATE,unmatched,,,0,False,1,2013-08-12,2013-08-12,False,True,False,True,Drugs
"Seoul Cosmetics Co., Ltd.",SEOUL COSMETICS,unmatched,,,0,False,1,2023-10-02,2023-10-02,False,True,False,True,Drugs
"Sepal Reproductive Devices, Inc.",SEPAL REPRODUCTIVE DEVICES,unmatched,,,0,False,1,2010-10-01,2010-10-01,True,False,False,True,Devices
Seqirus Pty Ltd,SEQIRUS PTY,unmatched,,,0,False,1,2011-06-15,2011-06-15,False,False,True,True,Biologics
"Service First Pharmacies Inc, dba Madison Drugs",SERVICE FIRST PHARMACIES MADISON DRUGS,unmatched,,,0,False,1,2016-04-27,2016-04-27,False,True,False,True,Drugs
Sewaren Innovative Pharmaceutical Packaging dba SIPP,SEWAREN INNOVATIVE PHARMACEUTICAL PACKAGING SIPP,unmatched,,,0,False,1,2017-05-22,2017-05-22,False,True,False,True,Drugs
"Shair Laboratories, Inc.",SHAIR LABORATORIES,unmatched,,,0,False,1,2010-08-03,2010-08-03,False,True,False,True,Drugs
Shamrock Medical Solutions Group LLC,SHAMROCK MEDICAL SOLUTIONS,unmatched,,,0,False,2,2010-04-08,2012-06-15,False,True,False,True,Drugs
Shandong Analysis and Test Center,SHANDONG ANALYSIS AND TEST CENTER,unmatched,,,0,False,1,2017-06-22,2017-06-22,False,True,False,True,Drugs
"Shandong Vianor Biotech Co., Ltd.",SHANDONG VIANOR BIOTECH,unmatched,,,0,False,1,2017-09-12,2017-09-12,False,True,False,True,Drugs
Shandong Zibo Shanchuan Medical Instrument Co. Ltd.,SHANDONG ZIBO SHANCHUAN MEDICAL INSTRUMENT,unmatched,,,0,False,1,2012-01-13,2012-01-13,True,False,False,True,Devices
"ShangRao Chunyu Technology Co., Ltd.",SHANGRAO CHUNYU TECHNOLOGY,unmatched,,,0,False,1,2021-02-03,2021-02-03,False,True,False,True,Drugs
"Shanghai Desano Chemical Pharmaceutical Co., Ltd.",SHANGHAI DESANO CHEMICAL PHARMACEUTICAL,unmatched,,,0,False,1,2016-06-16,2016-06-16,False,True,False,True,Drugs
"Shanghai Hua Yue Packaging Products Co., Ltd.",SHANGHAI HUA YUE PACKAGING PRODUCTS,unmatched,,,0,False,1,2014-12-24,2014-12-24,True,False,False,True,Devices
"Shanghai Huhui Daily Use Chemical Products Co., Ltd.",SHANGHAI HUHUI DAILY USE CHEMICAL PRODUCTS,unmatched,,,0,False,1,2012-11-14,2012-11-14,False,True,False,True,Drugs
Shanghai Institute of Pharmaceutical Industry,SHANGHAI INSTITUTE OF PHARMACEUTICAL INDUSTRY,unmatched,,,0,False,1,2019-08-29,2019-08-29,False,True,False,True,Drugs
"Shanghai Neo-Medical Import & Export Co., Ltd.",SHANGHAI NEO MEDICAL IMPORT AND EXPORT,unmatched,,,0,False,1,2015-11-02,2015-11-02,True,False,False,True,Devices
"Shanghai No. 1 Biochemical & Pharmaceutical Co., Ltd.",SHANGHAI NO 1 BIOCHEMICAL AND PHARMACEUTICAL,unmatched,,,0,False,1,2009-04-14,2009-04-14,False,True,False,True,Drugs
"Shanghai Ruike Sports Goods Co., LTD.",SHANGHAI RUIKE SPORTS GOODS,unmatched,,,0,False,1,2012-11-23,2012-11-23,True,False,False,True,Devices
Shanghai Shunlong Physical Therapy Equipment Co. Ltd.,SHANGHAI SHUNLONG PHYSICAL THERAPY EQUIPMENT,unmatched,,,0,False,1,2012-03-27,2012-03-27,True,False,False,True,Devices
Shanghai Weierya Daily Chemicals Factory,SHANGHAI WEIERYA DAILY CHEMICALS FACTORY,unmatched,,,0,False,1,2018-02-07,2018-02-07,False,True,False,True,Drugs
Shantou Chaonan Liangying Hegao Plastic Toy Factory,SHANTOU CHAONAN LIANGYING HEGAO PLASTIC TOY FACTORY,unmatched,,,0,False,1,2014-11-20,2014-11-20,True,False,False,True,Devices
"Shantou Kangjie Daily Chemical Industry Co., Ltd",SHANTOU KANGJIE DAILY CHEMICAL INDUSTRY,unmatched,,,0,False,1,2025-01-28,2025-01-28,False,True,False,True,Drugs
"Shantou S.E.Z Baojie Industry Co., Ltd.",SHANTOU S E Z BAOJIE INDUSTRY,unmatched,,,0,False,1,2025-04-15,2025-04-15,False,True,False,True,Drugs
"Shanwei Honghui Daily Appliance Co., Ltd.",SHANWEI HONGHUI DAILY APPLIANCE,unmatched,,,0,False,1,2017-12-05,2017-12-05,False,True,False,True,Drugs
"ShapeShifter Apparel, LLC",SHAPESHIFTER APPAREL,unmatched,,,0,False,1,2025-12-16,2025-12-16,True,False,False,True,Devices
"Shaping Beauty, Inc.",SHAPING BEAUTY,unmatched,,,0,False,1,2011-07-14,2011-07-14,False,True,False,True,Drugs
Sharim Distributing Co Inc,SHARIM DISTRIBUTING,unmatched,,,0,False,1,2016-02-11,2016-02-11,False,True,False,True,Drugs
Sharon Bio-Medicine Limited,SHARON BIO MEDICINE,unmatched,,,0,False,1,2015-06-22,2015-06-22,False,True,False,True,Drugs
"Sharp Drugs, Inc.",SHARP DRUGS,unmatched,,,0,False,1,2019-08-02,2019-08-02,False,True,False,True,Drugs
Sharp Global Limited,SHARP GLOBAL,unmatched,,,0,False,1,2014-10-15,2014-10-15,False,True,False,True,Drugs
Sharplight Technologies,SHARPLIGHT TECHNOLOGIES,unmatched,,,0,False,1,2013-11-25,2013-11-25,True,False,False,True,Devices
"Shen Clinic, LLC.",SHEN CLINIC,unmatched,,,0,False,2,2013-05-14,2020-07-06,False,True,False,True,Drugs
Shenzhen Boge Technology Co Ltd,SHENZHEN BOGE TECHNOLOGY,unmatched,,,0,False,1,2021-12-01,2021-12-01,False,True,False,True,Drugs
"Shenzhen Creative Industry Co., Ltd.",SHENZHEN CREATIVE INDUSTRY,unmatched,,,0,False,1,2016-01-15,2016-01-15,True,False,False,True,Devices
"Shenzhen Qanhai Wanb Express Supply Chain Co., LTD",SHENZHEN QANHAI WANB EXPRESS SUPPLY CHAIN,unmatched,,,0,False,1,2025-08-25,2025-08-25,False,True,False,True,Drugs
"Shijiazhuang Yiling Pharmaceutical Agent US, LLC",SHIJIAZHUANG YILING PHARMACEUTICAL AGENT,unmatched,,,0,False,1,2020-07-06,2020-07-06,False,True,False,True,Drugs
Shilpa Medicare Limited,SHILPA MEDICARE,unmatched,,,0,False,1,2020-10-09,2020-10-09,False,True,False,True,Drugs
Shionogi Inc.,SHIONOGI,unmatched,,,0,False,1,2008-11-14,2008-11-14,False,True,False,True,Drugs
"Shire Pharmaceuticals, LLC",SHIRE PHARMACEUTICALS,unmatched,,,0,False,1,2009-11-05,2009-11-05,False,True,False,True,Drugs
Shiva Analyticals (India) Pvt. Ltd.,SHIVA ANALYTICALS INDIA,unmatched,,,0,False,1,2025-07-23,2025-07-23,False,True,False,True,Drugs
Shoney Scientific India,SHONEY SCIENTIFIC INDIA,unmatched,,,0,False,2,2011-01-20,2013-11-20,True,False,False,True,Devices
Shoplet.Com 2,SHOPLET COM 2,unmatched,,,0,False,1,2025-11-13,2025-11-13,False,True,False,True,Drugs
Shoreside Enterprises Inc.,SHORESIDE ENTERPRISES,unmatched,,,0,False,1,2014-12-23,2014-12-23,False,True,False,True,Drugs
Shot of Joy LLC,SHOT OF JOY,unmatched,,,0,False,1,2023-09-25,2023-09-25,False,True,False,True,Drugs
Shree Jaya Laboratories Private Limited,SHREE JAYA LABORATORIES PRIVATE,unmatched,,,0,False,1,2025-02-28,2025-02-28,False,True,False,True,Drugs
Shreeji Homeo Clinic,SHREEJI HOMEO CLINIC,unmatched,,,0,False,1,2010-04-13,2010-04-13,False,True,False,True,Drugs
Shriram Institute for Industrial Research,SHRIRAM INSTITUTE FOR INDUSTRIAL RESEARCH,unmatched,,,0,False,1,2020-04-15,2020-04-15,False,True,False,True,Drugs
Sibley Memorial Hospital,SIBLEY MEMORIAL HOSPITAL,unmatched,,,0,False,1,2009-12-15,2009-12-15,False,False,True,True,Biologics
"Sichuan Deebio Pharmaceutical Co., Ltd.",SICHUAN DEEBIO PHARMACEUTICAL,unmatched,,,0,False,1,2024-02-05,2024-02-05,False,True,False,True,Drugs
"Sichuan Friendly Pharmaceutical Co., Ltd.",SICHUAN FRIENDLY PHARMACEUTICAL,unmatched,,,0,False,1,2018-06-22,2018-06-22,False,True,False,True,Drugs
"Sichuan Pharmaceutical Co., Ltd.",SICHUAN PHARMACEUTICAL,unmatched,,,0,False,1,2011-09-12,2011-09-12,False,True,False,True,Drugs
"Siddha Flower Essences, LLC.",SIDDHA FLOWER ESSENCES,unmatched,,,0,False,1,2025-11-04,2025-11-04,False,True,False,True,Drugs
Siegfried Hameln GmbH,SIEGFRIED HAMELN,unmatched,,,0,False,1,2012-12-21,2012-12-21,False,True,False,True,Drugs
"Siemens Healthcare Diagnostics, Inc.",SIEMENS HEALTHCARE DIAGNOSTICS,unmatched,,,0,False,3,2012-05-10,2012-06-29,True,False,False,True,Devices
Signa S.A. de C.V.,SIGNA S A DE C V,unmatched,,,0,False,1,2020-07-14,2020-07-14,False,True,False,True,Drugs
Signal Medical Corporation,SIGNAL MEDICAL,unmatched,,,0,False,2,2011-06-30,2014-12-15,True,False,False,True,Devices
"Signature Biologics, LLC",SIGNATURE BIOLOGICS,unmatched,,,0,False,1,2023-09-18,2023-09-18,False,False,True,True,Biologics
"Signature Formulations, LLC",SIGNATURE FORMULATIONS,unmatched,,,0,False,2,2018-08-01,2026-01-21,False,True,False,True,Drugs
Silfradent Srl,SILFRADENT,unmatched,,,0,False,1,2019-10-28,2019-10-28,True,False,False,True,Devices
Silkprousa LLC,SILKPROUSA,unmatched,,,0,False,1,2020-08-18,2020-08-18,True,False,False,True,Devices
Silver Soft for Skin,SILVER SOFT FOR SKIN,unmatched,,,0,False,1,2009-11-04,2009-11-04,False,True,False,True,Drugs
SilveryGuy,SILVERYGUY,unmatched,,,0,False,1,2020-08-14,2020-08-14,False,True,False,True,Drugs
Simex Logistics SA de CV,SIMEX LOGISTICS DE CV,unmatched,,,0,False,1,2021-01-29,2021-01-29,False,True,False,True,Drugs
Similasan AG,SIMILASAN,unmatched,,,0,False,1,2023-09-11,2023-09-11,False,True,False,True,Drugs
SimpleRx,SIMPLERX,unmatched,,,0,False,1,2025-09-09,2025-09-09,False,True,False,True,Drugs
Simply Clean Air & Water Inc.,SIMPLY CLEAN AIR AND WATER,unmatched,,,0,False,1,2014-08-18,2014-08-18,True,False,False,True,Devices
Simpro,SIMPRO,unmatched,,,0,False,1,2016-08-17,2016-08-17,True,False,False,True,Devices
Simtra Deutschland GmbH,SIMTRA DEUTSCHLAND,unmatched,,,0,False,1,2026-03-03,2026-03-03,False,True,False,True,Drugs
Sinan Akyuz,SINAN AKYUZ,unmatched,,,0,False,1,2009-11-17,2009-11-17,False,True,False,True,Drugs
"Sincerus Florida, LLC dba SKNV",SINCERUS FLORIDA SKNV,unmatched,,,0,False,1,2016-12-21,2016-12-21,False,True,False,True,Drugs
Singing River Health System IRB,SINGING RIVER HEALTH SYSTEM IRB,unmatched,,,0,False,1,2013-02-01,2013-02-01,False,True,False,True,Drugs
SinoTradition.com,SINOTRADITION COM,unmatched,,,0,False,1,2020-07-06,2020-07-06,False,True,False,True,Drugs
"Sinsin Pharmaceutical Co., Ltd.",SINSIN PHARMACEUTICAL,unmatched,,,0,False,1,2025-11-12,2025-11-12,False,True,False,True,Drugs
Sipra Labs Limited,SIPRA LABS,unmatched,,,0,False,1,2015-07-23,2015-07-23,False,True,False,True,Drugs
"Sircle Laboratories, L.L.C.",SIRCLE LABORATORIES L L C,unmatched,,,0,False,1,2021-09-23,2021-09-23,False,True,False,True,Drugs
Sironis Inc,SIRONIS,unmatched,,,0,False,1,2015-03-10,2015-03-10,True,False,False,True,Devices
Sitek Research Laboratories,SITEK RESEARCH LABORATORIES,unmatched,,,0,False,1,2009-05-21,2009-05-21,False,True,False,True,Drugs
Skilling Institute,SKILLING INSTITUTE,unmatched,,,0,False,1,2009-05-14,2009-05-14,True,False,False,True,Devices
Skin Authority,SKIN AUTHORITY,unmatched,,,0,False,1,2022-04-13,2022-04-13,False,True,False,True,Drugs
Skin Beauty Solutions Inc,SKIN BEAUTY SOLUTIONS,unmatched,,,0,False,1,2024-07-25,2024-07-25,False,True,False,True,Drugs
Skin PS Brands,SKIN PS BRANDS,unmatched,,,0,False,1,2022-04-13,2022-04-13,False,True,False,True,Drugs
"Skin Prescriptives Marketing, Inc.",SKIN PRESCRIPTIVES MARKETING,unmatched,,,0,False,1,2017-07-28,2017-07-28,False,True,False,True,Drugs
SkinPro International,SKINPRO,unmatched,,,0,False,1,2022-04-13,2022-04-13,False,True,False,True,Drugs
SkinnyRX,SKINNYRX,unmatched,,,0,False,1,2026-02-20,2026-02-20,False,True,False,True,Drugs
"Sklar BOV Solutions, Inc",SKLAR BOV SOLUTIONS,unmatched,,,0,False,1,2025-12-09,2025-12-09,False,True,False,True,Drugs
Skull Smash Ammonia Inhalants,SKULL SMASH AMMONIA INHALANTS,unmatched,,,0,False,1,2024-03-13,2024-03-13,False,True,False,True,Drugs
"Sky Medical Supplies and Equipments, LLC",SKY MEDICAL SUPPLIES AND EQUIPMENTS,unmatched,,,0,False,1,2025-03-13,2025-03-13,True,False,False,True,Devices
Skye Biologics Holdings LLC,SKYE BIOLOGICS,unmatched,,,0,False,1,2024-12-16,2024-12-16,False,False,True,True,Biologics
Skylark CMC Private Limited,SKYLARK CMC PRIVATE,unmatched,,,0,False,1,2018-12-03,2018-12-03,False,True,False,True,Drugs
Skyless LLC,SKYLESS,unmatched,,,0,False,1,2023-01-23,2023-01-23,False,True,False,True,Drugs
Skyline Herbals Private Limited,SKYLINE HERBALS PRIVATE,unmatched,,,0,False,1,2023-08-03,2023-08-03,False,True,False,True,Drugs
"Skytron, LLC",SKYTRON,unmatched,,,0,False,1,2026-05-19,2026-05-19,True,False,False,True,Devices
Slate Pharmaceuticals,SLATE PHARMACEUTICALS,unmatched,,,0,False,1,2010-03-26,2010-03-26,False,True,False,True,Drugs
Slendid,SLENDID,unmatched,,,0,False,1,2025-09-09,2025-09-09,False,True,False,True,Drugs
Slim Beauty USA,SLIM BEAUTY,unmatched,,,0,False,1,2014-01-31,2014-01-31,False,True,False,True,Drugs
Smart Health Inc.,SMART HEALTH,unmatched,,,0,False,1,2013-05-03,2013-05-03,False,False,True,True,Biologics
"Smart Surgical, Inc",SMART SURGICAL,unmatched,,,0,False,1,2022-02-02,2022-02-02,False,False,True,True,Biologics
Smart Women's Choice,SMART WOMEN S CHOICE,unmatched,,,0,False,1,2021-05-19,2021-05-19,False,True,False,True,Drugs
Smartpowders,SMARTPOWDERS,unmatched,,,0,False,2,2010-08-30,2015-08-27,False,True,False,True,Drugs; Food/Cosmetics
Smith & Nephew Orthopaedics GmbH,SMITH AND NEPHEW ORTHOPAEDICS,unmatched,,,0,False,1,2010-12-21,2010-12-21,True,False,False,True,Devices
Smith County Memorial Hospital,SMITH COUNTY MEMORIAL HOSPITAL,unmatched,,,0,False,1,2009-10-13,2009-10-13,True,False,False,True,Devices
SmithKline Beecham Limited,SMITHKLINE BEECHAM,unmatched,,,0,False,2,2011-10-07,2016-06-30,False,True,False,True,Drugs
"Smitha Reddy, M.D.",SMITHA REDDY M D,unmatched,,,0,False,1,2022-06-03,2022-06-03,False,True,False,True,Drugs
Smruthi Organics Limited,SMRUTHI ORGANICS,unmatched,,,0,False,1,2014-03-06,2014-03-06,False,True,False,True,Drugs
"SnugZ USA, Inc.",SNUGZ,unmatched,,,0,False,1,2019-06-12,2019-06-12,False,True,False,True,Drugs
"Snyder Mark Drugs Roselle, Inc. d.b.a. Mark Drugs Pharmacy",SNYDER MARK DRUGS ROSELLE D B A MARK DRUGS PHARMACY,unmatched,,,0,False,1,2018-02-27,2018-02-27,False,True,False,True,Drugs
So-Low Environmental Equipment Co. Inc.,SO LOW ENVIRONMENTAL EQUIPMENT,unmatched,,,0,False,1,2013-05-21,2013-05-21,True,False,False,True,Devices
Soaptronic LLC,SOAPTRONIC,unmatched,,,0,False,1,2019-12-12,2019-12-12,False,True,False,True,Drugs
Soda Farm,SODA FARM,unmatched,,,0,False,1,2022-03-10,2022-03-10,False,True,False,True,Drugs
Sofie Co,SOFIE,unmatched,,,0,False,1,2008-10-24,2008-10-24,False,True,False,True,Drugs
Sofie Co.,SOFIE,unmatched,,,0,False,1,2019-10-10,2019-10-10,False,True,False,True,Drugs
"Soft Computer Consultants, Inc.",SOFT COMPUTER CONSULTANTS,unmatched,,,0,False,1,2015-04-30,2015-04-30,True,False,False,True,Devices
Soft Touch Labs-GENERAL HEARING INSTRUMENTS,SOFT TOUCH LABS GENERAL HEARING INSTRUMENTS,unmatched,,,0,False,1,2013-09-18,2013-09-18,True,False,False,True,Devices
"Sohail M. Khan, M.D.",SOHAIL M KHAN M D,unmatched,,,0,False,1,2017-10-10,2017-10-10,False,True,False,True,Drugs
Sol-Millennium Medical Inc.,SOL MILLENNIUM MEDICAL,unmatched,,,0,False,1,2024-03-18,2024-03-18,True,False,False,True,Devices
"Solace International, Inc.",SOLACE,unmatched,,,0,False,1,2014-07-03,2014-07-03,False,True,False,True,Drugs
Soleetech Corporation,SOLEETECH,unmatched,,,0,False,1,2013-08-13,2013-08-13,True,False,False,True,Devices
"Soleo Cosmetic CO.,LTD",SOLEO COSMETIC,unmatched,,,0,False,1,2018-12-13,2018-12-13,False,True,False,True,Drugs
Soliteint Cosmetics KFT,SOLITEINT COSMETICS KFT,unmatched,,,0,False,1,2024-10-10,2024-10-10,False,True,False,True,Drugs
SoloVital,SOLOVITAL,unmatched,,,0,False,1,2024-08-27,2024-08-27,False,True,False,True,Drugs
Solta Medical Inc,SOLTA MEDICAL,ambiguous,,,2,False,1,2012-11-28,2012-11-28,True,False,False,True,Devices
"Soluciones Cosmeticas, SA de CV",SOLUCIONES COSMETICAS DE CV,unmatched,,,0,False,1,2020-08-04,2020-08-04,False,True,False,True,Drugs
Somatex Medical Technologies GMBH,SOMATEX MEDICAL TECHNOLOGIES,unmatched,,,0,False,1,2015-01-29,2015-01-29,True,False,False,True,Devices
"Sombra Cosmetics, Inc",SOMBRA COSMETICS,unmatched,,,0,False,1,2024-12-18,2024-12-18,False,True,False,True,Drugs
Somerset Therapeutics Private Limited,SOMERSET THERAPEUTICS PRIVATE,unmatched,,,0,False,3,2012-02-23,2025-09-04,False,True,False,True,Drugs
Sometech Incorporated,SOMETECH,unmatched,,,0,False,2,2011-04-06,2012-11-26,True,False,False,True,Devices
"Somnowell, Inc.",SOMNOWELL,unmatched,,,0,False,1,2016-05-12,2016-05-12,True,False,False,True,Devices
Sonesta Medical AB,SONESTA MEDICAL,unmatched,,,0,False,1,2023-12-04,2023-12-04,True,False,False,True,Devices
"SonicLife.com, LLC",SONICLIFE COM,unmatched,,,0,False,1,2015-12-22,2015-12-22,True,False,False,True,Devices
Sonrisa Family Dental dba www.mycovidtest19.com,SONRISA FAMILY DENTAL WWW MYCOVIDTEST19 COM,unmatched,,,0,False,1,2020-06-16,2020-06-16,True,False,False,True,Devices
"Sooil Development Co., Ltd.",SOOIL DEVELOPMENT,unmatched,,,0,False,1,2020-04-16,2020-04-16,True,False,False,True,Devices
Sooka Inc,SOOKA,unmatched,,,0,False,1,2010-12-10,2010-12-10,True,False,False,True,Devices
Sopro Comeg Gmbh,SOPRO COMEG,unmatched,,,0,False,1,2015-02-23,2015-02-23,True,False,False,True,Devices
Sorcerz.com,SORCERZ COM,unmatched,,,0,False,1,2023-04-21,2023-04-21,False,True,False,True,Drugs
Sorin CRM SAS,SORIN CRM SAS,unmatched,,,0,False,1,2009-11-06,2009-11-06,True,False,False,True,Devices
Soring Medical Technology,SORING MEDICAL TECHNOLOGY,unmatched,,,0,False,1,2012-01-10,2012-01-10,True,False,False,True,Devices
Soulaire Corporation,SOULAIRE,unmatched,,,0,False,1,2024-03-06,2024-03-06,True,False,False,True,Devices
"Sovereign Pharmaceuticals, LLC",SOVEREIGN PHARMACEUTICALS,unmatched,,,0,False,2,2013-01-29,2022-10-05,False,True,False,True,Drugs
Spa 35,35,unmatched,,,0,False,1,2010-04-05,2010-04-05,False,True,False,True,Drugs
"Spacelabs Healthcare, Inc.",SPACELABS HEALTHCARE,unmatched,,,0,False,2,2008-11-03,2014-08-05,True,False,False,True,Devices
Spartan Bioscience Inc.,SPARTAN BIOSCIENCE,unmatched,,,0,False,1,2015-05-15,2015-05-15,True,False,False,True,Devices
Spartan Chemical Co Inc,SPARTAN CHEMICAL,unmatched,,,0,False,1,2021-12-15,2021-12-15,False,True,False,True,Drugs
Spartan Enterprises Inc. dba Watershed Wellness Center,SPARTAN ENTERPRISES WATERSHED WELLNESS CENTER,unmatched,,,0,False,2,2020-10-30,2023-03-08,False,True,False,True,Drugs; Food/Cosmetics
"Specialty Medicine Compounding Pharmacy, P.C.",SPECIALTY MEDICINE COMPOUNDING PHARMACY P C,unmatched,,,0,False,1,2015-08-31,2015-08-31,False,True,False,True,Drugs
Specialty Process Labs LLC,SPECIALTY PROCESS LABS,unmatched,,,0,False,1,2022-05-04,2022-05-04,False,True,False,True,Drugs
"Spectra Therapy, LLC.",SPECTRA THERAPY,unmatched,,,0,False,1,2025-07-22,2025-07-22,True,False,False,True,Devices
"Spectrum Laboratory Products, Inc.",SPECTRUM LABORATORY PRODUCTS,unmatched,,,0,False,2,2019-06-04,2019-07-31,False,True,False,True,Drugs
Spectrum Medical Ltd.,SPECTRUM MEDICAL,unmatched,,,0,False,1,2023-09-29,2023-09-29,True,False,False,True,Devices
Spencer Forrest,SPENCER FORREST,unmatched,,,0,False,1,2011-12-09,2011-12-09,True,False,False,True,Devices
"Sperm Bank, Inc",SPERM BANK,unmatched,,,0,False,1,2025-02-14,2025-02-14,False,False,True,True,Biologics
Spes Medica srl,SPES MEDICA,unmatched,,,0,False,1,2013-01-23,2013-01-23,True,False,False,True,Devices
SpiceTac,SPICETAC,unmatched,,,0,False,1,2020-05-19,2020-05-19,False,True,False,True,Drugs
"Spinal Solutions, LLC",SPINAL SOLUTIONS,unmatched,,,0,False,1,2012-01-19,2012-01-19,True,False,False,True,Devices
"Spinalight, Inc.",SPINALIGHT,unmatched,,,0,False,1,2012-01-09,2012-01-09,True,False,False,True,Devices
"SpineFrontier, Inc.",SPINEFRONTIER,unmatched,,,0,False,1,2012-08-08,2012-08-08,True,False,False,True,Devices
SpineNet LLC.,SPINENET,unmatched,,,0,False,1,2013-05-31,2013-05-31,True,False,False,True,Devices
"SpineSmith Holdings, LLC",SPINESMITH,unmatched,,,0,False,1,2013-04-03,2013-04-03,True,False,False,True,Devices
"Spineology, Inc.",SPINEOLOGY,unmatched,,,0,False,1,2010-09-22,2010-09-22,True,False,False,True,Devices
"Spot On Sciences, Inc.",SPOT ON SCIENCES,unmatched,,,0,False,1,2016-04-12,2016-04-12,True,False,False,True,Devices
Sprout Health Partners LLC,SPROUT HEALTH PARTNERS,unmatched,,,0,False,1,2025-09-09,2025-09-09,False,True,False,True,Drugs
"Sprout Pharmaceuticals, Inc",SPROUT PHARMACEUTICALS,unmatched,,,0,False,2,2020-08-31,2025-05-29,False,True,False,True,Drugs
Spryson America Inc.,SPRYSON AMERICA,unmatched,,,0,False,1,2013-09-11,2013-09-11,True,False,False,True,Devices
Sreedhar Samudrala,SREEDHAR SAMUDRALA,unmatched,,,0,False,2,2013-11-19,2013-11-19,False,True,False,True,Drugs
Sri Krishna Pharmaceuticals Limited,SRI KRISHNA PHARMACEUTICALS,unmatched,,,0,False,1,2016-04-01,2016-04-01,False,True,False,True,Drugs
Srikem Laboratories Private Ltd.,SRIKEM LABORATORIES PRIVATE,unmatched,,,0,False,1,2016-11-10,2016-11-10,False,True,False,True,Drugs
St Vincent Health,ST VINCENT HEALTH,unmatched,,,0,False,1,2013-11-27,2013-11-27,False,True,False,True,Drugs
St. Mary's Regional Hospital,ST MARY S REGIONAL HOSPITAL,unmatched,,,0,False,1,2012-11-08,2012-11-08,False,False,True,True,Biologics
"St. Shine Optical Co., Ltd.",ST SHINE OPTICAL,unmatched,,,0,False,1,2013-08-26,2013-08-26,True,False,False,True,Devices
Standard Textile Co Inc,STANDARD TEXTILE,unmatched,,,0,False,1,2013-05-07,2013-05-07,True,False,False,True,Devices
"Stanislaw R Burzynski, MD",STANISLAW R BURZYNSKI MD,unmatched,,,0,False,1,2013-12-03,2013-12-03,False,True,False,True,Drugs
"Stanley Brothers Social Enterprises, LLC",STANLEY BROTHERS SOCIAL ENTERPRISES,unmatched,,,0,False,1,2017-10-31,2017-10-31,False,True,False,True,Drugs; Food/Cosmetics
Stanley Specialty Pharmacy Compounding and Wellness Center,STANLEY SPECIALTY PHARMACY COMPOUNDING AND WELLNESS CENTER,unmatched,,,0,False,1,2018-07-24,2018-07-24,False,True,False,True,Drugs
Stanmore Implants Worldwide Ltd.,STANMORE IMPLANTS WORLDWIDE,unmatched,,,0,False,1,2014-11-26,2014-11-26,True,False,False,True,Devices
"Staska Pharmaceuticals, Inc.",STASKA PHARMACEUTICALS,unmatched,,,0,False,1,2025-05-05,2025-05-05,False,True,False,True,Drugs
"Stason Pharmaceuticals, Inc.",STASON PHARMACEUTICALS,unmatched,,,0,False,1,2020-07-08,2020-07-08,False,True,False,True,Drugs
"Stat Medical Devices, Inc.",STAT MEDICAL DEVICES,unmatched,,,0,False,2,2009-04-17,2015-07-23,True,False,False,True,Devices
Stat Rx USA,STAT RX,unmatched,,,0,False,1,2012-10-09,2012-10-09,False,True,False,True,Drugs
Staten Island University Hospital IRB,STATEN ISLAND UNIVERSITY HOSPITAL IRB,unmatched,,,0,False,1,2009-06-29,2009-06-29,True,False,False,True,Devices
StayWell Copper Products,STAYWELL COPPER PRODUCTS,unmatched,,,0,False,1,2020-05-28,2020-05-28,False,True,False,True,Drugs
Steiner Biotechnology LLC,STEINER BIOTECHNOLOGY,unmatched,,,0,False,3,2017-06-21,2023-05-19,True,False,False,True,Devices
"StellaLife, Inc.",STELLALIFE,unmatched,,,0,False,1,2025-09-16,2025-09-16,False,True,False,True,Drugs
"StemGenex Biologic Laboratories, LLC",STEMGENEX BIOLOGIC LABORATORIES,unmatched,,,0,False,1,2018-10-31,2018-10-31,False,False,True,True,Biologics
Stemell Inc,STEMELL,unmatched,,,0,False,1,2019-08-28,2019-08-28,False,False,True,True,Biologics
Stephanix,STEPHANIX,unmatched,,,0,False,1,2016-08-12,2016-08-12,True,False,False,True,Devices
"SterRx, LLC",STERRX,unmatched,,,0,False,1,2022-07-27,2022-07-27,False,True,False,True,Drugs
Sterex Electrolysis Int Ltd,STEREX ELECTROLYSIS INT,unmatched,,,0,False,1,2013-06-24,2013-06-24,True,False,False,True,Devices
Stericon Pharma Pvt. Ltd.,STERICON PHARMA,unmatched,,,0,False,1,2010-08-24,2010-08-24,False,True,False,True,Drugs
Steril-Aire Usa Inc.,STERIL AIRE,unmatched,,,0,False,1,2010-07-02,2010-07-02,True,False,False,True,Devices
Sterilmed Inc.,STERILMED,unmatched,,,0,False,1,2011-10-26,2011-10-26,True,False,False,True,Devices
Steripac,STERIPAC,unmatched,,,0,False,1,2009-12-29,2009-12-29,True,False,False,True,Devices
"Steritec Products Mfg. Co., Inc.",STERITEC PRODUCTS MFG,unmatched,,,0,False,1,2008-10-17,2008-10-17,True,False,False,True,Devices
Sterling Distributors,STERLING DISTRIBUTORS,unmatched,,,0,False,1,2025-06-05,2025-06-05,False,True,False,True,Drugs
Sterling Pharmaceutical Services LLC,STERLING PHARMACEUTICAL SERVICES,unmatched,,,0,False,2,2022-09-27,2023-09-11,False,True,False,True,Drugs
"Steven W. Boyce, M. D.",STEVEN W BOYCE M D,unmatched,,,0,False,1,2012-09-28,2012-09-28,False,True,False,True,Drugs
Steven's Pharmacy,STEVEN S PHARMACY,unmatched,,,0,False,1,2008-11-12,2008-11-12,False,True,False,True,Drugs
Stewart Compounding Pharmacy,STEWART COMPOUNDING PHARMACY,unmatched,,,0,False,1,2013-08-21,2013-08-21,False,True,False,True,Drugs
"Stewart, Lynette D. M.D.",STEWART LYNETTE D M D,unmatched,,,0,False,1,2009-01-21,2009-01-21,False,True,False,True,Drugs
Stille AB,STILLE,unmatched,,,0,False,1,2014-01-31,2014-01-31,True,False,False,True,Devices
"Stingray Surgical Products, LLC",STINGRAY SURGICAL PRODUCTS,unmatched,,,0,False,1,2012-05-07,2012-05-07,True,False,False,True,Devices
Stokes Healthcare Inc.,STOKES HEALTHCARE,unmatched,,,0,False,1,2024-04-02,2024-04-02,False,True,False,True,Drugs
"Stone Company Management, Inc.",STONE MANAGEMENT,unmatched,,,0,False,1,2013-07-03,2013-07-03,True,False,False,True,Devices
Stonegate Pharmacy LP,STONEGATE PHARMACY,unmatched,,,0,False,1,2016-11-10,2016-11-10,False,True,False,True,Drugs
"Storz Medical, AG",STORZ MEDICAL,unmatched,,,0,False,2,2010-04-08,2010-08-24,True,False,False,True,Devices
"Stradis Medical, LLC dba Stradis Healthcare",STRADIS MEDICAL STRADIS HEALTHCARE,unmatched,,,0,False,1,2011-08-15,2011-08-15,True,False,False,True,Devices
Strategia Project Management inc,STRATEGIA PROJECT MANAGEMENT,unmatched,,,0,False,1,2021-09-28,2021-09-28,False,True,False,True,Drugs
"Stratus BioSystems, LLC",STRATUS BIOSYSTEMS,unmatched,,,0,False,2,2019-07-03,2023-06-09,False,False,True,True,Biologics
"Stream2Sea, LLC",STREAM2SEA,unmatched,,,0,False,1,2026-02-02,2026-02-02,False,True,False,True,Drugs
Strides Pharma Science Limited,STRIDES PHARMA SCIENCE,unmatched,,,0,False,1,2019-07-01,2019-07-01,False,True,False,True,Drugs
Strive Pharmacy Texas LLC dba Strive Pharmacy,STRIVE PHARMACY TEXAS STRIVE PHARMACY,unmatched,,,0,False,1,2022-08-30,2022-08-30,False,True,False,True,Drugs
Strong Fertility Center,STRONG FERTILITY CENTER,unmatched,,,0,False,1,2019-10-29,2019-10-29,False,False,True,True,Biologics
Strukmyer LLC,STRUKMYER,unmatched,,,0,False,1,2025-01-30,2025-01-30,False,True,False,True,Drugs
Strut,STRUT,unmatched,,,0,False,1,2026-02-20,2026-02-20,False,True,False,True,Drugs
Stryker Craniomaxillofacial Division,STRYKER CRANIOMAXILLOFACIAL DIVISION,unmatched,,,0,False,1,2009-05-05,2009-05-05,True,False,False,True,Devices
Stryker Medical London dba CHG Hospital Beds,STRYKER MEDICAL LONDON CHG HOSPITAL BEDS,unmatched,,,0,False,2,2011-08-29,2011-08-29,True,False,False,True,Devices
"Stuart A. Harlin, MD",STUART A HARLIN MD,unmatched,,,0,False,1,2010-07-21,2010-07-21,True,False,False,True,Devices
Subcon Manufacturing Corporation,SUBCON MANUFACTURING,unmatched,,,0,False,1,2013-12-16,2013-12-16,True,False,False,True,Devices
"Sugih Instrumendo Abadi, PT.",SUGIH INSTRUMENDO ABADI PT,unmatched,,,0,False,1,2012-10-22,2012-10-22,True,False,False,True,Devices
Suhan Aerosol,SUHAN AEROSOL,unmatched,,,0,False,1,2023-08-03,2023-08-03,False,True,False,True,Drugs
"Summit Medical, LLC",SUMMIT MEDICAL,unmatched,,,0,False,1,2013-04-25,2013-04-25,True,False,False,True,Devices
Summit Research,SUMMIT RESEARCH,unmatched,,,0,False,1,2024-12-10,2024-12-10,False,True,False,True,Drugs
Sun Nuclear Corporation,SUN NUCLEAR,unmatched,,,0,False,1,2013-02-06,2013-02-06,True,False,False,True,Devices
Sun Pharma Canada Inc.,SUN PHARMA CANADA,unmatched,,,0,False,1,2009-02-05,2009-02-05,False,True,False,True,Drugs
Sun Pharmaceutical Industries Limited,SUN PHARMACEUTICAL INDUSTRIES,unmatched,,,0,False,1,2024-06-18,2024-06-18,False,True,False,True,Drugs
Sun Pharmaceutical Industries Limited - Karkhadi,SUN PHARMACEUTICAL INDUSTRIES KARKHADI,unmatched,,,0,False,1,2014-05-09,2014-05-09,False,True,False,True,Drugs
Sun Pharmaceutical Industries Ltd.,SUN PHARMACEUTICAL INDUSTRIES,unmatched,,,0,False,2,2015-12-17,2022-12-15,False,True,False,True,Drugs
"Sun Pharmaceutical Industries, LTD.",SUN PHARMACEUTICAL INDUSTRIES,unmatched,,,0,False,1,2008-10-31,2008-10-31,False,True,False,True,Drugs
"SunMed Holdings, LLC",SUNMED,unmatched,,,0,False,1,2014-07-02,2014-07-02,True,False,False,True,Devices
"Sunbeam Products, Inc.",SUNBEAM PRODUCTS,unmatched,,,0,False,1,2012-12-04,2012-12-04,True,False,False,True,Devices
"Sunnex, LLC",SUNNEX,unmatched,,,0,False,1,2015-04-10,2015-04-10,True,False,False,True,Devices
"Sunrise Pharmaceutical, Inc.",SUNRISE PHARMACEUTICAL,unmatched,,,0,False,1,2010-01-14,2010-01-14,False,True,False,True,Drugs
"Sunshine Trading Company, Inc",SUNSHINE TRADING,unmatched,,,0,False,1,2023-07-03,2023-07-03,False,True,False,True,Drugs
"Sunshine USA, LLC",SUNSHINE,unmatched,,,0,False,2,2012-11-20,2013-12-05,True,False,False,True,Devices
"Sunstar Americas, Inc.",SUNSTAR AMERICAS,unmatched,,,0,False,1,2021-12-21,2021-12-21,False,True,False,True,Drugs
Sunstar Guangzhou Ltd.,SUNSTAR GUANGZHOU,unmatched,,,0,False,1,2020-01-22,2020-01-22,False,True,False,True,Drugs
"Sunstone, Inc.",SUNSTONE,unmatched,,,0,False,1,2017-04-17,2017-04-17,False,True,False,True,Drugs
Super Body Care,SUPER BODY CARE,unmatched,,,0,False,1,2010-04-13,2010-04-13,False,True,False,True,Drugs
Supercore Products Group Inc.,SUPERCORE PRODUCTS,unmatched,,,0,False,1,2024-09-26,2024-09-26,False,True,False,True,Drugs
Superex Canada Ltd,SUPEREX CANADA,unmatched,,,0,False,1,2013-05-10,2013-05-10,True,False,False,True,Devices
Superstat Corporation,SUPERSTAT,unmatched,,,0,False,1,2011-08-05,2011-08-05,True,False,False,True,Devices
Supply Center USA,SUPPLY CENTER,unmatched,,,0,False,1,2025-08-25,2025-08-25,False,True,False,True,Drugs
Supreme Rejuvenation,SUPREME REJUVENATION,unmatched,,,0,False,1,2025-05-05,2025-05-05,False,False,True,True,Biologics
Suprimo Imports,SUPRIMO IMPORTS,unmatched,,,0,False,1,2023-06-22,2023-06-22,False,True,False,True,Drugs
"Sure-Biochem Laboratories, LLC",SURE BIOCHEM LABORATORIES,unmatched,,,0,False,1,2023-03-24,2023-03-24,False,True,False,True,Drugs
SureTek Medical,SURETEK MEDICAL,unmatched,,,0,False,1,2016-03-03,2016-03-03,True,False,False,True,Devices
Surgery Pharmacy Services Inc,SURGERY PHARMACY SERVICES,unmatched,,,0,False,1,2020-10-09,2020-10-09,False,True,False,True,Drugs
"Surgisil, LLP",SURGISIL,unmatched,,,0,False,1,2019-04-15,2019-04-15,True,False,False,True,Devices
"Surmasis Pharmaceutical, LLC",SURMASIS PHARMACEUTICAL,unmatched,,,0,False,1,2018-11-06,2018-11-06,False,True,False,True,Drugs
"Susan P. King-Harris, D.P.M.",SUSAN P KING HARRIS D P M,unmatched,,,0,False,1,2019-09-09,2019-09-09,False,True,False,True,Drugs
Suzhou Armocon Technology Co.Ltd,SUZHOU ARMOCON TECHNOLOGY,unmatched,,,0,False,1,2013-09-16,2013-09-16,True,False,False,True,Devices
"Suzhou Pharmaceutical Technology Co.,Ltd",SUZHOU PHARMACEUTICAL TECHNOLOGY,unmatched,,,0,False,1,2017-01-06,2017-01-06,False,True,False,True,Drugs
Svar Life Science AB,SVAR LIFE SCIENCE,unmatched,,,0,False,1,2017-09-20,2017-09-20,True,False,False,True,Devices
"Swabplus, L.P.",SWABPLUS L P,unmatched,,,0,False,1,2019-10-31,2019-10-31,False,True,False,True,Drugs
Swisschems,SWISSCHEMS,unmatched,,,0,False,1,2024-12-10,2024-12-10,False,True,False,True,Drugs
Sylvane Inc.,SYLVANE,unmatched,,,0,False,1,2009-06-29,2009-06-29,True,False,False,True,Devices
"Synergy Health Concepts, Inc.",SYNERGY HEALTH CONCEPTS,unmatched,,,0,False,1,2012-09-05,2012-09-05,True,False,False,True,Devices
"Syneron, Inc.",SYNERON,unmatched,,,0,False,1,2010-12-23,2010-12-23,True,False,False,True,Devices
"Synovo Production, Inc.",SYNOVO PRODUCTION,unmatched,,,0,False,1,2023-03-23,2023-03-23,True,False,False,True,Devices
"Synthes, Inc.",SYNTHES,unmatched,,,0,False,1,2012-02-16,2012-02-16,True,False,False,True,Devices
Synthetix Inc. DBA Helix Chemical Supply,SYNTHETIX HELIX CHEMICAL SUPPLY,unmatched,,,0,False,1,2024-02-07,2024-02-07,False,True,False,True,Drugs
Synthexim,SYNTHEXIM,unmatched,,,0,False,1,2014-07-18,2014-07-18,False,True,False,True,Drugs
"Syntho Pharmaceuticals, Inc.",SYNTHO PHARMACEUTICALS,unmatched,,,0,False,1,2015-06-22,2015-06-22,False,True,False,True,Drugs
Syntron Bioresearch Inc,SYNTRON BIORESEARCH,unmatched,,,0,False,1,2010-05-24,2010-05-24,True,False,False,True,Devices
System Kosmetik Produktionsgesellschaft fur kosmetische Gmbh,SYSTEM KOSMETIK PRODUKTIONSGESELLSCHAFT FUR KOSMETISCHE,unmatched,,,0,False,1,2022-09-20,2022-09-20,False,True,False,True,Drugs
"SystemsOne, LLC",SYSTEMSONE,unmatched,,,0,False,1,2012-03-07,2012-03-07,True,False,False,True,Devices
"TAIWAN BIOTECH CO., LTD.",TAIWAN BIOTECH,unmatched,,,0,False,1,2018-06-04,2018-06-04,False,True,False,True,Drugs
"TAKA USA, INC.",TAKA,unmatched,,,0,False,1,2020-07-29,2020-07-29,False,True,False,True,Drugs
TAMPON INNOVATIONS LTD.,TAMPON INNOVATIONS,unmatched,,,0,False,1,2024-12-17,2024-12-17,True,False,False,True,Devices
"TCA Cellular Therapy, LLC",TCA CELLULAR THERAPY,unmatched,,,0,False,1,2011-08-15,2011-08-15,False,False,True,True,Biologics
TCM Supply Corporation,TCM SUPPLY,unmatched,,,0,False,1,2012-08-16,2012-08-16,True,False,False,True,Devices
TCT NUTRACEUTICALS SDN BHD,TCT NUTRACEUTICALS SDN BHD,unmatched,,,0,False,1,2024-06-06,2024-06-06,False,True,False,True,Drugs
"TEI Biosciences, Inc.",TEI BIOSCIENCES,unmatched,,,0,False,3,2015-05-29,2023-07-17,True,False,False,True,Devices
TELOS TRADING,TELOS TRADING,unmatched,,,0,False,1,2026-06-17,2026-06-17,False,True,False,True,Drugs
TEM INNOVATIONS GMBH,TEM INNOVATIONS,unmatched,,,0,False,1,2015-04-21,2015-04-21,True,False,False,True,Devices
TERRAGENE S.A.,TERRAGENE S A,unmatched,,,0,False,1,2023-11-01,2023-11-01,True,False,False,True,Devices
TEXINKART INC,TEXINKART,unmatched,,,0,False,1,2026-06-17,2026-06-17,False,True,False,True,Drugs
TFS MANUFACTURING PTY LTD,TFS MANUFACTURING PTY,unmatched,,,0,False,1,2015-12-21,2015-12-21,True,False,False,True,Devices
TG Supply LLC,TG SUPPLY,unmatched,,,0,False,1,2025-12-16,2025-12-16,True,False,False,True,Devices
THD SpA,THD,unmatched,,,0,False,1,2013-03-26,2013-03-26,True,False,False,True,Devices
"THEROZONE USA, INC.",THEROZONE,unmatched,,,0,False,1,2011-08-11,2011-08-11,True,False,False,True,Devices
TIB MOLBIOL SYNTHESELABOR GMBH,TIB MOLBIOL SYNTHESELABOR,unmatched,,,0,False,1,2009-08-25,2009-08-25,True,False,False,True,Devices
TJA Health LLC,TJA HEALTH,unmatched,,,0,False,1,2024-07-17,2024-07-17,False,True,False,True,Drugs
TKTX Company,TKTX,unmatched,,,0,False,1,2024-03-25,2024-03-25,False,True,False,True,Drugs
TLC Laser Eye Center,TLC LASER EYE CENTER,unmatched,,,0,False,1,2009-10-09,2009-10-09,True,False,False,True,Devices
TLC Laser Eye Center d/b/a/ TLC Pittsburgh,TLC LASER EYE CENTER D B A TLC PITTSBURGH,unmatched,,,0,False,1,2009-10-09,2009-10-09,True,False,False,True,Devices
TLC Laser Eye Centers,TLC LASER EYE CENTERS,unmatched,,,0,False,2,2009-10-09,2009-10-09,True,False,False,True,Devices
"TM Testing, Inc. dba TM Technologies, Inc./TM Labs",TM TESTING TM TECHNOLOGIES TM LABS,unmatched,,,0,False,1,2021-03-25,2021-03-25,True,False,False,True,Devices
TMC Acquisitions LLC dba Tailor Made Compounding,TMC ACQUISITIONS TAILOR MADE COMPOUNDING,unmatched,,,0,False,1,2020-04-01,2020-04-01,False,True,False,True,Drugs
TMS International,TMS,ambiguous,,,2,False,1,2012-12-13,2012-12-13,True,False,False,True,Devices
TOADS LLC,TOADS,unmatched,,,0,False,1,2013-02-22,2013-02-22,True,False,False,True,Devices
TOMSCOUT,TOMSCOUT,unmatched,,,0,False,1,2025-12-16,2025-12-16,True,False,False,True,Devices
TRP Company,TRP,unmatched,,,0,False,1,2023-09-11,2023-09-11,False,True,False,True,Drugs
TRUE EARTH HEALTH PRODUCTS,TRUE EARTH HEALTH PRODUCTS,unmatched,,,0,False,1,2022-04-13,2022-04-13,False,True,False,True,Drugs
"TRYM Health, Inc.",TRYM HEALTH,unmatched,,,0,False,1,2025-09-09,2025-09-09,False,True,False,True,Drugs
TSDR Pharmacy Inc. dba brandMD Skin Care,TSDR PHARMACY BRANDMD SKIN CARE,unmatched,,,0,False,1,2017-11-09,2017-11-09,False,True,False,True,Drugs
TYRX Inc.,TYRX,unmatched,,,0,False,1,2016-06-02,2016-06-02,True,False,False,True,Devices
TYTEX SLOVAKIA S.R.O.,TYTEX SLOVAKIA S R O,unmatched,,,0,False,1,2013-06-12,2013-06-12,True,False,False,True,Devices
"TZ Medical, Inc.",TZ MEDICAL,unmatched,,,0,False,1,2012-04-10,2012-04-10,True,False,False,True,Devices
"Taewoong Medical Co., Ltd.",TAEWOONG MEDICAL,unmatched,,,0,False,1,2014-11-25,2014-11-25,True,False,False,True,Devices
"Tager Online, Inc. DBA Volt Candy; Volt Candy Wholesale Club",TAGER ONLINE VOLT CANDY VOLT CANDY WHOLESALE CLUB,unmatched,,,0,False,1,2023-04-27,2023-04-27,False,True,False,True,Drugs
"Tai Heng Industry Co., Ltd.",TAI HENG INDUSTRY,unmatched,,,0,False,1,2016-05-12,2016-05-12,False,True,False,True,Drugs
Taicang Sheng Jia Medical Equipment Science & Technology Co.,TAICANG SHENG JIA MEDICAL EQUIPMENT SCIENCE AND TECHNOLOGY,unmatched,,,0,False,1,2015-03-10,2015-03-10,True,False,False,True,Devices
Tailstorm Health Inc,TAILSTORM HEALTH,unmatched,,,0,False,1,2025-04-08,2025-04-08,False,True,False,True,Drugs
"Taiwan Three Mast Pharmaceutical Co., Ltd.",TAIWAN THREE MAST PHARMACEUTICAL,unmatched,,,0,False,1,2012-12-18,2012-12-18,False,True,False,True,Drugs
"Taizhou Jingshang Cosmetics Technology Co., Ltd.",TAIZHOU JINGSHANG COSMETICS TECHNOLOGY,unmatched,,,0,False,1,2025-04-02,2025-04-02,False,True,False,True,Drugs
"Taizhou Kangping Medical Science And Technology Co., Ltd.",TAIZHOU KANGPING MEDICAL SCIENCE AND TECHNOLOGY,unmatched,,,0,False,1,2025-10-09,2025-10-09,False,True,False,True,Drugs
Talisman Limited,TALISMAN,unmatched,,,0,False,1,2010-03-11,2010-03-11,True,False,False,True,Devices
Tan Extreme Inc,TAN EXTREME,unmatched,,,0,False,1,2013-02-08,2013-02-08,True,False,False,True,Devices
Tan-Alize Kozmetik ve Temizlik Urunleri Sanayi ve Ticaret A.S.,TAN ALIZE KOZMETIK VE TEMIZLIK URUNLERI SANAYI VE TICARET A S,unmatched,,,0,False,1,2023-08-03,2023-08-03,False,True,False,True,Drugs
"Tango3, LLC",TANGO3,unmatched,,,0,False,1,2012-05-23,2012-05-23,True,False,False,True,Devices
"Tarmac Products, Inc.",TARMAC PRODUCTS,unmatched,,,0,False,2,2011-02-04,2020-11-10,False,True,False,True,Drugs
Tasty Hemp Oil,TASTY HEMP OIL,unmatched,,,0,False,1,2016-02-04,2016-02-04,False,True,False,True,Drugs
Tcmhelpme,TCMHELPME,unmatched,,,0,False,1,2009-07-22,2009-07-22,False,True,False,True,Drugs
"Tec Laboratories, Inc.",TEC LABORATORIES,unmatched,,,0,False,2,2011-04-18,2019-03-20,False,True,False,True,Drugs
Techlem Medical Corporation,TECHLEM MEDICAL,unmatched,,,0,False,2,2013-06-04,2023-12-26,True,False,False,True,Devices
"Techni Med, Inc. dba The Compounder",TECHNI MED COMPOUNDER,unmatched,,,0,False,1,2016-07-29,2016-07-29,False,True,False,True,Drugs
Technological Medical Advancements LLC,TECHNOLOGICAL MEDICAL ADVANCEMENTS,unmatched,,,0,False,1,2025-09-26,2025-09-26,True,False,False,True,Devices
Techtronic Industries (Dongguan) Co. Ltd.,TECHTRONIC INDUSTRIES DONGGUAN,unmatched,,,0,False,2,2011-04-22,2011-04-22,True,False,False,True,Devices
"Teco Diagnostics, Inc.",TECO DIAGNOSTICS,unmatched,,,0,False,1,2010-08-20,2010-08-20,True,False,False,True,Devices
Tecres S.p.A.,TECRES S P A,unmatched,,,0,False,1,2015-08-14,2015-08-14,True,False,False,True,Devices
Tecval Medical Sarl,TECVAL MEDICAL SARL,unmatched,,,0,False,1,2013-01-25,2013-01-25,True,False,False,True,Devices
"Tedec-Meiji Farma, S.A.",TEDEC MEIJI FARMA S A,unmatched,,,0,False,1,2012-04-24,2012-04-24,False,True,False,True,Drugs
Teh Lin Prosthetic & Orthopeadic Inc.,TEH LIN PROSTHETIC AND ORTHOPEADIC,unmatched,,,0,False,1,2011-12-23,2011-12-23,True,False,False,True,Devices
"Teligent Pharma, Inc.",TELIGENT PHARMA,unmatched,,,0,False,1,2019-11-26,2019-11-26,False,True,False,True,Drugs
Tender Corporation D/B/A Adventure Ready Brands,TENDER D B A ADVENTURE READY BRANDS,unmatched,,,0,False,1,2020-07-23,2020-07-23,False,True,False,True,Drugs
Tenderneeds Fertility LLC,TENDERNEEDS FERTILITY,unmatched,,,0,False,1,2020-04-13,2020-04-13,True,False,False,True,Devices
Teneo IRB,TENEO IRB,unmatched,,,0,False,1,2009-11-10,2009-11-10,False,False,True,True,Biologics
"Tenex Health, Inc.",TENEX HEALTH,unmatched,,,0,False,2,2009-03-16,2012-06-14,True,False,False,True,Devices
Teoxane S.A.,TEOXANE S A,unmatched,,,0,False,1,2013-04-19,2013-04-19,True,False,False,True,Devices
"Terry Yon & Associates, Inc. dba Tya Pharmaceuticals",TERRY YON AND ASSOCIATES TYA PHARMACEUTICALS,unmatched,,,0,False,1,2010-05-12,2010-05-12,False,True,False,True,Drugs
"Terumo BCT, Inc.",TERUMO BCT,unmatched,,,0,False,1,2011-03-18,2011-03-18,True,False,False,True,Devices
Terumo Medical Corporation,TERUMO MEDICAL,unmatched,,,0,False,1,2016-03-17,2016-03-17,True,False,False,True,Devices
"Terumo Medical Products (Hangzhou) Co., Ltd.",TERUMO MEDICAL PRODUCTS HANGZHOU,unmatched,,,0,False,1,2012-05-09,2012-05-09,True,False,False,True,Devices
"Tesla Biohealing, Inc.",TESLA BIOHEALING,unmatched,,,0,False,1,2023-08-10,2023-08-10,True,False,False,True,Devices
"Tetracore, Inc.",TETRACORE,unmatched,,,0,False,1,2009-12-01,2009-12-01,True,False,False,True,Devices
Teva Neuroscience,TEVA NEUROSCIENCE,unmatched,,,0,False,1,2012-03-14,2012-03-14,False,True,False,True,Drugs
"Teva Parenteral Medicines, Inc.",TEVA PARENTERAL MEDICINES,unmatched,,,0,False,1,2009-12-11,2009-12-11,False,True,False,True,Drugs
Teva Pharmaceutical Works Private Limited Company,TEVA PHARMACEUTICAL WORKS PRIVATE,unmatched,,,0,False,1,2016-10-13,2016-10-13,False,True,False,True,Drugs
Teva Puerto Rico LLC,TEVA PUERTO RICO,unmatched,,,0,False,1,2012-03-08,2012-03-08,False,True,False,True,Drugs
Texas Applied Biotechnology Research Review Committee,TEXAS APPLIED BIOTECHNOLOGY RESEARCH REVIEW COMMITTEE,unmatched,,,0,False,1,2012-09-24,2012-09-24,False,False,True,True,Biologics
Texas Biostetic Instruments,TEXAS BIOSTETIC INSTRUMENTS,unmatched,,,0,False,1,2015-10-28,2015-10-28,True,False,False,True,Devices
Texinkart Inc.,TEXINKART,unmatched,,,0,False,1,2026-06-17,2026-06-17,False,True,False,True,Drugs
"Thai Nakorn Patana Co., Ltd,",THAI NAKORN PATANA,unmatched,,,0,False,1,2024-02-27,2024-02-27,False,True,False,True,Drugs
"Thai Nippon Rubber Industry Co., Ltd.",THAI NIPPON RUBBER INDUSTRY,unmatched,,,0,False,1,2015-09-14,2015-09-14,True,False,False,True,Devices
That's Natural,THAT S NATURAL,unmatched,,,0,False,1,2017-10-31,2017-10-31,False,True,False,True,Drugs
The Avalon Effect,AVALON EFFECT,unmatched,,,0,False,1,2012-11-05,2012-11-05,True,False,False,True,Devices
The Body Bean LLC,BODY BEAN,unmatched,,,0,False,1,2023-02-06,2023-02-06,False,True,False,True,Drugs
"The CBD Store, LLC",CBD STORE,unmatched,,,0,False,1,2019-11-22,2019-11-22,False,True,False,True,Drugs
The Center for Fertility & Gynecology,CENTER FOR FERTILITY AND GYNECOLOGY,unmatched,,,0,False,1,2008-10-09,2008-10-09,False,False,True,True,Biologics
The Compounding Pharmacy,COMPOUNDING PHARMACY,unmatched,,,0,False,1,2020-06-05,2020-06-05,False,True,False,True,Drugs
"The Compounding Shop, Inc.",COMPOUNDING SHOP,unmatched,,,0,False,1,2014-08-12,2014-08-12,False,True,False,True,Drugs
"The Fertility Partnership, LLC",FERTILITY PARTNERSHIP,unmatched,,,0,False,1,2018-05-24,2018-05-24,False,False,True,True,Biologics
The Fluxion,FLUXION,unmatched,,,0,False,1,2025-12-16,2025-12-16,True,False,False,True,Devices
The Golden Road Kratom,GOLDEN ROAD KRATOM,unmatched,,,0,False,1,2020-05-15,2020-05-15,False,True,False,True,Drugs
The HCG Institute,HCG INSTITUTE,unmatched,,,0,False,1,2025-09-09,2025-09-09,False,True,False,True,Drugs
"The Judge Rotenberg Educational Center, Inc.",JUDGE ROTENBERG EDUCATIONAL CENTER,unmatched,,,0,False,1,2012-12-06,2012-12-06,True,False,False,True,Devices
The Lasik Vision Institute,LASIK VISION INSTITUTE,unmatched,,,0,False,1,2009-10-09,2009-10-09,True,False,False,True,Devices
"The Lebanon Corporation, Inc.",LEBANON,unmatched,,,0,False,1,2012-05-17,2012-05-17,True,False,False,True,Devices
"The Magni Group, Inc.",MAGNI,unmatched,,,0,False,1,2013-07-15,2013-07-15,False,True,False,True,Drugs
The One Minute Miracle Inc.,ONE MINUTE MIRACLE,unmatched,,,0,False,1,2015-12-11,2015-12-11,False,True,False,True,Drugs
The Peavey Corporation dba Lynn Peavey Co.,PEAVEY LYNN PEAVEY,unmatched,,,0,False,1,2011-01-24,2011-01-24,True,False,False,True,Devices
The Reynolds Office of Health and Nutrition,REYNOLDS OFFICE OF HEALTH AND NUTRITION,unmatched,,,0,False,1,2013-08-08,2013-08-08,True,False,False,True,Devices
The Richline Group Inc,RICHLINE,unmatched,,,0,False,1,2025-08-25,2025-08-25,True,False,False,True,Devices
The Secrets of Eden,SECRETS OF EDEN,unmatched,,,0,False,1,2009-05-05,2009-05-05,False,True,False,True,Drugs
The See Clear Company,SEE CLEAR,unmatched,,,0,False,1,2017-02-14,2017-02-14,True,False,False,True,Devices
"The Skin Atelier, Inc.",SKIN ATELIER,unmatched,,,0,False,1,2019-10-01,2019-10-01,False,True,False,True,Drugs
The Standing Company,STANDING,unmatched,,,0,False,2,2010-08-20,2013-05-07,True,False,False,True,Devices
The Utopia Group LLC,UTOPIA,unmatched,,,0,False,1,2014-05-21,2014-05-21,True,False,False,True,Devices
The Washington Hospital IRC,WASHINGTON HOSPITAL IRC,unmatched,,,0,False,1,2009-02-05,2009-02-05,False,False,True,True,Biologics
"The Wellness Center Pharmacy, Inc., dba Designer Drugs",WELLNESS CENTER PHARMACY DESIGNER DRUGS,unmatched,,,0,False,1,2016-08-05,2016-08-05,False,True,False,True,Drugs
The Wellness Pharmacy,WELLNESS PHARMACY,unmatched,,,0,False,1,2016-03-23,2016-03-23,False,True,False,True,Drugs
"Thea Pharma, Inc.",THEA PHARMA,unmatched,,,0,False,1,2025-07-09,2025-07-09,False,True,False,True,Drugs
Theoriginalhcgdrogs.com,THEORIGINALHCGDROGS COM,unmatched,,,0,False,1,2011-11-28,2011-11-28,False,True,False,True,Drugs
"Therasage, LLC.",THERASAGE,unmatched,,,0,False,1,2009-08-31,2009-08-31,True,False,False,True,Devices
"Thermasolutions, LLC",THERMASOLUTIONS,unmatched,,,0,False,1,2012-05-07,2012-05-07,True,False,False,True,Devices
Thermavis,THERMAVIS,unmatched,,,0,False,1,2021-03-04,2021-03-04,True,False,False,True,Devices
Thermedx LLC,THERMEDX,unmatched,,,0,False,1,2015-04-08,2015-04-08,True,False,False,True,Devices
Thermo Fisher Scientific Cork Limited,THERMO FISHER SCIENTIFIC CORK,unmatched,,,0,False,1,2014-03-18,2014-03-18,False,True,False,True,Drugs
Thermogram Assessment Services,THERMOGRAM ASSESSMENT SERVICES,unmatched,,,0,False,1,2016-11-10,2016-11-10,True,False,False,True,Devices
Thermography and Breast Health Center of Idaho,THERMOGRAPHY AND BREAST HEALTH CENTER OF IDAHO,unmatched,,,0,False,1,2009-10-26,2009-10-26,True,False,False,True,Devices
Thermoteknix System Limited,THERMOTEKNIX SYSTEM,unmatched,,,0,False,1,2021-03-04,2021-03-04,True,False,False,True,Devices
"Thibiant International, Inc.",THIBIANT,unmatched,,,0,False,1,2019-03-06,2019-03-06,False,True,False,True,Drugs
"Thomas E. Young, MD, LLC",THOMAS E YOUNG MD,unmatched,,,0,False,1,2012-04-20,2012-04-20,False,False,True,True,Biologics
"Thomas E. Young, MD, LLC dba Young Medical Spa",THOMAS E YOUNG MD YOUNG MEDICAL,unmatched,,,0,False,1,2012-04-20,2012-04-20,False,False,True,True,Biologics
Thomas Jefferson University Institutional Review Board,THOMAS JEFFERSON UNIVERSITY INSTITUTIONAL REVIEW BOARD,unmatched,,,0,False,1,2019-06-24,2019-06-24,False,False,True,True,Biologics
Thomas K Jones MD - Clinical Investigator,THOMAS K JONES MD CLINICAL INVESTIGATOR,unmatched,,,0,False,1,2009-07-01,2009-07-01,True,False,False,True,Devices
Thomas Meds,THOMAS MEDS,unmatched,,,0,False,1,2020-09-02,2020-09-02,False,True,False,True,Drugs
"Thomas S. Tooma, M.D.",THOMAS S TOOMA M D,unmatched,,,0,False,1,2015-11-02,2015-11-02,False,True,False,True,Drugs
Thorn Ford Dental Laboratory LLC,THORN FORD DENTAL LABORATORY,unmatched,,,0,False,1,2015-06-02,2015-06-02,True,False,False,True,Devices
Thrasio LLC,THRASIO,unmatched,,,0,False,1,2023-08-18,2023-08-18,False,True,False,True,Drugs
Three Rivers Pharmaceuticals LLC,THREE RIVERS PHARMACEUTICALS,unmatched,,,0,False,2,2011-03-21,2013-11-18,False,True,False,True,Drugs
"Thriftmaster Global Holdings, Inc.",THRIFTMASTER GLOBAL,unmatched,,,0,False,1,2022-12-05,2022-12-05,False,True,False,True,Drugs
"Thrive Health and Wellness, LLC, dba Thrive Health Solutions (Colorado)",THRIVE HEALTH AND WELLNESS THRIVE HEALTH SOLUTIONS COLORADO,unmatched,,,0,False,1,2026-02-09,2026-02-09,False,True,False,True,Drugs
"Thrive Health, LLC",THRIVE HEALTH,unmatched,,,0,False,1,2025-09-09,2025-09-09,False,True,False,True,Drugs
ThriveLab,THRIVELAB,unmatched,,,0,False,1,2026-06-08,2026-06-08,False,True,False,True,Drugs
ThyssenKrupp Access Corp,THYSSENKRUPP ACCESS,unmatched,,,0,False,1,2011-08-23,2011-08-23,True,False,False,True,Devices
"ThyssenKrupp Access Manufacturing, LLC",THYSSENKRUPP ACCESS MANUFACTURING,unmatched,,,0,False,1,2012-03-27,2012-03-27,True,False,False,True,Devices
"Tianjin Bolang Science-Technology Development Co., Ltd.",TIANJIN BOLANG SCIENCE TECHNOLOGY DEVELOPMENT,unmatched,,,0,False,1,2021-06-17,2021-06-17,True,False,False,True,Devices
"Tianjin Darentang Jingwanhong Pharmaceutical Co., Ltd.",TIANJIN DARENTANG JINGWANHONG PHARMACEUTICAL,unmatched,,,0,False,1,2024-10-30,2024-10-30,False,True,False,True,Drugs
"Tianjin New Bay Bioresearch Co., Ltd.",TIANJIN NEW BAY BIORESEARCH,unmatched,,,0,False,1,2014-07-28,2014-07-28,True,False,False,True,Devices
"Tianjin Zhongan Pharmaceutical Co., Ltd.",TIANJIN ZHONGAN PHARMACEUTICAL,unmatched,,,0,False,1,2014-06-10,2014-06-10,False,True,False,True,Drugs
Tiber Pharmaceuticals LLC,TIBER PHARMACEUTICALS,unmatched,,,0,False,1,2009-11-13,2009-11-13,False,True,False,True,Drugs
"Tiller MIND BODY, Inc.",TILLER MIND BODY,unmatched,,,0,False,1,2015-02-25,2015-02-25,True,False,False,True,Devices
"Time-Cap Laboratories, Inc.",TIME CAP LABORATORIES,unmatched,,,0,False,1,2009-04-10,2009-04-10,False,True,False,True,Drugs
"Timothy Summers, MD",TIMOTHY SUMMERS MD,unmatched,,,0,False,1,2010-02-04,2010-02-04,False,True,False,True,Drugs
Timpo Bioengineering Co Ltd,TIMPO BIOENGINEERING,unmatched,,,0,False,1,2015-07-31,2015-07-31,False,True,False,True,Drugs
"Tinnitus Control, Inc.",TINNITUS CONTROL,unmatched,,,0,False,1,2010-03-17,2010-03-17,True,False,False,True,Devices
Tismor Health and Wellness Pty Limited,TISMOR HEALTH AND WELLNESS PTY,unmatched,,,0,False,1,2020-01-15,2020-01-15,False,True,False,True,Drugs
Tissue Bank International/The National Eye Bank Center,TISSUE BANK NATIONAL EYE BANK CENTER,unmatched,,,0,False,1,2012-11-28,2012-11-28,False,False,True,True,Biologics
"Tissue Transplant Technology, Ltd.",TISSUE TRANSPLANT TECHNOLOGY,unmatched,,,0,False,1,2018-10-30,2018-10-30,False,False,True,True,Biologics
Titan SARMS LLC,TITAN SARMS,unmatched,,,0,False,1,2025-12-12,2025-12-12,False,True,False,True,Drugs
Tktx Numb Store,TKTX NUMB STORE,unmatched,,,0,False,1,2025-02-25,2025-02-25,False,True,False,True,Drugs
Tktx Numbing Cream USA,TKTX NUMBING CREAM,unmatched,,,0,False,1,2025-02-25,2025-02-25,False,True,False,True,Drugs
Tktx Store,TKTX STORE,unmatched,,,0,False,1,2025-02-25,2025-02-25,False,True,False,True,Drugs
Tktx USA,TKTX,unmatched,,,0,False,1,2025-02-25,2025-02-25,False,True,False,True,Drugs
Tlc Eye Care - Lansing,TLC EYE CARE LANSING,unmatched,,,0,False,1,2009-10-30,2009-10-30,True,False,False,True,Devices
"Toby's Nose Filters, Inc.",TOBY S NOSE FILTERS,unmatched,,,0,False,1,2010-05-25,2010-05-25,True,False,False,True,Devices
"Tom's of Maine, Inc.",TOM S OF MAINE,unmatched,,,0,False,1,2024-11-05,2024-11-05,False,True,False,True,Drugs
Tombigbee Healthcare Authority Operating BWWMH,TOMBIGBEE HEALTHCARE AUTHORITY OPERATING BWWMH,unmatched,,,0,False,1,2011-04-25,2011-04-25,True,False,False,True,Devices
"TomboyX, PBC",TOMBOYX PBC,unmatched,,,0,False,1,2025-12-16,2025-12-16,True,False,False,True,Devices
Tonic Therapeutic Herb Shop & Elixir Bar,TONIC THERAPEUTIC HERB SHOP AND ELIXIR BAR,unmatched,,,0,False,1,2020-09-29,2020-09-29,False,True,False,True,Drugs
Tonica Elektronik A/S,TONICA ELEKTRONIK A S,unmatched,,,0,False,1,2012-11-06,2012-11-06,True,False,False,True,Devices
"Top Surgeons, LLC",TOP SURGEONS,unmatched,,,0,False,1,2011-12-09,2011-12-09,True,False,False,True,Devices
TopLife International,TOPLIFE,unmatched,,,0,False,1,2015-10-15,2015-10-15,False,True,False,True,Drugs
Topco Associates LLC,TOPCO ASSOCIATES,unmatched,,,0,False,1,2013-09-19,2013-09-19,False,True,False,True,Drugs
Topcon Corporation,TOPCON,unmatched,,,0,False,1,2011-10-12,2011-10-12,True,False,False,True,Devices
"Topspins, Inc.",TOPSPINS,unmatched,,,0,False,1,2014-11-06,2014-11-06,True,False,False,True,Devices
Torrent Pharmaceuticals Limited,TORRENT PHARMACEUTICALS,unmatched,,,0,False,1,2019-10-08,2019-10-08,False,True,False,True,Drugs
Tosoh Bioscience Inc,TOSOH BIOSCIENCE,unmatched,,,0,False,2,2011-01-18,2016-08-05,True,False,False,True,Devices
"Total Pharmacy Services, Inc.",TOTAL PHARMACY SERVICES,unmatched,,,0,False,1,2014-02-24,2014-02-24,False,True,False,True,Drugs
"Total Thermal Imaging, Inc.",TOTAL THERMAL IMAGING,unmatched,,,0,False,1,2019-02-22,2019-02-22,True,False,False,True,Devices
Tower Laboratories Ltd.,TOWER LABORATORIES,unmatched,,,0,False,1,2025-12-23,2025-12-23,False,True,False,True,Drugs
"Town and Country Compounding and Consultation Services, LLC",TOWN AND COUNTRY COMPOUNDING AND CONSULTATION SERVICES,unmatched,,,0,False,1,2017-10-17,2017-10-17,False,True,False,True,Drugs
"Toxin Technology, Inc.",TOXIN TECHNOLOGY,unmatched,,,0,False,1,2011-02-08,2011-02-08,False,True,False,True,Drugs
Toyobo Co. Ltd.,TOYOBO,unmatched,,,0,False,1,2021-08-19,2021-08-19,False,True,False,True,Drugs
Tra & Accessories,TRA AND ACCESSORIES,unmatched,,,0,False,1,2011-02-01,2011-02-01,True,False,False,True,Devices
Trans-Missie B.V.,TRANS MISSIE B V,unmatched,,,0,False,1,2025-12-16,2025-12-16,True,False,False,True,Devices
TransOx Inc.,TRANSOX,unmatched,,,0,False,1,2015-06-08,2015-06-08,False,True,False,True,Drugs
Transdermal Cap Inc.,TRANSDERMAL CAP,unmatched,,,0,False,1,2015-08-10,2015-08-10,True,False,False,True,Devices
Transonic Systems Inc,TRANSONIC SYSTEMS,unmatched,,,0,False,1,2013-06-19,2013-06-19,True,False,False,True,Devices
Trask & Roth Research and Manufacturing,TRASK AND ROTH RESEARCH AND MANUFACTURING,unmatched,,,0,False,1,2020-10-05,2020-10-05,True,False,False,True,Devices
"Tresmonet Technologies, Inc.",TRESMONET TECHNOLOGIES,unmatched,,,0,False,1,2021-03-25,2021-03-25,True,False,False,True,Devices
Trew Balance,TREW BALANCE,unmatched,,,0,False,1,2025-08-25,2025-08-25,False,True,False,True,Drugs
"TreyMed, Inc.",TREYMED,unmatched,,,0,False,1,2015-01-09,2015-01-09,True,False,False,True,Devices
Tri-Coast Pharmacy,TRI COAST PHARMACY,unmatched,,,0,False,1,2018-08-20,2018-08-20,False,True,False,True,Drugs
Tri-Med Laboratories Inc,TRI MED LABORATORIES,unmatched,,,0,False,1,2010-02-23,2010-02-23,False,True,False,True,Drugs
"Tri-Med, Inc. dba Advanced Care Infusion-Shelby",TRI MED ADVANCED CARE INFUSION SHELBY,unmatched,,,0,False,1,2015-12-18,2015-12-18,False,True,False,True,Drugs
TriMed Inc.,TRIMED,unmatched,,,0,False,1,2016-06-30,2016-06-30,True,False,False,True,Devices
"Triad Rx, Inc",TRIAD RX,unmatched,,,0,False,1,2019-02-05,2019-02-05,False,True,False,True,Drugs
Triangle Compounding Pharmacy Inc,TRIANGLE COMPOUNDING PHARMACY,unmatched,,,0,False,2,2014-01-14,2015-11-02,False,True,False,True,Drugs
"Tricol Biomedical, Inc.",TRICOL BIOMEDICAL,unmatched,,,0,False,1,2014-05-20,2014-05-20,True,False,False,True,Devices
Trifarma S.p.A.,TRIFARMA S P A,unmatched,,,0,False,1,2014-07-07,2014-07-07,False,True,False,True,Drugs
"Trilliant Surgical, LLC",TRILLIANT SURGICAL,unmatched,,,0,False,1,2010-05-03,2010-05-03,True,False,False,True,Devices
"Trilogy Laboratories, LLC",TRILOGY LABORATORIES,unmatched,,,0,False,1,2020-03-09,2020-03-09,False,True,False,True,Drugs
Trinity Health Michigan Regional IRB #4,TRINITY HEALTH MICHIGAN REGIONAL IRB 4,unmatched,,,0,False,2,2013-08-01,2015-09-15,True,False,False,True,Devices
Trinity Healthcare Supply LLC,TRINITY HEALTHCARE SUPPLY,unmatched,,,0,False,1,2026-06-08,2026-06-08,False,True,False,True,Drugs
Trinity Natural Health and Pain Management Inc.,TRINITY NATURAL HEALTH AND PAIN MANAGEMENT,unmatched,,,0,False,1,2021-04-13,2021-04-13,False,True,False,True,Drugs
Tris Pharma Inc.,TRIS PHARMA,unmatched,,,0,False,1,2018-03-28,2018-03-28,False,True,False,True,Drugs
Trokamed GmbH,TROKAMED,unmatched,,,0,False,1,2013-11-22,2013-11-22,True,False,False,True,Devices
"Trone Health Services, Inc.",TRONE HEALTH SERVICES,unmatched,,,0,False,1,2017-03-22,2017-03-22,False,True,False,True,Drugs
"Tropical Seas, Inc.",TROPICAL SEAS,unmatched,,,0,False,1,2019-05-15,2019-05-15,False,True,False,True,Drugs
"Tropicosmeticos, S.A. de C.V.",TROPICOSMETICOS S A DE C V,unmatched,,,0,False,1,2021-08-10,2021-08-10,False,True,False,True,Drugs
Troy Innovative Instruments Inc,TROY INNOVATIVE INSTRUMENTS,unmatched,,,0,False,1,2015-09-01,2015-09-01,True,False,False,True,Devices
"True Chemical Solutions, LLC",TRUE CHEMICAL SOLUTIONS,unmatched,,,0,False,1,2021-09-29,2021-09-29,False,True,False,True,Drugs
Trust Labs,TRUST LABS,unmatched,,,0,False,1,2025-09-09,2025-09-09,False,True,False,True,Drugs
Try Nova,TRY NOVA,unmatched,,,0,False,1,2025-09-09,2025-09-09,False,True,False,True,Drugs
Tubilux Pharma Spa,TUBILUX PHARMA,unmatched,,,0,False,1,2017-07-06,2017-07-06,False,True,False,True,Drugs
Turbare Manufacturing,TURBARE MANUFACTURING,unmatched,,,0,False,1,2025-09-16,2025-09-16,False,True,False,True,Drugs
Turkuaz Saglik Hizmetleri Medikal Temizlik Kim. Ur. San. ve Tic. A.S.,TURKUAZ SAGLIK HIZMETLERI MEDIKAL TEMIZLIK KIM UR SAN VE TIC A S,unmatched,,,0,False,1,2022-12-29,2022-12-29,True,False,False,True,Devices
"Tuyo Health, Inc.",TUYO HEALTH,unmatched,,,0,False,1,2025-09-09,2025-09-09,False,True,False,True,Drugs
Tyche Industries Ltd.,TYCHE INDUSTRIES,unmatched,,,0,False,1,2025-02-06,2025-02-06,False,True,False,True,Drugs
Tyco Healthcare Canada,TYCO HEALTHCARE CANADA,unmatched,,,0,False,1,2011-02-14,2011-02-14,True,False,False,True,Devices
"Tyrone McCall, M.D.",TYRONE MCCALL M D,unmatched,,,0,False,1,2023-03-22,2023-03-22,False,True,False,True,Drugs
Tytan Medical Corp. Shanghai,TYTAN MEDICAL SHANGHAI,unmatched,,,0,False,1,2011-02-18,2011-02-18,True,False,False,True,Devices
"U.S. Continental Marketing, Inc.",U S CONTINENTAL MARKETING,unmatched,,,0,False,1,2019-05-02,2019-05-02,False,True,False,True,Drugs
"U.S. Infusion, LLC",U S INFUSION,unmatched,,,0,False,1,2014-11-24,2014-11-24,True,False,False,True,Devices
U.S.A Far Ocean Group Llc,U S A FAR OCEAN,unmatched,,,0,False,1,2012-10-24,2012-10-24,False,True,False,True,Drugs
UCSF Radiopharmaceutical Facility,UCSF RADIOPHARMACEUTICAL FACILITY,unmatched,,,0,False,1,2026-04-13,2026-04-13,False,True,False,True,Drugs
"ULTRAtab Laboratories, Inc",ULTRATAB LABORATORIES,unmatched,,,0,False,1,2022-03-14,2022-03-14,False,True,False,True,Drugs
"ULTRAtab Laboratories, Inc.",ULTRATAB LABORATORIES,unmatched,,,0,False,1,2022-03-14,2022-03-14,False,True,False,True,Drugs
UMENDRA LIFE SCIENCES PRIVATE LIMITED,UMENDRA LIFE SCIENCES PRIVATE,unmatched,,,0,False,1,2026-06-02,2026-06-02,False,True,False,True,Drugs
"UNAM, Facultad De Estudios Superiores Cuantitlan",UNAM FACULTAD DE ESTUDIOS SUPERIORES CUANTITLAN,unmatched,,,0,False,1,2012-03-27,2012-03-27,False,True,False,True,Drugs
UNIUNI JFK,UNIUNI JFK,unmatched,,,0,False,1,2025-07-29,2025-07-29,False,True,False,True,Drugs
UP Health System Marquette IRB,UP HEALTH SYSTEM MARQUETTE IRB,unmatched,,,0,False,1,2011-01-18,2011-01-18,True,False,False,True,Devices
UPSY LLC,UPSY,unmatched,,,0,False,1,2022-03-28,2022-03-28,False,True,False,True,Drugs
UROMATRIX Medical Systems (A Pos-T-Vac Medical Company),UROMATRIX MEDICAL SYSTEMS A POS T VAC MEDICAL,unmatched,,,0,False,1,2011-04-06,2011-04-06,True,False,False,True,Devices
US Chem Labs,CHEM LABS,unmatched,,,0,False,1,2024-02-07,2024-02-07,False,True,False,True,Drugs
US Compounding Inc,COMPOUNDING,unmatched,,,0,False,1,2017-10-10,2017-10-10,False,True,False,True,Drugs
US Specialty Formulations LLC,SPECIALTY FORMULATIONS,unmatched,,,0,False,2,2016-09-30,2023-07-26,False,True,False,True,Drugs
"US Stem Cell Clinic, LLC",STEM CELL CLINIC,unmatched,,,0,False,1,2017-08-24,2017-08-24,False,False,True,True,Biologics
"US Vascular, Inc.",VASCULAR,unmatched,,,0,False,1,2018-06-07,2018-06-07,True,False,False,True,Devices
"USA Medical, LLC",MEDICAL,unmatched,,,0,False,1,2022-08-03,2022-08-03,True,False,False,True,Devices
USARxMedicine,USARXMEDICINE,unmatched,,,0,False,1,2020-10-01,2020-10-01,False,True,False,True,Drugs
"USH Diagnostics, Inc.",USH DIAGNOSTICS,unmatched,,,0,False,1,2021-07-09,2021-07-09,True,False,False,True,Devices
USHIO GERMANY GmbH,USHIO GERMANY,unmatched,,,0,False,1,2019-12-04,2019-12-04,True,False,False,True,Devices
USV Private Limited,USV PRIVATE,unmatched,,,0,False,2,2014-02-06,2017-03-10,False,True,False,True,Drugs
UV Flu Technologies Inc.,UV FLU TECHNOLOGIES,unmatched,,,0,False,1,2010-04-20,2010-04-20,True,False,False,True,Devices
"UVHealth Direct, LLC",UVHEALTH DIRECT,unmatched,,,0,False,1,2009-06-04,2009-06-04,True,False,False,True,Devices
Ulrich Gmbh & Co. KG,ULRICH AND KG,unmatched,,,0,False,1,2013-08-15,2013-08-15,True,False,False,True,Devices
Ultimark Products LLC,ULTIMARK PRODUCTS,unmatched,,,0,False,1,2022-04-13,2022-04-13,False,True,False,True,Drugs
Ultimate Weight Loss Co.,ULTIMATE WEIGHT LOSS,unmatched,,,0,False,1,2016-04-14,2016-04-14,False,True,False,True,Drugs
Ultra Chem Labs Corp,ULTRA CHEM LABS,unmatched,,,0,False,1,2022-12-21,2022-12-21,False,True,False,True,Drugs
Ultra Seal Corporation,ULTRA SEAL,unmatched,,,0,False,1,2022-03-14,2022-03-14,False,True,False,True,Drugs
UltraRad Corporation,ULTRARAD,unmatched,,,0,False,1,2009-05-29,2009-05-29,True,False,False,True,Devices
"Ultradent Products, Inc.",ULTRADENT PRODUCTS,unmatched,,,0,False,1,2014-03-17,2014-03-17,True,False,False,True,Devices
"Ultroid Technologies, Inc.",ULTROID TECHNOLOGIES,unmatched,,,0,False,1,2015-08-27,2015-08-27,True,False,False,True,Devices
"Unetixs Vascular, Inc.",UNETIXS VASCULAR,unmatched,,,0,False,3,2017-04-25,2026-04-16,True,False,False,True,Devices
Unexo Life Sciences Private Limited,UNEXO LIFE SCIENCES PRIVATE,unmatched,,,0,False,1,2024-11-06,2024-11-06,False,True,False,True,Drugs
Unimark Remedies Limited,UNIMARK REMEDIES,unmatched,,,0,False,1,2016-08-12,2016-08-12,False,True,False,True,Drugs
Unimark Remedies Ltd.,UNIMARK REMEDIES,unmatched,,,0,False,1,2015-09-29,2015-09-29,False,True,False,True,Drugs
"Unimicro Medical Systems (Shenzhen) Co., Ltd.",UNIMICRO MEDICAL SYSTEMS SHENZHEN,unmatched,,,0,False,1,2022-01-07,2022-01-07,True,False,False,True,Devices
Union Springs Pharmaceuticals,UNION SPRINGS PHARMACEUTICALS,unmatched,,,0,False,2,2009-05-27,2011-05-23,True,True,False,True,Devices; Drugs
"Union Springs Pharmaceuticals, Llc",UNION SPRINGS PHARMACEUTICALS,unmatched,,,0,False,1,2011-05-23,2011-05-23,False,True,False,True,Drugs
Union Square Medical Imaging & Mammography,UNION SQUARE MEDICAL IMAGING AND MAMMOGRAPHY,unmatched,,,0,False,1,2014-08-08,2014-08-08,True,False,False,True,Devices
Unipack LLC,UNIPACK,unmatched,,,0,False,2,2019-06-06,2025-12-19,False,True,False,True,Drugs
Unisis Corp.,UNISIS,unmatched,,,0,False,1,2012-09-07,2012-09-07,True,False,False,True,Devices
"Unisource, Inc.",UNISOURCE,unmatched,,,0,False,1,2010-02-24,2010-02-24,False,True,False,True,Drugs
"Unit Dose Services, LLC",UNIT DOSE SERVICES,unmatched,,,0,False,1,2022-10-17,2022-10-17,False,True,False,True,Drugs
"United Bio Research, Inc.",UNITED BIO RESEARCH,unmatched,,,0,False,1,2015-09-14,2015-09-14,True,False,False,True,Devices
"United Contact Lens, Inc.",UNITED CONTACT LENS,unmatched,,,0,False,2,2011-09-09,2016-11-30,True,False,False,True,Devices
United Exchange Corporation,UNITED EXCHANGE,unmatched,,,0,False,2,2018-10-29,2019-03-06,False,True,False,True,Drugs
United Pharmacy,UNITED PHARMACY,unmatched,,,0,False,1,2019-02-11,2019-02-11,False,True,False,True,Drugs
"University Fertility Laboratory, Inc.",UNIVERSITY FERTILITY LABORATORY,unmatched,,,0,False,1,2019-05-30,2019-05-30,False,False,True,True,Biologics
University Of Colorado Hospital Clinical Laboratory,UNIVERSITY OF COLORADO HOSPITAL CLINICAL LABORATORY,unmatched,,,0,False,1,2008-12-23,2008-12-23,False,False,True,True,Biologics
"University Rx Specialist, dba University Compounding Pharmacy",UNIVERSITY RX SPECIALIST UNIVERSITY COMPOUNDING PHARMACY,unmatched,,,0,False,1,2016-09-28,2016-09-28,False,True,False,True,Drugs
University of Berkley,UNIVERSITY OF BERKLEY,unmatched,,,0,False,1,2013-02-06,2013-02-06,False,False,True,True,Biologics
University of Kentucky,UNIVERSITY OF KENTUCKY,unmatched,,,0,False,1,2020-03-26,2020-03-26,True,False,False,True,Devices
University of Miami Infertility Center,UNIVERSITY OF MIAMI INFERTILITY CENTER,unmatched,,,0,False,1,2018-12-03,2018-12-03,False,False,True,True,Biologics
Unknown IMF,UNKNOWN IMF,unmatched,,,0,False,2,2015-07-31,2016-05-06,False,True,False,True,Drugs
Unomedical Device S.A. de C.V.,UNOMEDICAL DEVICE S A DE C V,unmatched,,,0,False,1,2026-01-07,2026-01-07,True,False,False,True,Devices
Unomedical s.r.o.,UNOMEDICAL S R O,unmatched,,,0,False,1,2014-06-24,2014-06-24,True,False,False,True,Devices
UpSpring LLC,UPSPRING,unmatched,,,0,False,1,2012-04-06,2012-04-06,True,False,False,True,Devices
Urban Electric Power,URBAN ELECTRIC POWER,unmatched,,,0,False,1,2022-12-27,2022-12-27,False,True,False,True,Drugs
"Uriel Pharmacy, Inc",URIEL PHARMACY,unmatched,,,0,False,2,2011-08-18,2025-10-21,False,True,False,True,Drugs
Uscom Kft,USCOM KFT,unmatched,,,0,False,1,2025-07-28,2025-07-28,True,False,False,True,Devices
Usine Rotec Inc,USINE ROTEC,unmatched,,,0,False,1,2013-01-07,2013-01-07,True,False,False,True,Devices
Utah Cord Bank LLC,UTAH CORD BANK,unmatched,,,0,False,2,2021-05-11,2021-08-10,False,False,True,True,Biologics
"V-SAB Medical Labs, Inc.",V SAB MEDICAL LABS,unmatched,,,0,False,1,2013-05-07,2013-05-07,False,True,False,True,Drugs
VBM Medizintechnik GmbH,VBM MEDIZINTECHNIK,unmatched,,,0,False,1,2010-12-07,2010-12-07,True,False,False,True,Devices
VE Valley Electronics GmbH,VE VALLEY ELECTRONICS,unmatched,,,0,False,2,2010-12-06,2013-03-01,True,False,False,True,Devices
"VIANT COSTA RICA, S.A.",VIANT COSTA RICA S A,unmatched,,,0,False,1,2014-07-01,2014-07-01,True,False,False,True,Devices
VIBRANT HEALTH CARE INC,VIBRANT HEALTH CARE,unmatched,,,0,False,1,2020-11-18,2020-11-18,False,False,True,True,Biologics
VIOS,VIOS,unmatched,,,0,False,1,2017-07-06,2017-07-06,False,False,True,True,Biologics
VIRGIN SCENT INC,VIRGIN SCENT,unmatched,,,0,False,1,2022-09-01,2022-09-01,False,True,False,True,Drugs
VITAMINVAPE INC,VITAMINVAPE,unmatched,,,0,False,1,2021-12-01,2021-12-01,False,True,False,True,Drugs
VITANG TECHNOLOGY LLC,VITANG TECHNOLOGY,unmatched,,,0,False,1,2023-06-12,2023-06-12,True,False,False,True,Devices
VP Pharmacy Partners LLC,VP PHARMACY PARTNERS,unmatched,,,0,False,1,2015-12-18,2015-12-18,False,True,False,True,Drugs
VUAB Pharma a.s.,VUAB PHARMA A S,unmatched,,,0,False,2,2015-05-27,2015-05-27,False,True,False,True,Drugs; Veterinary
"VWR Chemicals, Llc",VWR CHEMICALS,unmatched,,,0,False,1,2013-02-26,2013-02-26,True,False,False,True,Devices
Vacation Inc.,VACATION,unmatched,,,0,False,1,2025-08-06,2025-08-06,False,True,False,True,Drugs
Valeant Amsterdam Logistics Center,VALEANT AMSTERDAM LOGISTICS CENTER,unmatched,,,0,False,1,2012-06-11,2012-06-11,True,False,False,True,Devices
"Valencia Ambulatory Surgery Center, LLC",VALENCIA AMBULATORY SURGERY CENTER,unmatched,,,0,False,1,2011-12-09,2011-12-09,True,False,False,True,Devices
Valens Molecules Private Limited,VALENS MOLECULES PRIVATE,unmatched,,,0,False,1,2013-08-02,2013-08-02,False,True,False,True,Drugs
Valgene Incorporated dba Cape Drugs,VALGENE CAPE DRUGS,unmatched,,,0,False,1,2016-08-12,2016-08-12,False,True,False,True,Drugs
Valley Biosystems,VALLEY BIOSYSTEMS,unmatched,,,0,False,1,2022-08-03,2022-08-03,False,False,True,True,Biologics
Valley Health/Winchester Medical Center IRB,VALLEY HEALTH WINCHESTER MEDICAL CENTER IRB,unmatched,,,0,False,1,2013-05-09,2013-05-09,True,False,False,True,Devices
Valley Surgical Center,VALLEY SURGICAL CENTER,unmatched,,,0,False,1,2011-12-09,2011-12-09,True,False,False,True,Devices
Valor Medical Inc,VALOR MEDICAL,unmatched,,,0,False,1,2011-03-24,2011-03-24,True,False,False,True,Devices
Vanderveer Center,VANDERVEER CENTER,unmatched,,,0,False,1,2010-11-18,2010-11-18,False,True,False,True,Drugs
Vann Healthcare Services Inc,VANN HEALTHCARE SERVICES,unmatched,,,0,False,1,2015-04-29,2015-04-29,False,True,False,True,Drugs
"Vapore, LLC",VAPORE,unmatched,,,0,False,1,2020-07-30,2020-07-30,False,True,False,True,Drugs
Varigard LLC,VARIGARD,unmatched,,,0,False,1,2021-12-29,2021-12-29,False,True,False,True,Drugs
VarunKart Group LLC,VARUNKART,unmatched,,,0,False,1,2025-11-17,2025-11-17,False,True,False,True,Drugs
Vasyl Melnyk,VASYL MELNYK,unmatched,,,0,False,1,2021-12-21,2021-12-21,False,True,False,True,Drugs
Vaughn H Mancha Jr M D,VAUGHN H MANCHA JR M D,unmatched,,,0,False,1,2011-02-17,2011-02-17,False,True,False,True,Drugs
"Vaya Pharma, Inc.",VAYA PHARMA,unmatched,,,0,False,1,2017-05-04,2017-05-04,False,True,False,True,Drugs
Vedic Lifesciences Pvt Ltd,VEDIC LIFESCIENCES,unmatched,,,0,False,1,2026-03-09,2026-03-09,False,True,False,True,Drugs
Vega Life Sciences,VEGA LIFE SCIENCES,unmatched,,,0,False,1,2020-06-17,2020-06-17,False,True,False,True,Drugs
Vega Technologies Inc.,VEGA TECHNOLOGIES,unmatched,,,0,False,2,2011-11-07,2025-02-07,True,False,False,True,Devices
Veganic SKN Limited,VEGANIC SKN,unmatched,,,0,False,1,2026-02-09,2026-02-09,False,True,False,True,Drugs
Vegewax Candleworx Ltd.,VEGEWAX CANDLEWORX,unmatched,,,0,False,1,2024-06-14,2024-06-14,False,True,False,True,Drugs
Veinwave Ltd,VEINWAVE,unmatched,,,0,False,1,2014-05-12,2014-05-12,True,False,False,True,Devices
Velocity Pharma LLC,VELOCITY PHARMA,unmatched,,,0,False,2,2011-06-24,2024-07-17,False,True,False,True,Drugs; Food/Cosmetics
Veolia Water Treatment & Solutions,VEOLIA WATER TREATMENT AND SOLUTIONS,unmatched,,,0,False,1,2009-05-20,2009-05-20,True,False,False,True,Devices
"Verde Cosmetic Labs, LLC",VERDE COSMETIC LABS,unmatched,,,0,False,1,2022-03-31,2022-03-31,False,True,False,True,Drugs
"Verdure Sciences, Inc.",VERDURE SCIENCES,unmatched,,,0,False,1,2025-11-10,2025-11-10,False,True,False,True,Drugs
"Verichem Laboratories, Inc.",VERICHEM LABORATORIES,unmatched,,,0,False,2,2010-12-16,2015-02-04,True,False,False,True,Devices
Veronvy,VERONVY,unmatched,,,0,False,1,2024-12-10,2024-12-10,False,True,False,True,Drugs
"Vertebral Technologies, Inc.",VERTEBRAL TECHNOLOGIES,unmatched,,,0,False,1,2015-09-04,2015-09-04,True,False,False,True,Devices
"VertiFlex, Inc.",VERTIFLEX,unmatched,,,0,False,1,2010-07-14,2010-07-14,True,False,False,True,Devices
"Vertical Pharmaceuticals, LLC",VERTICAL PHARMACEUTICALS,unmatched,,,0,False,2,2010-02-18,2017-05-10,False,True,False,True,Drugs
Vevazz LLC,VEVAZZ,unmatched,,,0,False,1,2019-12-26,2019-12-26,True,False,False,True,Devices
Vibracare Gmbh,VIBRACARE,unmatched,,,0,False,1,2015-04-17,2015-04-17,True,False,False,True,Devices
"Vibrant Health Store, LLC",VIBRANT HEALTH STORE,unmatched,,,0,False,1,2017-04-17,2017-04-17,False,True,False,True,Drugs
Victory Pharma Inc,VICTORY PHARMA,unmatched,,,0,False,1,2009-11-13,2009-11-13,False,True,False,True,Drugs
"Vida International, Inc.",VIDA,unmatched,,,0,False,1,2019-05-29,2019-05-29,False,True,False,True,Drugs
"Vidco, Inc.",VIDCO,unmatched,,,0,False,1,2017-05-05,2017-05-05,True,False,False,True,Devices
Viera Fertility Center,VIERA FERTILITY CENTER,unmatched,,,0,False,1,2010-01-26,2010-01-26,False,False,True,True,Biologics
Vikshara Trading & Investment Ltd.,VIKSHARA TRADING AND INVESTMENT,unmatched,,,0,False,1,2017-04-28,2017-04-28,False,True,False,True,Drugs
"Vilex in Tennessee, Inc.",VILEX IN TENNESSEE,unmatched,,,0,False,1,2018-01-10,2018-01-10,True,False,False,True,Devices
"Village Fertility Pharmacy, Inc.",VILLAGE FERTILITY PHARMACY,unmatched,,,0,False,1,2014-02-28,2014-02-28,False,True,False,True,Drugs
Village Pharmacy,VILLAGE PHARMACY,unmatched,,,0,False,1,2017-07-24,2017-07-24,False,True,False,True,Drugs
Vilvet Pharmaceuticals Inc.,VILVET PHARMACEUTICALS,unmatched,,,0,False,1,2019-02-25,2019-02-25,False,True,False,True,Drugs
"Vincent Medical (Dong Guan) Manufacturing Co., Ltd.",VINCENT MEDICAL DONG GUAN MANUFACTURING,unmatched,,,0,False,1,2013-09-05,2013-09-05,True,False,False,True,Devices
"Vintage Chemical, Inc.",VINTAGE CHEMICAL,unmatched,,,0,False,1,2024-03-27,2024-03-27,False,True,False,True,Drugs
Vintage Pharmaceuticals LLC dba Qualitest Pharmaceuticals,VINTAGE PHARMACEUTICALS QUALITEST PHARMACEUTICALS,unmatched,,,0,False,1,2012-10-02,2012-10-02,False,True,False,True,Drugs
Vipamat SAS,VIPAMAT SAS,unmatched,,,0,False,1,2011-05-26,2011-05-26,True,False,False,True,Devices
Vipor Chemicals Private Ltd.,VIPOR CHEMICALS PRIVATE,unmatched,,,0,False,1,2019-01-29,2019-01-29,False,True,False,True,Drugs
Viraban,VIRABAN,unmatched,,,0,False,1,2009-09-14,2009-09-14,False,True,False,True,Drugs
Viral Defender,VIRAL DEFENDER,unmatched,,,0,False,1,2009-05-14,2009-05-14,True,False,False,True,Devices
Viraldine LLC,VIRALDINE,unmatched,,,0,False,1,2022-03-07,2022-03-07,False,True,False,True,Drugs
"Virendra M. Desai, M.D.",VIRENDRA M DESAI M D,unmatched,,,0,False,1,2009-03-02,2009-03-02,False,True,False,True,Drugs
Virginia Center for Reproductive Medicine,VIRGINIA CENTER FOR REPRODUCTIVE MEDICINE,unmatched,,,0,False,2,2013-09-10,2019-07-01,False,False,True,True,Biologics
"Virtual Sun, LLC",VIRTUAL SUN,unmatched,,,0,False,1,2013-10-09,2013-10-09,True,False,False,True,Devices
"Vision Care Holdings, Inc dba The LASIK Vision Institute",VISION CARE LASIK VISION INSTITUTE,unmatched,,,0,False,1,2010-04-20,2010-04-20,True,False,False,True,Devices
"Vision Pharma, Llc",VISION PHARMA,unmatched,,,0,False,1,2010-04-29,2010-04-29,False,True,False,True,Drugs
"Vision Precision Holdings, LLC",VISION PRECISION,unmatched,,,0,False,1,2010-04-20,2010-04-20,True,False,False,True,Devices
Vision RT Ltd,VISION RT,unmatched,,,0,False,1,2013-08-16,2013-08-16,True,False,False,True,Devices
"Visionary Contact Lens, Inc.",VISIONARY CONTACT LENS,unmatched,,,0,False,1,2015-04-03,2015-04-03,True,False,False,True,Devices
"Visionary Optics, LLC",VISIONARY OPTICS,unmatched,,,0,False,1,2009-02-02,2009-02-02,True,False,False,True,Devices
Vista Pharmaceuticals Limited,VISTA PHARMACEUTICALS,unmatched,,,0,False,2,2015-06-22,2017-07-05,False,True,False,True,Drugs
"Vita Pharmacy, LLC dba Talon Compounding Pharmacy",VITA PHARMACY TALON COMPOUNDING PHARMACY,unmatched,,,0,False,1,2017-10-03,2017-10-03,False,True,False,True,Drugs
"VitaCig, Inc.",VITACIG,unmatched,,,0,False,1,2021-12-01,2021-12-01,False,True,False,True,Drugs
"Vitae Enim Vitae Scientific, Inc.",VITAE ENIM VITAE SCIENTIFIC,unmatched,,,0,False,1,2022-03-17,2022-03-17,False,True,False,True,Drugs
"Vital Care Compounder, Inc",VITAL CARE COMPOUNDER,unmatched,,,0,False,3,2017-08-09,2023-06-06,False,True,False,True,Drugs
Vital Laboratories Pvt Ltd Plant II,VITAL LABORATORIES PLANT II,unmatched,,,0,False,1,2017-10-11,2017-10-11,False,True,False,True,Drugs
"Vital Rx, Inc. dba Atlantic Pharmacy and Compounding",VITAL RX ATLANTIC PHARMACY AND COMPOUNDING,unmatched,,,0,False,1,2018-09-26,2018-09-26,False,True,False,True,Drugs
"Vital Signs Devices, a GE Healthcare Company",VITAL SIGNS DEVICES A GE HEALTHCARE,unmatched,,,0,False,1,2008-12-01,2008-12-01,True,False,False,True,Devices
Vital Silver,VITAL SILVER,unmatched,,,0,False,1,2020-03-06,2020-03-06,False,True,False,True,Drugs
VitalScientific B.V.,VITALSCIENTIFIC B V,unmatched,,,0,False,1,2017-09-20,2017-09-20,True,False,False,True,Devices
"Vitalab Pharmacy, Inc. DBA Vasco Rx Specialty Pharmacy",VITALAB PHARMACY VASCO RX SPECIALTY PHARMACY,unmatched,,,0,False,1,2019-01-10,2019-01-10,False,True,False,True,Drugs
Vitals Rx,VITALS RX,unmatched,,,0,False,1,2025-09-09,2025-09-09,False,True,False,True,Drugs
Vitastik,VITASTIK,unmatched,,,0,False,1,2021-12-01,2021-12-01,False,True,False,True,Drugs
"Vitti Labs, LLC",VITTI LABS,unmatched,,,0,False,1,2022-07-28,2022-07-28,False,False,True,True,Biologics
Viv Health Inc,VIV HEALTH,unmatched,,,0,False,1,2026-02-20,2026-02-20,False,True,False,True,Drugs
"VivaCeuticals, Inc. dba Regeneca Worldwide",VIVACEUTICALS REGENECA WORLDWIDE,unmatched,,,0,False,2,2011-05-25,2012-08-28,False,True,False,True,Drugs; Food/Cosmetics
"Vivek K. Reddy, MD",VIVEK K REDDY MD,unmatched,,,0,False,1,2016-03-04,2016-03-04,True,False,False,True,Devices
Vivera Pharmaceuticals Inc.,VIVERA PHARMACEUTICALS,unmatched,,,0,False,1,2021-07-26,2021-07-26,True,False,False,True,Devices
"Vivera Pharmaceuticals, Inc.",VIVERA PHARMACEUTICALS,unmatched,,,0,False,1,2021-07-26,2021-07-26,True,False,False,True,Devices
Vivid-Scientific LLC,VIVID SCIENTIFIC,unmatched,,,0,False,1,2025-03-03,2025-03-03,False,True,False,True,Drugs
Vivify Holistic Clinic,VIVIFY HOLISTIC CLINIC,unmatched,,,0,False,1,2020-03-06,2020-03-06,False,True,False,True,Drugs
VivioMD,VIVIOMD,unmatched,,,0,False,1,2026-06-08,2026-06-08,False,True,False,True,Drugs
"Voss Plastics, Inc.",VOSS PLASTICS,unmatched,,,0,False,1,2014-11-05,2014-11-05,True,False,False,True,Devices
Vulcon Technologies Inc,VULCON TECHNOLOGIES,unmatched,,,0,False,1,2010-03-17,2010-03-17,True,False,False,True,Devices
Vygon GmbH & Co. KG,VYGON AND KG,unmatched,,,0,False,1,2014-08-04,2014-08-04,True,False,False,True,Devices
W & C dba The Apothecary,W AND C APOTHECARY,unmatched,,,0,False,1,2017-07-20,2017-07-20,False,True,False,True,Drugs
W & R Investments LLC d.b.a. Laser Engineering,W AND R INVESTMENTS D B A LASER ENGINEERING,unmatched,,,0,False,1,2016-08-05,2016-08-05,True,False,False,True,Devices
"W.S. Badger Company, Inc.",W S BADGER,unmatched,,,0,False,1,2022-04-12,2022-04-12,False,True,False,True,Drugs
WALLACE CAMERON INTERNATIONAL LIMITED,WALLACE CAMERON,unmatched,,,0,False,1,2016-09-29,2016-09-29,False,True,False,True,Drugs
WAVi Co.,WAVI,unmatched,,,0,False,1,2023-10-20,2023-10-20,True,False,False,True,Devices
WAXHEAD SUN DEFENSE COMPANY,WAXHEAD SUN DEFENSE,unmatched,,,0,False,1,2025-03-12,2025-03-12,False,True,False,True,Drugs
WEB MARKETING,WEB MARKETING,unmatched,,,0,False,1,2022-08-05,2022-08-05,True,False,False,True,Devices
WEBER MEDICAL GMBH,WEBER MEDICAL,unmatched,,,0,False,1,2013-05-02,2013-05-02,True,False,False,True,Devices
WHITE LABEL LEAF LLC,WHITE LABEL LEAF,unmatched,,,0,False,2,2024-07-15,2025-06-25,False,True,False,True,Drugs; Food/Cosmetics
"WHOOP, Inc.",WHOOP,unmatched,,,0,False,1,2025-07-14,2025-07-14,True,False,False,True,Devices
WHPM Inc.,WHPM,unmatched,,,0,False,2,2009-03-19,2022-06-30,True,False,False,True,Devices
"WIPRO CONSUMER CARE VIETNAM CO., LTD",WIPRO CONSUMER CARE VIETNAM,unmatched,,,0,False,1,2023-11-16,2023-11-16,False,True,False,True,Drugs
WISSNER-BOSSERHOFF GMBH,WISSNER BOSSERHOFF,unmatched,,,0,False,1,2024-08-30,2024-08-30,True,False,False,True,Devices
WORKSWELL SRO,WORKSWELL SRO,unmatched,,,0,False,1,2021-03-04,2021-03-04,True,False,False,True,Devices
WORLD PACKAGING SOLUTIONS LLC,WORLD PACKAGING SOLUTIONS,unmatched,,,0,False,1,2021-06-28,2021-06-28,True,False,False,True,Devices
"WUXI JIAJIAN MEDICAL INSTRUMENT CO., LTD",WUXI JIAJIAN MEDICAL INSTRUMENT,unmatched,,,0,False,1,2013-05-17,2013-05-17,True,False,False,True,Devices
Wacker Leon SL.,WACKER LEON SL,unmatched,,,0,False,1,2014-06-02,2014-06-02,False,True,False,True,Drugs
"Wakai, Ronald, Ph. D., Clinical Investigator",WAKAI RONALD PH D CLINICAL INVESTIGATOR,unmatched,,,0,False,1,2014-12-19,2014-12-19,True,False,False,True,Devices
Wake Forest Baptist Health- Blood Bank Hospital,WAKE FOREST BAPTIST HEALTH BLOOD BANK HOSPITAL,unmatched,,,0,False,1,2010-04-07,2010-04-07,True,False,False,True,Devices
Walfer Corporation dba Wallace Pharmacy,WALFER WALLACE PHARMACY,unmatched,,,0,False,1,2021-09-16,2021-09-16,False,True,False,True,Drugs
Walgreen Co,WALGREEN,unmatched,,,0,False,1,2010-09-27,2010-09-27,False,True,False,True,Drugs
Walgreen Company,WALGREEN,unmatched,,,0,False,2,2023-09-11,2023-09-12,False,True,False,True,Drugs
"WalkMed Technologies, LLC",WALKMED TECHNOLOGIES,unmatched,,,0,False,2,2010-11-22,2015-11-02,True,False,False,True,Devices
"Wally's Natural Products, Inc.",WALLY S NATURAL PRODUCTS,unmatched,,,0,False,1,2010-02-17,2010-02-17,True,False,False,True,Devices
Walmart Fulfillment KY1 9074,WALMART FULFILLMENT KY1 9074,unmatched,,,0,False,3,2022-10-28,2024-07-25,False,True,False,True,Drugs
"Walter's Pharmacy, Inc.",WALTER S PHARMACY,unmatched,,,0,False,1,2017-01-11,2017-01-11,False,True,False,True,Drugs
"Ward Photonics, LLC",WARD PHOTONICS,unmatched,,,0,False,1,2014-01-15,2014-01-15,True,False,False,True,Devices
Warrior Labz SARMs,WARRIOR LABZ SARMS,unmatched,,,0,False,1,2023-06-12,2023-06-12,False,True,False,True,Drugs
"Washington Biotechnology, Inc",WASHINGTON BIOTECHNOLOGY,unmatched,,,0,False,1,2009-02-17,2009-02-17,False,False,True,True,Biologics
Washington Fertility Center,WASHINGTON FERTILITY CENTER,unmatched,,,0,False,1,2024-04-30,2024-04-30,False,False,True,True,Biologics
"Washington Homeopathic Products, Inc.",WASHINGTON HOMEOPATHIC PRODUCTS,unmatched,,,0,False,3,2009-08-25,2020-06-19,False,True,True,True,Biologics; Drugs
WashingtonsLastFrontier.Com,WASHINGTONSLASTFRONTIER COM,unmatched,,,0,False,1,2020-05-07,2020-05-07,False,True,False,True,Drugs
Wave Miami LLC,WAVE MIAMI,unmatched,,,0,False,1,2020-01-13,2020-01-13,False,True,False,True,Drugs
Wayne State University Institutional Review Board,WAYNE STATE UNIVERSITY INSTITUTIONAL REVIEW BOARD,unmatched,,,0,False,1,2010-04-15,2010-04-15,True,False,False,True,Devices
We Pack It All LLC,WE PACK IT ALL,unmatched,,,0,False,1,2019-05-02,2019-05-02,False,True,False,True,Drugs
Weartech International Inc,WEARTECH,unmatched,,,0,False,1,2009-09-29,2009-09-29,True,False,False,True,Devices
"Wedgewood Connect, LLC",WEDGEWOOD CONNECT,unmatched,,,0,False,2,2015-04-14,2016-02-29,False,True,False,True,Drugs
"Wedgewood Village Pharmacy, LLC",WEDGEWOOD VILLAGE PHARMACY,unmatched,,,0,False,1,2014-02-21,2014-02-21,False,True,False,True,Drugs
Weightcare,WEIGHTCARE,unmatched,,,0,False,1,2026-02-20,2026-02-20,False,True,False,True,Drugs
"Weiner, Gilbert R.",WEINER GILBERT R,unmatched,,,0,False,1,2014-07-14,2014-07-14,False,True,False,True,Drugs
"Well Care Discount Pharmacy, LLC",WELL CARE DISCOUNT PHARMACY,unmatched,,,0,False,1,2017-03-29,2017-03-29,False,True,False,True,Drugs
WellRx LLC,WELLRX,unmatched,,,0,False,1,2016-09-30,2016-09-30,False,True,False,True,Drugs
Wellness BioSciences,WELLNESS BIOSCIENCES,unmatched,,,0,False,1,2020-12-22,2020-12-22,False,True,False,True,Drugs
"Wello, Inc.",WELLO,unmatched,,,0,False,1,2023-11-10,2023-11-10,True,False,False,True,Devices
Wells Pharma of Houston LLC,WELLS PHARMA OF HOUSTON,unmatched,,,0,False,1,2025-11-07,2025-11-07,False,True,False,True,Drugs
Wells Pharmacy Network LLC,WELLS PHARMACY NETWORK,unmatched,,,0,False,3,2012-07-09,2014-11-10,False,True,False,True,Drugs
West Coast Nuclear Pharmacy,WEST COAST NUCLEAR PHARMACY,unmatched,,,0,False,1,2020-10-06,2020-10-06,False,True,False,True,Drugs
Westcoast Radiology,WESTCOAST RADIOLOGY,unmatched,,,0,False,1,2018-05-24,2018-05-24,True,False,False,True,Devices
Western/Scott Fetzer Company,WESTERN SCOTT FETZER,unmatched,,,0,False,1,2014-10-10,2014-10-10,True,False,False,True,Devices
"Westlab Pharmacy, Inc. dba Westlab Pharmacy",WESTLAB PHARMACY WESTLAB PHARMACY,unmatched,,,0,False,1,2019-06-26,2019-06-26,False,True,False,True,Drugs
"Westlake IVF, LLC",WESTLAKE IVF,unmatched,,,0,False,1,2019-09-30,2019-09-30,False,False,True,True,Biologics
"Westone Laboratories, Inc.",WESTONE LABORATORIES,unmatched,,,0,False,1,2012-10-23,2012-10-23,True,False,False,True,Devices
"Westwood Laboratories, LLC.",WESTWOOD LABORATORIES,unmatched,,,0,False,1,2024-04-17,2024-04-17,False,True,False,True,Drugs
Wexford Labs Inc,WEXFORD LABS,unmatched,,,0,False,1,2013-01-10,2013-01-10,True,False,False,True,Devices
White Eagle Native Herbs,WHITE EAGLE NATIVE HERBS,unmatched,,,0,False,1,2020-05-14,2020-05-14,False,True,False,True,Drugs
"White Egret, Inc.",WHITE EGRET,unmatched,,,0,False,1,2010-02-17,2010-02-17,True,False,False,True,Devices
White Forest Solutions,WHITE FOREST SOLUTIONS,unmatched,,,0,False,1,2012-09-18,2012-09-18,False,True,False,True,Drugs
Whitehall/Div of Acorn Engineering Co,WHITEHALL DIV OF ACORN ENGINEERING,unmatched,,,0,False,1,2017-07-12,2017-07-12,True,False,False,True,Devices
"Whole Leaf Organics, LLC",WHOLE LEAF ORGANICS,unmatched,,,0,False,1,2019-11-22,2019-11-22,False,True,False,True,Drugs
Wholesale Peptide,WHOLESALE PEPTIDE,unmatched,,,0,False,1,2026-06-17,2026-06-17,False,True,False,True,Drugs
Wholistic Health Solutions,WHOLISTIC HEALTH SOLUTIONS,unmatched,,,0,False,1,2010-02-17,2010-02-17,True,False,False,True,Devices
"Wickimed (Huizhou) Medical Equipment Manufacturing Co., Ltd.",WICKIMED HUIZHOU MEDICAL EQUIPMENT MANUFACTURING,unmatched,,,0,False,1,2022-01-07,2022-01-07,True,False,False,True,Devices
Wild Arabic Herbs,WILD ARABIC HERBS,unmatched,,,0,False,1,2026-06-17,2026-06-17,False,True,False,True,Drugs
Wild Child Laboratories Pty Ltd.,WILD CHILD LABORATORIES PTY,unmatched,,,0,False,1,2019-12-06,2019-12-06,False,True,False,True,Drugs
"William C. Domb, D.M.D., A Professional Corporation",WILLIAM C DOMB D M D A PROFESSIONAL,unmatched,,,0,False,1,2012-10-25,2012-10-25,True,False,False,True,Devices
"William C. Domb, DMD",WILLIAM C DOMB DMD,unmatched,,,0,False,1,2015-03-24,2015-03-24,True,False,False,True,Devices
William Wynne,WILLIAM WYNNE,unmatched,,,0,False,1,2009-11-17,2009-11-17,False,True,False,True,Drugs
Wilson Medicine Company,WILSON MEDICINE,unmatched,,,0,False,1,2018-09-11,2018-09-11,False,True,False,True,Drugs
Wilson-Cook Medical Inc.,WILSON COOK MEDICAL,unmatched,,,0,False,1,2011-06-24,2011-06-24,True,False,False,True,Devices
"Winder Laboratories, LLC",WINDER LABORATORIES,unmatched,,,0,False,2,2019-03-26,2026-01-09,False,True,False,True,Drugs
Windlas Healthcare Private Limited,WINDLAS HEALTHCARE PRIVATE,unmatched,,,0,False,1,2020-03-10,2020-03-10,False,True,False,True,Drugs
Wintech Medipro LLC,WINTECH MEDIPRO,unmatched,,,0,False,1,2022-11-16,2022-11-16,True,False,False,True,Devices
Winter Goals,WINTER GOALS,unmatched,,,0,False,1,2015-03-05,2015-03-05,True,False,False,True,Devices
"Wisconsin Aluminum Foundry Co, Inc.",WISCONSIN ALUMINUM FOUNDRY,unmatched,,,0,False,1,2011-05-12,2011-05-12,True,False,False,True,Devices
Wisconsin Pharmacal Company,WISCONSIN PHARMACAL,unmatched,,,0,False,1,2025-08-22,2025-08-22,False,True,False,True,Drugs
Wise Pharmacy,WISE PHARMACY,unmatched,,,0,False,1,2021-04-15,2021-04-15,False,True,False,True,Drugs
Wise Women's Choice,WISE WOMEN S CHOICE,unmatched,,,0,False,1,2023-07-20,2023-07-20,False,True,False,True,Drugs
Wizcure Pharmaa Private Limited,WIZCURE PHARMAA PRIVATE,unmatched,,,0,False,1,2026-06-24,2026-06-24,False,True,False,True,Drugs
Wockhardt Limited,WOCKHARDT,unmatched,,,0,False,2,2013-07-18,2013-11-25,False,True,False,True,Drugs
"Wockhardt, Ltd.",WOCKHARDT,unmatched,,,0,False,1,2016-12-23,2016-12-23,False,True,False,True,Drugs
Won Industry Co. LTD,WON INDUSTRY,unmatched,,,0,False,2,2016-12-05,2019-08-29,True,False,False,True,Devices
Wong Lap Kwong Medicine Company Limited,WONG LAP KWONG MEDICINE,unmatched,,,0,False,1,2018-01-11,2018-01-11,False,True,False,True,Drugs
"Wonjin Mulsan Co., Ltd.",WONJIN MULSAN,unmatched,,,0,False,1,2013-07-31,2013-07-31,True,False,False,True,Devices
Woo Young Medical,WOO YOUNG MEDICAL,unmatched,,,0,False,1,2013-01-14,2013-01-14,True,False,False,True,Devices
Woolfson Eye Institute,WOOLFSON EYE INSTITUTE,unmatched,,,0,False,1,2012-12-18,2012-12-18,True,False,False,True,Devices
Woori Life & Health,WOORI LIFE AND HEALTH,unmatched,,,0,False,1,2023-12-28,2023-12-28,False,True,False,True,Drugs
World Health Advanced Technologies Ltd,WORLD HEALTH ADVANCED TECHNOLOGIES,unmatched,,,0,False,1,2020-06-11,2020-06-11,False,True,False,True,Drugs
"World Health Products, LLC.",WORLD HEALTH PRODUCTS,unmatched,,,0,False,1,2010-10-12,2010-10-12,False,True,False,True,Drugs
World Perfumes Inc.,WORLD PERFUMES,unmatched,,,0,False,1,2025-10-29,2025-10-29,False,True,False,True,Drugs
"WraSer Pharmaceuticals, LLC",WRASER PHARMACEUTICALS,unmatched,,,0,False,1,2009-11-13,2009-11-13,False,True,False,True,Drugs
"Wuhan Chinese Moxibustion Technology Dev. Co., Ltd.",WUHAN CHINESE MOXIBUSTION TECHNOLOGY DEV,unmatched,,,0,False,1,2017-12-18,2017-12-18,False,True,False,True,Drugs
"Wuhan Lotuxs Technology Co., Ltd.",WUHAN LOTUXS TECHNOLOGY,unmatched,,,0,False,1,2020-08-18,2020-08-18,True,False,False,True,Devices
"Wuhu Nuowei Chemistry Co., Ltd",WUHU NUOWEI CHEMISTRY,unmatched,,,0,False,1,2025-02-04,2025-02-04,False,True,False,True,Drugs
Wuxi Kaili Pharmaceutical Company LTD.,WUXI KAILI PHARMACEUTICAL,unmatched,,,0,False,2,2015-06-22,2015-06-22,False,True,False,True,Drugs
"Wuxi Medical lnstrument Factory Co., Ltd.",WUXI MEDICAL LNSTRUMENT FACTORY,unmatched,,,0,False,2,2017-09-07,2025-04-04,False,True,False,True,Drugs
Www.sharco.tv / Mike Lyons,WWW SHARCO TV MIKE LYONS,unmatched,,,0,False,1,2009-12-07,2009-12-07,False,False,True,True,Biologics
Wyeth Lederle S.r.l,WYETH LEDERLE S R L,unmatched,,,0,False,1,2013-03-27,2013-03-27,False,True,False,True,Drugs
"X TECH CO-PACKERS, LLC",X TECH PACKERS,unmatched,,,0,False,2,2018-04-06,2019-07-29,False,True,False,True,Drugs; Food/Cosmetics
"X-Ray Support, Inc.",X RAY SUPPORT,unmatched,,,0,False,1,2011-09-23,2011-09-23,True,False,False,True,Devices
"X12 Co., LTD.",X12,unmatched,,,0,False,1,2017-03-23,2017-03-23,True,False,False,True,Devices
X2Zero Corporation,X2ZERO,unmatched,,,0,False,1,2016-12-08,2016-12-08,False,True,False,True,Drugs
"XZeal Technologies, Inc.",XZEAL TECHNOLOGIES,unmatched,,,0,False,1,2015-02-20,2015-02-20,True,False,False,True,Devices
"Xanacare Technologies, LLC",XANACARE TECHNOLOGIES,unmatched,,,0,False,1,2014-10-28,2014-10-28,True,False,False,True,Devices
Xanos Holdings Inc,XANOS,unmatched,,,0,False,1,2009-11-17,2009-11-17,False,True,False,True,Drugs
Xcel Research LLC,XCEL RESEARCH,unmatched,,,0,False,1,2024-12-10,2024-12-10,False,True,False,True,Drugs
"Xephyr, LLC dba N-Ergetics",XEPHYR N ERGETICS,unmatched,,,0,False,1,2020-03-06,2020-03-06,False,True,False,True,Drugs
Xi'an Libang Pharmaceutical Co Ltd. API Plant,XI AN LIBANG PHARMACEUTICAL API PLANT,unmatched,,,0,False,1,2010-01-28,2010-01-28,False,True,False,True,Drugs
"Xi'an Livingbond Nonwoven Products Corp., Ltd.",XI AN LIVINGBOND NONWOVEN PRODUCTS,unmatched,,,0,False,1,2019-06-10,2019-06-10,False,True,False,True,Drugs
"Xiamen Kang Zhongyuan Biotechnology Co., Ltd.",XIAMEN KANG ZHONGYUAN BIOTECHNOLOGY,unmatched,,,0,False,1,2026-04-03,2026-04-03,False,True,False,True,Drugs
Xiamen Origin Biotech Co. Ltd.,XIAMEN ORIGIN BIOTECH,unmatched,,,0,False,1,2016-07-19,2016-07-19,False,True,False,True,Drugs
"Xiamen Wally Bath Manufacture Co., Ltd.",XIAMEN WALLY BATH MANUFACTURE,unmatched,,,0,False,1,2023-11-15,2023-11-15,False,True,False,True,Drugs
Xiantao Rayxin Medical Products Co. Ltd.,XIANTAO RAYXIN MEDICAL PRODUCTS,unmatched,,,0,False,1,2012-10-05,2012-10-05,True,False,False,True,Devices
"Xiantao Tongda Non-woven Products Co., Ltd.",XIANTAO TONGDA NON WOVEN PRODUCTS,unmatched,,,0,False,1,2015-11-25,2015-11-25,True,False,False,True,Devices
"Xinxiang Pharmaceutical Co., Ltd.",XINXIANG PHARMACEUTICAL,unmatched,,,0,False,1,2016-08-19,2016-08-19,False,True,False,True,Drugs
Xinxiang Tuoxin Pharmaceutical Co. Ltd,XINXIANG TUOXIN PHARMACEUTICAL,unmatched,,,0,False,1,2016-08-19,2016-08-19,False,True,False,True,Drugs
Xo Biologix,XO BIOLOGIX,unmatched,,,0,False,1,2024-12-13,2024-12-13,False,False,True,True,Biologics
"Xoran Technologies, LLC",XORAN TECHNOLOGIES,unmatched,,,0,False,1,2024-12-09,2024-12-09,True,False,False,True,Devices
"Xtreme Tools International, Inc",XTREME TOOLS,unmatched,,,0,False,1,2025-06-25,2025-06-25,False,True,False,True,Drugs
"Xttrium Laboratories, Inc.",XTTRIUM LABORATORIES,unmatched,,,0,False,1,2009-05-20,2009-05-20,False,True,False,True,Drugs
Xylo Chem Industries,XYLO CHEM INDUSTRIES,unmatched,,,0,False,1,2011-11-16,2011-11-16,False,True,False,True,Drugs
"YAHON ENTERPRISE CO., LTD",YAHON ENTERPRISE,unmatched,,,0,False,1,2024-06-05,2024-06-05,False,True,False,True,Drugs
YANG MING INDUSTRY (ZHEJIANG) LIMITED,YANG MING INDUSTRY ZHEJIANG,unmatched,,,0,False,1,2012-08-15,2012-08-15,True,False,False,True,Devices
"YANGZHOU YULOU PAPER PRODUCTS CO., LTD",YANGZHOU YULOU PAPER PRODUCTS,unmatched,,,0,False,1,2025-09-09,2025-09-09,False,True,False,True,Drugs
YARA ELENA DE LA GARZA PEREZ NIETO,YARA ELENA DE LA GARZA PEREZ NIETO,unmatched,,,0,False,1,2021-02-22,2021-02-22,False,True,False,True,Drugs
Yag Mag Labs Private Limited,YAG MAG LABS PRIVATE,unmatched,,,0,False,1,2011-09-12,2011-09-12,False,True,False,True,Drugs
"Yale M Cohen, MD",YALE M COHEN MD,unmatched,,,0,False,1,2011-08-12,2011-08-12,False,True,False,True,Drugs
"YangZhou SuXiang Medical Instrument Co., Ltd.",YANGZHOU SUXIANG MEDICAL INSTRUMENT,unmatched,,,0,False,1,2024-07-09,2024-07-09,False,True,False,True,Drugs
"Yangzhou H&R Plastic Daily Chemical Co., Ltd.",YANGZHOU H AND R PLASTIC DAILY CHEMICAL,unmatched,,,0,False,1,2026-03-18,2026-03-18,False,True,False,True,Drugs
"Yangzhou Hengyuan Daily Chemical Plastic Co., Ltd",YANGZHOU HENGYUAN DAILY CHEMICAL PLASTIC,unmatched,,,0,False,1,2016-09-26,2016-09-26,False,True,False,True,Drugs
"Yangzhou Hongshengding Chemical Co., Ltd.",YANGZHOU HONGSHENGDING CHEMICAL,unmatched,,,0,False,1,2026-06-15,2026-06-15,False,True,False,True,Drugs
"Yangzhou Sion Commodity Co., Ltd.",YANGZHOU SION COMMODITY,unmatched,,,0,False,1,2025-03-13,2025-03-13,False,True,False,True,Drugs
"Yibin Lihao Bio-technical Co., Ltd.",YIBIN LIHAO BIO TECHNICAL,unmatched,,,0,False,1,2020-02-13,2020-02-13,False,True,False,True,Drugs
Yicheng Chemical Corp.,YICHENG CHEMICAL,unmatched,,,0,False,1,2018-01-02,2018-01-02,False,True,False,True,Drugs
"Yicheng Goto Pharmaceuticals Co., Ltd",YICHENG GOTO PHARMACEUTICALS,unmatched,,,0,False,1,2018-07-26,2018-07-26,False,True,False,True,Drugs
Yiling Pharmaceutical Ltd.,YILING PHARMACEUTICAL,unmatched,,,0,False,1,2025-03-27,2025-03-27,False,True,False,True,Drugs
"Yino, Inc. (Trading Company)",YINO TRADING,unmatched,,,0,False,1,2019-08-12,2019-08-12,False,True,False,True,Drugs
"Youabian, Inc",YOUABIAN,unmatched,,,0,False,1,2009-03-17,2009-03-17,True,False,False,True,Devices
Young Living Essential Oils LLC,YOUNG LIVING ESSENTIAL OILS,unmatched,,,0,False,1,2014-09-22,2014-09-22,False,True,False,True,Drugs
"Yuki Gosei Kogyo Co., Ltd.",YUKI GOSEI KOGYO,unmatched,,,0,False,2,2010-12-09,2018-07-17,False,True,False,True,Drugs
"Yunnan Hande Bio-Tech Co., Ltd.",YUNNAN HANDE BIO TECH,unmatched,,,0,False,2,2010-10-15,2015-04-06,False,True,False,True,Drugs
"Yusef Manufacturing Laboratories, LLC",YUSEF MANUFACTURING LABORATORIES,unmatched,,,0,False,2,2017-05-25,2022-02-08,False,True,False,True,Drugs
"Yuxing Biotechnology (Group) Co., Ltd.",YUXING BIOTECHNOLOGY,unmatched,,,0,False,1,2016-09-15,2016-09-15,False,True,False,True,Drugs
Yuyao Jessie Commodity Co Ltd,YUYAO JESSIE COMMODITY,unmatched,,,0,False,1,2019-04-18,2019-04-18,False,True,False,True,Drugs
"Yuyao YiJia Daily Chemical Co., Ltd.",YUYAO YIJIA DAILY CHEMICAL,unmatched,,,0,False,1,2021-01-22,2021-01-22,False,True,False,True,Drugs
"Z-Medica, LLC",Z MEDICA,unmatched,,,0,False,1,2009-12-03,2009-12-03,True,False,False,True,Devices
Z-SYSTEMS AG,Z SYSTEMS,unmatched,,,0,False,1,2024-08-02,2024-08-02,True,False,False,True,Devices
ZEN ENTERPRISES LLC,ZEN ENTERPRISES,unmatched,,,0,False,1,2024-04-18,2024-04-18,False,True,False,True,Drugs
"ZHAO QING LONGDA BIOTECHNOLOGY CO.,LTD",ZHAO QING LONGDA BIOTECHNOLOGY,unmatched,,,0,False,1,2023-09-18,2023-09-18,False,True,False,True,Drugs
ZHEJIANG XICHEN MEDICAL TECHNOLOGY CO LTD,ZHEJIANG XICHEN MEDICAL TECHNOLOGY,unmatched,,,0,False,1,2021-06-04,2021-06-04,True,False,False,True,Devices
ZIIP INC,ZIIP,unmatched,,,0,False,1,2026-05-22,2026-05-22,True,False,False,True,Devices
"ZYTO Technologies, Inc.",ZYTO TECHNOLOGIES,unmatched,,,0,False,2,2015-05-08,2023-06-21,True,False,False,True,Devices
Zach System S.A.,ZACH SYSTEM S A,unmatched,,,0,False,1,2009-10-23,2009-10-23,False,True,False,True,Drugs
"Zander Scientific, Inc.",ZANDER SCIENTIFIC,unmatched,,,0,False,1,2010-10-05,2010-10-05,True,False,False,True,Devices
Zappy Health,ZAPPY HEALTH,unmatched,,,0,False,1,2026-02-20,2026-02-20,False,True,False,True,Drugs
"Zeller Power Products, LLC",ZELLER POWER PRODUCTS,unmatched,,,0,False,1,2019-05-09,2019-05-09,True,False,False,True,Devices
Zenzi Pharmaceutical Industries Private Limited,ZENZI PHARMACEUTICAL INDUSTRIES PRIVATE,unmatched,,,0,False,1,2025-02-13,2025-02-13,False,True,False,True,Drugs
"Zeppessis Reprocessing, LLC",ZEPPESSIS REPROCESSING,unmatched,,,0,False,1,2013-08-09,2013-08-09,True,False,False,True,Devices
"Zermat Internacional, S.A. de C.V.",ZERMAT INTERNACIONAL S A DE C V,unmatched,,,0,False,1,2023-04-06,2023-04-06,False,True,False,True,Drugs
Zeuss LLC,ZEUSS,unmatched,,,0,False,1,2026-02-20,2026-02-20,False,True,False,True,Drugs
Zhang Medical P.C. d/b/a New Hope Fertility Center,ZHANG MEDICAL P C D B A NEW HOPE FERTILITY CENTER,unmatched,,,0,False,2,2014-11-20,2022-06-28,False,False,True,True,Biologics
"Zhejiang Bangli Medical Products Co., Ltd",ZHEJIANG BANGLI MEDICAL PRODUCTS,unmatched,,,0,False,1,2017-01-27,2017-01-27,False,True,False,True,Drugs
Zhejiang Biomet Medical Products Co. Ltd.,ZHEJIANG BIOMET MEDICAL PRODUCTS,unmatched,,,0,False,1,2015-06-03,2015-06-03,True,False,False,True,Devices
"Zhejiang Casing Animal By-Products Co.,Ltd.",ZHEJIANG CASING ANIMAL BY PRODUCTS,unmatched,,,0,False,1,2011-08-05,2011-08-05,False,True,False,True,Drugs
"Zhejiang Easyclean Daily Chemical Co., Ltd.",ZHEJIANG EASYCLEAN DAILY CHEMICAL,unmatched,,,0,False,1,2025-05-14,2025-05-14,False,True,False,True,Drugs
Zhejiang Hisoar Pharmaceutical Co. Ltd.,ZHEJIANG HISOAR PHARMACEUTICAL,unmatched,,,0,False,1,2016-08-11,2016-08-11,False,True,False,True,Drugs
"Zhejiang Hisun Pharmaceutical Co., Ltd.",ZHEJIANG HISUN PHARMACEUTICAL,unmatched,,,0,False,1,2016-01-04,2016-01-04,False,True,False,True,Drugs
Zhejiang Huahai Pharmaceutical,ZHEJIANG HUAHAI PHARMACEUTICAL,unmatched,,,0,False,1,2018-11-29,2018-11-29,False,True,False,True,Drugs
"Zhejiang Huahai Pharmaceutical Co., Ltd.",ZHEJIANG HUAHAI PHARMACEUTICAL,unmatched,,,0,False,1,2025-06-06,2025-06-06,False,True,False,True,Drugs
"Zhejiang Jiuzhou Pharmaceutical Co., Ltd.",ZHEJIANG JIUZHOU PHARMACEUTICAL,unmatched,,,0,False,2,2014-07-09,2014-07-09,False,True,False,True,Drugs; Veterinary
"Zhejiang Jiuzhou Pharmaceutical Sci-Tech Co., Ltd",ZHEJIANG JIUZHOU PHARMACEUTICAL SCI TECH,unmatched,,,0,False,1,2017-04-05,2017-04-05,False,True,False,True,Drugs
"Zhejiang Ludao Technology Co., Ltd.",ZHEJIANG LUDAO TECHNOLOGY,unmatched,,,0,False,1,2018-02-23,2018-02-23,False,True,False,True,Drugs
Zhejiang Medicine Co. Ltd. Xinchang Pharmaceutical Factory,ZHEJIANG MEDICINE XINCHANG PHARMACEUTICAL FACTORY,unmatched,,,0,False,1,2016-08-04,2016-08-04,False,True,False,True,Drugs
"Zhejiang Qimei Cosmetics Co., Ltd.",ZHEJIANG QIMEI COSMETICS,unmatched,,,0,False,1,2024-11-08,2024-11-08,False,True,False,True,Drugs
"Zhejiang Tiansong Medical Instrument Co., Ltd",ZHEJIANG TIANSONG MEDICAL INSTRUMENT,unmatched,,,0,False,1,2014-10-08,2014-10-08,True,False,False,True,Devices
Zhejiang Tianyu Pharmaceutical Co Ltd,ZHEJIANG TIANYU PHARMACEUTICAL,unmatched,,,0,False,1,2022-08-17,2022-08-17,False,True,False,True,Drugs
"Zhejiang Uniquality Nursing Products Technology Co., Ltd.",ZHEJIANG UNIQUALITY NURSING PRODUCTS TECHNOLOGY,unmatched,,,0,False,1,2024-11-12,2024-11-12,False,True,False,True,Drugs
Zhejiang Xianju Chemical Pharmaceutical Factory,ZHEJIANG XIANJU CHEMICAL PHARMACEUTICAL FACTORY,unmatched,,,0,False,1,2012-01-25,2012-01-25,False,True,False,True,Drugs
Zhongshan Mei Tung Electronics Ltd.,ZHONGSHAN MEI TUNG ELECTRONICS,unmatched,,,0,False,1,2014-10-23,2014-10-23,True,False,False,True,Devices
Zhucheng Haotian Pharm Co. Ltd.,ZHUCHENG HAOTIAN PHARM,unmatched,,,0,False,1,2012-06-11,2012-06-11,False,True,False,True,Drugs
"Zhuhai Aofute Medical Technology Co., Ltd.",ZHUHAI AOFUTE MEDICAL TECHNOLOGY,unmatched,,,0,False,1,2020-01-09,2020-01-09,False,True,False,True,Drugs
Zhuhai United Laboratories Co. Ltd.,ZHUHAI UNITED LABORATORIES,unmatched,,,0,False,1,2018-06-27,2018-06-27,False,True,False,True,Drugs
"Zi Xiu Tang Success, LLC",ZI XIU TANG SUCCESS,unmatched,,,0,False,1,2013-05-14,2013-05-14,False,True,False,True,Drugs
"Zian Medical, LLC",ZIAN MEDICAL,unmatched,,,0,False,1,2012-10-10,2012-10-10,True,False,False,True,Devices
Zimmer Manufacturing B.V.,ZIMMER MANUFACTURING B V,unmatched,,,0,False,1,2012-09-19,2012-09-19,True,False,False,True,Devices
Zions Rx Formulations Services LLC dba Rx Formuations Serv.,ZIONS RX FORMULATIONS SERVICES RX FORMUATIONS SERV,unmatched,,,0,False,1,2014-08-15,2014-08-15,False,True,False,True,Drugs
Zipmed Mesoone,ZIPMED MESOONE,unmatched,,,0,False,1,2010-04-05,2010-04-05,False,True,False,True,Drugs
"Zizion Group, LLC",ZIZION,unmatched,,,0,False,1,2015-03-12,2015-03-12,False,False,True,True,Biologics
Zoll Manufacturing Corp.,ZOLL MANUFACTURING,unmatched,,,0,False,1,2014-09-23,2014-09-23,True,False,False,True,Devices
Zona Health Inc.,ZONA HEALTH,unmatched,,,0,False,1,2019-12-06,2019-12-06,True,False,False,True,Devices
Zone Of Natural Remedies,ZONE OF NATURAL REMEDIES,unmatched,,,0,False,1,2010-05-21,2010-05-21,False,True,False,True,Drugs
"Zyber Pharmaceuticals, Inc",ZYBER PHARMACEUTICALS,unmatched,,,0,False,1,2009-11-13,2009-11-13,False,True,False,True,Drugs
Zydus Lifesciences Limited,ZYDUS LIFESCIENCES,unmatched,,,0,False,5,2011-06-21,2026-06-02,False,True,False,True,Drugs
"Zynex Medical, Inc.",ZYNEX MEDICAL,unmatched,,,0,False,1,2014-06-27,2014-06-27,True,False,False,True,Devices
Zyno Medical LLC,ZYNO MEDICAL,unmatched,,,0,False,2,2016-12-05,2022-07-12,True,False,False,True,Devices
aidaccess.org,AIDACCESS ORG,unmatched,,,0,False,1,2019-03-08,2019-03-08,False,True,False,True,Drugs
"akyuz, sinan",AKYUZ SINAN,unmatched,,,0,False,1,2009-11-17,2009-11-17,False,True,False,True,Drugs
antibodiescheck.com,ANTIBODIESCHECK COM,unmatched,,,0,False,1,2020-06-16,2020-06-16,True,False,False,True,Devices
bB BIOCHEM LABORATORIES INC.,BB BIOCHEM LABORATORIES,unmatched,,,0,False,1,2018-07-03,2018-07-03,False,True,False,True,Drugs
benjaminmcevoy.com,BENJAMINMCEVOY COM,unmatched,,,0,False,1,2020-05-14,2020-05-14,False,True,False,True,Drugs
bmhshop,BMHSHOP,unmatched,,,0,False,1,2021-04-27,2021-04-27,True,False,False,True,Devices
buy-pharma.com,BUY PHARMA COM,unmatched,,,0,False,1,2013-02-04,2013-02-04,False,True,False,True,Drugs
covidinstanttest.net,COVIDINSTANTTEST NET,unmatched,,,0,False,1,2021-07-09,2021-07-09,True,False,False,True,Devices
"doTERRA Manufacturing, LLC",DOTERRA MANUFACTURING,unmatched,,,0,False,1,2014-09-22,2014-09-22,False,True,False,True,Drugs
eDrugstore,EDRUGSTORE,unmatched,,,0,False,1,2025-09-09,2025-09-09,False,True,False,True,Drugs
"ffrench Pocket Airway, Inc.",FFRENCH POCKET AIRWAY,unmatched,,,0,False,1,2009-06-05,2009-06-05,True,False,False,True,Devices
genesisultraslim.com,GENESISULTRASLIM COM,unmatched,,,0,False,1,2021-08-06,2021-08-06,False,True,False,True,Drugs
"iRhythm Technologies, Inc.",IRHYTHM TECHNOLOGIES,unmatched,,,0,False,1,2023-05-25,2023-05-25,True,False,False,True,Devices
iSlim LLC,ISLIM,unmatched,,,0,False,1,2023-05-04,2023-05-04,False,True,False,True,Drugs
iThrive Health,ITHRIVE HEALTH,unmatched,,,0,False,1,2020-12-10,2020-12-10,False,True,False,True,Drugs
iVu Imaging Corp,IVU IMAGING,unmatched,,,0,False,1,2010-08-31,2010-08-31,True,False,False,True,Devices
ivisitdoc,IVISITDOC,unmatched,,,0,False,1,2025-09-09,2025-09-09,False,True,False,True,Drugs
ketaminelab.org,KETAMINELAB ORG,unmatched,,,0,False,1,2026-06-23,2026-06-23,False,True,False,True,Drugs
kratom spot,KRATOM SPOT,unmatched,,,0,False,1,2018-05-18,2018-05-18,False,True,False,True,Drugs
maskshell.com,MASKSHELL COM,unmatched,,,0,False,1,2021-03-11,2021-03-11,True,False,False,True,Devices
myholistichoney.com,MYHOLISTICHONEY COM,unmatched,,,0,False,1,2025-08-25,2025-08-25,False,True,False,True,Drugs
o.m.t. Oberflachen - und Materialtechnologie Gmbh,O M T OBERFLACHEN UND MATERIALTECHNOLOGIE,unmatched,,,0,False,1,2014-08-05,2014-08-05,True,False,False,True,Devices
"oBand Centers Westwood, CA",OBAND CENTERS WESTWOOD CA,unmatched,,,0,False,1,2012-11-02,2012-11-02,True,False,False,True,Devices
onlinepharmacyy.com@proxy.dreamhost.com,ONLINEPHARMACYY COM PROXY DREAMHOST COM,unmatched,,,0,False,1,2009-11-17,2009-11-17,False,True,False,True,Drugs
organic-beauty-recipes.com,ORGANIC BEAUTY RECIPES COM,unmatched,,,0,False,1,2020-06-08,2020-06-08,False,True,False,True,Drugs
purecbd.net,PURECBD NET,unmatched,,,0,False,1,2015-02-26,2015-02-26,False,True,False,True,Drugs
raphe Generics Corp,RAPHE GENERICS,unmatched,,,0,False,1,2025-01-29,2025-01-29,False,True,False,True,Drugs
secure medical inc,SECURE MEDICAL,unmatched,,,0,False,1,2013-02-11,2013-02-11,False,True,False,True,Drugs
sun drug store,SUN DRUG STORE,unmatched,,,0,False,1,2013-02-11,2013-02-11,False,True,False,True,Drugs
tvforever,TVFOREVER,unmatched,,,0,False,1,2009-11-17,2009-11-17,False,True,False,True,Drugs
voltcandyonline.com,VOLTCANDYONLINE COM,unmatched,,,0,False,1,2023-04-27,2023-04-27,False,True,False,True,Drugs
www.bestswinefluvaccine.com,WWW BESTSWINEFLUVACCINE COM,unmatched,,,0,False,1,2009-11-30,2009-11-30,False,False,True,True,Biologics
www.medpure.store,WWW MEDPURE STORE,unmatched,,,0,False,1,2021-06-02,2021-06-02,False,True,False,True,Drugs
www.novalistintegra.com,WWW NOVALISTINTEGRA COM,unmatched,,,0,False,1,2009-10-08,2009-10-08,False,False,True,True,Biologics
www.outoftheboxremedies.com,WWW OUTOFTHEBOXREMEDIES COM,unmatched,,,0,False,1,2020-06-10,2020-06-10,False,True,False,True,Drugs
www.secretsofbetterhealth.com dba My Cosmetic Company,WWW SECRETSOFBETTERHEALTH COM MY COSMETIC,unmatched,,,0,False,1,2009-12-01,2009-12-01,False,True,False,True,Drugs
www.tob-one.com [Proxy: Fundacion Private Whois],WWW TOB ONE COM PROXY FUNDACION PRIVATE WHOIS,unmatched,,,0,False,1,2013-07-15,2013-07-15,False,True,False,True,Drugs
ybycmed,YBYCMED,unmatched,,,0,False,1,2025-09-09,2025-09-09,False,True,False,True,Drugs
