company_name_fda,normalized_name,n_letters,first_letter_date,last_letter_date,any_device_letter,any_drug_letter,any_biologic_letter,any_medtech_pharma,product_types
1 Nation Nutrition LLC,1 NATION NUTRITION,1,2017-10-23,2017-10-23,False,True,False,True,Drugs
1 Party At A Time,1 PARTY AT A TIME,1,2020-09-01,2020-09-01,False,True,False,True,Drugs
1800 Get Thin LLC,1800 GET THIN,1,2011-12-09,2011-12-09,True,False,False,True,Devices
20/20 Institute,20 20 INSTITUTE,1,2012-12-18,2012-12-18,True,False,False,True,Devices
2035 PMA,2035 PMA,1,2011-03-02,2011-03-02,True,False,False,True,Devices
2187954 ALBERTA INC.,2187954 ALBERTA,1,2024-04-30,2024-04-30,False,True,False,True,Drugs
"221 Enterprises, LLC.",221 ENTERPRISES,1,2014-08-07,2014-08-07,False,True,False,True,Drugs
24hr Doc,24HR DOC,1,2026-02-20,2026-02-20,False,True,False,True,Drugs
"3B Medical, Inc.",3B MEDICAL,1,2026-05-21,2026-05-21,True,False,False,True,Devices
"3CPM Company., INC.- EndoSure, Inc.",3CPM ENDOSURE,1,2010-03-25,2010-03-25,True,False,False,True,Devices
3D Imaging Drug Design and Development LLC,3D IMAGING DRUG DESIGN AND DEVELOPMENT,1,2025-12-04,2025-12-04,False,True,False,True,Drugs
"4E Global, S.A.P.I. de C.V.",4E GLOBAL S A P I DE C V,1,2020-10-23,2020-10-23,False,True,False,True,Drugs
4U health,4U HEALTH,1,2026-03-17,2026-03-17,False,False,True,True,Biologics
4nrx.md,4NRX MD,1,2020-05-14,2020-05-14,False,True,False,True,Drugs
77 Elektronika Kft.,77 ELEKTRONIKA KFT,1,2015-10-08,2015-10-08,True,False,False,True,Devices
"7Tabz Retail, LLC",7TABZ RETAIL,1,2025-06-25,2025-06-25,False,True,False,True,Drugs
8046255 Canada Inc. DBA Viatrexx,8046255 CANADA VIATREXX,1,2020-06-11,2020-06-11,False,True,False,True,Drugs
911 Water,911 WATER,1,2009-05-13,2009-05-13,True,False,False,True,Devices
9mm Special Effects,9MM SPECIAL EFFECTS,1,2015-05-19,2015-05-19,True,False,False,True,Devices
"A & D Electronics (Shenzhen) Co., Ltd.",A AND D ELECTRONICS SHENZHEN,1,2012-11-13,2012-11-13,True,False,False,True,Devices
A C COSSOR & SON (SURGICAL) LIMITED,A C COSSOR AND SON SURGICAL,1,2013-01-07,2013-01-07,True,False,False,True,Devices
A-S Medication Solutions LLC,A S MEDICATION SOLUTIONS,1,2017-06-05,2017-06-05,False,True,False,True,Drugs
"A. Nelson & Co., Ltd.",A NELSON AND,2,2012-07-26,2026-02-12,False,True,False,True,Drugs
A.I.G Technologies Inc.,A I G TECHNOLOGIES,1,2017-12-05,2017-12-05,False,True,False,True,Drugs
"A.J.'s Candles, Inc",A J S CANDLES,1,2010-02-17,2010-02-17,True,False,False,True,Devices
"A.P. Deauville, LLC",A P DEAUVILLE,1,2019-11-08,2019-11-08,False,True,False,True,Drugs
A.R.C. LASER GMBH,A R C LASER,1,2014-05-21,2014-05-21,True,False,False,True,Devices
"AAA Cosmetica, SA de CV",AAA COSMETICA DE CV,1,2021-02-03,2021-02-03,False,True,False,True,Drugs
"AACE Pharmaceuticals, Inc.",AACE PHARMACEUTICALS,1,2025-05-13,2025-05-13,False,True,False,True,Drugs
"ABBE Laboratories, Inc.",ABBE LABORATORIES,1,2025-08-06,2025-08-06,False,True,False,True,Drugs
"ABC Compounding Co., Inc.",ABC COMPOUNDING,1,2019-04-18,2019-04-18,False,True,False,True,Drugs
"ABCO Laboratories, Inc.",ABCO LABORATORIES,1,2012-06-19,2012-06-19,False,True,False,True,Drugs
ABR Laboratory LLC,ABR LABORATORY,1,2025-02-10,2025-02-10,False,True,False,True,Drugs
ACMH Hospital IRB,ACMH HOSPITAL IRB,1,2024-10-29,2024-10-29,False,True,False,True,Drugs
ACRX Specialty Pharmacy Inc,ACRX SPECIALTY PHARMACY,1,2020-07-24,2020-07-24,False,True,False,True,Drugs
ACS Dobfar S.p.A.,ACS DOBFAR S P A,1,2017-01-13,2017-01-13,False,True,False,True,Drugs
ADVANCED SPECIALTY PHARMACY LLC,ADVANCED SPECIALTY PHARMACY,1,2012-03-16,2012-03-16,False,True,False,True,Drugs
AES Optics,AES OPTICS,1,2010-11-18,2010-11-18,True,False,False,True,Devices
"AG Essence, Inc.",ESSENCE,1,2024-06-18,2024-06-18,True,False,False,True,Devices
AG Hair Ltd.,HAIR,1,2022-11-28,2022-11-28,False,True,False,True,Drugs
AG Industries LLC,INDUSTRIES,1,2015-06-12,2015-06-12,True,False,False,True,Devices
AGFA Healthcare Corp.,AGFA HEALTHCARE,1,2014-09-30,2014-09-30,True,False,False,True,Devices
AGFA Healthcare Corporation,AGFA HEALTHCARE,1,2011-04-15,2011-04-15,True,False,False,True,Devices
AKRON FORMULATIONS INDIA PRIVATE LIMITED,AKRON FORMULATIONS INDIA PRIVATE,1,2024-12-17,2024-12-17,False,True,False,True,Drugs
ALBA Bioscience Limited,ALBA BIOSCIENCE,1,2009-02-03,2009-02-03,False,False,True,True,Biologics
ALIVE BY NATURE LLC,ALIVE BY NATURE,1,2020-05-06,2020-05-06,False,True,False,True,Drugs
"ALK-Abello, Inc.",ALK ABELLO,1,2019-06-24,2019-06-24,False,True,False,True,Drugs
ALLURE IMPORTS,ALLURE IMPORTS,1,2021-04-07,2021-04-07,False,True,False,True,Drugs
ALV Supplement Direct,ALV SUPPLEMENT DIRECT,1,2016-03-03,2016-03-03,False,True,False,True,Drugs
AM Rx,AM RX,1,2026-06-09,2026-06-09,False,True,False,True,Drugs
AMBI Enterprises LLC,AMBI ENTERPRISES,1,2022-04-13,2022-04-13,False,True,False,True,Drugs
"AMCO International Manufacturing & Design, Inc.",AMCO MANUFACTURING AND DESIGN,1,2024-06-25,2024-06-25,True,False,False,True,Devices
"AMKS TIME RELEASE LAB, LLC",AMKS TIME RELEASE LAB,1,2014-04-10,2014-04-10,False,True,False,True,Drugs
AMMAN PHARMACEUTICAL INDUSTRIES,AMMAN PHARMACEUTICAL INDUSTRIES,2,2023-09-11,2024-02-14,False,True,False,True,Drugs
"AMMD Labs, LLC",AMMD LABS,1,2019-05-07,2019-05-07,False,True,False,True,Drugs
AMMONIASPORT LLC,AMMONIASPORT,1,2024-03-18,2024-03-18,False,True,False,True,Drugs
AMO Uppsala AB,AMO UPPSALA,1,2009-09-18,2009-09-18,True,False,False,True,Devices
AMPAC Fine Chemicals LLC,AMPAC FINE CHEMICALS,1,2010-07-01,2010-07-01,False,True,False,True,Drugs
AMRUTAM LIFE CARE PRIVATE LIMITED,AMRUTAM LIFE CARE PRIVATE,1,2013-07-15,2013-07-15,False,True,False,True,Drugs
AMS Packaging Inc,AMS PACKAGING,1,2022-09-01,2022-09-01,False,True,False,True,Drugs
AN Co. Ltd.,AN,1,2017-12-20,2017-12-20,False,True,False,True,Drugs
"ANJI ZHENGBANG MEDICAL INSTRUMENT CO, LTD",ANJI ZHENGBANG MEDICAL INSTRUMENT,1,2013-09-19,2013-09-19,True,False,False,True,Devices
"ANTHONY TRINH, 123Herbals LLC",ANTHONY TRINH 123HERBALS,1,2025-11-13,2025-11-13,False,True,False,True,Drugs
"ANTHOS GROUP, INC, THE",ANTHOS,1,2022-11-04,2022-11-04,False,True,False,True,Drugs
APARNA ORGANICS LIMITED,APARNA ORGANICS,1,2019-08-08,2019-08-08,False,True,False,True,Drugs
"APC Medical, Ltd.",APC MEDICAL,1,2011-12-23,2011-12-23,True,False,False,True,Devices
"APK Technology Co., Ltd.",APK TECHNOLOGY,1,2015-08-06,2015-08-06,True,False,False,True,Devices
"AQ USA, Inc.",AQ,1,2026-02-12,2026-02-12,False,True,False,True,Drugs
AQUAVIT PHARMACEUTICALS INC,AQUAVIT PHARMACEUTICALS,1,2021-06-17,2021-06-17,True,False,False,True,Devices
"ARB Medical, LLC",ARB MEDICAL,1,2015-12-22,2015-12-22,True,False,False,True,Devices
"ARC Medical Supplies (Beijing) Co., Ltd.",ARC MEDICAL SUPPLIES BEIJING,1,2011-03-28,2011-03-28,True,False,False,True,Devices
ARCO GLOBUS TRADING LLC,ARCO GLOBUS TRADING,1,2017-12-11,2017-12-11,False,True,False,True,Drugs
ARCO2014,ARCO2014,1,2016-08-03,2016-08-03,True,False,False,True,Devices
"ARG Laboratories, Inc.",ARG LABORATORIES,1,2024-06-11,2024-06-11,False,True,False,True,Drugs
ARJ Infusion Services Inc,ARJ INFUSION SERVICES,1,2018-04-02,2018-04-02,False,True,False,True,Drugs
"ARJ Medical, Inc. / Gulf Coast Scientific Inc",ARJ MEDICAL GULF COAST SCIENTIFIC,1,2010-07-16,2010-07-16,True,False,False,True,Devices
"ARKRAY Factory, Inc.",ARKRAY FACTORY,2,2009-06-15,2015-03-04,True,False,False,True,Devices
"ARKRAY, Inc.",ARKRAY,1,2015-04-10,2015-04-10,True,False,False,True,Devices
ARSCI INC.,ARSCI,1,2015-03-09,2015-03-09,True,False,False,True,Devices
ARxIUM Inc.,ARXIUM,1,2012-02-08,2012-02-08,True,False,False,True,Devices
ASA Universal Inc. dba: Sonage,ASA UNIVERSAL SONAGE,1,2018-11-27,2018-11-27,False,True,False,True,Drugs
"ASEPTIKITS, LLC",ASEPTIKITS,1,2026-06-04,2026-06-04,True,False,False,True,Devices
"ASI Medical, Inc.",ASI MEDICAL,2,2011-04-20,2013-01-23,True,False,False,True,Devices
ASN-LABS,ASN LABS,1,2025-09-09,2025-09-09,False,True,False,True,Drugs
ASP Cares,ASP CARES,1,2021-04-05,2021-04-05,False,True,False,True,Drugs
"ASP Global, LLC.",ASP GLOBAL,1,2025-12-10,2025-12-10,True,False,False,True,Devices
ATLRx Inc.,ATLRX,1,2022-05-04,2022-05-04,False,True,False,True,Drugs
"AVEVA Drug Delivery Systems, Inc.",AVEVA DRUG DELIVERY SYSTEMS,1,2010-05-21,2010-05-21,False,True,False,True,Drugs
"AYGUN SURGICAL INSTRUMENTS CO.,INC.",AYGUN SURGICAL INSTRUMENTS,1,2013-06-27,2013-06-27,True,False,False,True,Devices
"AZ Instrument (Shen Zhen) Co., Ltd.",AZ INSTRUMENT SHEN ZHEN,1,2011-03-04,2011-03-04,True,False,False,True,Devices
Aarti Drugs Limited,AARTI DRUGS,1,2013-08-02,2013-08-02,False,True,False,True,Drugs
Aarti Drugs Ltd,AARTI DRUGS,1,2013-08-02,2013-08-02,False,True,False,True,Drugs
Abbey Color Incorporated,ABBEY COLOR,1,2013-02-19,2013-02-19,False,True,False,True,Drugs
"Abbott Diabetes Care, Inc.",ABBOTT DIABETES CARE,2,2010-07-02,2026-01-23,True,False,False,True,Devices
Abbott Medical,ABBOTT MEDICAL,5,2009-06-26,2017-04-12,True,False,False,True,Devices
"Abbott Molecular, Inc.",ABBOTT MOLECULAR,1,2009-08-12,2009-08-12,True,False,False,True,Devices
Abbott Point of Care Canada Limited,ABBOTT POINT OF CARE CANADA,1,2022-11-08,2022-11-08,True,False,False,True,Devices
"Abbott's Compounding Pharmacy, Inc.",ABBOTT S COMPOUNDING PHARMACY,1,2017-04-04,2017-04-04,False,True,False,True,Drugs
"Abon Biopharm (Hangzhou) Co., Ltd.",ABON BIOPHARM HANGZHOU,1,2010-12-22,2010-12-22,True,False,False,True,Devices
About Mineral,ABOUT MINERAL,1,2021-04-07,2021-04-07,False,True,False,True,Drugs
Abrams Royal Pharmacy,ABRAMS ROYAL PHARMACY,1,2014-07-14,2014-07-14,False,True,False,True,Drugs
"Abryrx, Inc.",ABRYRX,1,2011-01-06,2011-01-06,True,False,False,True,Devices
Absara Cosmetics S.A.P.I DE C.V.,ABSARA COSMETICS S A P I DE C V,1,2021-02-18,2021-02-18,False,True,False,True,Drugs
"Absolute Natural Blenders, Inc.",ABSOLUTE NATURAL BLENDERS,1,2010-09-09,2010-09-09,False,True,False,True,Drugs
"Absolute Pharmacy, LLC",ABSOLUTE PHARMACY,1,2015-04-27,2015-04-27,False,True,False,True,Drugs
Absolutely Natural,ABSOLUTELY NATURAL,1,2025-12-30,2025-12-30,False,True,False,True,Drugs
Accelerated Analytical Laboratories Inc.,ACCELERATED ANALYTICAL LABORATORIES,1,2017-10-18,2017-10-18,False,True,False,True,Drugs
"Access Bio, Inc.",ACCESS BIO,1,2010-12-22,2010-12-22,False,False,True,True,Biologics
"Accra-Pac, Inc.",ACCRA PAC,1,2023-04-20,2023-04-20,False,True,False,True,Drugs
Accu Bio-Chem Laboratories LLC,ACCU BIO CHEM LABORATORIES,1,2022-02-24,2022-02-24,False,True,False,True,Drugs
Accupack Midwest Inc,ACCUPACK MIDWEST,1,2024-08-15,2024-08-15,False,True,False,True,Drugs
Accurate RX Pharmacy Consulting LLC,ACCURATE RX PHARMACY CONSULTING,1,2020-09-02,2020-09-02,False,True,False,True,Drugs
Accurate Set Inc,ACCURATE SET,1,2010-04-26,2010-04-26,True,False,False,True,Devices
Ace Medical,ACE MEDICAL,1,2013-05-01,2013-05-01,True,False,False,True,Devices
"AcelRx Pharmaceuticals, Inc.",ACELRX PHARMACEUTICALS,1,2021-02-11,2021-02-11,False,True,False,True,Drugs
"Acella Pharmaceuticals, LLC",ACELLA PHARMACEUTICALS,1,2020-08-14,2020-08-14,False,True,False,True,Drugs
"Acino Products, LLC",ACINO PRODUCTS,1,2020-02-10,2020-02-10,False,True,False,True,Drugs
Acme Monaco Corporation,ACME MONACO,1,2014-04-28,2014-04-28,True,False,False,True,Devices
Acrostak (Schweiz) AG,ACROSTAK SCHWEIZ,1,2023-10-31,2023-10-31,True,False,False,True,Devices
Actavis Elizabeth LLC,ACTAVIS ELIZABETH,1,2010-02-18,2010-02-18,False,True,False,True,Drugs
"Actavis Laboratories FL, Inc.",ACTAVIS LABORATORIES FL,1,2019-02-01,2019-02-01,False,True,False,True,Drugs
"Activa Brand Products, Inc.",ACTIVA BRAND PRODUCTS,1,2010-08-25,2010-08-25,True,False,False,True,Devices
Active Cosmetics Manufacturing Inc,ACTIVE COSMETICS MANUFACTURING,1,2026-04-22,2026-04-22,False,True,False,True,Drugs
Acu International,ACU,1,2012-09-25,2012-09-25,True,False,False,True,Devices
"Acuity Specialty Products, Inc.",ACUITY SPECIALTY PRODUCTS,1,2025-09-03,2025-09-03,False,True,False,True,Drugs
Acupuncture & Alternative Health Care Inc.,ACUPUNCTURE AND ALTERNATIVE HEALTH CARE,1,2010-04-12,2010-04-12,False,True,False,True,Drugs
Ad-Tech Medical Instrument Corporation,AD TECH MEDICAL INSTRUMENT,2,2012-04-12,2013-11-14,True,False,False,True,Devices
Adam's Secret,ADAM S SECRET,1,2023-01-10,2023-01-10,False,True,False,True,Drugs
AdamsSecret.com,ADAMSSECRET COM,1,2023-01-10,2023-01-10,False,True,False,True,Drugs
"Adamson Analytical Laboratories, Inc.",ADAMSON ANALYTICAL LABORATORIES,2,2016-08-02,2021-08-18,False,True,False,True,Drugs
"Adarsh Daswani, M.D.",ADARSH DASWANI M D,1,2022-12-14,2022-12-14,False,True,False,True,Drugs
"Adnan M. Dahdul, M.D.",ADNAN M DAHDUL M D,1,2026-03-12,2026-03-12,False,False,True,True,Biologics
Adolfo Kaplan Pulmonary & Sleep Center of the Valley,ADOLFO KAPLAN PULMONARY AND SLEEP CENTER OF VALLEY,1,2017-04-20,2017-04-20,False,True,False,True,Drugs
"Advanced Botanical Consulting & Testing, LLC",ADVANCED BOTANICAL CONSULTING AND TESTING,1,2019-06-04,2019-06-04,False,True,False,True,Drugs
"Advanced Cosmetic Research Laboratories, Inc.",ADVANCED COSMETIC RESEARCH LABORATORIES,1,2022-09-28,2022-09-28,False,True,False,True,Drugs
"Advanced Fertility Group, PC",ADVANCED FERTILITY PC,1,2011-06-14,2011-06-14,False,False,True,True,Biologics
"Advanced Infusion Solutions Acquisition, LLC",ADVANCED INFUSION SOLUTIONS ACQUISITION,1,2017-03-01,2017-03-01,False,True,False,True,Drugs
Advanced Interventional Pain Ctr IRB,ADVANCED INTERVENTIONAL PAIN CTR IRB,1,2014-02-07,2014-02-07,True,False,False,True,Devices
"Advanced MicroVas II, LLC",ADVANCED MICROVAS II,1,2014-06-30,2014-06-30,True,False,False,True,Devices
"Advanced Nutriceuticals, LLC",ADVANCED NUTRICEUTICALS,1,2021-11-10,2021-11-10,False,True,False,True,Drugs
"Advanced OrthoPro, Inc.",ADVANCED ORTHOPRO,1,2012-05-18,2012-05-18,True,False,False,True,Devices
"Advanced Pharmaceutical Technology, Inc.",ADVANCED PHARMACEUTICAL TECHNOLOGY,1,2025-03-14,2025-03-14,False,True,False,True,Drugs
"Advanced Physician Solutions, Inc.",ADVANCED PHYSICIAN SOLUTIONS,1,2015-11-03,2015-11-03,False,True,False,True,Drugs
Advanced Renal Technologies Inc,ADVANCED RENAL TECHNOLOGIES,1,2014-05-08,2014-05-08,True,False,False,True,Devices
"Advanced Spine and Pain, LLC",ADVANCED SPINE AND PAIN,1,2019-03-28,2019-03-28,False,True,False,True,Drugs
Advanced Sterilization Products,ADVANCED STERILIZATION PRODUCTS,1,2010-03-12,2010-03-12,True,False,False,True,Devices
"Advanced Testing Laboratory, Inc.",ADVANCED TESTING LABORATORY,1,2010-10-12,2010-10-12,False,True,False,True,Drugs
Advanced Vision Science Inc,ADVANCED VISION SCIENCE,1,2016-04-06,2016-04-06,True,False,False,True,Devices
Advantageous MD Llc,ADVANTAGEOUS MD,1,2011-10-04,2011-10-04,True,False,False,True,Devices
Advocate Health Care IRB,ADVOCATE HEALTH CARE IRB,1,2012-06-01,2012-06-01,False,True,False,True,Drugs
Aeroflex Industria de Aerosol Ltda,AEROFLEX INDUSTRIA DE AEROSOL LTDA,1,2026-05-22,2026-05-22,False,True,False,True,Drugs
Aerolase Corp.,AEROLASE,1,2011-11-16,2011-11-16,True,False,False,True,Devices
"Aerosol Science Laboratories, Inc. dba. ASL Pharmacy",AEROSOL SCIENCE LABORATORIES ASL PHARMACY,1,2008-10-29,2008-10-29,False,True,False,True,Drugs
"Aerosol and Liquid Packaging, Inc.",AEROSOL AND LIQUID PACKAGING,1,2024-07-24,2024-07-24,False,True,False,True,Drugs
"Aerscher Diagnostics, LLC",AERSCHER DIAGNOSTICS,1,2011-06-28,2011-06-28,True,False,False,True,Devices
Aesculap AG,AESCULAP,1,2011-09-26,2011-09-26,True,False,False,True,Devices
Aesthetics Systems Usa Inc,AESTHETICS SYSTEMS,1,2014-05-22,2014-05-22,True,False,False,True,Devices
Age Management Institute Santa Barbara,AGE MANAGEMENT INSTITUTE SANTA BARBARA,1,2022-04-18,2022-04-18,False,True,False,True,Drugs
Agebox,AGEBOX,1,2025-12-19,2025-12-19,False,True,False,True,Drugs
"Ageless Global, LLC",AGELESS GLOBAL,1,2021-03-01,2021-03-01,False,True,False,True,Drugs
"Agena Bioscience, Inc.",AGENA BIOSCIENCE,1,2024-03-21,2024-03-21,True,False,False,True,Devices
"Agnes E. Ubani, MD",AGNES E UBANI MD,1,2013-11-21,2013-11-21,False,True,False,True,Drugs
Agnesian Healthcare IRB,AGNESIAN HEALTHCARE IRB,1,2013-03-25,2013-03-25,False,True,False,True,Drugs
"AgroTerra, Ltd. dba Patriot Hemp Company",AGROTERRA PATRIOT HEMP,1,2020-05-07,2020-05-07,False,True,False,True,Drugs
Agropharma Laboratories Inc.,AGROPHARMA LABORATORIES,1,2022-03-25,2022-03-25,False,True,False,True,Drugs
Aid United International Co. Limited,AID UNITED,1,2011-02-03,2011-02-03,True,False,False,True,Devices
"Aino Co., Ltd. of North China Pharma. Group",AINO OF NORTH CHINA PHARMA,1,2012-08-30,2012-08-30,False,True,False,True,Drugs
"Aionex, Inc.",AIONEX,1,2013-01-09,2013-01-09,True,False,False,True,Devices
Aire-Master of America Inc,AIRE MASTER OF AMERICA,1,2022-05-23,2022-05-23,False,True,False,True,Drugs
"AireRx Healthcare, LLC",AIRERX HEALTHCARE,1,2012-07-30,2012-07-30,True,False,False,True,Devices
"Airpal, Inc.",AIRPAL,1,2011-08-04,2011-08-04,True,False,False,True,Devices
"Aizu Olympus Co., Ltd.",AIZU OLYMPUS,2,2015-08-12,2022-11-02,True,False,False,True,Devices
"Aju Pharm Co., Ltd.",AJU PHARM,1,2025-05-21,2025-05-21,True,False,False,True,Devices
Akan Biosciences Inc,AKAN BIOSCIENCES,1,2024-04-30,2024-04-30,False,False,True,True,Biologics
AkivaMed Inc.,AKIVAMED,1,2020-07-24,2020-07-24,True,False,False,True,Devices
Akron Bee Pollen,AKRON BEE POLLEN,1,2015-05-21,2015-05-21,False,True,False,True,Drugs
Al Natural eShop,AL NATURAL ESHOP,1,2024-08-27,2024-08-27,False,True,False,True,Drugs
Alan Meds,ALAN MEDS,1,2026-02-20,2026-02-20,False,True,False,True,Drugs
Alan Neuromedical Technologies,ALAN NEUROMEDICAL TECHNOLOGIES,1,2011-08-29,2011-08-29,True,False,False,True,Devices
Albahealth LLC,ALBAHEALTH,1,2011-12-27,2011-12-27,True,False,False,True,Devices
Albek De Mexico S.A. De C.V.,ALBEK DE MEXICO S A DE C V,1,2021-03-11,2021-03-11,False,True,False,True,Drugs
Alber GmbH,ALBER,1,2017-09-15,2017-09-15,True,False,False,True,Devices
Albert Browne Ltd.,ALBERT BROWNE,1,2012-05-29,2012-05-29,True,False,False,True,Devices
Alchymars ICM SM Private Limited,ALCHYMARS ICM SM PRIVATE,2,2018-02-16,2026-05-21,False,True,False,True,Drugs
"Alcor Scientific, Inc.",ALCOR SCIENTIFIC,1,2010-01-27,2010-01-27,True,False,False,True,Devices
Alexander Infusion LLC D/B/A Avanti Health Care,ALEXANDER INFUSION D B A AVANTI HEALTH CARE,1,2015-03-27,2015-03-27,False,True,False,True,Drugs
Alexander Neumeister,ALEXANDER NEUMEISTER,1,2016-02-19,2016-02-19,False,True,False,True,Drugs
"Algunas Inc., dba Woodland Hills Compounding Pharmacy",ALGUNAS WOODLAND HILLS COMPOUNDING PHARMACY,1,2017-07-17,2017-07-17,False,True,False,True,Drugs
Ali R Rezai MD,ALI R REZAI MD,1,2008-11-13,2008-11-13,True,False,False,True,Devices
"All About You Medspa, Llc",ALL ABOUT YOU MEDSPA,1,2010-04-05,2010-04-05,False,True,False,True,Drugs
"Allay Pharmaceuticals, LLC",ALLAY PHARMACEUTICALS,1,2021-01-27,2021-01-27,False,True,False,True,Drugs
Allegis Pharmaceutical LLC,ALLEGIS PHARMACEUTICAL,1,2009-11-13,2009-11-13,False,True,False,True,Drugs
Allerair Industries,ALLERAIR INDUSTRIES,1,2009-05-14,2009-05-14,True,False,False,True,Devices
"Allergan Sales, LLC",ALLERGAN SALES,1,2020-05-14,2020-05-14,True,False,False,True,Devices
Allergen Medical,ALLERGEN MEDICAL,1,2015-05-29,2015-05-29,True,False,False,True,Devices
Allergon Inc,ALLERGON,1,2009-08-17,2009-08-17,False,True,False,True,Drugs
Allovate Therapeautics LLC,ALLOVATE THERAPEAUTICS,1,2025-09-30,2025-09-30,False,False,True,True,Biologics
Allure Imports,ALLURE IMPORTS,1,2021-04-07,2021-04-07,False,True,False,True,Drugs
"Allure Labs, LLC",ALLURE LABS,1,2011-05-24,2011-05-24,False,True,False,True,Drugs
Alora Pharmaceuticals,ALORA PHARMACEUTICALS,1,2025-09-09,2025-09-09,False,True,False,True,Drugs
Alpha Arogya India Pvt. Ltd. (The GBS Group),ALPHA AROGYA INDIA GBS,1,2020-04-13,2020-04-13,False,True,False,True,Drugs
Alpha Laboratories Inc.,ALPHA LABORATORIES,1,2011-05-06,2011-05-06,False,True,False,True,Drugs
"Alpha Medical Instruments, LLC",ALPHA MEDICAL INSTRUMENTS,2,2013-06-24,2014-10-07,True,False,False,True,Devices
Alpha-Tek LLC,ALPHA TEK,1,2021-05-27,2021-05-27,False,True,False,True,Drugs
Alseal,ALSEAL,1,2016-11-10,2016-11-10,True,False,False,True,Devices
"Altaire Pharmaceuticals, Inc.",ALTAIRE PHARMACEUTICALS,2,2011-11-16,2020-03-12,False,True,False,True,Drugs
"Altasciences Preclinical Seattle, LLC",ALTASCIENCES PRECLINICAL SEATTLE,1,2010-08-09,2010-08-09,False,True,False,True,Drugs
Alternative Health Distribution LLC,ALTERNATIVE HEALTH DISTRIBUTION,1,2022-11-01,2022-11-01,False,True,False,True,Drugs
"Alternative Health Experts, LLC",ALTERNATIVE HEALTH EXPERTS,1,2020-04-06,2020-04-06,False,True,False,True,Drugs
Alternative Health Supplements,ALTERNATIVE HEALTH SUPPLEMENTS,1,2013-05-02,2013-05-02,False,True,False,True,Drugs
Alternavita,ALTERNAVITA,1,2020-05-26,2020-05-26,False,True,False,True,Drugs
Altru Telehealth,ALTRU TELEHEALTH,1,2026-06-08,2026-06-08,False,True,False,True,Drugs
Alva-Amco Pharmacal Cos Inc.,ALVA AMCO PHARMACAL COS,1,2023-08-09,2023-08-09,False,True,False,True,Drugs
AmLion Toothpaste Mfg Sdn,AMLION TOOTHPASTE MFG SDN,1,2023-11-17,2023-11-17,False,True,False,True,Drugs
Amanta Healthcare Ltd.,AMANTA HEALTHCARE,2,2014-07-08,2014-08-26,False,True,False,True,Drugs
"Amaros Co., Ltd",AMAROS,1,2017-12-13,2017-12-13,False,True,False,True,Drugs
Amasha,AMASHA,1,2010-02-17,2010-02-17,True,False,False,True,Devices
Amazing Meds,AMAZING MEDS,1,2025-09-09,2025-09-09,False,True,False,True,Drugs
"Ambco Electronics, Incorporated",AMBCO ELECTRONICS,1,2014-09-26,2014-09-26,True,False,False,True,Devices
Ambu Inc.,AMBU,1,2023-08-16,2023-08-16,True,False,False,True,Devices
Amcyte Pharma,AMCYTE PHARMA,1,2022-01-03,2022-01-03,False,True,False,True,Drugs
Americall-labs.com VMG Global Inc,AMERICALL LABS COM VMG GLOBAL,1,2009-07-27,2009-07-27,False,True,False,True,Drugs
"American Aesthetics Medical Supply, Inc.",AMERICAN AESTHETICS MEDICAL SUPPLY,1,2013-09-23,2013-09-23,True,False,False,True,Devices
"American Antibiotics, Inc.",AMERICAN ANTIBIOTICS,1,2014-06-02,2014-06-02,False,True,False,True,Drugs
American Association of Acupuncture and Bio-Energetic Medici,AMERICAN ASSOCIATION OF ACUPUNCTURE AND BIO ENERGETIC MEDICI,2,2008-11-13,2011-03-24,True,False,False,True,Devices
"American Behavioral Research Institute, LLC",AMERICAN BEHAVIORAL RESEARCH INSTITUTE,1,2025-04-30,2025-04-30,False,True,False,True,Drugs
"American Chinese Medicine Association, Inc",AMERICAN CHINESE MEDICINE ASSOCIATION,1,2018-06-26,2018-06-26,False,True,False,True,Drugs
American Cleaning Solutions,AMERICAN CLEANING SOLUTIONS,1,2022-09-06,2022-09-06,False,True,False,True,Drugs
American Contract Systems,AMERICAN CONTRACT SYSTEMS,1,2018-11-06,2018-11-06,True,False,False,True,Devices
American Contract Systems Inc,AMERICAN CONTRACT SYSTEMS,2,2011-04-21,2024-11-01,True,False,False,True,Devices
"American Contract Systems, Inc.",AMERICAN CONTRACT SYSTEMS,1,2019-11-09,2019-11-09,True,False,False,True,Devices
"American Fertility Medical Center - Genetic Infertility & Andrology Laboratory, Inc.",AMERICAN FERTILITY MEDICAL CENTER GENETIC INFERTILITY AND ANDROLOGY LABORATORY,1,2020-04-02,2020-04-02,False,False,True,True,Biologics
"American Laboratories Pharma, LLC",AMERICAN LABORATORIES PHARMA,1,2023-03-30,2023-03-30,False,True,False,True,Drugs
American Lifestyle,AMERICAN LIFESTYLE,2,2009-10-27,2015-06-10,False,True,False,True,Drugs; Food/Cosmetics
American Mammographics Inc,AMERICAN MAMMOGRAPHICS,1,2009-03-16,2009-03-16,True,False,False,True,Devices
"American Pharmacy of Illinois, Inc. dba Alwan Pharmacy and Compounding Center",AMERICAN PHARMACY OF ILLINOIS ALWAN PHARMACY AND COMPOUNDING CENTER,1,2016-07-22,2016-07-22,False,True,False,True,Drugs
American Preclinical Services,AMERICAN PRECLINICAL SERVICES,1,2019-02-12,2019-02-12,True,False,False,True,Devices
"American Quality Manufacturing, Inc.",AMERICAN QUALITY MANUFACTURING,1,2011-08-09,2011-08-09,True,False,False,True,Devices
"American Regent, Inc.",AMERICAN REGENT,1,2011-08-31,2011-08-31,False,True,False,True,Drugs
American Sales Company Inc,AMERICAN SALES,1,2019-07-12,2019-07-12,False,True,False,True,Drugs
American Specialty Pharmacy,AMERICAN SPECIALTY PHARMACY,2,2016-06-28,2017-04-04,False,True,False,True,Drugs
American Ultraviolet Co.,AMERICAN ULTRAVIOLET,1,2009-06-04,2009-06-04,True,False,False,True,Devices
"Americare Compounding, LLC.",AMERICARE COMPOUNDING,1,2014-04-22,2014-04-22,False,True,False,True,Drugs
"Americo F. Padilla, MD",AMERICO F PADILLA MD,1,2025-01-17,2025-01-17,False,True,False,True,Drugs
"Ameriderm Laboratories, Ltd.",AMERIDERM LABORATORIES,1,2013-12-02,2013-12-02,False,True,False,True,Drugs
"Ami Cosmetics Co., Ltd.",AMI COSMETICS,1,2018-06-12,2018-06-12,False,True,False,True,Drugs
Amico Beds Corporation,AMICO BEDS,1,2015-09-01,2015-09-01,True,False,False,True,Devices
Amie,AMIE,1,2026-06-08,2026-06-08,False,True,False,True,Drugs
"Amigo Mobility International, Inc.",AMIGO MOBILITY,1,2010-05-21,2010-05-21,True,False,False,True,Devices
"Amish Origins Management, LLC",AMISH ORIGINS MANAGEMENT,1,2025-05-29,2025-05-29,False,True,False,True,Drugs
"Amnio Technology, LLC",AMNIO TECHNOLOGY,1,2024-10-01,2024-10-01,False,False,True,True,Biologics
Amniotic Therapies LLC,AMNIOTIC THERAPIES,1,2016-08-17,2016-08-17,False,False,True,True,Biologics
AmpHealth,AMPHEALTH,1,2026-02-20,2026-02-20,False,True,False,True,Drugs
Amplicon Express,AMPLICON EXPRESS,1,2021-06-07,2021-06-07,True,False,False,True,Devices
"Amplicon, LLC",AMPLICON,1,2021-06-07,2021-06-07,True,False,False,True,Devices
"Amplion Clinical Communications, Inc.",AMPLION CLINICAL COMMUNICATIONS,1,2013-12-17,2013-12-17,True,False,False,True,Devices
Amplivox Ltd,AMPLIVOX,1,2012-05-02,2012-05-02,True,False,False,True,Devices
Amrex Zetron Inc,AMREX ZETRON,1,2009-04-14,2009-04-14,True,False,False,True,Devices
Amrita Aromatherapy Inc,AMRITA AROMATHERAPY,1,2009-05-28,2009-05-28,False,True,False,True,Drugs
"Amryt Pharmaceuticals, Inc.",AMRYT PHARMACEUTICALS,1,2013-11-08,2013-11-08,False,True,False,True,Drugs
Amy Lightner MD,AMY LIGHTNER MD,1,2025-03-25,2025-03-25,False,False,True,True,Biologics
Amyron Enterprises Pty Ltd.,AMYRON ENTERPRISES PTY,1,2009-05-12,2009-05-12,True,False,False,True,Devices
Ana J. Fandino,ANA J FANDINO,1,2013-12-31,2013-12-31,False,True,False,True,Drugs
"Analytical Control Systems, Inc",ANALYTICAL CONTROL SYSTEMS,1,2014-05-08,2014-05-08,True,False,False,True,Devices
Analytical Food Laboratories Inc.,ANALYTICAL FOOD LABORATORIES,1,2024-10-10,2024-10-10,False,True,False,True,Drugs
Analyticon Biotechnologies AG,ANALYTICON BIOTECHNOLOGIES,1,2012-08-10,2012-08-10,True,False,False,True,Devices
Ananda Apothecary,ANANDA APOTHECARY,1,2020-04-06,2020-04-06,False,True,False,True,Drugs
"Anastasia Marie Laboratories, Inc.",ANASTASIA MARIE LABORATORIES,1,2013-07-15,2013-07-15,False,True,False,True,Drugs
AnazaoHealth Corporation,ANAZAOHEALTH,2,2015-12-09,2021-08-19,False,True,False,True,Drugs
"Anchor Products Company, Inc.",ANCHOR PRODUCTS,1,2010-11-08,2010-11-08,True,False,False,True,Devices
"Andapharm, LLC",ANDAPHARM,2,2014-08-26,2019-02-28,False,True,False,True,Drugs
Andersen Sterilizers Inc,ANDERSEN STERILIZERS,1,2012-05-02,2012-05-02,True,False,False,True,Devices
"Anderson Compounding Pharmacy, Inc. DBA Anderson Compounding Pharmacy",ANDERSON COMPOUNDING PHARMACY ANDERSON COMPOUNDING PHARMACY,1,2020-01-14,2020-01-14,False,True,False,True,Drugs
"Andi Pressure Solutions, Inc.",ANDI PRESSURE SOLUTIONS,1,2013-06-25,2013-06-25,True,False,False,True,Devices
Andrey Petroff,ANDREY PETROFF,1,2009-11-18,2009-11-18,False,True,False,True,Drugs
"Andropharm, LLC",ANDROPHARM,1,2017-06-05,2017-06-05,False,True,False,True,Drugs
"Angela D. Ritter, M.D.",ANGELA D RITTER M D,1,2024-06-07,2024-06-07,False,True,False,True,Drugs
"Angela M. Stupi, M.D.",ANGELA M STUPI M D,1,2023-08-08,2023-08-08,False,True,False,True,Drugs
Angiplast Private Limited,ANGIPLAST PRIVATE,1,2020-05-14,2020-05-14,True,False,False,True,Devices
"Anhui Hanbon Daily Chemical Co., Ltd.",ANHUI HANBON DAILY CHEMICAL,1,2025-08-11,2025-08-11,False,True,False,True,Drugs
Anicare Pharmaceuticals Pvt Ltd.,ANICARE PHARMACEUTICALS,1,2019-02-28,2019-02-28,False,True,False,True,Drugs
"Anigan, Inc.",ANIGAN,1,2018-07-25,2018-07-25,True,False,False,True,Devices
Anil Gangwani,ANIL GANGWANI,1,2016-06-02,2016-06-02,False,True,False,True,Drugs
"Anish S. Shah, M.D.",ANISH S SHAH M D,1,2023-12-12,2023-12-12,False,True,False,True,Drugs
"Annovex Pharma, Inc.",ANNOVEX PHARMA,1,2025-03-05,2025-03-05,False,True,False,True,Drugs
Antaria Pty. Ltd.,ANTARIA PTY,1,2024-03-22,2024-03-22,False,True,False,True,Drugs
"Anthony V Dallas, Jr, MD",ANTHONY V DALLAS JR MD,1,2009-11-09,2009-11-09,False,True,False,True,Drugs
Antibioticos Do Brasil Ltda,ANTIBIOTICOS DO BRASIL LTDA,2,2009-07-24,2016-12-08,False,True,False,True,Drugs
"Antonio E. Blanco, M.D.",ANTONIO E BLANCO M D,1,2023-09-26,2023-09-26,False,True,False,True,Drugs
Antroids.com,ANTROIDS COM,1,2020-04-23,2020-04-23,False,True,False,True,Drugs
AnuMed International LLC,ANUMED,1,2024-08-20,2024-08-20,False,True,False,True,Drugs
Anulex Technologies Inc,ANULEX TECHNOLOGIES,1,2011-02-11,2011-02-11,True,False,False,True,Devices
"Anybattery, Inc.",ANYBATTERY,1,2015-04-29,2015-04-29,True,False,False,True,Devices
Anytime COVID Test LLC,ANYTIME COVID TEST,1,2021-04-14,2021-04-14,True,False,False,True,Devices
Aphena Pharma Solutions - Tennessee LLC,APHENA PHARMA SOLUTIONS TENNESSEE,1,2017-12-05,2017-12-05,False,True,False,True,Drugs
Apia Enterprise Inc,APIA ENTERPRISE,1,2012-06-28,2012-06-28,True,False,False,True,Devices
"Apira Science, Inc.",APIRA SCIENCE,1,2012-04-17,2012-04-17,True,False,False,True,Devices
Apitoria Pharma Private Limited,APITORIA PHARMA PRIVATE,2,2019-06-20,2022-01-13,False,True,False,True,Drugs
"Aplicare Products, LLC",APLICARE PRODUCTS,1,2016-12-15,2016-12-15,False,True,False,True,Drugs
Apnea Sciences Corporation,APNEA SCIENCES,1,2013-05-09,2013-05-09,True,False,False,True,Devices
"Apollo Care, LLC",APOLLO CARE,2,2019-03-20,2026-02-02,False,True,False,True,Drugs
"Apollo Health And Beauty Care, Inc.",APOLLO HEALTH AND BEAUTY CARE,1,2019-12-23,2019-12-23,False,True,False,True,Drugs
Apollo Holding LLC,APOLLO,1,2020-05-21,2020-05-21,False,True,False,True,Drugs
Apolo - Megasun LLC,APOLO MEGASUN,1,2013-03-22,2013-03-22,True,False,False,True,Devices
Apotex Inc.,APOTEX,3,2010-03-29,2025-10-31,False,True,False,True,Drugs
Apotex Pharmachem India Pvt Ltd.,APOTEX PHARMACHEM INDIA,1,2014-06-16,2014-06-16,False,True,False,True,Drugs
Apotex Research Private Limited,APOTEX RESEARCH PRIVATE,2,2015-01-30,2018-08-09,False,True,False,True,Drugs
"Apotex, Inc.",APOTEX,1,2009-06-25,2009-06-25,False,True,False,True,Drugs
"Apotheca Supply, Inc",APOTHECA SUPPLY,1,2016-04-07,2016-04-07,False,True,False,True,Drugs
"Apotheca, Inc.",APOTHECA,1,2009-06-23,2009-06-23,False,True,False,True,Drugs
Apothecary Pharma LLC,APOTHECARY PHARMA,1,2025-12-01,2025-12-01,False,True,False,True,Drugs
"Apothecary Products, Inc.",APOTHECARY PRODUCTS,1,2010-01-05,2010-01-05,True,False,False,True,Devices
Apothecus Pharmaceutical Corp.,APOTHECUS PHARMACEUTICAL,1,2019-11-08,2019-11-08,False,True,False,True,Drugs
Apozeal Pharmaceuticals Inc.,APOZEAL PHARMACEUTICALS,1,2019-10-28,2019-10-28,False,True,False,True,Drugs
Applied Biological Laboratories Inc.,APPLIED BIOLOGICAL LABORATORIES,1,2022-03-24,2022-03-24,False,True,False,True,Drugs
Aptalis Pharma Us Inc,APTALIS PHARMA,2,2010-07-13,2013-10-25,True,True,False,True,Devices; Drugs
"Aqualex Co., Ltd.",AQUALEX,1,2024-06-12,2024-06-12,False,True,False,True,Drugs
"Aquavit Life Sciences, Inc.",AQUAVIT LIFE SCIENCES,1,2021-06-17,2021-06-17,True,False,False,True,Devices
Aqueduct Medical Incorporated,AQUEDUCT MEDICAL,1,2010-12-22,2010-12-22,True,False,False,True,Devices
"Archtek Dental, LLC",ARCHTEK DENTAL,1,2011-07-20,2011-07-20,True,False,False,True,Devices
Ardil Comercial S.R.L.,ARDIL COMERCIAL S R L,1,2021-09-22,2021-09-22,False,True,False,True,Drugs
Aregenius Worldwide LLC,AREGENIUS WORLDWIDE,1,2009-11-30,2009-11-30,False,True,False,True,Drugs
Arenson Group,ARENSON,1,2011-04-28,2011-04-28,False,True,False,True,Drugs
"Argentum Medical, Llc",ARGENTUM MEDICAL,1,2012-05-29,2012-05-29,True,False,False,True,Devices
Argo Medical Technologies Inc.,ARGO MEDICAL TECHNOLOGIES,1,2015-09-30,2015-09-30,True,False,False,True,Devices
"Argon Medical Devices, Inc",ARGON MEDICAL DEVICES,1,2014-07-03,2014-07-03,True,False,False,True,Devices
Argon Medical Productions & Vertrieb Gesellschaft MBH & CO,ARGON MEDICAL PRODUCTIONS AND VERTRIEB GESELLSCHAFT MBH AND,1,2024-10-22,2024-10-22,True,False,False,True,Devices
AriBio H&B,ARIBIO H AND B,1,2021-10-08,2021-10-08,False,True,False,True,Drugs
Ariella Naturals,ARIELLA NATURALS,1,2022-08-04,2022-08-04,False,True,False,True,Drugs
Arjo Inc.,ARJO,1,2014-09-18,2014-09-18,True,False,False,True,Devices
Arjo Med. AB,ARJO MED,1,2009-06-10,2009-06-10,True,False,False,True,Devices
Ark Bio Medical Canada Corp,ARK BIO MEDICAL CANADA,1,2017-03-07,2017-03-07,False,False,True,True,Biologics
Arkadiy Kisin,ARKADIY KISIN,1,2012-09-18,2012-09-18,False,True,False,True,Drugs
Arnold Professional Pharmacy,ARNOLD PROFESSIONAL PHARMACY,1,2017-04-07,2017-04-07,False,True,False,True,Drugs
"Arnold Tuber Industries, LLC",ARNOLD TUBER INDUSTRIES,1,2009-11-10,2009-11-10,True,False,False,True,Devices
Arnold's Service Company Inc,ARNOLD S SERVICE,1,2010-02-23,2010-02-23,True,False,False,True,Devices
Aromas Para El Alma S.A.,AROMAS PARA EL ALMA S A,1,2024-09-10,2024-09-10,False,True,False,True,Drugs
Aros Surgical Instruments Corporation,AROS SURGICAL INSTRUMENTS,1,2015-09-25,2015-09-25,True,False,False,True,Devices
Arriol International Corp.,ARRIOL,1,2012-07-20,2012-07-20,True,False,False,True,Devices
Arrowhead DE LLC,ARROWHEAD DE,1,2012-05-18,2012-05-18,True,False,False,True,Devices
Art Of Cure,ART OF CURE,1,2020-04-15,2020-04-15,False,True,False,True,Drugs
"Art of Beauty Company, Inc",ART OF BEAUTY,1,2024-05-22,2024-05-22,False,True,False,True,Drugs
Arteriocyte Medical Systems Inc,ARTERIOCYTE MEDICAL SYSTEMS,1,2009-12-23,2009-12-23,False,False,True,True,Biologics
Artsana S.p.A.,ARTSANA S P A,1,2011-06-03,2011-06-03,True,False,False,True,Devices
Aruba Aloe Balm N.V.,ARUBA ALOE BALM N V,1,2024-05-13,2024-05-13,False,True,False,True,Drugs
"Asada Milling Co., Ltd.",ASADA MILLING,1,2013-03-22,2013-03-22,False,True,False,True,Drugs
Asanuma Corporation - Sagamihara Factory,ASANUMA SAGAMIHARA FACTORY,1,2026-06-02,2026-06-02,False,True,False,True,Drugs
"Ascension Orthopedics, Inc",ASCENSION ORTHOPEDICS,1,2010-09-16,2010-09-16,True,False,False,True,Devices
"Ascent Brands, Inc.",ASCENT BRANDS,1,2011-12-30,2011-12-30,True,False,False,True,Devices
Asclemed USA Inc.,ASCLEMED,1,2019-06-11,2019-06-11,False,True,False,True,Drugs
Asept Pak Inc.,ASEPT PAK,1,2012-08-07,2012-08-07,True,False,False,True,Devices
"Asesores en Mantenimiento Hidraulico e Industrial, S.A. de C.V.",ASESORES EN MANTENIMIENTO HIDRAULICO E INDUSTRIAL S A DE C V,1,2021-02-22,2021-02-22,False,True,False,True,Drugs
"Asiaticon, SA de CV",ASIATICON DE CV,1,2020-10-29,2020-10-29,False,True,False,True,Drugs
"Aspen Biopharma Labs Pvt., Ltd.",ASPEN BIOPHARMA LABS,1,2025-03-05,2025-03-05,False,True,False,True,Drugs
Aspen SA Sterile Operations (Pty) Ltd.,ASPEN STERILE OPERATIONS PTY,1,2025-02-24,2025-02-24,False,True,False,True,Drugs
"Aspire Pharmaceuticals, Inc.",ASPIRE PHARMACEUTICALS,2,2022-11-22,2022-11-23,False,True,False,True,Drugs; Food/Cosmetics
Assurance Infusion,ASSURANCE INFUSION,1,2020-06-12,2020-06-12,False,True,False,True,Drugs
AstraZeneca Pharmaceuticals LP,ASTRAZENECA PHARMACEUTICALS,1,2023-08-04,2023-08-04,False,True,False,True,Drugs
"Atlanta Dental Supply, Inc.",ATLANTA DENTAL SUPPLY,1,2012-09-05,2012-09-05,True,False,False,True,Devices
"Atlanta Supersource, Inc.",ATLANTA SUPERSOURCE,1,2025-01-08,2025-01-08,False,True,False,True,Drugs
Atlantic Management Resources Ltd.,ATLANTIC MANAGEMENT RESOURCES,1,2023-01-20,2023-01-20,False,True,False,True,Drugs
"Atlas Pharmaceuticals, LLC",ATLAS PHARMACEUTICALS,1,2018-09-11,2018-09-11,False,True,False,True,Drugs
Atofil LLC,ATOFIL,1,2024-06-12,2024-06-12,False,True,False,True,Drugs
Atom Medical Corporation,ATOM MEDICAL,1,2014-03-28,2014-03-28,True,False,False,True,Devices
Atomix LLC,ATOMIX,1,2025-12-12,2025-12-12,False,True,False,True,Drugs
"Atossa Genetics, Inc.",ATOSSA GENETICS,1,2013-02-20,2013-02-20,True,False,False,True,Devices
Atrium Innovation Limited,ATRIUM INNOVATION,1,2009-06-02,2009-06-02,True,False,False,True,Devices
Atrium Medical Corporation,ATRIUM MEDICAL,1,2012-10-11,2012-10-11,True,False,False,True,Devices
Attix Pharmaceuticals Inc.,ATTIX PHARMACEUTICALS,1,2015-06-22,2015-06-22,False,True,False,True,Drugs
Aubrey Inc,AUBREY,1,2011-05-16,2011-05-16,True,False,False,True,Devices
"Augusta Medical Systems, LLC",AUGUSTA MEDICAL SYSTEMS,1,2012-01-12,2012-01-12,True,False,False,True,Devices
"Augustine Temperature Management, LLC",AUGUSTINE TEMPERATURE MANAGEMENT,2,2012-07-24,2024-03-21,True,False,False,True,Devices
"Auric Enterprises, Inc. D.B.A. Diack",AURIC ENTERPRISES D B A DIACK,1,2015-09-03,2015-09-03,True,False,False,True,Devices
Auro PR Inc,AURO PR,1,2011-10-13,2011-10-13,False,True,False,True,Drugs
"Auro Pharmacies, Inc DBA Central Drugs",AURO PHARMACIES CENTRAL DRUGS,1,2018-09-24,2018-09-24,False,True,False,True,Drugs
"Auro Pharmacies, Inc.",AURO PHARMACIES,2,2016-12-13,2020-06-03,False,True,False,True,Drugs
Aurobindo Pharma Limited,AUROBINDO PHARMA,1,2011-05-20,2011-05-20,False,True,False,True,Drugs
"Aurolife Pharma, LLC",AUROLIFE PHARMA,1,2020-10-16,2020-10-16,False,True,False,True,Drugs
Aurora Health and Nutrition,AURORA HEALTH AND NUTRITION,1,2016-12-01,2016-12-01,False,True,False,True,Drugs
Aurora Optics Company Inc.,AURORA OPTICS,1,2013-04-18,2013-04-18,True,False,False,True,Devices
Ausmetics Daily Chemicals (Guangzhou) Co. Ltd.,AUSMETICS DAILY CHEMICALS GUANGZHOU,1,2017-01-31,2017-01-31,False,True,False,True,Drugs
Aussimed Ltd,AUSSIMED,1,2016-03-03,2016-03-03,True,False,False,True,Devices
Austin Biotechnology Inc.,AUSTIN BIOTECHNOLOGY,1,2016-05-27,2016-05-27,False,True,False,True,Drugs
Auto-Chlor System LLC,AUTO CHLOR SYSTEM,1,2022-12-20,2022-12-20,False,True,False,True,Drugs
"Automated Ophthalmics, Inc.",AUTOMATED OPHTHALMICS,1,2013-06-05,2013-06-05,True,False,False,True,Devices
"Auxigen Pharmaceutical, LLC",AUXIGEN PHARMACEUTICAL,1,2015-10-27,2015-10-27,False,True,False,True,Drugs
Ava Inc,AVA,1,2026-05-01,2026-05-01,False,True,False,True,Drugs
Avacen Inc.,AVACEN,1,2013-10-23,2013-10-23,True,False,False,True,Devices
Avadel Legacy Pharmaceuticals LLC,AVADEL LEGACY PHARMACEUTICALS,1,2011-06-09,2011-06-09,True,False,False,True,Devices
Avara Liscate Pharmaceutical Services SPA,AVARA LISCATE PHARMACEUTICAL SERVICES,1,2015-03-31,2015-03-31,False,True,False,True,Drugs
Avaria Health & Beauty Corp.,AVARIA HEALTH AND BEAUTY,2,2023-08-03,2024-09-03,False,True,False,True,Drugs
"Avazo-Healthcare, LLC",AVAZO HEALTHCARE,1,2020-11-30,2020-11-30,True,False,False,True,Devices
Avella of Deer Valley dba Avella Specialty Pharmacy,AVELLA OF DEER VALLEY AVELLA SPECIALTY PHARMACY,1,2014-01-17,2014-01-17,False,True,False,True,Drugs
"Avertix Medical, Inc.",AVERTIX MEDICAL,1,2025-09-03,2025-09-03,True,False,False,True,Devices
"Avista Pharma Solutions, Inc.",AVISTA PHARMA SOLUTIONS,1,2014-09-26,2014-09-26,False,True,False,True,Drugs
"Avlon Industries, Inc",AVLON INDUSTRIES,1,2023-07-18,2023-07-18,False,True,False,True,Drugs
"Axiobionics, LLC",AXIOBIONICS,1,2012-12-07,2012-12-07,True,False,False,True,Devices
Axium Healthcare Pharmacy dba Balanced Solutions Compounding,AXIUM HEALTHCARE PHARMACY BALANCED SOLUTIONS COMPOUNDING,1,2013-07-16,2013-07-16,False,True,False,True,Drugs
Aytu Therapeutics LLC,AYTU THERAPEUTICS,2,2025-09-09,2025-09-09,False,True,False,True,Drugs
"Ayuryoga, Inc.",AYURYOGA,1,2022-05-19,2022-05-19,False,True,False,True,Drugs
Aztex Enterprises Ltd.,AZTEX ENTERPRISES,1,2017-10-23,2017-10-23,False,True,False,True,Drugs
"Azurity Pharmaceuticals, Inc.",AZURITY PHARMACEUTICALS,1,2024-09-20,2024-09-20,False,True,False,True,Drugs
B & A Health Products Inc,B AND A HEALTH PRODUCTS,1,2010-08-19,2010-08-19,False,True,False,True,Drugs
"B & B Pharmaceuticals, Inc.",B AND B PHARMACEUTICALS,1,2019-06-04,2019-06-04,False,True,False,True,Drugs
B & J Group,B AND J,1,2023-01-19,2023-01-19,False,True,False,True,Drugs
"B. Braun US Pharmaceutical Manufacturing, LLC",B BRAUN PHARMACEUTICAL MANUFACTURING,1,2017-05-12,2017-05-12,False,True,False,True,Drugs
B. JAIN PHARMACEUTICALS PRIVATE LIMITED,B JAIN PHARMACEUTICALS PRIVATE,1,2019-03-21,2019-03-21,False,True,False,True,Drugs
B.M.P. Bulk Medicines & Pharmaceuticals GmbH,B M P BULK MEDICINES AND PHARMACEUTICALS,1,2012-04-24,2012-04-24,False,True,False,True,Drugs
BBC Group Limited,BBC,1,2021-08-05,2021-08-05,False,True,False,True,Drugs
BBCOS srl,BBCOS,1,2017-11-29,2017-11-29,False,True,False,True,Drugs
"BBS Pharmacy, Inc. dba B&B Pharmacy",BBS PHARMACY B AND B PHARMACY,1,2016-09-02,2016-09-02,False,True,False,True,Drugs
BBT Biotech Gmbh,BBT BIOTECH,1,2016-05-16,2016-05-16,False,True,False,True,Drugs
BCIW Inc,BCIW,1,2010-07-19,2010-07-19,True,False,False,True,Devices
BENEV Company Inc,BENEV,1,2010-05-18,2010-05-18,False,True,False,True,Drugs
BEO Pharma Inc,BEO PHARMA,1,2025-04-15,2025-04-15,False,True,False,True,Drugs
BIO LAB-ST. JOSEPH CORP,BIO LAB ST JOSEPH,2,2011-04-19,2015-03-18,True,False,False,True,Devices
BIO WELLNESS 444,BIO WELLNESS 444,1,2025-05-30,2025-05-30,False,True,False,True,Drugs
BIONATEO SP ZOO,BIONATEO SP ZOO,1,2021-11-04,2021-11-04,False,True,False,True,Drugs
BIOPTIMAL INTERNATIONAL PTE. LTD.,BIOPTIMAL,1,2024-04-03,2024-04-03,True,False,False,True,Devices
BIOTA Biosciences LLC,BIOTA BIOSCIENCES,1,2020-04-14,2020-04-14,False,True,False,True,Drugs
BIOTECH DENTAL SAS,BIOTECH DENTAL SAS,1,2010-10-01,2010-10-01,True,False,False,True,Devices
BK Korea Corporation,BK KOREA,1,2020-08-07,2020-08-07,False,True,False,True,Drugs
BLANCHARD VISION CORP.,BLANCHARD VISION,1,2011-12-23,2011-12-23,True,False,False,True,Devices
"BLS Labs, LLC",BLS LABS,1,2022-08-23,2022-08-23,False,False,True,True,Biologics
"BMC Medical Co., Ltd.",BMC MEDICAL,1,2026-05-21,2026-05-21,True,False,False,True,Devices
"BNB MEDICAL CO., LTD.",BNB MEDICAL,1,2011-04-19,2011-04-19,True,False,False,True,Devices
"BPI Labs, LLC",BPI LABS,1,2025-03-20,2025-03-20,False,True,False,True,Drugs
BR SAS,BR SAS,1,2018-06-08,2018-06-08,False,True,False,True,Drugs
"BRI Institutional Review Board, Inc.",BRI INSTITUTIONAL REVIEW BOARD,1,2009-10-05,2009-10-05,False,True,False,True,Drugs
"BRS Analytical Services, LLC",BRS ANALYTICAL SERVICES,1,2025-09-17,2025-09-17,False,True,False,True,Drugs
BTL Industries Limited Bulgaria,BTL INDUSTRIES BULGARIA,1,2010-03-12,2010-03-12,True,False,False,True,Devices
BTS S.p.A.,BTS S P A,1,2012-05-10,2012-05-10,True,False,False,True,Devices
"BUZZ, LLC",BUZZ,1,2009-11-17,2009-11-17,False,True,False,True,Drugs
"Back To Back Medical, LLC",BACK TO BACK MEDICAL,1,2014-01-13,2014-01-13,True,False,False,True,Devices
Badrivishal Chemicals & Pharmaceuticals,BADRIVISHAL CHEMICALS AND PHARMACEUTICALS,1,2017-03-06,2017-03-06,False,True,False,True,Drugs
"Bakersfield Surgery Institute, Inc.",BAKERSFIELD SURGERY INSTITUTE,2,2011-12-09,2011-12-09,True,False,False,True,Devices
"Balamurali K. Ambati , M.D., Ph.D.",BALAMURALI K AMBATI M D PH D,1,2019-08-13,2019-08-13,False,True,False,True,Drugs
"Balin, Martin S., MD, PhD",BALIN MARTIN S MD PHD,1,2012-10-10,2012-10-10,False,False,True,True,Biologics
Ballaj Inc. DBA Hookah G,BALLAJ HOOKAH G,1,2022-06-30,2022-06-30,False,True,False,True,Drugs
"Ballard Plaza Pharmacy I, Inc.",BALLARD PLAZA PHARMACY I,1,2017-08-01,2017-08-01,False,True,False,True,Drugs
Balshi,BALSHI,1,2022-04-13,2022-04-13,False,True,False,True,Drugs
Banco Vida Corp.,BANCO VIDA,2,2020-03-09,2020-08-12,False,False,True,True,Biologics
"Banner Pharmacy Services, LLC",BANNER PHARMACY SERVICES,1,2016-05-05,2016-05-05,False,True,False,True,Drugs
"Banyan Medical, LLC",BANYAN MEDICAL,1,2015-09-30,2015-09-30,True,False,False,True,Devices
"Baoying County Fukang Medical Appliance Co., Ltd.",BAOYING COUNTY FUKANG MEDICAL APPLIANCE,1,2016-12-09,2016-12-09,False,True,False,True,Drugs
Baptist Health Deaconess Madisonville Inc,BAPTIST HEALTH DEACONESS MADISONVILLE,1,2011-04-21,2011-04-21,False,False,True,True,Biologics
Baptist Medical Center,BAPTIST MEDICAL CENTER,1,2009-05-14,2009-05-14,False,False,True,True,Biologics
"Barclay, Luke, & Pillai Specialty Pharmacy, PLLC",BARCLAY LUKE AND PILLAI SPECIALTY PHARMACY PLLC,1,2017-12-12,2017-12-12,False,True,False,True,Drugs
Bard Peripheral Vascular Inc,BARD PERIPHERAL VASCULAR,1,2015-07-13,2015-07-13,True,False,False,True,Devices
Barkey GmbH & Co. KG,BARKEY AND KG,1,2024-01-31,2024-01-31,False,False,True,True,Biologics
"Barox Co., Ltd.",BAROX,1,2018-11-28,2018-11-28,False,True,False,True,Drugs
Barton-Carey Medical Products Inc,BARTON CAREY MEDICAL PRODUCTS,1,2012-12-10,2012-12-10,True,False,False,True,Devices
Bass Medical Inc,BASS MEDICAL,1,2009-02-12,2009-02-12,True,False,False,True,Devices
"Batrik Medical Mfg., Inc.",BATRIK MEDICAL MFG,1,2013-09-23,2013-09-23,True,False,False,True,Devices
"Battelle Memorial Institute, BBRC",BATTELLE MEMORIAL INSTITUTE BBRC,1,2020-10-06,2020-10-06,True,False,False,True,Devices
Battle Creek Equipment Co.,BATTLE CREEK EQUIPMENT,1,2015-04-03,2015-04-03,True,False,False,True,Devices
Bauer & Haselbarth - Chirurg GmbH,BAUER AND HASELBARTH CHIRURG,1,2010-12-22,2010-12-22,True,False,False,True,Devices
Baxalta Belgium Manufacturing SA,BAXALTA BELGIUM MANUFACTURING,1,2010-01-15,2010-01-15,False,False,True,True,Biologics
Baxter Healthcare Corporation,BAXTER HEALTHCARE,8,2009-09-10,2014-07-17,True,True,True,True,Biologics; Devices; Drugs
Baxter Healthcare Renal Div,BAXTER HEALTHCARE RENAL DIV,1,2010-06-03,2010-06-03,True,False,False,True,Devices
Baxter Pharmaceuticals India Pvt Ltd,BAXTER PHARMACEUTICALS INDIA,3,2010-11-01,2023-07-25,False,True,False,True,Drugs
Bay Regional Medical Center IRB,BAY REGIONAL MEDICAL CENTER IRB,2,2010-09-09,2011-12-20,False,True,False,True,Drugs
Bayer Healthcare Pharmaceuticals,BAYER HEALTHCARE PHARMACEUTICALS,1,2008-10-03,2008-10-03,False,True,False,True,Drugs
"Bayer Healthcare, LLC",BAYER HEALTHCARE,2,2008-10-27,2008-10-27,False,True,False,True,Drugs
"Bayer Medical Care, Inc.",BAYER MEDICAL CARE,1,2011-05-19,2011-05-19,True,False,False,True,Devices
"Baylab USA, LLC",BAYLAB,1,2024-06-27,2024-06-27,True,False,False,True,Devices
Bazaar Of India,BAZAAR OF INDIA,1,2009-07-07,2009-07-07,False,True,False,True,Drugs
"Beach Weekend Management, LLC",BEACH WEEKEND MANAGEMENT,1,2026-02-05,2026-02-05,False,True,False,True,Drugs
"Beacon Hill Medical Pharmacy, P.C.",BEACON HILL MEDICAL PHARMACY P C,1,2014-09-24,2014-09-24,False,True,False,True,Drugs
Beanne Chemical Co.,BEANNE CHEMICAL,1,2013-01-02,2013-01-02,False,True,False,True,Drugs
Beauty Manufacturing Solutions Corp.,BEAUTY MANUFACTURING SOLUTIONS,1,2018-01-11,2018-01-11,False,True,False,True,Drugs
Becton Dickinson Medical Systems,BECTON DICKINSON MEDICAL SYSTEMS,1,2018-09-14,2018-09-14,True,False,False,True,Devices
"Bedfont Scientific, Ltd.",BEDFONT SCIENTIFIC,2,2016-02-04,2020-02-12,True,False,False,True,Devices
Beekley Corporation,BEEKLEY,1,2012-06-11,2012-06-11,True,False,False,True,Devices
"Beijing Shunxin Meihua Bio-technical Co., Ltd.",BEIJING SHUNXIN MEIHUA BIO TECHNICAL,1,2014-09-29,2014-09-29,False,True,False,True,Drugs
Beijing Taiyang Pharmaceutical Industry Company Ltd,BEIJING TAIYANG PHARMACEUTICAL INDUSTRY,1,2016-10-19,2016-10-19,False,True,False,True,Drugs
"Beijing Xinggu Lvsan Technology Co., Ltd",BEIJING XINGGU LVSAN TECHNOLOGY,1,2022-10-05,2022-10-05,False,True,False,True,Drugs
"Bell International Laboratories, Inc.",BELL LABORATORIES,1,2024-02-15,2024-02-15,False,True,False,True,Drugs
"Bella Pharmaceuticals, Inc.",BELLA PHARMACEUTICALS,1,2019-02-11,2019-02-11,False,True,False,True,Drugs
Bella Rose Labs,BELLA ROSE LABS,1,2019-11-22,2019-11-22,False,True,False,True,Drugs
Belle Health LLC,BELLE HEALTH,1,2026-02-20,2026-02-20,False,True,False,True,Drugs
Belleview 402 LLC,BELLEVIEW 402,2,2019-08-01,2024-08-06,False,True,False,True,Drugs
Bellingham IVF & Fertility Care,BELLINGHAM IVF AND FERTILITY CARE,1,2018-05-07,2018-05-07,False,False,True,True,Biologics
Bellus Medical,BELLUS MEDICAL,1,2016-09-13,2016-09-13,True,False,False,True,Devices
Belmont Eyecare LLC,BELMONT EYECARE,1,2023-12-01,2023-12-01,False,True,False,True,Drugs
Belmont Instrument LLC,BELMONT INSTRUMENT,1,2012-05-07,2012-05-07,True,False,False,True,Devices
Benedict Liao,BENEDICT LIAO,1,2014-07-08,2014-07-08,False,True,False,True,Drugs
"Benedict S. Liao, M.D.",BENEDICT S LIAO M D,1,2016-03-29,2016-03-29,False,True,False,True,Drugs
Berkeley Biologics LLC,BERKELEY BIOLOGICS,1,2024-06-28,2024-06-28,False,False,True,True,Biologics
"Bernard A. Michlin, M.D.",BERNARD A MICHLIN M D,1,2015-07-13,2015-07-13,False,True,False,True,Drugs
"Bernard H. Doft, M.D.",BERNARD H DOFT M D,1,2013-06-12,2013-06-12,False,True,False,True,Drugs
Berwickshire Electronic Manufacturing Ltd.,BERWICKSHIRE ELECTRONIC MANUFACTURING,1,2016-02-04,2016-02-04,True,False,False,True,Devices
Bespoke Apothecary Limited Liability Corporation,BESPOKE APOTHECARY LIABILITY,1,2022-09-28,2022-09-28,False,True,False,True,Drugs
Best Bentonite,BEST BENTONITE,1,2016-06-17,2016-06-17,False,True,False,True,Drugs
BestPriceRx,BESTPRICERX,1,2012-05-24,2012-05-24,False,True,False,True,Drugs
"Betone, S.A. de C.V.",BETONE S A DE C V,1,2024-03-21,2024-03-21,False,True,False,True,Drugs
"Better Health Systems, Inc",BETTER HEALTH SYSTEMS,1,2015-04-07,2015-04-07,True,False,False,True,Devices
"Better Rx, LLC",BETTER RX,1,2016-02-02,2016-02-02,False,True,False,True,Drugs
"Betty K. Tuller,Ph.D.",BETTY K TULLER PH D,1,2011-12-12,2011-12-12,False,True,False,True,Drugs
Beyond Technology Corporation Nanchang,BEYOND TECHNOLOGY NANCHANG,1,2016-07-19,2016-07-19,True,False,False,True,Devices
Bhargava Phytolab Private Limited,BHARGAVA PHYTOLAB PRIVATE,1,2024-12-18,2024-12-18,False,True,False,True,Drugs
Bi-Coastal Pharma International,BI COASTAL PHARMA,1,2022-06-30,2022-06-30,False,True,False,True,Drugs
Bicooya Cosmetics Limited,BICOOYA COSMETICS,1,2017-08-11,2017-08-11,False,True,False,True,Drugs
"Big Dan's Fitness / Nutrition, LLC",BIG DAN S FITNESS NUTRITION,1,2017-05-25,2017-05-25,False,True,False,True,Drugs
Big Mountain Drugs,BIG MOUNTAIN DRUGS,1,2013-02-04,2013-02-04,False,True,False,True,Drugs
Big Rehab Corp.,BIG REHAB,1,2011-07-25,2011-07-25,True,False,False,True,Devices
Bigdam Inc,BIGDAM,1,2026-05-04,2026-05-04,False,True,False,True,Drugs
Bill Beauty and Health Products Ltd.,BILL BEAUTY AND HEALTH PRODUCTS,1,2018-08-01,2018-08-01,False,True,False,True,Drugs
"Bingbing Pharmaceutical (Hubei) Co., Ltd",BINGBING PHARMACEUTICAL HUBEI,1,2019-10-03,2019-10-03,False,True,False,True,Drugs
"Binh Bui-Nguyen, MD",BINH BUI NGUYEN MD,1,2015-05-04,2015-05-04,False,True,False,True,Drugs
Bio Focus Co. Ltd.,BIO FOCUS,1,2013-08-26,2013-08-26,True,False,False,True,Devices
Bio Preventive,BIO PREVENTIVE,1,2025-09-09,2025-09-09,False,True,False,True,Drugs
"Bio-Germ Protection, LLC",BIO GERM PROTECTION,1,2021-05-19,2021-05-19,False,True,False,True,Drugs
Bio-Medical Pharmaceutical Manufacturing Corporation,BIO MEDICAL PHARMACEUTICAL MANUFACTURING,1,2026-02-05,2026-02-05,False,True,False,True,Drugs
"Bio-Stasis International, Inc",BIO STASIS,1,2016-08-31,2016-08-31,False,True,False,True,Drugs
BioCentric Labs Inc,BIOCENTRIC LABS,1,2009-08-18,2009-08-18,False,True,False,True,Drugs
"BioCheck, Inc.",BIOCHECK,1,2010-12-07,2010-12-07,True,False,False,True,Devices
BioDiagnostic International,BIODIAGNOSTIC,1,2018-07-12,2018-07-12,False,True,False,True,Drugs
BioElectronics Corporation,BIOELECTRONICS,1,2012-01-31,2012-01-31,True,False,False,True,Devices
"BioLyte Laboratories, LLC",BIOLYTE LABORATORIES,1,2021-03-18,2021-03-18,False,True,False,True,Drugs
BioMD Plus LLC,BIOMD PLUS,1,2022-05-04,2022-05-04,False,True,False,True,Drugs
BioSculptor Corporation,BIOSCULPTOR,1,2011-03-09,2011-03-09,True,False,False,True,Devices
BioSpectrum CBD,BIOSPECTRUM CBD,1,2021-07-22,2021-07-22,False,True,False,True,Drugs
BioStem Life Sciences,BIOSTEM LIFE SCIENCES,1,2025-01-17,2025-01-17,False,False,True,True,Biologics
BioXtek LLC,BIOXTEK,1,2025-12-01,2025-12-01,False,False,True,True,Biologics
Bioasia Worldwide Sdn Bhd,BIOASIA WORLDWIDE SDN BHD,1,2025-03-25,2025-03-25,False,True,False,True,Drugs
"Biochem Laboratory, Inc.",BIOCHEM LABORATORY,1,2012-02-17,2012-02-17,False,True,False,True,Drugs
Biocompatibles Inc.,BIOCOMPATIBLES,1,2013-04-30,2013-04-30,True,False,False,True,Devices
"Bioiberica, SAU",BIOIBERICA SAU,1,2022-06-30,2022-06-30,False,True,False,True,Drugs
Bioland Technology Ltd.,BIOLAND TECHNOLOGY,1,2014-07-18,2014-07-18,True,False,False,True,Devices
"Biolife, LLC",BIOLIFE,1,2011-06-15,2011-06-15,True,False,False,True,Devices
Biological Controls,BIOLOGICAL CONTROLS,1,2010-02-16,2010-02-16,True,False,False,True,Devices
Biomedica Diagnostics Inc,BIOMEDICA DIAGNOSTICS,1,2011-10-17,2011-10-17,True,False,False,True,Devices
Biomedical Research Inst. of America,BIOMEDICAL RESEARCH INST OF AMERICA,1,2012-03-29,2012-03-29,False,False,True,True,Biologics
Biomedix Wai,BIOMEDIX WAI,2,2013-06-14,2020-02-12,True,False,False,True,Devices
"Bionet Co., Ltd.",BIONET,1,2011-07-27,2011-07-27,True,False,False,True,Devices
Bionetek Corporation,BIONETEK,1,2011-04-18,2011-04-18,True,False,False,True,Devices
Bioniche Pharma Group,BIONICHE PHARMA,1,2009-09-14,2009-09-14,False,True,False,True,Drugs
Biopolygen,BIOPOLYGEN,1,2021-07-09,2021-07-09,True,False,False,True,Devices
"Biostructures, LLC",BIOSTRUCTURES,1,2010-10-07,2010-10-07,True,False,False,True,Devices
Biotek India,BIOTEK INDIA,1,2021-05-13,2021-05-13,False,True,False,True,Drugs
Biotronik SE & Co. KG,BIOTRONIK SE AND KG,1,2016-09-01,2016-09-01,True,False,False,True,Devices
Biovation Labs,BIOVATION LABS,1,2010-12-28,2010-12-28,False,True,False,True,Drugs
"Bioverse, Inc.",BIOVERSE,1,2025-09-09,2025-09-09,False,True,False,True,Drugs
Bittium Biosignals Ltd.,BITTIUM BIOSIGNALS,1,2014-01-10,2014-01-10,True,False,False,True,Devices
"Black International Enterprise, LLC dba Puba Store",BLACK ENTERPRISE PUBA STORE,1,2014-07-10,2014-07-10,False,True,False,True,Drugs
Black Onyx World Llc dba Alikay Naturals,BLACK ONYX WORLD ALIKAY NATURALS,1,2016-03-16,2016-03-16,False,True,False,True,Drugs
Blackstone Medical Inc.,BLACKSTONE MEDICAL,1,2009-03-13,2009-03-13,True,False,False,True,Devices
Blaine Labs Inc,BLAINE LABS,1,2020-05-05,2020-05-05,False,True,False,True,Drugs
"Blephex, LLC",BLEPHEX,1,2026-06-03,2026-06-03,True,False,False,True,Devices
Bliv Wellness,BLIV WELLNESS,1,2026-02-20,2026-02-20,False,True,False,True,Drugs
Block Scientific,BLOCK SCIENTIFIC,1,2021-03-18,2021-03-18,True,False,False,True,Devices
Bloodworks,BLOODWORKS,1,2013-04-16,2013-04-16,False,False,True,True,Biologics
"Blountys, Llc",BLOUNTYS,1,2010-06-22,2010-06-22,True,False,False,True,Devices
Blue Horizon International,BLUE HORIZON,1,2026-05-26,2026-05-26,False,False,True,True,Biologics
Blue Ridge Pharmacy and Compounding Center,BLUE RIDGE PHARMACY AND COMPOUNDING CENTER,1,2014-04-30,2014-04-30,False,True,False,True,Drugs
Blue Square Market Inc.,BLUE SQUARE MARKET,1,2014-09-24,2014-09-24,False,True,False,True,Drugs
Blue Willow Biologics,BLUE WILLOW BIOLOGICS,1,2021-08-03,2021-08-03,False,True,False,True,Drugs
Bluefit MD,BLUEFIT MD,1,2026-02-20,2026-02-20,False,True,False,True,Drugs
"Blueroot Health, Inc.",BLUEROOT HEALTH,2,2008-11-18,2011-02-16,False,True,False,True,Drugs; Food/Cosmetics
"Bobalee Originals, Manufacturing",BOBALEE ORIGINALS MANUFACTURING,1,2010-02-17,2010-02-17,True,False,False,True,Devices
"Boca Pharmacal, LLC.",BOCA PHARMACAL,1,2010-07-22,2010-07-22,False,True,False,True,Drugs
Bodee LLC,BODEE,1,2009-07-27,2009-07-27,False,True,False,True,Drugs
Body Good Studio,BODY GOOD STUDIO,1,2025-09-09,2025-09-09,False,True,False,True,Drugs
Body Tools,BODY TOOLS,1,2010-02-17,2010-02-17,True,False,False,True,Devices
"Body, Mind & Soul, Inc.",BODY MIND AND SOUL,1,2013-03-13,2013-03-13,True,False,False,True,Devices
Bodywell Natural Skin Care Inc.,BODYWELL NATURAL SKIN CARE,1,2024-03-27,2024-03-27,False,True,False,True,Drugs
Boiron,BOIRON,1,2023-09-11,2023-09-11,False,True,False,True,Drugs
Boiron Inc.,BOIRON,1,2023-09-11,2023-09-11,False,True,False,True,Drugs
Boothwyn Pharmacy LLC,BOOTHWYN PHARMACY,3,2018-07-26,2026-01-16,False,True,False,True,Drugs; Veterinary
Bora Pharmaceuticals Injectables Inc,BORA PHARMACEUTICALS INJECTABLES,1,2022-08-10,2022-08-10,False,True,False,True,Drugs
"Boss Innovation & Marketing, Inc.",BOSS INNOVATION AND MARKETING,1,2009-05-12,2009-05-12,True,False,False,True,Devices
Botanical Be,BOTANICAL BE,1,2023-12-21,2023-12-21,False,True,False,True,Drugs
Botanicals Internacional S.A. de C.V.,BOTANICALS INTERNACIONAL S A DE C V,1,2021-02-03,2021-02-03,False,True,False,True,Drugs
Boule Medical AB,BOULE MEDICAL,1,2018-10-02,2018-10-02,True,False,False,True,Devices
"Bracco Diagnostics, Inc.",BRACCO DIAGNOSTICS,1,2012-01-31,2012-01-31,False,True,False,True,Drugs
"Braintree Laboratories, Inc.",BRAINTREE LABORATORIES,1,2010-05-10,2010-05-10,False,True,False,True,Drugs
Branan Medical Corporation,BRANAN MEDICAL,1,2009-12-30,2009-12-30,True,False,False,True,Devices
Brands International Corporation,BRANDS,1,2024-12-17,2024-12-17,False,True,False,True,Drugs
"Branitz, Bruce, MD",BRANITZ BRUCE MD,1,2009-04-09,2009-04-09,False,True,False,True,Drugs
Brant-Wald Surgicals Inc,BRANT WALD SURGICALS,1,2010-10-01,2010-10-01,True,False,False,True,Devices
Brassica Pharma Private Ltd,BRASSICA PHARMA PRIVATE,1,2024-07-11,2024-07-11,False,True,False,True,Drugs
"Brava, LLC",BRAVA,1,2014-08-28,2014-08-28,True,False,False,True,Devices
Breathe More Easily Online,BREATHE MORE EASILY ONLINE,1,2009-05-13,2009-05-13,True,False,False,True,Devices
"Breckenridge Pharmaceutical, Inc.",BRECKENRIDGE PHARMACEUTICAL,1,2010-02-09,2010-02-09,False,True,False,True,Drugs
Brennan And Mccoy,BRENNAN AND MCCOY,1,2010-02-17,2010-02-17,True,False,False,True,Devices
"Brenntag Great Lakes, LLC",BRENNTAG GREAT LAKES,1,2023-10-27,2023-10-27,False,True,False,True,Drugs
"Bret R. Rutherford, M.D.",BRET R RUTHERFORD M D,1,2024-03-21,2024-03-21,False,True,False,True,Drugs
"Brigham and Women's Hospital, Inc., The",BRIGHAM AND WOMEN S HOSPITAL,1,2022-04-11,2022-04-11,False,True,False,True,Drugs
BroadMaster Biotech Corp.,BROADMASTER BIOTECH,1,2016-10-04,2016-10-04,True,False,False,True,Devices
"Broncolin, S.A. de C.V.",BRONCOLIN S A DE C V,1,2020-12-21,2020-12-21,False,True,False,True,Drugs
"Brookfield Medical/Surgical Supplies, Inc.",BROOKFIELD MEDICAL SURGICAL SUPPLIES,1,2016-07-06,2016-07-06,False,True,False,True,Drugs
Brookfield Prescription Center Inc. dba MD Custom Rx,BROOKFIELD PRESCRIPTION CENTER MD CUSTOM RX,1,2014-05-02,2014-05-02,False,True,False,True,Drugs
Brookwood Medical Center IRB,BROOKWOOD MEDICAL CENTER IRB,1,2010-04-22,2010-04-22,False,True,False,True,Drugs
"Brown's Compounding Center, Inc.",BROWN S COMPOUNDING CENTER,1,2016-08-17,2016-08-17,False,True,False,True,Drugs
Bryant Ranch PrePack,BRYANT RANCH PREPACK,1,2010-04-08,2010-04-08,False,True,False,True,Drugs
Brymill Corporation,BRYMILL,1,2009-02-18,2009-02-18,True,False,False,True,Devices
Buderer Drug Company Inc,BUDERER DRUG,1,2016-09-20,2016-09-20,False,True,False,True,Drugs
Buffalo Pharmacies Inc,BUFFALO PHARMACIES,1,2017-12-13,2017-12-13,False,True,False,True,Drugs
Butterfly Expressions Llc,BUTTERFLY EXPRESSIONS,1,2020-07-06,2020-07-06,False,True,False,True,Drugs
BuyMedicalMasksNow.com,BUYMEDICALMASKSNOW COM,1,2021-05-28,2021-05-28,True,False,False,True,Devices
"Buzzagogo, LLC",BUZZAGOGO,1,2023-01-18,2023-01-18,False,True,False,True,Drugs
"Byd Precision Manufacture Co., Ltd",BYD PRECISION MANUFACTURE,1,2023-09-21,2023-09-21,True,False,False,True,Devices
C & A Naturistics,C AND A NATURISTICS,1,2025-03-04,2025-03-04,False,True,False,True,Drugs
C WORLD KSG CORPORATION,C WORLD KSG,1,2016-02-18,2016-02-18,True,False,False,True,Devices
C&G Laboratorios SA de CV,C AND G LABORATORIOS DE CV,1,2021-04-26,2021-04-26,False,True,False,True,Drugs
"C&T Dream Co., Ltd.",C AND T DREAM,1,2024-04-11,2024-04-11,False,True,False,True,Drugs
C. O. Truxton Inc.,C O TRUXTON,1,2017-12-19,2017-12-19,False,True,False,True,Drugs
C.I. Farmacapsulas S.A.,C I FARMACAPSULAS S A,1,2012-05-15,2012-05-15,False,True,False,True,Drugs
C.P.M. Contract Pharma GmbH & Co. KG,C P M CONTRACT PHARMA AND KG,1,2013-09-30,2013-09-30,False,True,False,True,Drugs
C.S.O. S.R.L.,C S O S R L,1,2014-01-23,2014-01-23,True,False,False,True,Devices
CAD Import Inc.,CAD IMPORT,1,2023-05-18,2023-05-18,False,True,False,True,Drugs
CAF-DAF scrl,CAF DAF SCRL,1,2013-08-29,2013-08-29,False,False,True,True,Biologics
CALI BOTANICALS,CALI BOTANICALS,1,2019-06-12,2019-06-12,False,True,False,True,Drugs
CALMCO LLC,CALMCO,1,2023-08-09,2023-08-09,False,True,False,True,Drugs
CAMA Wellness Center,CAMA WELLNESS CENTER,1,2021-03-05,2021-03-05,False,True,False,True,Drugs
"CAO Medical Equipment Co., Ltd.",CAO MEDICAL EQUIPMENT,1,2018-11-30,2018-11-30,False,True,False,True,Drugs
CARAHEALTH,CARAHEALTH,1,2020-03-26,2020-03-26,False,True,False,True,Drugs
CBD Gaze,CBD GAZE,1,2020-05-26,2020-05-26,False,True,False,True,Drugs
CBD Online Store,CBD ONLINE STORE,1,2020-04-07,2020-04-07,False,True,False,True,Drugs
CBD Social,CBD SOCIAL,1,2022-03-28,2022-03-28,False,True,False,True,Drugs
"CBI Laboratories, Inc. dba Voyant Beauty LLC.",CBI LABORATORIES VOYANT BEAUTY,1,2018-10-09,2018-10-09,False,True,False,True,Drugs
CBSCHEM LIMITED,CBSCHEM,1,2014-01-31,2014-01-31,False,True,False,True,Drugs
CBSCHEM Limited,CBSCHEM,1,2014-01-31,2014-01-31,False,True,False,True,Drugs
"CCIC Huatongwei International Inspection (Suzhou) Co., Ltd.",CCIC HUATONGWEI INSPECTION SUZHOU,1,2025-06-25,2025-06-25,True,False,False,True,Devices
"CDL Services, Inc.",CDL SERVICES,1,2025-11-24,2025-11-24,False,True,False,True,Drugs
CENTURA PHARMACEUTICALS INC,CENTURA PHARMACEUTICALS,1,2024-11-15,2024-11-15,False,True,False,True,Drugs
"CEP Bio-Coat, LLC",CEP BIO COAT,1,2019-05-13,2019-05-13,True,False,False,True,Devices
CERGOMEX IMPORTS LLC,CERGOMEX IMPORTS,1,2023-08-04,2023-08-04,False,True,False,True,Drugs
CES LLC,CES,1,2022-01-18,2022-01-18,False,True,False,True,Drugs
CFP Acquisitions Inc.,CFP ACQUISITIONS,1,2016-08-19,2016-08-19,False,True,False,True,Drugs
"CFS Dental, Inc",CFS DENTAL,1,2013-01-16,2013-01-16,True,False,False,True,Devices
CGA Limited,CGA,1,2019-12-19,2019-12-19,False,True,False,True,Drugs
"CHENGDU INNOVATION PHARMACEUTICAL CO.,LTD",CHENGDU INNOVATION PHARMACEUTICAL,1,2025-02-05,2025-02-05,False,True,False,True,Drugs
CHRONIC LYME TREATMENTS,CHRONIC LYME TREATMENTS,1,2020-05-07,2020-05-07,False,True,False,True,Drugs
CHUNGDO PHARM. CO. LTD.,CHUNGDO PHARM,1,2013-07-30,2013-07-30,True,False,False,True,Devices
"CIBA Vision Puerto Rico, Inc.",CIBA VISION PUERTO RICO,1,2010-12-21,2010-12-21,True,False,False,True,Devices
CMC Enterprise Pharmacy,CMC ENTERPRISE PHARMACY,1,2020-06-04,2020-06-04,False,True,False,True,Drugs
CMHP Private Limited,CMHP PRIVATE,2,2023-04-10,2023-05-18,False,True,False,True,Drugs
CMI Cosmetic Manufacturers Inc.,CMI COSMETIC MANUFACTURERS,1,2013-04-25,2013-04-25,False,True,False,True,Drugs
"CMP Industries, Llc",CMP INDUSTRIES,1,2015-09-09,2015-09-09,True,False,False,True,Devices
"CNMC Company, Inc.",CNMC,1,2014-06-20,2014-06-20,True,False,False,True,Devices
COLLOIDAL VITALITY LLC,COLLOIDAL VITALITY,1,2020-03-06,2020-03-06,False,True,False,True,Drugs
COLONIAL DAMES CO LTD,COLONIAL DAMES,1,2023-12-06,2023-12-06,False,True,False,True,Drugs
COMERCIALIZADORA HERBAMEX,COMERCIALIZADORA HERBAMEX,1,2023-12-21,2023-12-21,False,True,False,True,Drugs
"COPIOUS INTL., INC.",COPIOUS,1,2012-09-25,2012-09-25,True,False,False,True,Devices
COREMEDICA LABORATORIES LLC,COREMEDICA LABORATORIES,2,2020-07-24,2020-07-24,True,False,False,True,Devices
"CORIN MEDICAL, LTD.",CORIN MEDICAL,1,2015-09-14,2015-09-14,True,False,False,True,Devices
CORPORATIVO BURELI SA DE CV,CORPORATIVO BURELI DE CV,1,2020-12-01,2020-12-01,False,True,False,True,Drugs
COSMED Nordic ApS,COSMED NORDIC APS,1,2012-06-04,2012-06-04,True,False,False,True,Devices
"COSMOBEAUTI LABORATORIES & MANUFACTURING, INC.",COSMOBEAUTI LABORATORIES AND MANUFACTURING,1,2023-08-11,2023-08-11,False,True,False,True,Drugs
CP Pharmaceuticals Limited,CP PHARMACEUTICALS,2,2010-10-29,2016-11-16,False,True,False,True,Drugs
CPAPNEA Medical Supply,CPAPNEA MEDICAL SUPPLY,1,2020-01-23,2020-01-23,True,False,False,True,Devices
"CPI Packaging, Inc.",CPI PACKAGING,1,2009-07-23,2009-07-23,True,False,False,True,Devices
"CPR Medical Devices, Inc.",CPR MEDICAL DEVICES,1,2011-12-13,2011-12-13,True,False,False,True,Devices
CRESCITA SKIN SCIENCES INC.,CRESCITA SKIN SCIENCES,1,2016-12-16,2016-12-16,False,True,False,True,Drugs
CSL Behring LLC,CSL BEHRING,1,2025-09-09,2025-09-09,False,False,True,True,Biologics
CSPC Zhongnuo Pharmaceutical (Shijiazhuang) Co. Ltd,CSPC ZHONGNUO PHARMACEUTICAL SHIJIAZHUANG,1,2012-06-14,2012-06-14,False,True,False,True,Drugs
CTI Science Inc,CTI SCIENCE,1,2010-06-17,2010-06-17,False,True,False,True,Drugs
CTK OTC Laboratories LLC,CTK OTC LABORATORIES,1,2025-05-19,2025-05-19,False,True,False,True,Drugs
CTX Lifesciences Private Ltd.,CTX LIFESCIENCES PRIVATE,2,2017-01-18,2019-07-12,False,True,False,True,Drugs
CURALEAF MA,CURALEAF MA,1,2019-07-23,2019-07-23,False,True,False,True,Drugs
CURALLUX LLC,CURALLUX,1,2013-09-20,2013-09-20,True,False,False,True,Devices
CUREX INC,CUREX,1,2025-09-09,2025-09-09,False,True,False,True,Drugs
"CXL-USA, LLC",CXL,1,2015-04-01,2015-04-01,False,True,False,True,Drugs
Cadila Pharmaceuticals Limited,CADILA PHARMACEUTICALS,1,2014-10-15,2014-10-15,False,True,False,True,Drugs
Cagenix Inc.,CAGENIX,1,2011-10-24,2011-10-24,True,False,False,True,Devices
California IVF Fertility Center,CALIFORNIA IVF FERTILITY CENTER,1,2020-02-26,2020-02-26,False,False,True,True,Biologics
California Pharmacy & Compounding Center,CALIFORNIA PHARMACY AND COMPOUNDING CENTER,1,2015-06-17,2015-06-17,False,True,False,True,Drugs
Caltag Medsystems Ltd,CALTAG MEDSYSTEMS,1,2023-09-07,2023-09-07,True,False,False,True,Devices
"Calvin Scott & Company, Inc.",CALVIN SCOTT AND,1,2020-08-25,2020-08-25,False,True,False,True,Drugs
Cambrex Profarmaco Milano Srl,CAMBREX PROFARMACO MILANO,1,2009-08-12,2009-08-12,False,True,False,True,Drugs
CanaRx Services Inc,CANARX SERVICES,1,2019-02-26,2019-02-26,False,True,False,True,Drugs
Canada Med Stop,CANADA MED STOP,1,2025-09-09,2025-09-09,False,True,False,True,Drugs
Canadian Chaga,CANADIAN CHAGA,1,2020-08-06,2020-08-06,False,True,False,True,Drugs
Cane S.p.A.,CANE S P A,1,2015-07-29,2015-07-29,True,False,False,True,Devices
Cannafyl,CANNAFYL,1,2021-03-01,2021-03-01,False,True,False,True,Drugs
"Canon Medical Components U.S.A., Inc.",CANON MEDICAL COMPONENTS U S A,1,2013-01-08,2013-01-08,True,False,False,True,Devices
Canton Laboratories Private Ltd.,CANTON LABORATORIES PRIVATE,1,2014-02-27,2014-02-27,False,True,False,True,Drugs
Cantor & Barnard Ltd.,CANTOR AND BARNARD,1,2011-09-27,2011-09-27,True,False,False,True,Devices
Cantrell Drug Company,CANTRELL DRUG,1,2015-01-21,2015-01-21,False,True,False,True,Drugs
Captain's Cloth LLC,CAPTAIN S CLOTH,1,2021-07-02,2021-07-02,True,False,False,True,Devices
"Cardiac Assist, Inc",CARDIAC ASSIST,2,2009-06-05,2014-05-13,True,False,False,True,Devices
Cardiac Designs Inc.,CARDIAC DESIGNS,1,2015-08-07,2015-08-07,True,False,False,True,Devices
"CardioQuip, LLC",CARDIOQUIP,1,2022-02-11,2022-02-11,True,False,False,True,Devices
Cardionics SA,CARDIONICS,1,2015-10-21,2015-10-21,True,False,False,True,Devices
"Cardiovascular Diagnostic Image, Inc.",CARDIOVASCULAR DIAGNOSTIC IMAGE,1,2010-01-22,2010-01-22,True,False,False,True,Devices
Care Diagnostica GmbH,CARE DIAGNOSTICA,1,2013-04-23,2013-04-23,True,False,False,True,Devices
"CareFusion 213, LLC",CAREFUSION 213,1,2026-04-30,2026-04-30,False,True,False,True,Drugs
"CareFusion 303, Inc.",CAREFUSION 303,1,2024-11-22,2024-11-22,True,False,False,True,Devices
CareHealth America DBA Express Diagnostics International,CAREHEALTH AMERICA EXPRESS DIAGNOSTICS,3,2009-03-12,2014-09-17,True,False,False,True,Devices
"Careful Cents, LLC",CAREFUL CENTS,1,2020-05-26,2020-05-26,False,True,False,True,Drugs
Carefusion 2200 Inc,CAREFUSION 2200,1,2014-06-06,2014-06-06,True,False,False,True,Devices
"Carib Supply of St. Croix, Inc.",CARIB SUPPLY OF ST CROIX,1,2008-12-04,2008-12-04,False,True,False,True,Drugs
Carolina Infusion,CAROLINA INFUSION,1,2023-06-09,2023-06-09,False,True,False,True,Drugs
Carolina Liquid Chemistries Corp,CAROLINA LIQUID CHEMISTRIES,1,2019-07-31,2019-07-31,True,False,False,True,Devices
Carousel Solutions LLC dba Xtract Solutions,CAROUSEL SOLUTIONS XTRACT SOLUTIONS,1,2014-08-11,2014-08-11,False,False,True,True,Biologics
Carroll-Baccari Inc,CARROLL BACCARI,1,2020-04-17,2020-04-17,True,False,False,True,Devices
Carsgen Therapeutics Corporation,CARSGEN THERAPEUTICS,1,2024-07-26,2024-07-26,False,False,True,True,Biologics
"Casmara Cosmetics, S.A.",CASMARA COSMETICS S A,1,2018-02-12,2018-02-12,False,True,False,True,Drugs
Casmed International Ltd.,CASMED,1,2012-11-15,2012-11-15,True,False,False,True,Devices
"Catalent Indiana, LLC",CATALENT INDIANA,1,2025-11-21,2025-11-21,False,True,False,True,Drugs
"Cathay Natural, LLC",CATHAY NATURAL,1,2020-04-06,2020-04-06,False,True,False,True,Drugs
Catwalk Cosmetic Laboratories Pty Ltd.,CATWALK COSMETIC LABORATORIES PTY,1,2024-11-21,2024-11-21,False,True,False,True,Drugs
"Cayman Chemical Company, Inc.",CAYMAN CHEMICAL,1,2010-01-19,2010-01-19,False,True,False,True,Drugs
Cdymax (India) Pharma Private Limited,CDYMAX INDIA PHARMA PRIVATE,1,2025-11-13,2025-11-13,False,True,False,True,Drugs
CellEra LLC,CELLERA,1,2021-10-20,2021-10-20,True,False,False,True,Devices
Cellebration LLC,CELLEBRATION,1,2025-09-12,2025-09-12,False,False,True,True,Biologics
Cellestis Inc,CELLESTIS,1,2015-08-26,2015-08-26,True,False,False,True,Devices
Cellex-C International Inc.,CELLEX C,1,2017-08-02,2017-08-02,False,True,False,True,Drugs
"Cenorin, LLC",CENORIN,1,2015-02-12,2015-02-12,True,False,False,True,Devices
Cenova AB,CENOVA,1,2011-02-25,2011-02-25,True,False,False,True,Devices
Centaur Pharmaceuticals Private Ltd.,CENTAUR PHARMACEUTICALS PRIVATE,2,2023-06-05,2023-07-25,False,True,False,True,Drugs
"Center for Immunology Science, LLC",CENTER FOR IMMUNOLOGY SCIENCE,1,2026-01-13,2026-01-13,False,True,False,True,Drugs
Center for Wellness and Integrative Medicine,CENTER FOR WELLNESS AND INTEGRATIVE MEDICINE,1,2020-06-30,2020-06-30,False,True,False,True,Drugs
Center for the Improvement of Human Functioning Intl IRB,CENTER FOR IMPROVEMENT OF HUMAN FUNCTIONING IRB,1,2012-07-03,2012-07-03,False,True,False,True,Drugs
Centra Health Inc IRB,CENTRA HEALTH IRB,2,2009-11-20,2011-06-13,True,False,False,True,Devices
Central Admixture Pharmacy Services Inc,CENTRAL ADMIXTURE PHARMACY SERVICES,2,2016-08-18,2024-07-11,False,True,False,True,Drugs
"Central Admixture Pharmacy Services, Inc.",CENTRAL ADMIXTURE PHARMACY SERVICES,4,2016-08-19,2024-03-29,False,True,False,True,Drugs
"Central Coast Multispecialty Medical Group, Inc.",CENTRAL COAST MULTISPECIALTY MEDICAL,1,2026-01-29,2026-01-29,False,False,True,True,Biologics
Central Peninsula General Hospital - Kenai Clinic,CENTRAL PENINSULA GENERAL HOSPITAL KENAI CLINIC,1,2009-04-23,2009-04-23,True,False,False,True,Devices
Central Surgical Co. Ltd.,CENTRAL SURGICAL,1,2012-12-27,2012-12-27,True,False,False,True,Devices
Centrient Pharmaceuticals India Private Limited,CENTRIENT PHARMACEUTICALS INDIA PRIVATE,1,2022-12-07,2022-12-07,False,True,False,True,Drugs
Centrix Pharmaceutical Inc,CENTRIX PHARMACEUTICAL,1,2010-02-24,2010-02-24,False,True,False,True,Drugs
Centro Mas Salud Dr. Gualberto Rabell-Fernandez,CENTRO MAS SALUD DR GUALBERTO RABELL FERNANDEZ,1,2017-12-21,2017-12-21,True,False,False,True,Devices
Centro Naturista,CENTRO NATURISTA,1,2016-06-16,2016-06-16,False,True,False,True,Drugs
Centurion Laboratories Private Limited,CENTURION LABORATORIES PRIVATE,1,2019-05-04,2019-05-04,False,True,False,True,Drugs
"Centurion Medical Products, LP",CENTURION MEDICAL PRODUCTS,1,2020-06-11,2020-06-11,True,False,False,True,Devices
"Cephazone Pharma, LLC",CEPHAZONE PHARMA,1,2011-04-25,2011-04-25,False,True,False,True,Drugs
CeraSys Incorporated,CERASYS,1,2010-09-08,2010-09-08,True,False,False,True,Devices
Cerci Kozmetik Ve Otel Ekipmanlari Pazarlama Ic Ve Dis Ticaret Limited Sirketi,CERCI KOZMETIK VE OTEL EKIPMANLARI PAZARLAMA IC VE DIS TICARET SIRKETI,1,2023-11-17,2023-11-17,False,True,False,True,Drugs
Cerno Pharmaceutical,CERNO PHARMACEUTICAL,1,2018-05-15,2018-05-15,False,True,False,True,Drugs
Cerovene Inc.,CEROVENE,1,2009-10-13,2009-10-13,False,True,False,True,Drugs
Certify Global Inc.,CERTIFY GLOBAL,1,2021-03-04,2021-03-04,True,False,False,True,Devices
Cetero Research / Ba Research,CETERO RESEARCH BA RESEARCH,1,2011-07-26,2011-07-26,False,True,False,True,Drugs
"Cetylite Industries, Inc.",CETYLITE INDUSTRIES,1,2022-04-13,2022-04-13,False,True,False,True,Drugs
Chameleon Beverage Co Inc,CHAMELEON BEVERAGE,1,2021-09-24,2021-09-24,False,True,False,True,Drugs
Chan Yat Hing Medicine Factory,CHAN YAT HING MEDICINE FACTORY,1,2015-12-15,2015-12-15,False,True,False,True,Drugs
Changzhou Jialing Medicine Industry Co. Ltd.,CHANGZHOU JIALING MEDICINE INDUSTRY,1,2011-12-29,2011-12-29,False,True,False,True,Drugs
Changzhou Jintan Qianyao Pharmaceutical Raw Materials,CHANGZHOU JINTAN QIANYAO PHARMACEUTICAL RAW MATERIALS,1,2017-05-11,2017-05-11,False,True,False,True,Drugs
"Changzhou Qianhong Biopharma Co., Ltd.",CHANGZHOU QIANHONG BIOPHARMA,1,2013-06-10,2013-06-10,False,True,False,True,Drugs
Changzhou Wujin Zhengping Shuangma Chemical Plant,CHANGZHOU WUJIN ZHENGPING SHUANGMA CHEMICAL PLANT,1,2012-07-03,2012-07-03,False,True,False,True,Drugs
"Chappel, Christopher, MD",CHAPPEL CHRISTOPHER MD,1,2009-02-02,2009-02-02,False,True,False,True,Drugs
"Chara Biologics, Inc.",CHARA BIOLOGICS,1,2025-01-17,2025-01-17,False,False,True,True,Biologics
"Charles J. Cote, MD",CHARLES J COTE MD,1,2009-03-02,2009-03-02,False,True,False,True,Drugs
"Charles R. McKay, MD",CHARLES R MCKAY MD,1,2009-10-23,2009-10-23,False,True,False,True,Drugs
"Charles Toledo, MD",CHARLES TOLEDO MD,1,2010-03-11,2010-03-11,False,False,True,True,Biologics
"Chartwell Pharmaceuticals Amityville, LLC",CHARTWELL PHARMACEUTICALS AMITYVILLE,1,2010-06-28,2010-06-28,False,True,False,True,Drugs
"Cheen Houng Enterprise Co., Ltd.",CHEEN HOUNG ENTERPRISE,1,2013-11-14,2013-11-14,True,False,False,True,Devices
"Chem-Tech, Ltd.",CHEM TECH,1,2025-02-11,2025-02-11,False,True,False,True,Drugs
ChemPacific Corporation,CHEMPACIFIC,1,2011-04-07,2011-04-07,False,True,False,True,Drugs
ChemRite CoPac LLC,CHEMRITE COPAC,1,2017-06-29,2017-06-29,False,True,False,True,Drugs
Chemco Corporation,CHEMCO,1,2026-04-07,2026-04-07,False,True,False,True,Drugs
Chemisphere Corporation,CHEMISPHERE,1,2025-12-15,2025-12-15,False,True,False,True,Drugs
"Chemland Co., Ltd.",CHEMLAND,1,2020-02-11,2020-02-11,False,True,False,True,Drugs
Chemolee Lab Corporation,CHEMOLEE LAB,1,2016-02-23,2016-02-23,False,True,False,True,Drugs
Chemspec Chemicals Private Limited,CHEMSPEC CHEMICALS PRIVATE,1,2025-12-23,2025-12-23,False,True,False,True,Drugs
"Chen Shwezin, Inc. dba Park Compounding Pharmacy",CHEN SHWEZIN PARK COMPOUNDING PHARMACY,1,2017-03-15,2017-03-15,False,True,False,True,Drugs
Chen-Yu Ou,CHEN YU OU,1,2009-11-17,2009-11-17,False,True,False,True,Drugs
"Cheng Fong Chemical Co., Ltd. Dayuan Factory",CHENG FONG CHEMICAL DAYUAN FACTORY,1,2016-09-15,2016-09-15,False,True,False,True,Drugs
"Chengdu Brilliant Biopharmaceutical Co., Ltd.",CHENGDU BRILLIANT BIOPHARMACEUTICAL,1,2025-09-12,2025-09-12,False,True,False,True,Drugs
"Chengdu KeCheng Fine Chemicals Co., Ltd.",CHENGDU KECHENG FINE CHEMICALS,1,2023-06-20,2023-06-20,False,True,False,True,Drugs
"Cheta Nand, M.D.",CHETA NAND M D,1,2016-03-10,2016-03-10,False,True,False,True,Drugs
Chi Machine International,CHI MACHINE,1,2009-05-21,2009-05-21,True,False,False,True,Devices
"Chiesi USA, Inc.",CHIESI,3,2009-05-04,2010-06-22,False,True,False,True,Drugs
Children's Hospital Colorado,CHILDREN S HOSPITAL COLORADO,1,2010-04-08,2010-04-08,False,False,True,True,Biologics
Childrens Medical Ventures,CHILDRENS MEDICAL VENTURES,1,2014-08-08,2014-08-08,True,False,False,True,Devices
Chillin Mix Kratom,CHILLIN MIX KRATOM,1,2018-09-04,2018-09-04,False,True,False,True,Drugs
China Pharmaceutical University,CHINA PHARMACEUTICAL UNIVERSITY,1,2025-01-23,2025-01-23,False,True,False,True,Drugs
Chinese Peptide Company,CHINESE PEPTIDE,1,2012-05-21,2012-05-21,False,True,False,True,Drugs
Chloroquineonline.com,CHLOROQUINEONLINE COM,1,2020-05-18,2020-05-18,False,True,False,True,Drugs
Choice All Natural Inc D,CHOICE ALL NATURAL D,1,2024-10-21,2024-10-21,False,True,False,True,Drugs
Choksi Laboratory,CHOKSI LABORATORY,1,2010-09-30,2010-09-30,False,True,False,True,Drugs
Cholrem Pty Ltd,CHOLREM PTY,1,2024-07-09,2024-07-09,False,True,False,True,Drugs
Cholrem USA,CHOLREM,1,2024-07-09,2024-07-09,False,True,False,True,Drugs
"Chongqing Carelife Pharmaceutical Co., Ltd.",CHONGQING CARELIFE PHARMACEUTICAL,1,2017-02-14,2017-02-14,False,True,False,True,Drugs
Chongqing Lummy Pharmaceutical Co. Ltd.,CHONGQING LUMMY PHARMACEUTICAL,1,2016-06-22,2016-06-22,False,True,False,True,Drugs
"Chris Walsh, c/o Dynadot Privacy",CHRIS WALSH C O DYNADOT PRIVACY,1,2009-11-17,2009-11-17,False,True,False,True,Drugs
Christian Hospital IRB,CHRISTIAN HOSPITAL IRB,1,2012-03-27,2012-03-27,False,False,True,True,Biologics
"Christopher D. Saudek, MD",CHRISTOPHER D SAUDEK MD,1,2008-11-13,2008-11-13,True,False,False,True,Devices
Christus Spohn Hospital Corpus Christi - Memorial Campus,CHRISTUS SPOHN HOSPITAL CORPUS CHRISTI MEMORIAL CAMPUS,1,2011-05-05,2011-05-05,True,False,False,True,Devices
Christus St. Patrick Hospital IRB,CHRISTUS ST PATRICK HOSPITAL IRB,1,2009-07-02,2009-07-02,True,False,False,True,Devices
Chromatography Institute of America,CHROMATOGRAPHY INSTITUTE OF AMERICA,1,2025-08-20,2025-08-20,False,True,False,True,Drugs
Chromsystems Instruments & Chemicals GmbH,CHROMSYSTEMS INSTRUMENTS AND CHEMICALS,1,2014-08-08,2014-08-08,True,False,False,True,Devices
Cipla Limited,CIPLA,2,2020-02-12,2023-11-17,False,True,False,True,Drugs
Circulatory Technology Inc.,CIRCULATORY TECHNOLOGY,2,2010-07-12,2019-01-31,True,False,False,True,Devices
Cispharma Inc.,CISPHARMA,1,2013-07-02,2013-07-02,False,True,False,True,Drugs
Citrus Fit,CITRUS FIT,1,2014-10-15,2014-10-15,False,True,False,True,Drugs
"Civic Center Pharmacy, Inc.",CIVIC CENTER PHARMACY,2,2008-12-16,2015-08-20,False,True,False,True,Drugs
"Cixi Zhixin Bird Clean-Care Product Co., Ltd.",CIXI ZHIXIN BIRD CLEAN CARE PRODUCT,1,2017-01-06,2017-01-06,False,True,False,True,Drugs
"Clean Cosmetics, LLC",CLEAN COSMETICS,1,2023-02-01,2023-02-01,False,True,False,True,Drugs
Clean Solutions LLC,CLEAN SOLUTIONS,1,2024-09-06,2024-09-06,False,True,False,True,Drugs
"Clearwater Products, LLC",CLEARWATER PRODUCTS,1,2010-03-10,2010-03-10,True,False,False,True,Devices
"Clientele, Inc.",CLIENTELE,1,2020-12-03,2020-12-03,False,True,False,True,Drugs
Clinical Formula LLC,CLINICAL FORMULA,1,2022-04-13,2022-04-13,False,True,False,True,Drugs
"Clinical Lasers, Inc.",CLINICAL LASERS,1,2013-11-14,2013-11-14,True,False,False,True,Devices
Clinical Resolution Laboratory Inc.,CLINICAL RESOLUTION LABORATORY,1,2022-03-01,2022-03-01,False,True,False,True,Drugs
Clinical Specialties Compounding Pharmacy,CLINICAL SPECIALTIES COMPOUNDING PHARMACY,1,2014-07-02,2014-07-02,False,True,False,True,Drugs
Clinicon Corp,CLINICON,1,2019-06-20,2019-06-20,True,False,False,True,Devices
Clover Custom Blending LLC,CLOVER CUSTOM BLENDING,1,2018-02-28,2018-02-28,False,True,False,True,Drugs
Clover Meds LLC,CLOVER MEDS,1,2026-06-08,2026-06-08,False,True,False,True,Drugs
"CoRE labs, LLC",CORE LABS,1,2013-02-20,2013-02-20,True,False,False,True,Devices
Coapt LLC,COAPT,1,2016-01-08,2016-01-08,True,False,False,True,Devices
Coast IRB LLC,COAST IRB,1,2009-04-14,2009-04-14,False,True,False,True,Drugs
"Coast Quality Pharmacy, LLC",COAST QUALITY PHARMACY,1,2015-12-09,2015-12-09,False,True,False,True,Drugs
"Coastal Meds, LLC",COASTAL MEDS,1,2016-06-22,2016-06-22,False,True,False,True,Drugs
Cobeg Inc,COBEG,1,2009-06-02,2009-06-02,True,False,False,True,Devices
Coco's Holistic Specialties & Apothecary,COCO S HOLISTIC SPECIALTIES AND APOTHECARY,1,2021-01-04,2021-01-04,False,True,False,True,Drugs
"Cody Laboratories, Inc.",CODY LABORATORIES,1,2009-03-30,2009-03-30,False,True,False,True,Drugs
"CofixRX, LLC",COFIXRX,1,2022-04-05,2022-04-05,False,True,False,True,Drugs
Cohance Lifesciences Limited,COHANCE LIFESCIENCES,1,2026-01-30,2026-01-30,False,True,False,True,Drugs
Colabs Intl Corp,COLABS,2,2016-10-19,2025-03-12,False,True,False,True,Drugs
"Colgate Oral Pharmaceuticals, Inc.",COLGATE ORAL PHARMACEUTICALS,1,2014-08-07,2014-08-07,False,True,False,True,Drugs
"Collaborative Care Diagnostics, LLC.",COLLABORATIVE CARE DIAGNOSTICS,1,2008-10-16,2008-10-16,True,False,False,True,Devices
"Collagen Matrix, Inc.",COLLAGEN MATRIX,2,2015-01-08,2016-09-20,True,False,False,True,Devices
"College Pharmacy, Inc.",COLLEGE PHARMACY,1,2016-08-15,2016-08-15,False,True,False,True,Drugs
"Colon Care Products of PA, LLC",COLON CARE PRODUCTS OF PA,1,2015-05-28,2015-05-28,True,False,False,True,Devices
Colonia Care Pharmacy,COLONIA CARE PHARMACY,1,2017-10-12,2017-10-12,False,True,False,True,Drugs
"Colorado Center for Reproductive Medicine, LC",COLORADO CENTER FOR REPRODUCTIVE MEDICINE LC,1,2023-06-26,2023-06-26,False,False,True,True,Biologics
Colorado Histo-Prep,COLORADO HISTO PREP,1,2014-03-11,2014-03-11,False,True,False,True,Drugs
Colorful Products Corporation,COLORFUL PRODUCTS,1,2022-05-11,2022-05-11,False,True,False,True,Drugs
"Columbia Cosmetics Manufacturing, Inc.",COLUMBIA COSMETICS MANUFACTURING,1,2025-09-11,2025-09-11,False,True,False,True,Drugs
Columbia Presbyterian Medical Center,COLUMBIA PRESBYTERIAN MEDICAL CENTER,1,2008-12-22,2008-12-22,False,True,False,True,Drugs
Columbia Univeristy Medical Center RDRC,COLUMBIA UNIVERISTY MEDICAL CENTER RDRC,1,2011-09-20,2011-09-20,False,True,False,True,Drugs
Combo AG,COMBO,1,2015-01-12,2015-01-12,True,False,False,True,Devices
Comercializadora La Superior,COMERCIALIZADORA LA SUPERIOR,1,2025-03-26,2025-03-26,False,True,False,True,Drugs
"Commed, Inc.",COMMED,1,2012-07-30,2012-07-30,True,False,False,True,Devices
"Compania Internacional de Comercio, S.A.P.I. de C.V.",COMPANIA INTERNACIONAL DE COMERCIO S A P I DE C V,1,2012-06-13,2012-06-13,False,True,False,True,Drugs
Compass International Innovations Inc.,COMPASS INNOVATIONS,1,2011-05-23,2011-05-23,True,False,False,True,Devices
Compass Richmar LLC,COMPASS RICHMAR,1,2011-12-30,2011-12-30,True,False,False,True,Devices
"Complete Pharmacy and Medical Solutions, LLC.",COMPLETE PHARMACY AND MEDICAL SOLUTIONS,1,2016-03-10,2016-03-10,False,True,False,True,Drugs
Compound Preferred LLC,COMPOUND PREFERRED,1,2017-11-01,2017-11-01,False,True,False,True,Drugs
Compounding Pharmacy of America,COMPOUNDING PHARMACY OF AMERICA,1,2016-06-09,2016-06-09,False,True,False,True,Drugs
Compumedics Germany Gmbh,COMPUMEDICS GERMANY,1,2012-08-01,2012-08-01,True,False,False,True,Devices
Conceive Fertility Center,CONCEIVE FERTILITY CENTER,1,2026-01-27,2026-01-27,False,False,True,True,Biologics
Concept Products Limited,CONCEPT PRODUCTS,1,2016-07-26,2016-07-26,False,True,False,True,Drugs
"Concord, Inc. dba Carlton's Dunwoody Pharmacy",CONCORD CARLTON S DUNWOODY PHARMACY,1,2017-08-21,2017-08-21,False,True,False,True,Drugs
"Conductive Technologies, Inc",CONDUCTIVE TECHNOLOGIES,1,2014-06-18,2014-06-18,True,False,False,True,Devices
Confer With,CONFER WITH,1,2025-08-01,2025-08-01,False,True,False,True,Drugs
Conkin Surgical Instruments Ltd.,CONKIN SURGICAL INSTRUMENTS,1,2015-01-12,2015-01-12,True,False,False,True,Devices
Contacare Ophthalmics & Diagnostics,CONTACARE OPHTHALMICS AND DIAGNOSTICS,1,2019-04-23,2019-04-23,False,True,False,True,Drugs
"Contec Medical Systems Co., Ltd.",CONTEC MEDICAL SYSTEMS,1,2025-10-02,2025-10-02,True,False,False,True,Devices
"Continental Manufacturing Chemist, Inc.",CONTINENTAL MANUFACTURING CHEMIST,1,2017-12-29,2017-12-29,False,True,False,True,Drugs
"Continental Medical Labs, Inc.",CONTINENTAL MEDICAL LABS,1,2013-03-06,2013-03-06,True,False,False,True,Devices
"Continuum Health Partners , Inc.",CONTINUUM HEALTH PARTNERS,1,2009-08-17,2009-08-17,False,False,True,True,Biologics
"Contract Coating, Inc.",CONTRACT COATING,1,2014-07-18,2014-07-18,False,True,False,True,Drugs
Contract Medical International spol. sr.o.,CONTRACT MEDICAL SPOL SR O,1,2012-12-12,2012-12-12,True,False,False,True,Devices
"Contract Medical Manufacturing, LLC",CONTRACT MEDICAL MANUFACTURING,1,2008-11-20,2008-11-20,True,False,False,True,Devices
Contract Pharmacal Corporation,CONTRACT PHARMACAL,1,2010-10-14,2010-10-14,False,True,False,True,Drugs
Contract Pharmaceutical Services of Australia Pty Ltd,CONTRACT PHARMACEUTICAL SERVICES OF AUSTRALIA PTY,1,2013-05-17,2013-05-17,False,True,False,True,Drugs
"Cook Vandergrift, Inc.",COOK VANDERGRIFT,1,2014-04-15,2014-04-15,True,False,False,True,Devices
"Cooley Dickinson Hospital, Bb",COOLEY DICKINSON HOSPITAL BB,1,2009-08-26,2009-08-26,False,False,True,True,Biologics
Cooper Institute for Advanced Reproductive Medicine,COOPER INSTITUTE FOR ADVANCED REPRODUCTIVE MEDICINE,1,2021-11-15,2021-11-15,False,False,True,True,Biologics
"CooperSurgical, Inc.",COOPERSURGICAL,2,2015-06-09,2021-02-12,True,True,False,True,Devices; Drugs
"CooperVision, Inc.",COOPERVISION,1,2011-12-05,2011-12-05,True,False,False,True,Devices
CooperVisision Manufacturing Puerto Rico LLC,COOPERVISISION MANUFACTURING PUERTO RICO,1,2014-02-27,2014-02-27,True,False,False,True,Devices
Copan Italia,COPAN ITALIA,1,2012-05-14,2012-05-14,True,False,False,True,Devices
"Copper Touch, LLC",COPPER TOUCH,1,2020-04-21,2020-04-21,False,True,False,True,Drugs
Coral Pharmaceuticals LTD,CORAL PHARMACEUTICALS,1,2019-10-09,2019-10-09,False,True,False,True,Drugs
"Cord for Life, Inc.",CORD FOR LIFE,1,2019-03-29,2019-03-29,False,False,True,True,Biologics
Corden Pharma Chenove,CORDEN PHARMA CHENOVE,1,2009-05-06,2009-05-06,False,True,False,True,Drugs
"Core Products International, Inc.",CORE PRODUCTS,1,2009-08-18,2009-08-18,False,True,False,True,Drugs
"CorePharma, LLC",COREPHARMA,1,2010-06-21,2010-06-21,False,True,False,True,Drugs
Corona-cure.com,CORONA CURE COM,1,2020-03-26,2020-03-26,False,True,False,True,Drugs
"Cortechs Labs, Inc.",CORTECHS LABS,1,2010-09-01,2010-09-01,True,False,False,True,Devices
Cosmaceutical Research Lab Inc.,COSMACEUTICAL RESEARCH LAB,1,2020-05-29,2020-05-29,False,True,False,True,Drugs
"Cosmax USA, Corporation",COSMAX,1,2020-10-16,2020-10-16,False,True,False,True,Drugs
"Cosmecca Korea Co., Ltd.",COSMECCA KOREA,1,2018-02-02,2018-02-02,False,True,False,True,Drugs
Cosmed S.R.L.,COSMED S R L,1,2012-03-09,2012-03-09,True,False,False,True,Devices
Cosmelab Co Ltd,COSMELAB,1,2020-01-09,2020-01-09,False,True,False,True,Drugs
Cosmetic Manufacturers (Aust) Pty Ltd.,COSMETIC MANUFACTURERS AUST PTY,1,2026-02-06,2026-02-06,False,True,False,True,Drugs
"Cosmetic Science Laboratories, LLC",COSMETIC SCIENCE LABORATORIES,1,2023-03-10,2023-03-10,False,True,False,True,Drugs
Cosmetic Solutions LLC,COSMETIC SOLUTIONS,1,2024-05-31,2024-05-31,False,True,False,True,Drugs
"Cosmetic Specialty Labs, Inc",COSMETIC SPECIALTY LABS,1,2024-02-29,2024-02-29,False,True,False,True,Drugs
"Cosmo Bio Co., Ltd.",COSMO BIO,1,2022-01-06,2022-01-06,False,True,False,True,Drugs
Cosmo Medical Spa,COSMO MEDICAL,1,2025-09-09,2025-09-09,False,True,False,True,Drugs
Costumes For Your Eyes,COSTUMES FOR YOUR EYES,1,2011-01-24,2011-01-24,True,False,False,True,Devices
Cotronic Technology Limited,COTRONIC TECHNOLOGY,1,2015-12-01,2015-12-01,True,False,False,True,Devices
Cotton High Tech S.L.( d/ba COHITECH),COTTON HIGH TECH S L D BA COHITECH,1,2014-01-23,2014-01-23,True,False,False,True,Devices
Coupler LLC,COUPLER,1,2020-09-15,2020-09-15,False,True,False,True,Drugs
Covalent Medical,COVALENT MEDICAL,1,2025-07-09,2025-07-09,False,True,False,True,Drugs
Covenant Medical Center Inc. IRB,COVENANT MEDICAL CENTER IRB,1,2011-09-07,2011-09-07,False,True,False,True,Drugs
Craig General Hospital,CRAIG GENERAL HOSPITAL,1,2008-12-15,2008-12-15,False,False,True,True,Biologics
Craig M Buettner MD,CRAIG M BUETTNER MD,1,2009-11-24,2009-11-24,False,True,False,True,Drugs
Cranial Solutions,CRANIAL SOLUTIONS,1,2010-06-21,2010-06-21,True,False,False,True,Devices
Creation Technologies Ltd,CREATION TECHNOLOGIES,1,2020-06-05,2020-06-05,True,False,False,True,Devices
"Creative Bioscience, LLC",CREATIVE BIOSCIENCE,1,2011-11-28,2011-11-28,False,True,False,True,Drugs
Creative Essences Inc,CREATIVE ESSENCES,1,2025-09-25,2025-09-25,False,True,False,True,Drugs
Creative Pharmacy Solutions Central LLC dba Pharmacy Innovations,CREATIVE PHARMACY SOLUTIONS CENTRAL PHARMACY INNOVATIONS,1,2017-08-03,2017-08-03,False,True,False,True,Drugs
CreativeStar Solutions,CREATIVESTAR SOLUTIONS,1,2021-03-04,2021-03-04,True,False,False,True,Devices
"Criticare Technologies, Inc.",CRITICARE TECHNOLOGIES,2,2017-04-21,2024-07-12,True,False,False,True,Devices
Crocker Spinal Technologies Inc,CROCKER SPINAL TECHNOLOGIES,1,2015-06-30,2015-06-30,True,False,False,True,Devices
Crosbys Drugs Inc,CROSBYS DRUGS,1,2017-11-30,2017-11-30,False,True,False,True,Drugs
"Cross Brands Contract Filling, LLC",CROSS BRANDS CONTRACT FILLING,1,2019-12-17,2019-12-17,False,True,False,True,Drugs
Crothall Healthcare Inc,CROTHALL HEALTHCARE,1,2009-12-29,2009-12-29,True,False,False,True,Devices
Crown Health Care Laundry Services Inc,CROWN HEALTH CARE LAUNDRY SERVICES,1,2010-01-19,2010-01-19,True,False,False,True,Devices
"Cryos International USA, LLC",CRYOS,1,2022-10-24,2022-10-24,False,False,True,True,Biologics
Crystal Care International Inc,CRYSTAL CARE,1,2009-05-22,2009-05-22,True,False,False,True,Devices
Crystal Clear Supplements,CRYSTAL CLEAR SUPPLEMENTS,1,2022-02-04,2022-02-04,False,True,False,True,Drugs
"CrystalBraces, LLC.",CRYSTALBRACES,1,2015-10-30,2015-10-30,True,False,False,True,Devices
"Curae'Lase, Inc.",CURAE LASE,1,2011-12-09,2011-12-09,True,False,False,True,Devices
"Curasan AG, Frankfurt Facility",CURASAN FRANKFURT FACILITY,1,2017-08-23,2017-08-23,True,False,False,True,Devices
Curativa Bay Corporation,CURATIVA BAY,1,2020-06-25,2020-06-25,False,True,False,True,Drugs
Curatronic Ltd.,CURATRONIC,1,2013-01-09,2013-01-09,True,False,False,True,Devices
"CureWave Lasers, LLC",CUREWAVE LASERS,1,2019-12-12,2019-12-12,True,False,False,True,Devices
Cureganics,CUREGANICS,1,2022-03-28,2022-03-28,False,True,False,True,Drugs
"Curexa - East, LLC dba Curexa",CUREXA EAST CUREXA,1,2023-09-15,2023-09-15,False,True,False,True,Drugs
"Curia Massachusetts, Inc.",CURIA MASSACHUSETTS,1,2010-08-17,2010-08-17,False,True,False,True,Drugs
"Custom Assemblies, Inc.",CUSTOM ASSEMBLIES,1,2018-04-06,2018-04-06,True,False,False,True,Devices
Custom Compounding Center,CUSTOM COMPOUNDING CENTER,1,2016-03-16,2016-03-16,False,True,False,True,Drugs
"Custom Compounding Centers, LLC",CUSTOM COMPOUNDING CENTERS,1,2013-05-15,2013-05-15,False,True,False,True,Drugs
Custom RX LLC,CUSTOM RX,1,2018-10-18,2018-10-18,False,True,False,True,Drugs
Custom Research Labs Inc,CUSTOM RESEARCH LABS,1,2022-07-08,2022-07-08,False,True,False,True,Drugs
"Customed, Inc.",CUSTOMED,2,2009-09-11,2014-12-09,True,False,False,True,Devices
"Customer Service Associates, LLC",CUSTOMER SERVICE ASSOCIATES,1,2012-08-24,2012-08-24,True,False,False,True,Devices
Cybernet Medical Corp.,CYBERNET MEDICAL,1,2010-01-15,2010-01-15,True,False,False,True,Devices
Cyclotron Center of NE Florida,CYCLOTRON CENTER OF NE FLORIDA,1,2009-01-28,2009-01-28,False,True,False,True,Drugs
Cynergy,CYNERGY,1,2013-03-01,2013-03-01,True,False,False,True,Devices
"Cytophil, Inc.",CYTOPHIL,1,2014-04-01,2014-04-01,True,False,False,True,Devices
D&H Medical Center,D AND H MEDICAL CENTER,1,2026-06-08,2026-06-08,False,True,False,True,Drugs
D.N.A. LAB INC.,D N A LAB,1,2009-11-06,2009-11-06,False,True,False,True,Drugs
D.O.R.C. Dutch Opthalmic Research Center Intl B.V.,D O R C DUTCH OPTHALMIC RESEARCH CENTER B V,1,2015-09-01,2015-09-01,True,False,False,True,Devices
"DAVA Pharmaceuticals, Inc.",DAVA PHARMACEUTICALS,1,2009-10-13,2009-10-13,False,True,False,True,Drugs
"DCA, Inc. DBA Beacon Prescriptions",DCA BEACON PRESCRIPTIONS,1,2017-06-01,2017-06-01,False,True,False,True,Drugs
DDI MULTINACIONAL SA DE CV,DDI MULTINACIONAL DE CV,1,2022-06-27,2022-06-27,False,True,False,True,Drugs
DEPQ Internacional S. de R.L de C.V.,DEPQ INTERNACIONAL S DE R L DE C V,1,2021-03-18,2021-03-18,False,True,False,True,Drugs
DERMAL SOURCE,DERMAL SOURCE,1,2024-03-25,2024-03-25,False,True,False,True,Drugs
"DERMAMEAL CO., LTD.",DERMAMEAL,1,2019-09-24,2019-09-24,False,True,False,True,Drugs
DERMAROLLER GMBH,DERMAROLLER,1,2013-03-01,2013-03-01,True,False,False,True,Devices
"DIGIMED CO., LTD",DIGIMED,1,2017-03-10,2017-03-10,True,False,False,True,Devices
"DISCOVER HEALTH, LLC",DISCOVER HEALTH,1,2023-11-16,2023-11-16,False,True,False,True,Drugs
DISTACART,DISTACART,1,2025-11-17,2025-11-17,False,True,False,True,Drugs
DMC Medical Limited,DMC MEDICAL,1,2012-05-24,2012-05-24,True,False,False,True,Devices
"DMC Medical Technology & Manufacturing Co., Ltd.",DMC MEDICAL TECHNOLOGY AND MANUFACTURING,1,2012-09-12,2012-09-12,True,False,False,True,Devices
"DMM Vission, S.A. de C.V.",DMM VISSION S A DE C V,1,2021-06-03,2021-06-03,False,True,False,True,Drugs
"DMX IMAGING, LLC",DMX IMAGING,1,2012-10-26,2012-10-26,True,False,False,True,Devices
DNA Genotek Inc.,DNA GENOTEK,1,2013-12-20,2013-12-20,True,False,False,True,Devices
"DONGGUAN MICROVIEW MEDICAL TECHNOLOGY CO., LTD",DONGGUAN MICROVIEW MEDICAL TECHNOLOGY,1,2019-09-20,2019-09-20,True,False,False,True,Devices
DONGGUAN SHIN YI HEALTHCARE PRODUCTS FACTORY,DONGGUAN SHIN YI HEALTHCARE PRODUCTS FACTORY,1,2015-10-27,2015-10-27,True,False,False,True,Devices
DONGGUANCITY XINYUAN NONWOVEN CO,DONGGUANCITY XINYUAN NONWOVEN,1,2021-05-27,2021-05-27,True,False,False,True,Devices
DORO INC ( O/S DORO SAFETY & SECURITY),DORO O S DORO SAFETY AND SECURITY,1,2015-03-09,2015-03-09,True,False,False,True,Devices
DR TS SUPERGOOP,DR TS SUPERGOOP,1,2025-08-06,2025-08-06,False,True,False,True,Drugs
"DR Vitamins, LLC",DR VITAMINS,1,2023-09-11,2023-09-11,False,True,False,True,Drugs
DRG Instruments GmbH,DRG INSTRUMENTS,2,2017-09-27,2025-03-31,True,False,False,True,Devices
DSAART LLC,DSAART,1,2021-11-24,2021-11-24,True,False,False,True,Devices
DSP Skin Care LLC,DSP SKIN CARE,1,2022-07-19,2022-07-19,False,True,False,True,Drugs
DUBAK ELECTRICAL GROUP,DUBAK ELECTRICAL,1,2021-03-04,2021-03-04,True,False,False,True,Devices
"DXALLERGY SOLUTIONS, LLC",DXALLERGY SOLUTIONS,1,2020-08-18,2020-08-18,True,False,False,True,Devices
"Dae Young Foods Co., Ltd.",DAE YOUNG FOODS,1,2017-11-20,2017-11-20,False,True,False,True,Drugs
"Daewoo Pharmaceutical Co., Ltd.",DAEWOO PHARMACEUTICAL,1,2025-06-26,2025-06-26,False,True,False,True,Drugs
"Daheng New Epoch Technology, Inc.",DAHENG NEW EPOCH TECHNOLOGY,1,2014-01-15,2014-01-15,True,False,False,True,Devices
"Daito Kasei Kogyo Co., Ltd.",DAITO KASEI KOGYO,1,2018-01-18,2018-01-18,False,True,False,True,Drugs
"Dakota Laboratories, LLC",DAKOTA LABORATORIES,1,2011-03-17,2011-03-17,False,True,False,True,Drugs
"Damien Sanderlin, MD",DAMIEN SANDERLIN MD,1,2012-07-27,2012-07-27,False,False,True,True,Biologics
"Daniel A. Potter, M.D.",DANIEL A POTTER M D,1,2009-11-02,2009-11-02,True,False,False,True,Devices
"Daniel C. Tarquinio, DO",DANIEL C TARQUINIO DO,1,2022-04-05,2022-04-05,False,True,False,True,Drugs
"Daniel Fred Goodman, M.D.",DANIEL FRED GOODMAN M D,1,2022-07-19,2022-07-19,False,True,False,True,Drugs
"Daniel M. Paulson, MD",DANIEL M PAULSON MD,1,2009-03-11,2009-03-11,False,True,False,True,Drugs
"Darmerica, LLC",DARMERICA,1,2025-12-08,2025-12-08,False,True,False,True,Drugs
"Dasan C.N Tek Co., Ltd.",DASAN C N TEK,1,2017-09-22,2017-09-22,False,True,False,True,Drugs
Databazaar.com,DATABAZAAR COM,1,2021-09-03,2021-09-03,True,False,False,True,Devices
Davati Medical Supply LLC,DAVATI MEDICAL SUPPLY,1,2021-06-25,2021-06-25,False,False,True,True,Biologics
"David Cosmetic Co., Ltd.",DAVID COSMETIC,1,2022-05-02,2022-05-02,False,True,False,True,Drugs
David M. Lubeck MD,DAVID M LUBECK MD,1,2022-11-18,2022-11-18,False,True,False,True,Drugs
David Scott,DAVID SCOTT,1,2010-10-20,2010-10-20,False,True,False,True,Drugs
Daxal Cosmetics Pvt. Ltd.,DAXAL COSMETICS,1,2023-08-03,2023-08-03,False,True,False,True,Drugs
DeRoyal Cientifica De Latinoamerica S.R.L.,DEROYAL CIENTIFICA DE LATINOAMERICA S R L,1,2013-08-12,2013-08-12,True,False,False,True,Devices
"DeVere Company, Inc.",DEVERE,1,2025-11-12,2025-11-12,False,True,False,True,Drugs
DeVilbiss Healthcare LLC,DEVILBISS HEALTHCARE,1,2021-11-23,2021-11-23,True,False,False,True,Devices
"Dechoker, LLC",DECHOKER,1,2021-05-10,2021-05-10,True,False,False,True,Devices
"Dectro International, Inc.",DECTRO,1,2014-05-22,2014-05-22,True,False,False,True,Devices
"Dee Cee Laboratories, Inc",DEE CEE LABORATORIES,1,2009-08-18,2009-08-18,False,True,False,True,Drugs
Defender SD Manufacturing LLC,DEFENDER SD MANUFACTURING,1,2008-10-31,2008-10-31,False,True,False,True,Drugs
"Defibtech, LLC",DEFIBTECH,1,2010-09-22,2010-09-22,True,False,False,True,Devices
Degania Medical Devices Pvt. Ltd.,DEGANIA MEDICAL DEVICES,1,2014-12-23,2014-12-23,True,False,False,True,Devices
Degasa S.A. De C.V.,DEGASA S A DE C V,1,2018-04-18,2018-04-18,False,True,False,True,Drugs
"Deibel Laboratories of Illinois, Inc.",DEIBEL LABORATORIES OF ILLINOIS,1,2011-09-01,2011-09-01,False,True,False,True,Drugs
"Deitz, M.D., Robert",DEITZ M D ROBERT,1,2010-04-01,2010-04-01,False,True,False,True,Drugs
Delarange Cosmetics BV,DELARANGE COSMETICS,1,2016-09-29,2016-09-29,False,True,False,True,Drugs
"Delpharm Boucherville Canada, Inc.",DELPHARM BOUCHERVILLE CANADA,1,2011-11-18,2011-11-18,False,True,False,True,Drugs
Delsam Pharma LLC,DELSAM PHARMA,1,2024-02-13,2024-02-13,False,True,False,True,Drugs
Delta 8 Hemp,DELTA 8 HEMP,1,2022-05-04,2022-05-04,False,True,False,True,Drugs
Delta Kozmetik Sanayi Ve Ticaret-Selim Yesil,DELTA KOZMETIK SANAYI VE TICARET SELIM YESIL,2,2021-07-08,2023-02-13,False,True,False,True,Drugs
Delta Laboratories Pty Ltd,DELTA LABORATORIES PTY,1,2017-12-19,2017-12-19,False,True,False,True,Drugs
"Delta Pharma, Inc.",DELTA PHARMA,1,2014-12-09,2014-12-09,False,True,False,True,Drugs
"Deltex Pharmaceuticals, Inc",DELTEX PHARMACEUTICALS,1,2008-10-31,2008-10-31,False,True,False,True,Drugs
Delux IV and Aesthetics,DELUX IV AND AESTHETICS,1,2026-02-20,2026-02-20,False,True,False,True,Drugs
"Denison Pharmaceuticals, LLC",DENISON PHARMACEUTICALS,1,2023-07-26,2023-07-26,False,True,False,True,Drugs
"Denker, Mark S, MD PA",DENKER MARK S MD PA,1,2022-11-17,2022-11-17,False,False,True,True,Biologics
"Dennis J. Hurwitz, M.D.",DENNIS J HURWITZ M D,1,2013-09-30,2013-09-30,True,False,False,True,Devices
"Dental Technologies, Inc.",DENTAL TECHNOLOGIES,2,2011-09-15,2021-11-30,False,True,False,True,Drugs
Dental-Kosmetik GmbH & Co. KG,DENTAL KOSMETIK AND KG,1,2020-01-16,2020-01-16,False,True,False,True,Drugs
"Denterprise International, Inc.",DENTERPRISE,1,2019-10-09,2019-10-09,True,False,False,True,Devices
"Denttio, Inc.",DENTTIO,1,2017-02-23,2017-02-23,True,False,False,True,Devices
"Deqing Jiarou Daily Chemical Co., Ltd",DEQING JIAROU DAILY CHEMICAL,1,2024-03-19,2024-03-19,False,True,False,True,Drugs
"Dercher Enterprises, Inc., DBA Gordon Laboratories",DERCHER ENTERPRISES GORDON LABORATORIES,1,2019-09-13,2019-09-13,False,True,False,True,Drugs
"Derma Pen, LLC",DERMA PEN,1,2015-01-09,2015-01-09,True,False,False,True,Devices
Derma Remedies,DERMA REMEDIES,1,2011-04-27,2011-04-27,False,True,False,True,Drugs
DermaPharm A/S,DERMAPHARM A S,1,2020-03-10,2020-03-10,False,True,False,True,Drugs
"DermaRite Industries, LLC",DERMARITE INDUSTRIES,1,2025-10-27,2025-10-27,False,True,False,True,Drugs
Dermacare LLC,DERMACARE,1,2025-09-09,2025-09-09,False,True,False,True,Drugs
Dermacare Packaging & Private Label LLC,DERMACARE PACKAGING AND PRIVATE LABEL,1,2021-12-01,2021-12-01,True,False,False,True,Devices
Desarrollo E Investigacion Medica Aragonesa SL,DESARROLLO E INVESTIGACION MEDICA ARAGONESA SL,1,2014-10-15,2014-10-15,True,False,False,True,Devices
Descor LLC,DESCOR,1,2014-08-19,2014-08-19,False,True,False,True,Drugs
Deseo Rebajar,DESEO REBAJAR,1,2014-03-07,2014-03-07,False,True,False,True,Drugs
Deseo Rebajar Inc.,DESEO REBAJAR,1,2014-03-07,2014-03-07,False,True,False,True,Drugs
Deserving Health International Corp,DESERVING HEALTH,1,2017-12-18,2017-12-18,False,True,False,True,Drugs
"Deston Therapeutics, Llc",DESTON THERAPEUTICS,1,2010-02-05,2010-02-05,False,True,False,True,Drugs
Deva Holding Anonim Sirketi - Cerkezkoy Subesi,DEVA ANONIM SIRKETI CERKEZKOY SUBESI,1,2019-08-06,2019-08-06,False,True,False,True,Drugs
"Devalingam Mahalingam, M.D., Ph.D.",DEVALINGAM MAHALINGAM M D PH D,1,2025-12-11,2025-12-11,False,True,False,True,Drugs
Dexcel Ltd.,DEXCEL,1,2009-05-14,2009-05-14,False,True,False,True,Drugs
Dexcowin Co. Ltd.,DEXCOWIN,2,2015-08-15,2018-02-20,True,False,False,True,Devices
Dexta Corporation,DEXTA,1,2014-06-25,2014-06-25,True,False,False,True,Devices
Dexterity Health LLC,DEXTERITY HEALTH,1,2023-10-30,2023-10-30,False,True,False,True,Drugs
Dextrum Laboratories,DEXTRUM LABORATORIES,1,2023-12-07,2023-12-07,False,True,False,True,Drugs
Deymed Diagnostic s.r.o.,DEYMED DIAGNOSTIC S R O,1,2025-08-06,2025-08-06,True,False,False,True,Devices
DiaPharma Group Inc,DIAPHARMA,1,2011-03-22,2011-03-22,True,False,False,True,Devices
Diabetes Corporation of America,DIABETES OF AMERICA,1,2016-07-21,2016-07-21,False,True,False,True,Drugs
Diagnostic Biochem Canada Inc.,DIAGNOSTIC BIOCHEM CANADA,1,2011-12-20,2011-12-20,True,False,False,True,Devices
"Diagnostic Solutions Laboratory, LLC",DIAGNOSTIC SOLUTIONS LABORATORY,1,2020-07-24,2020-07-24,True,False,False,True,Devices
"DiamoDent, Inc.",DIAMODENT,1,2016-01-05,2016-01-05,True,False,False,True,Devices
Diamond Chemical Co. Inc.,DIAMOND CHEMICAL,1,2024-09-06,2024-09-06,False,True,False,True,Drugs
"Diamond Wipes International, Inc.",DIAMOND WIPES,2,2016-10-21,2018-03-07,False,True,False,True,Drugs
"Diasol East, Inc.",DIASOL EAST,1,2017-07-12,2017-07-12,True,False,False,True,Devices
Diasol Inc,DIASOL,1,2017-09-28,2017-09-28,True,False,False,True,Devices
"Diasol, Inc",DIASOL,3,2010-08-09,2026-01-30,True,False,False,True,Devices
"Diaz, Leslie, M.D.",DIAZ LESLIE M D,1,2011-11-04,2011-11-04,False,True,False,True,Drugs
Dibar Nutricional S. de R.L. de C.V.,DIBAR NUTRICIONAL S DE R L DE C V,1,2021-03-10,2021-03-10,False,True,False,True,Drugs
"Digital Radiology Center, Inc.",DIGITAL RADIOLOGY CENTER,1,2010-01-22,2010-01-22,True,False,False,True,Devices
Digitimer Ltd.,DIGITIMER,1,2015-10-19,2015-10-19,True,False,False,True,Devices
Dignity Health - Northridge Hospital Medical Center,DIGNITY HEALTH NORTHRIDGE HOSPITAL MEDICAL CENTER,1,2016-12-13,2016-12-13,False,True,False,True,Drugs
"Dimitri Sirakoff, D.O.",DIMITRI SIRAKOFF D O,1,2013-09-12,2013-09-12,False,True,False,True,Drugs
Diora Kimya Sanayi ve Ticaret Limited Sirketi,DIORA KIMYA SANAYI VE TICARET SIRKETI,1,2024-10-17,2024-10-17,False,True,False,True,Drugs
"Direct Meds, Inc.",DIRECT MEDS,1,2025-09-09,2025-09-09,False,True,False,True,Drugs
Discount Online Pharmacy,DISCOUNT ONLINE PHARMACY,1,2013-02-12,2013-02-12,False,True,False,True,Drugs
Disinfect & Shield,DISINFECT AND SHIELD,1,2021-05-06,2021-05-06,False,True,False,True,Drugs
"Distribuidora Lagunera del Norte, SA de CV",DISTRIBUIDORA LAGUNERA DEL NORTE DE CV,1,2021-03-24,2021-03-24,False,True,False,True,Drugs
"Distributor RFR, LLC.",DISTRIBUTOR RFR,1,2023-01-09,2023-01-09,False,True,False,True,Drugs
Divi's Laboratories Ltd. (Unit II),DIVI S LABORATORIES UNIT II,1,2017-04-13,2017-04-13,False,True,False,True,Drugs
Dixon Investments Inc,DIXON INVESTMENTS,1,2025-09-18,2025-09-18,False,True,False,True,Drugs
Dolan Central Illinois Compounding LLC dba Preckshot Professional Pharmacy,DOLAN CENTRAL ILLINOIS COMPOUNDING PRECKSHOT PROFESSIONAL PHARMACY,1,2016-09-02,2016-09-02,False,True,False,True,Drugs
Dolphin Intertrade Corporation,DOLPHIN INTERTRADE,1,2013-08-20,2013-08-20,False,True,False,True,Drugs
"Dong Yuan Technology Co., Ltd.",DONG YUAN TECHNOLOGY,1,2019-03-18,2019-03-18,False,True,False,True,Drugs
"DongBang Cosmetics Co., Ltd.",DONGBANG COSMETICS,1,2021-10-22,2021-10-22,False,True,False,True,Drugs
"Dongguan Jianwei Electronics Products Co., Ltd.",DONGGUAN JIANWEI ELECTRONICS PRODUCTS,2,2014-10-16,2015-11-05,True,False,False,True,Devices
"Dongguan Polygreen Technology Co., Ltd.",DONGGUAN POLYGREEN TECHNOLOGY,1,2011-09-27,2011-09-27,True,False,False,True,Devices
"Dongguan Sure On Plastic & Fiber Products Co., LTD.",DONGGUAN SURE ON PLASTIC AND FIBER PRODUCTS,1,2012-08-06,2012-08-06,True,False,False,True,Devices
Dongguan Yong Rong Plastics Co. Ltd.,DONGGUAN YONG RONG PLASTICS,1,2012-06-27,2012-06-27,True,False,False,True,Devices
Dongkuk Techco Rubber Ind. Sdn Bhd,DONGKUK TECHCO RUBBER IND SDN BHD,1,2008-12-30,2008-12-30,True,False,False,True,Devices
Dongying Tiandong Pharmaceutical Co Ltd,DONGYING TIANDONG PHARMACEUTICAL,1,2016-11-10,2016-11-10,False,True,False,True,Drugs
Dorado Health Inc,DORADO HEALTH,1,2009-04-02,2009-04-02,False,False,True,True,Biologics
Dorneyville Pharmacy,DORNEYVILLE PHARMACY,1,2017-02-07,2017-02-07,False,True,False,True,Drugs
"Dornier Medtech America, Inc.",DORNIER MEDTECH AMERICA,1,2010-03-23,2010-03-23,True,False,False,True,Devices
Dornier Medtech GmbH,DORNIER MEDTECH,1,2011-08-26,2011-08-26,True,False,False,True,Devices
Dougherty's Pharmacy,DOUGHERTY S PHARMACY,1,2017-05-12,2017-05-12,False,True,False,True,Drugs
Dr Benedict S Liao Md,DR BENEDICT S LIAO MD,1,2014-07-08,2014-07-08,False,True,False,True,Drugs
Dr Retter Ec Retter Wladyslaw,DR RETTER EC RETTER WLADYSLAW,1,2022-03-16,2022-03-16,False,True,False,True,Drugs
Dr. Ashley Minas,DR ASHLEY MINAS,1,2015-05-29,2015-05-29,True,False,False,True,Devices
Dr. Berne's Whole Health Products,DR BERNE S WHOLE HEALTH PRODUCTS,1,2023-11-22,2023-11-22,False,True,False,True,Drugs
Dr. Brite LLC,DR BRITE,1,2024-11-21,2024-11-21,False,True,False,True,Drugs
Dr. Dhole's Sushanti Homeopathy Clinic,DR DHOLE S SUSHANTI HOMEOPATHY CLINIC,1,2020-05-04,2020-05-04,False,True,False,True,Drugs
Dr. G. H. Tichenor's Antiseptic Company,DR G H TICHENOR S ANTISEPTIC,1,2011-04-18,2011-04-18,False,True,False,True,Drugs
Dr. Gaters Weight Loss and Wellness,DR GATERS WEIGHT LOSS AND WELLNESS,1,2025-09-09,2025-09-09,False,True,False,True,Drugs
Dr. Hettie Morgan,DR HETTIE MORGAN,1,2015-05-29,2015-05-29,True,False,False,True,Devices
"Dr. Joel Kaplan, Inc.",DR JOEL KAPLAN,2,2014-05-01,2024-01-08,True,False,False,True,Devices
Dr. Paul's Lab,DR PAUL S LAB,1,2021-02-16,2021-02-16,False,True,False,True,Drugs
Dr. Sankunnis Ayurvedic Research Foundation Pvt Ltd,DR SANKUNNIS AYURVEDIC RESEARCH FOUNDATION,1,2024-04-18,2024-04-18,False,True,False,True,Drugs
Dr. Thomas Gazda,DR THOMAS GAZDA,1,2009-11-24,2009-11-24,False,True,False,True,Drugs
DrMedHealth,DRMEDHEALTH,1,2026-06-09,2026-06-09,False,True,False,True,Drugs
DrNaturalHealing Inc.,DRNATURALHEALING,1,2016-03-10,2016-03-10,False,True,False,True,Drugs
Drive DeVilbiss Healthcare,DRIVE DEVILBISS HEALTHCARE,1,2012-10-10,2012-10-10,True,False,False,True,Devices
"Drivergent, Inc.",DRIVERGENT,1,2023-05-01,2023-05-01,False,True,False,True,Drugs
"Drug Depot, LLC., dba APS Pharmacy",DRUG DEPOT APS PHARMACY,2,2016-12-15,2023-03-31,False,True,False,True,Drugs
"Drugs Are Us, Inc., dba Hopewell Pharmacy",DRUGS ARE HOPEWELL PHARMACY,1,2009-09-28,2009-09-28,False,True,False,True,Drugs
"DuPont Nutrition USA, Inc",DUPONT NUTRITION,1,2022-12-02,2022-12-02,False,True,False,True,Drugs
Durazo Medical Biomagnetism,DURAZO MEDICAL BIOMAGNETISM,1,2020-08-19,2020-08-19,True,False,False,True,Devices
Duren Health Mart Pharmacy,DUREN HEALTH MART PHARMACY,1,2019-11-01,2019-11-01,False,True,False,True,Drugs
"Dynamic Blending Specialists, Inc.",DYNAMIC BLENDING SPECIALISTS,1,2025-06-18,2025-06-18,False,True,False,True,Drugs
Dynamic Stem Cell Therapy,DYNAMIC STEM CELL THERAPY,1,2026-02-11,2026-02-11,False,False,True,True,Biologics
"Dynamic Surgery, Inc.",DYNAMIC SURGERY,1,2009-10-13,2009-10-13,True,False,False,True,Devices
Dynavision Global Holdings LLC,DYNAVISION GLOBAL,1,2017-09-05,2017-09-05,True,False,False,True,Devices
"Dyno Manufacturing, Inc.",DYNO MANUFACTURING,1,2025-04-15,2025-04-15,False,True,False,True,Drugs
"Dzebovskaya, Yelena",DZEBOVSKAYA YELENA,1,2012-11-08,2012-11-08,True,False,False,True,Devices
E-Care Technology Corp.,E CARE TECHNOLOGY,2,2015-11-24,2020-03-02,True,False,False,True,Devices
E-Cig Technology Inc.,E CIG TECHNOLOGY,1,2010-09-08,2010-09-08,False,True,False,True,Drugs
E-M Medical Treatment And Electron (Suzhou) Co Ltd,E M MEDICAL TREATMENT AND ELECTRON SUZHOU,2,2012-08-16,2013-05-17,True,False,False,True,Devices
"E-cigarettedirect, Llc",E CIGARETTEDIRECT,1,2010-09-08,2010-09-08,False,True,False,True,Drugs
E.A. Beck & Co.,E A BECK AND,1,2010-12-14,2010-12-14,True,False,False,True,Devices
EAST FORK CULTIVARS,EAST FORK CULTIVARS,1,2023-12-22,2023-12-22,False,True,False,True,Drugs
"ECI Pharmaceuticals, LLC",ECI PHARMACEUTICALS,1,2022-02-03,2022-02-03,False,True,False,True,Drugs
EEG Info,EEG INFO,1,2012-08-16,2012-08-16,True,False,False,True,Devices
"EIKEN CHEMICAL CO., LTD. NOGI PLANT",EIKEN CHEMICAL NOGI PLANT,1,2013-03-13,2013-03-13,True,False,False,True,Devices
EMD Millipore Corporation,EMD MILLIPORE,1,2009-12-30,2009-12-30,True,False,False,True,Devices
"EMG Manufacturing Co., Ltd.",EMG MANUFACTURING,1,2012-09-14,2012-09-14,True,False,False,True,Devices
EMcision Ltd.,EMCISION,1,2014-11-20,2014-11-20,True,False,False,True,Devices
ENERGIST LIMITED,ENERGIST,1,2012-12-04,2012-12-04,True,False,False,True,Devices
"EPH Technologies, Inc.",EPH TECHNOLOGIES,1,2019-11-18,2019-11-18,False,True,False,True,Drugs
EPS Bio Technology Corp.,EPS BIO TECHNOLOGY,1,2012-09-12,2012-09-12,True,False,False,True,Devices
EPSa Elektronik & Prazisionsbau Saalfeld GmbH,EPSA ELEKTRONIK AND PRAZISIONSBAU SAALFELD,1,2015-08-04,2015-08-04,True,False,False,True,Devices
EPflex Feinwerktechnik GmbH,EPFLEX FEINWERKTECHNIK,1,2013-09-16,2013-09-16,True,False,False,True,Devices
ESSND GLOBAL,ESSND GLOBAL,1,2020-02-14,2020-02-14,False,True,False,True,Drugs
ESTRATEGIA HOSPITALARIA SA DE CV,ESTRATEGIA HOSPITALARIA DE CV,1,2021-05-04,2021-05-04,False,True,False,True,Drugs
EUCYT Laboratories LLC,EUCYT LABORATORIES,1,2020-06-04,2020-06-04,False,False,True,True,Biologics
EUROSIREL S.P.A,EUROSIREL S P A,1,2024-11-20,2024-11-20,False,True,False,True,Drugs
EVERYMARKET INC,EVERYMARKET,1,2024-08-27,2024-08-27,False,True,False,True,Drugs
"Eagle Diagnostics, Inc",EAGLE DIAGNOSTICS,1,2011-03-03,2011-03-03,True,False,False,True,Devices
Eagle Health Supplies,EAGLE HEALTH SUPPLIES,1,2010-11-24,2010-11-24,True,False,False,True,Devices
Eagle Parts and Products,EAGLE PARTS AND PRODUCTS,1,2008-11-14,2008-11-14,True,False,False,True,Devices
Eagle Pharma Outsourcing LLC,EAGLE PHARMA OUTSOURCING,1,2016-10-13,2016-10-13,False,True,False,True,Drugs
Early To Bed,EARLY TO BED,1,2025-12-16,2025-12-16,True,False,False,True,Devices
Earth Angel Oils,EARTH ANGEL OILS,1,2020-04-14,2020-04-14,False,True,False,True,Drugs
Earthley Wellness,EARTHLEY WELLNESS,1,2020-04-09,2020-04-09,False,True,False,True,Drugs
East Jefferson General Hospital,EAST JEFFERSON GENERAL HOSPITAL,1,2019-11-12,2019-11-12,True,False,False,True,Devices
"Eastern Cranial Affiliates, LLC",EASTERN CRANIAL AFFILIATES,1,2010-11-16,2010-11-16,True,False,False,True,Devices
"Eastern Pharmacy, Inc.",EASTERN PHARMACY,1,2014-10-29,2014-10-29,False,True,False,True,Drugs
Easy Pha-Max Marke,EASY PHA MAX MARKE,1,2013-07-15,2013-07-15,False,True,False,True,Drugs
Eaton Manufacturing Corporation Dba Eaton Medical,EATON MANUFACTURING EATON MEDICAL,1,2010-07-27,2010-07-27,True,False,False,True,Devices
"Eclipse Medcorp, LLC",ECLIPSE MEDCORP,2,2015-10-27,2016-03-28,True,False,True,True,Biologics; Devices
"Eco Lips, Inc.",ECO LIPS,1,2022-09-20,2022-09-20,False,True,False,True,Drugs
"Ecometics, Inc.",ECOMETICS,1,2019-04-16,2019-04-16,False,True,False,True,Drugs
Economax Llc,ECONOMAX,1,2016-05-06,2016-05-06,False,True,False,True,Drugs
Eden,EDEN,1,2026-06-08,2026-06-08,False,True,False,True,Drugs
Edge Biologicals Inc,EDGE BIOLOGICALS,2,2012-02-14,2023-06-27,True,False,False,True,Devices
"Edge Pharma, LLC",EDGE PHARMA,1,2015-11-12,2015-11-12,False,True,False,True,Drugs
"Edwards Pharmaceuticals, Inc",EDWARDS PHARMACEUTICALS,1,2010-02-08,2010-02-08,False,True,False,True,Drugs
Ehsan NMI Sadri MD,EHSAN NMI SADRI MD,1,2026-03-27,2026-03-27,False,True,False,True,Drugs
Ehy Holdings LLC,EHY,1,2024-02-02,2024-02-02,False,True,False,True,Drugs
Ei LLC,EI,1,2018-04-16,2018-04-16,False,True,False,True,Drugs
Eidosmed,EIDOSMED,1,2011-03-16,2011-03-16,True,False,False,True,Devices
Eksa Mills S.A. de C.V.,EKSA MILLS S A DE C V,1,2022-10-05,2022-10-05,False,True,False,True,Drugs
Elcam Medical Italy SPA,ELCAM MEDICAL ITALY,1,2012-02-23,2012-02-23,True,False,False,True,Devices
Electric Mobility Corp,ELECTRIC MOBILITY,1,2011-04-14,2011-04-14,True,False,False,True,Devices
Electro Cap International Inc,ELECTRO CAP,1,2011-07-20,2011-07-20,True,False,False,True,Devices
"Electro Medical, Inc.",ELECTRO MEDICAL,1,2013-08-09,2013-08-09,True,False,False,True,Devices
"Electro-tech Products, Inc.",ELECTRO TECH PRODUCTS,1,2009-07-01,2009-07-01,True,False,False,True,Devices
"Electromedical Products International, Inc.",ELECTROMEDICAL PRODUCTS,1,2013-04-30,2013-04-30,True,False,False,True,Devices
"Electronic Development Labs, Inc",ELECTRONIC DEVELOPMENT LABS,1,2014-10-01,2014-10-01,True,False,False,True,Devices
Electrostim Medical Services Inc,ELECTROSTIM MEDICAL SERVICES,1,2011-04-20,2011-04-20,True,False,False,True,Devices
"Elemental Herbs, Inc.",ELEMENTAL HERBS,1,2023-10-20,2023-10-20,False,True,False,True,Drugs
Elements Brands Inc.,ELEMENTS BRANDS,1,2022-04-13,2022-04-13,False,True,False,True,Drugs
Elite Health Center,ELITE HEALTH CENTER,1,2025-09-09,2025-09-09,False,True,False,True,Drugs
Elite Laboratories Inc.,ELITE LABORATORIES,1,2016-08-25,2016-08-25,False,True,False,True,Drugs
"Elite Massagers, LLC.",ELITE MASSAGERS,2,2014-08-18,2015-12-11,True,False,False,True,Devices
Elite Supplement Center,ELITE SUPPLEMENT CENTER,1,2022-07-06,2022-07-06,False,True,False,True,Drugs
Elite Training Facility LLC,ELITE TRAINING FACILITY,1,2022-07-06,2022-07-06,False,True,False,True,Drugs
"Elizabeth E. Houser, MD",ELIZABETH E HOUSER MD,1,2012-05-25,2012-05-25,False,True,False,True,Drugs
Elkhart General Hospital Blood Donor Center,ELKHART GENERAL HOSPITAL BLOOD DONOR CENTER,1,2009-05-06,2009-05-06,False,False,True,True,Biologics
Elkhart Pharmacy,ELKHART PHARMACY,1,2017-05-08,2017-05-08,False,True,False,True,Drugs
"Ellex iScience, Inc.",ELLEX ISCIENCE,1,2025-04-23,2025-04-23,True,False,False,True,Devices
Emcure Pharmaceuticals Limited,EMCURE PHARMACEUTICALS,2,2016-03-03,2019-08-02,False,True,False,True,Drugs
Emedkit.com,EMEDKIT COM,1,2020-04-23,2020-04-23,False,True,False,True,Drugs
Emergency Disaster Systems,EMERGENCY DISASTER SYSTEMS,1,2009-05-13,2009-05-13,True,False,False,True,Devices
"Emilia Resources, LLC",EMILIA RESOURCES,1,2009-04-27,2009-04-27,False,True,False,True,Drugs
"Eminent Spine, LLC",EMINENT SPINE,1,2010-07-20,2010-07-20,True,False,False,True,Devices
"Empire Distributors, Inc.",EMPIRE DISTRIBUTORS,1,2019-04-10,2019-04-10,False,True,False,True,Drugs
Empower Clinic Services LLC,EMPOWER CLINIC SERVICES,3,2017-05-25,2025-04-02,False,True,False,True,Drugs
"Empower Clinic Services, LLC dba Empower Pharmacy",EMPOWER CLINIC SERVICES EMPOWER PHARMACY,1,2025-04-02,2025-04-02,False,True,False,True,Drugs
Empowered Diagnostics LLC,EMPOWERED DIAGNOSTICS,1,2022-10-07,2022-10-07,True,False,False,True,Devices
"EnMed MicroAnalytics, Inc.",ENMED MICROANALYTICS,1,2021-01-26,2021-01-26,True,False,False,True,Devices
Enclara Pharmacia Inc,ENCLARA PHARMACIA,1,2017-03-29,2017-03-29,False,True,False,True,Drugs
"EndoGastric Solutions, Inc.",ENDOGASTRIC SOLUTIONS,1,2010-03-12,2010-03-12,True,False,False,True,Devices
"Endogastric Solutions, Inc.",ENDOGASTRIC SOLUTIONS,1,2012-06-08,2012-06-08,True,False,False,True,Devices
"Endotec, Inc.",ENDOTEC,1,2009-10-22,2009-10-22,True,False,False,True,Devices
Energy Miracle Enterprises,ENERGY MIRACLE ENTERPRISES,1,2009-10-08,2009-10-08,True,False,False,True,Devices
Enhance Nutraceutical,ENHANCE NUTRACEUTICAL,1,2013-07-15,2013-07-15,False,True,False,True,Drugs
"Enhancement Medical, LLC",ENHANCEMENT MEDICAL,1,2014-06-04,2014-06-04,True,False,False,True,Devices
"Enprani Co., Ltd.",ENPRANI,1,2019-08-15,2019-08-15,False,True,False,True,Drugs
Enraf-Nonius B.V.,ENRAF NONIUS B V,1,2013-07-05,2013-07-05,True,False,False,True,Devices
EnviroServe Chemicals & Cleaners Ltd.,ENVIROSERVE CHEMICALS AND CLEANERS,1,2024-09-09,2024-09-09,False,True,False,True,Drugs
Eolane Vailhauques,EOLANE VAILHAUQUES,1,2016-02-04,2016-02-04,True,False,False,True,Devices
"Eosera, Inc.",EOSERA,1,2020-07-13,2020-07-13,False,True,False,True,Drugs
Ephraim McDowell Health IRB,EPHRAIM MCDOWELL HEALTH IRB,1,2010-04-26,2010-04-26,False,True,False,True,Drugs
"Epimed International, Inc.",EPIMED,1,2012-09-19,2012-09-19,True,False,False,True,Devices
Episciences Inc,EPISCIENCES,2,2015-12-02,2022-08-26,False,True,False,True,Drugs; Food/Cosmetics
Epro E-Commerce Limited,EPRO E COMMERCE,1,2020-06-29,2020-06-29,True,False,False,True,Devices
"Erchonia Corporation, LLC",ERCHONIA,1,2011-01-21,2011-01-21,True,False,False,True,Devices
Ercros S.A.,ERCROS S A,1,2012-06-20,2012-06-20,False,True,False,True,Drugs
Erkul Kozmetik Sanayi ve Ticaret A.S.,ERKUL KOZMETIK SANAYI VE TICARET A S,1,2026-06-02,2026-06-02,False,True,False,True,Drugs
Eskbiochem SA de CV,ESKBIOCHEM DE CV,1,2020-07-23,2020-07-23,False,True,False,True,Drugs
Essential Pharmacy Compounding,ESSENTIAL PHARMACY COMPOUNDING,1,2016-03-10,2016-03-10,False,True,False,True,Drugs
"Essex Institutional Review Board, Inc",ESSEX INSTITUTIONAL REVIEW BOARD,1,2011-07-26,2011-07-26,False,True,False,True,Drugs
Estar Technologies Ltd.,ESTAR TECHNOLOGIES,1,2026-04-27,2026-04-27,False,False,True,True,Biologics
"Ethical & Independent Review Services, LLC",ETHICAL AND INDEPENDENT REVIEW SERVICES,1,2010-07-19,2010-07-19,True,False,False,True,Devices
Eugen Lefter,EUGEN LEFTER,1,2009-11-17,2009-11-17,False,True,False,True,Drugs
Eugia Pharma Specialities Limited,EUGIA PHARMA SPECIALITIES,1,2024-08-15,2024-08-15,False,True,False,True,Drugs
Eureka Springs Hospital,EUREKA SPRINGS HOSPITAL,1,2009-05-06,2009-05-06,False,True,False,True,Drugs
Euromi S.A.,EUROMI S A,1,2015-06-22,2015-06-22,True,False,False,True,Devices
Europharma Concepts Limited,EUROPHARMA CONCEPTS,1,2018-05-16,2018-05-16,False,True,False,True,Drugs
Eurotrol B.V.,EUROTROL B V,1,2014-11-19,2014-11-19,True,False,False,True,Devices
EvaPharmacy,EVAPHARMACY,1,2013-06-26,2013-06-26,False,True,False,True,Drugs
"Evelyn Lopez-Brignoni, M.D.",EVELYN LOPEZ BRIGNONI M D,1,2021-03-02,2021-03-02,False,True,False,True,Drugs
"Evenbetternow, Llc",EVENBETTERNOW,1,2010-10-12,2010-10-12,False,True,False,True,Drugs
Ever Pharma Jena GmbH,EVER PHARMA JENA,1,2011-10-19,2011-10-19,False,True,False,True,Drugs
Everlaan Organics Inc,EVERLAAN ORGANICS,1,2025-08-11,2025-08-11,False,True,False,True,Drugs
Everything Herbs,EVERYTHING HERBS,1,2017-04-17,2017-04-17,False,True,False,True,Drugs
"Evi International Group, LLC",EVI,1,2025-05-14,2025-05-14,False,True,False,True,Drugs
Evolife Wellness,EVOLIFE WELLNESS,1,2025-09-09,2025-09-09,False,True,False,True,Drugs
Evolutionary Biologics Inc,EVOLUTIONARY BIOLOGICS,1,2024-12-31,2024-12-31,False,False,True,True,Biologics
"Evolved Ayurvedic Discoveries, Inc.",EVOLVED AYURVEDIC DISCOVERIES,1,2021-02-11,2021-02-11,False,True,False,True,Drugs
Exact-Rx Inc,EXACT RX,1,2017-04-19,2017-04-19,False,True,False,True,Drugs
"Exactech Sarasota, Inc.",EXACTECH SARASOTA,1,2025-12-19,2025-12-19,True,False,False,True,Devices
"Excel Medical Products, Inc.",EXCEL MEDICAL PRODUCTS,1,2013-04-09,2013-04-09,True,False,False,True,Devices
Excel Regenerative Solutions,EXCEL REGENERATIVE SOLUTIONS,1,2011-02-03,2011-02-03,True,False,False,True,Devices
Excel Vision,EXCEL VISION,2,2025-05-07,2026-06-25,False,True,False,True,Drugs
Excelsior Medical LLC,EXCELSIOR MEDICAL,1,2014-11-07,2014-11-07,True,False,False,True,Devices
Exela Pharma Sciences LLC,EXELA PHARMA SCIENCES,3,2021-04-09,2025-07-02,False,True,False,True,Drugs
"Exeltis USA, Inc.",EXELTIS,1,2009-11-13,2009-11-13,False,True,False,True,Drugs
"Exer Labs, Inc.",EXER LABS,1,2025-02-10,2025-02-10,True,False,False,True,Devices
Expert Aesthetics,EXPERT AESTHETICS,1,2025-09-09,2025-09-09,False,True,False,True,Drugs
"Expert Chemical Analysis, Inc.",EXPERT CHEMICAL ANALYSIS,1,2022-08-19,2022-08-19,False,True,False,True,Drugs
Explora Laboratories,EXPLORA LABORATORIES,1,2014-08-07,2014-08-07,False,True,False,True,Drugs
Exthera Medical Corporation,EXTHERA MEDICAL,2,2026-02-06,2026-02-09,True,False,False,True,Devices
Extreme Vitamin World,EXTREME VITAMIN WORLD,1,2013-06-19,2013-06-19,False,True,False,True,Drugs
"Extremity Medical, LLC",EXTREMITY MEDICAL,1,2012-02-24,2012-02-24,True,False,False,True,Devices
Eyal Bar Oz,EYAL BAR OZ,1,2012-09-18,2012-09-18,False,True,False,True,Drugs
Eye Center of Texas,EYE CENTER OF TEXAS,1,2012-12-18,2012-12-18,True,False,False,True,Devices
"EyeKon Medical, Inc.",EYEKON MEDICAL,1,2008-12-09,2008-12-09,True,False,False,True,Devices
"EyeTech One, LLC",EYETECH ONE,1,2025-07-09,2025-07-09,False,True,False,True,Drugs
Ezra E.S LLC,EZRA E S,1,2026-06-08,2026-06-08,False,True,False,True,Drugs
"EzriCare, LLC.",EZRICARE,1,2024-02-13,2024-02-13,False,True,False,True,Drugs
F.P. Rubinstein Y Cia SRL,F P RUBINSTEIN Y CIA,2,2015-01-29,2016-05-05,True,False,False,True,Devices
FACOSPAR,FACOSPAR,1,2012-05-30,2012-05-30,False,True,False,True,Drugs
"FANCYSTAGE, UNIPESSOAL, LDA.",FANCYSTAGE UNIPESSOAL LDA,2,2023-08-03,2024-06-04,False,True,False,True,Drugs
FARMAKEIO OUTSOURCING LLC,FARMAKEIO OUTSOURCING,1,2021-07-29,2021-07-29,False,True,False,True,Drugs
FCD Health LLC,FCD HEALTH,1,2013-01-24,2013-01-24,False,True,False,True,Drugs
FICOSOTA LTD,FICOSOTA,1,2020-02-28,2020-02-28,False,True,False,True,Drugs
FILLER LUX,FILLER LUX,1,2025-03-03,2025-03-03,False,True,False,True,Drugs
FIXTURE DISPLAYS LLC,FIXTURE DISPLAYS,1,2021-06-28,2021-06-28,True,False,False,True,Devices
FLAVNT Streetwear LLC,FLAVNT STREETWEAR,1,2025-12-16,2025-12-16,True,False,False,True,Devices
"FOCUS Laboratories, Inc.",FOCUS LABORATORIES,2,2011-11-16,2016-06-03,False,True,False,True,Drugs; Food/Cosmetics
"FOSHAN CARE MEDICAL TECHNOLOGY CO., LTD.",FOSHAN CARE MEDICAL TECHNOLOGY,1,2015-01-12,2015-01-12,True,False,False,True,Devices
FSSB Chirurgische Nadeln Gmbh,FSSB CHIRURGISCHE NADELN,1,2013-01-29,2013-01-29,True,False,False,True,Devices
FUJIFILM Healthcare Americas Corporation,FUJIFILM HEALTHCARE AMERICAS,1,2015-08-12,2015-08-12,True,False,False,True,Devices
"FVS Holdings, Inc. dba. Green Valley Drugs",FVS GREEN VALLEY DRUGS,1,2013-08-30,2013-08-30,False,True,False,True,Drugs
"FWD Care, Inc.",FWD CARE,1,2025-09-09,2025-09-09,False,True,False,True,Drugs
"Facet Technologies, LLC",FACET TECHNOLOGIES,1,2011-05-19,2011-05-19,True,False,False,True,Devices
Faci S.p.A.,FACI S P A,1,2012-06-14,2012-06-14,False,True,False,True,Drugs
Fagron Compounding Services,FAGRON COMPOUNDING SERVICES,2,2017-11-28,2024-12-19,False,True,False,True,Drugs
"Fagron, Inc",FAGRON,2,2018-08-29,2022-06-14,False,True,False,True,Drugs
"Fair Price Labs, Inc.",FAIR PRICE LABS,1,2020-07-24,2020-07-24,True,False,False,True,Devices
"Fairfax EggBank, Inc.",FAIRFAX EGGBANK,1,2009-11-10,2009-11-10,True,False,False,True,Devices
Fallien Cosmeceuticals Ltd.,FALLIEN COSMECEUTICALS,1,2025-08-06,2025-08-06,False,True,False,True,Drugs
"Fallon Wellness Pharmacy, L.L.C.",FALLON WELLNESS PHARMACY L L C,1,2016-02-01,2016-02-01,False,True,False,True,Drugs
"Family Beginnings, PC",FAMILY BEGINNINGS PC,1,2012-06-15,2012-06-15,False,False,True,True,Biologics
Family Fertility Center,FAMILY FERTILITY CENTER,1,2019-09-30,2019-09-30,False,False,True,True,Biologics
Family Pharmacy of Statesville,FAMILY PHARMACY OF STATESVILLE,1,2020-11-06,2020-11-06,False,True,False,True,Drugs
Fancy Meds,FANCY MEDS,1,2025-09-09,2025-09-09,False,True,False,True,Drugs
Fancy drops Beauty LLC,FANCY DROPS BEAUTY,1,2024-10-24,2024-10-24,False,True,False,True,Drugs
"Fareva Morton Grove, Inc.",FAREVA MORTON GROVE,1,2026-03-03,2026-03-03,False,True,False,True,Drugs
Fareva Pau,FAREVA PAU,1,2010-03-26,2010-03-26,False,True,False,True,Drugs
Fareva Unterach GmbH,FAREVA UNTERACH,1,2013-05-28,2013-05-28,False,True,False,True,Drugs
Farma Quimia S.A. de C.V.,FARMA QUIMIA S A DE C V,1,2012-03-09,2012-03-09,False,True,False,True,Drugs
"Farmville Discount Drug, Inc. DBA Best Value Drug",FARMVILLE DISCOUNT DRUG BEST VALUE DRUG,1,2019-07-09,2019-07-09,False,True,False,True,Drugs
Faro Ted Owiesy,FARO TED OWIESY,1,2018-11-16,2018-11-16,False,True,False,True,Drugs
Fast Masks USA LLC,FAST MASKS,1,2021-03-26,2021-03-26,True,False,False,True,Devices
Feel Good Natural Health,FEEL GOOD NATURAL HEALTH,1,2010-05-21,2010-05-21,False,True,False,True,Drugs
"Feel Tech Bio Co., Ltd",FEEL TECH BIO,1,2013-03-15,2013-03-15,True,False,False,True,Devices
Fei Fah Medical Manufacturing Pte. Ltd.,FEI FAH MEDICAL MANUFACTURING,1,2023-01-30,2023-01-30,False,True,False,True,Drugs
Fenwal Inc,FENWAL,1,2016-10-14,2016-10-14,False,False,True,True,Biologics
"Fenwal International, Inc.",FENWAL,4,2012-06-01,2023-09-14,False,False,True,True,Biologics
"Fercy Personal Care Products Co., Ltd",FERCY PERSONAL CARE PRODUCTS,1,2012-09-07,2012-09-07,False,True,False,True,Drugs
Ferrosan Medical Devices A/s,FERROSAN MEDICAL DEVICES A S,1,2015-09-16,2015-09-16,True,False,False,True,Devices
Fertility Specialists of Texas - Lubbock,FERTILITY SPECIALISTS OF TEXAS LUBBOCK,1,2013-08-15,2013-08-15,False,False,True,True,Biologics
"Field Controls, LLC",FIELD CONTROLS,1,2009-06-02,2009-06-02,True,False,False,True,Devices
Fifty410,FIFTY410,1,2026-02-20,2026-02-20,False,True,False,True,Drugs
Fill It Pack It Inc,FILL IT PACK IT,1,2019-05-02,2019-05-02,False,True,False,True,Drugs
"Firson Co., Ltd.",FIRSON,1,2017-08-31,2017-08-31,False,True,False,True,Drugs
First Medical Source LLC,FIRST MEDICAL SOURCE,1,2012-09-26,2012-09-26,True,False,False,True,Devices
First Pharma Associates LLC dba Riverpoint Pharmacy,FIRST PHARMA ASSOCIATES RIVERPOINT PHARMACY,1,2017-09-12,2017-09-12,False,True,False,True,Drugs
"First Royal Care Co. LLC, dba Red Mountain Compounding Pharmacy",FIRST ROYAL CARE RED MOUNTAIN COMPOUNDING PHARMACY,1,2020-09-10,2020-09-10,False,True,False,True,Drugs
"FirstCham Co., Ltd.",FIRSTCHAM,1,2024-04-04,2024-04-04,False,True,False,True,Drugs
Fischer ANalysen Instrumente GmbH,FISCHER ANALYSEN INSTRUMENTE,1,2023-02-03,2023-02-03,True,False,False,True,Devices
Fischer Surgical Inc,FISCHER SURGICAL,1,2010-11-15,2010-11-15,True,False,False,True,Devices
"FitRX, LLC",FITRX,1,2025-09-09,2025-09-09,False,True,False,True,Drugs
FitRx,FITRX,1,2026-02-20,2026-02-20,False,True,False,True,Drugs
Fitish,FITISH,1,2026-06-08,2026-06-08,False,True,False,True,Drugs
Flawless Beauty & Skin,FLAWLESS BEAUTY AND SKIN,1,2022-08-05,2022-08-05,True,False,False,True,Devices
Flawless Beauty and Skin,FLAWLESS BEAUTY AND SKIN,1,2022-08-05,2022-08-05,True,False,False,True,Devices
Fleming Laboratories Limited,FLEMING LABORATORIES,2,2016-06-21,2018-02-14,False,True,False,True,Drugs
Flextronics America LLC,FLEXTRONICS AMERICA,1,2026-01-27,2026-01-27,True,False,False,True,Devices
"Flextronics Electronics Technology (Suzhou) Co., Ltd.",FLEXTRONICS ELECTRONICS TECHNOLOGY SUZHOU,1,2015-02-19,2015-02-19,True,False,False,True,Devices
Flir System AB,FLIR SYSTEM,1,2011-01-06,2011-01-06,True,False,False,True,Devices
"Flor Nutraceuticals, LLC.",FLOR NUTRACEUTICALS,1,2011-04-28,2011-04-28,False,True,False,True,Drugs
Florida Atlantic University IRB,FLORIDA ATLANTIC UNIVERSITY IRB,1,2009-12-17,2009-12-17,True,False,False,True,Devices
"Florida Fertility Institute, P.A.",FLORIDA FERTILITY INSTITUTE P A,1,2013-12-13,2013-12-13,False,False,True,True,Biologics
Florida Institute for Reproductive Sciences and Technologies,FLORIDA INSTITUTE FOR REPRODUCTIVE SCIENCES AND TECHNOLOGIES,1,2016-04-14,2016-04-14,False,False,True,True,Biologics
Flowchem Pharma Private Limited,FLOWCHEM PHARMA PRIVATE,1,2026-03-11,2026-03-11,False,True,False,True,Drugs
FluxxLab LLC,FLUXXLAB,1,2022-08-04,2022-08-04,False,True,False,True,Drugs
"Folsom Metal Products, Inc.",FOLSOM METAL PRODUCTS,1,2009-08-27,2009-08-27,True,False,False,True,Devices
"Foothills Professional Pharmacy, LTD",FOOTHILLS PROFESSIONAL PHARMACY,1,2020-09-09,2020-09-09,False,True,False,True,Drugs
For Our Vets LLC dba Patriot Supreme,FOR OUR VETS PATRIOT SUPREME,1,2020-10-16,2020-10-16,False,True,False,True,Drugs
"For Them, Inc.",FOR THEM,1,2025-12-16,2025-12-16,True,False,False,True,Devices
Forcemech International LLC,FORCEMECH,1,2022-09-21,2022-09-21,True,False,False,True,Devices
FormPour,FORMPOUR,1,2026-03-31,2026-03-31,False,True,False,True,Drugs
Formatech Inc.,FORMATECH,1,2011-02-10,2011-02-10,False,True,False,True,Drugs
Formology Lab Inc.,FORMOLOGY LAB,1,2023-03-01,2023-03-01,False,True,False,True,Drugs
Forrest Media Incorporated,FORREST MEDIA,1,2009-11-18,2009-11-18,False,True,False,True,Drugs
"Foshan Biours Biosciences Co., Ltd.",FOSHAN BIOURS BIOSCIENCES,1,2021-03-10,2021-03-10,False,True,False,True,Drugs
"Foshan Flying Medical Products Co., Ltd.",FOSHAN FLYING MEDICAL PRODUCTS,1,2017-08-03,2017-08-03,False,True,False,True,Drugs
"Foshan Jinxiong Technology Co., Ltd.",FOSHAN JINXIONG TECHNOLOGY,1,2018-07-02,2018-07-02,False,True,False,True,Drugs
"Foshan Miwei Cosmetics Co., Ltd.",FOSHAN MIWEI COSMETICS,1,2026-04-20,2026-04-20,False,True,False,True,Drugs
"Foshan R. Poon Medical Products Co., Ltd.",FOSHAN R POON MEDICAL PRODUCTS,1,2012-06-18,2012-06-18,True,False,False,True,Devices
"Foshan Yiying Hygiene Products Co., Ltd",FOSHAN YIYING HYGIENE PRODUCTS,1,2025-10-10,2025-10-10,False,True,False,True,Drugs
Fox Pharma LLC,FOX PHARMA,1,2025-03-03,2025-03-03,False,True,False,True,Drugs
Foxroids.com,FOXROIDS COM,1,2020-04-30,2020-04-30,False,True,False,True,Drugs
"Francisco O. Hernandez, MD.",FRANCISCO O HERNANDEZ MD,1,2009-04-20,2009-04-20,False,True,False,True,Drugs
"Frantz Design, Inc",FRANTZ DESIGN,1,2009-06-05,2009-06-05,True,False,False,True,Devices
Free Speech System LLC dba Infowars,FREE SPEECH SYSTEM INFOWARS,1,2020-04-09,2020-04-09,False,True,False,True,Drugs
Freeman Enterprise LLC,FREEMAN ENTERPRISE,1,2009-12-09,2009-12-09,True,False,False,True,Devices
Frenda Corporation,FRENDA,1,2023-02-15,2023-02-15,False,True,False,True,Drugs
Fresenius Hemocare Deutschland GmbH,FRESENIUS HEMOCARE DEUTSCHLAND,1,2011-01-28,2011-01-28,True,False,False,True,Devices
Fresenius Hemocare Netherlands B.V,FRESENIUS HEMOCARE NETHERLANDS B V,1,2011-01-28,2011-01-28,True,False,False,True,Devices
"Fresenius Kabi Compounding, LLC",FRESENIUS KABI COMPOUNDING,1,2026-05-12,2026-05-12,False,True,False,True,Drugs
Fresenius Kabi Oncology Limited,FRESENIUS KABI ONCOLOGY,3,2013-07-01,2017-12-18,False,True,False,True,Drugs
Fresenius Kabi Oncology Plc,FRESENIUS KABI ONCOLOGY,1,2009-04-22,2009-04-22,False,True,False,True,Drugs
Fresenius Kabi USA LLC (FK USA),FRESENIUS KABI FK,1,2011-01-28,2011-01-28,True,False,False,True,Devices
Fresenius Kabi iPSUM Srl,FRESENIUS KABI IPSUM,1,2010-05-27,2010-05-27,False,True,False,True,Drugs
"Fresenius USA Manufacturing, Inc.",FRESENIUS MANUFACTURING,1,2013-03-05,2013-03-05,True,False,False,True,Devices
Fresh Farms LLC,FRESH FARMS,1,2022-04-19,2022-04-19,False,True,False,True,Drugs
Froggy's Fog LLC,FROGGY S FOG,1,2022-04-15,2022-04-15,False,True,False,True,Drugs
"Front Door Pharmacy, LLC dba Pure Pharmacy (Pure Pharmaceuticals)",FRONT DOOR PHARMACY PURE PHARMACY PURE PHARMACEUTICALS,1,2020-07-01,2020-07-01,False,True,False,True,Drugs
Front Range Kratom,FRONT RANGE KRATOM,1,2018-05-18,2018-05-18,False,True,False,True,Drugs
Frontida BioPharm Inc,FRONTIDA BIOPHARM,1,2016-08-15,2016-08-15,False,True,False,True,Drugs
Frontier Biologics LLC,FRONTIER BIOLOGICS,1,2024-11-01,2024-11-01,False,False,True,True,Biologics
Frontier Medical Products Inc.,FRONTIER MEDICAL PRODUCTS,1,2010-09-01,2010-09-01,True,False,False,True,Devices
Frozen Wheels LLC,FROZEN WHEELS,1,2021-12-20,2021-12-20,False,True,False,True,Drugs
"Fukuda Denshi Co, Ltd",FUKUDA DENSHI,1,2012-02-21,2012-02-21,True,False,False,True,Devices
Fulijaya Manufacturing SDN. BHD.,FULIJAYA MANUFACTURING SDN BHD,1,2026-01-14,2026-01-14,False,True,False,True,Drugs
"Fuller Industries, Inc",FULLER INDUSTRIES,1,2023-06-29,2023-06-29,False,True,False,True,Drugs
FullerLifeC60 LLC,FULLERLIFEC60,1,2020-03-30,2020-03-30,False,True,False,True,Drugs
"Functional Remedies Synchronicity, LLC",FUNCTIONAL REMEDIES SYNCHRONICITY,1,2022-03-28,2022-03-28,False,True,False,True,Drugs
Furley Bioextracts SDN BHD,FURLEY BIOEXTRACTS SDN BHD,1,2021-09-13,2021-09-13,False,True,False,True,Drugs
Fusion Health and Vitality LLC,FUSION HEALTH AND VITALITY,1,2020-05-11,2020-05-11,False,True,False,True,Drugs
"Fusion IV Pharmaceuticals, Inc. dba Axia Pharmaceutical",FUSION IV PHARMACEUTICALS AXIA PHARMACEUTICAL,1,2018-02-21,2018-02-21,False,True,False,True,Drugs
"Futrex Tech, Inc.",FUTREX TECH,1,2013-02-05,2013-02-05,True,False,False,True,Devices
"G & L Wellness, LLC",G AND L WELLNESS,1,2020-12-22,2020-12-22,False,True,False,True,Drugs
"G3 Medical, Inc. dba G3 Packaging",G3 MEDICAL G3 PACKAGING,1,2009-10-13,2009-10-13,True,False,False,True,Devices
GAELTEC DEVICES LTD,GAELTEC DEVICES,1,2018-07-02,2018-07-02,True,False,False,True,Devices
GAR Laboratories Inc.,GAR LABORATORIES,1,2010-12-06,2010-12-06,False,True,False,True,Drugs
GAZA PROVEEDORA DE SERVICIOS DE HOSPEDAJE Y ALIMENTACION,GAZA PROVEEDORA DE SERVICIOS DE HOSPEDAJE Y ALIMENTACION,1,2021-03-01,2021-03-01,False,True,False,True,Drugs
"GC America, Inc.",GC AMERICA,2,2012-11-21,2026-05-19,True,False,False,True,Devices; Food/Cosmetics
GCP Laboratories,GCP LABORATORIES,1,2009-08-21,2009-08-21,False,True,False,True,Drugs
"GD Designs, Inc.",GD DESIGNS,1,2011-08-12,2011-08-12,True,False,False,True,Devices
"GDMI, Inc",GDMI,1,2009-11-27,2009-11-27,False,True,False,True,Drugs
"GE Labs, LLC",GE LABS,1,2025-12-12,2025-12-12,False,True,False,True,Drugs
GETSCH+HILLER MEDIZINTECHNIK GmbH,GETSCH HILLER MEDIZINTECHNIK,1,2022-12-27,2022-12-27,True,False,False,True,Devices
"GF Health Products, Inc",GF HEALTH PRODUCTS,1,2011-12-08,2011-12-08,True,False,False,True,Devices
"GFA Production Xiamen Co., Ltd.",GFA PRODUCTION XIAMEN,1,2024-06-13,2024-06-13,False,True,False,True,Drugs
GLOBAL DRUG SUPPLY,GLOBAL DRUG SUPPLY,1,2016-12-13,2016-12-13,False,True,False,True,Drugs
GLP-1 Solution,GLP 1 SOLUTION,1,2025-09-09,2025-09-09,False,True,False,True,Drugs
GOJO Industries LLC,GOJO INDUSTRIES,1,2020-01-17,2020-01-17,False,True,False,True,Drugs
GPC Medical Ltd.,GPC MEDICAL,1,2017-10-20,2017-10-20,True,False,False,True,Devices
GPT Pharmaceuticals Private Ltd,GPT PHARMACEUTICALS PRIVATE,1,2019-12-17,2019-12-17,False,True,False,True,Drugs
GRAM Peptides,GRAM PEPTIDES,1,2026-03-31,2026-03-31,False,True,False,True,Drugs
"GRANTECH CO., LTD.",GRANTECH,1,2013-02-15,2013-02-15,True,False,False,True,Devices
GREAT INDIA OVERSEAS PVT LTD,GREAT INDIA OVERSEAS,1,2026-06-17,2026-06-17,False,True,False,True,Drugs
"GRI Medical & Electronic Technology Co., Ltd.",GRI MEDICAL AND ELECTRONIC TECHNOLOGY,1,2013-05-01,2013-05-01,True,False,False,True,Devices
GRUPO YACANA MEXICO SAS DE CV,GRUPO YACANA MEXICO SAS DE CV,1,2021-01-26,2021-01-26,False,True,False,True,Drugs
GRUPO YPENZA DE MEXICO SA DE CV,GRUPO YPENZA DE MEXICO DE CV,1,2023-12-21,2023-12-21,False,True,False,True,Drugs
GS Medical Packaging Inc,GS MEDICAL PACKAGING,1,2013-06-12,2013-06-12,True,False,False,True,Devices
"GSCM Ventures, Inc",GSCM VENTURES,1,2011-04-28,2011-04-28,False,True,False,True,Drugs
GTP International Corp,GTP,1,2023-08-04,2023-08-04,False,True,False,True,Drugs
"GUANGDONG BIOLIGHT MEDITECH CO., LTD",GUANGDONG BIOLIGHT MEDITECH,1,2013-01-02,2013-01-02,True,False,False,True,Devices
GUANGDONG KEMEI PHARMACEUTICAL TECHNOLOGY CO LTD,GUANGDONG KEMEI PHARMACEUTICAL TECHNOLOGY,1,2021-12-14,2021-12-14,False,True,False,True,Drugs
"GVS Filter Technology UK, Ltd.",GVS FILTER TECHNOLOGY UK,1,2015-01-23,2015-01-23,True,False,False,True,Devices
Gadal Laboratories Inc.,GADAL LABORATORIES,1,2023-08-15,2023-08-15,False,True,False,True,Drugs
"Gadget Island, Inc",GADGET ISLAND,1,2023-07-21,2023-07-21,False,True,False,True,Drugs
Gaia Arise Farms Apothecary,GAIA ARISE FARMS APOTHECARY,1,2020-04-13,2020-04-13,False,True,False,True,Drugs
"Gaia's Whole Healing Essentials, LLC",GAIA S WHOLE HEALING ESSENTIALS,2,2020-04-01,2022-02-01,False,True,False,True,Drugs
"Galderma Laboratories, L.P.",GALDERMA LABORATORIES L P,1,2009-08-18,2009-08-18,False,True,False,True,Drugs
"GaleMed Xiamen Co., Ltd.",GALEMED XIAMEN,1,2014-04-30,2014-04-30,True,False,False,True,Devices
Galloway Safety and Supply,GALLOWAY SAFETY AND SUPPLY,1,2009-05-14,2009-05-14,True,False,False,True,Devices
"Galloway Technologies, LLC",GALLOWAY TECHNOLOGIES,1,2011-08-25,2011-08-25,True,False,False,True,Devices
"Galt Pharmaceuticals, LLC",GALT PHARMACEUTICALS,1,2019-09-13,2019-09-13,False,True,False,True,Drugs
Galyna / Ivan Podornikova,GALYNA IVAN PODORNIKOVA,1,2011-09-27,2011-09-27,False,True,False,True,Drugs
Gambro Dasco SPA Monitors Division,GAMBRO DASCO MONITORS DIVISION,1,2009-07-02,2009-07-02,True,False,False,True,Devices
Gambro Dialysatoren GmbH,GAMBRO DIALYSATOREN,1,2009-09-04,2009-09-04,True,False,False,True,Devices
Gambro Renal Products S.A. de C.V.,GAMBRO RENAL PRODUCTS S A DE C V,1,2009-07-02,2009-07-02,True,False,False,True,Devices
Gamucci,GAMUCCI,1,2010-09-08,2010-09-08,False,True,False,True,Drugs
Gasco Industrial Corp.,GASCO INDUSTRIAL,2,2016-02-11,2023-02-17,False,True,False,True,Drugs; Food/Cosmetics
Gaven Medical,GAVEN MEDICAL,1,2009-06-26,2009-06-26,True,False,False,True,Devices
GenPak Solutions LLC,GENPAK SOLUTIONS,1,2016-07-12,2016-07-12,False,True,False,True,Drugs
GenderBender LLC,GENDERBENDER,1,2025-12-16,2025-12-16,True,False,False,True,Devices
General Devices Llc,GENERAL DEVICES,1,2016-06-01,2016-06-01,True,False,False,True,Devices
General Project s.r.l.,GENERAL PROJECT S R L,1,2011-05-16,2011-05-16,True,False,False,True,Devices
"Generic Medical Devices, Inc.",GENERIC MEDICAL DEVICES,2,2011-04-28,2012-08-15,True,False,False,True,Devices
Generitech Corporation,GENERITECH,1,2022-03-03,2022-03-03,False,True,False,True,Drugs
Genesis 2 Church,GENESIS 2 CHURCH,1,2020-04-08,2020-04-08,False,True,False,True,Drugs
"Genesis BPS, LLC.",GENESIS BPS,1,2013-06-12,2013-06-12,True,False,False,True,Devices
"Genesis Biosystems, Inc",GENESIS BIOSYSTEMS,1,2015-09-21,2015-09-21,True,False,False,True,Devices
Genesis Partnership Company SA,GENESIS PARTNERSHIP,1,2021-12-29,2021-12-29,False,True,False,True,Drugs
Genetech Inc,GENETECH,1,2018-12-18,2018-12-18,False,False,True,True,Biologics
Genetics & IVF Institute IRB,GENETICS AND IVF INSTITUTE IRB,1,2009-12-23,2009-12-23,True,False,False,True,Devices
Genetrace,GENETRACE,1,2026-01-08,2026-01-08,False,False,True,True,Biologics
Genlabmeds,GENLABMEDS,1,2025-09-09,2025-09-09,False,True,False,True,Drugs
Genlabs Corporation,GENLABS,1,2022-05-12,2022-05-12,False,True,False,True,Drugs
GenoGenix LLC,GENOGENIX,1,2026-01-20,2026-01-20,False,True,False,True,Drugs
Genomma Lab Usa Inc,GENOMMA LAB,1,2022-04-13,2022-04-13,False,True,False,True,Drugs
Genovate,GENOVATE,1,2026-01-08,2026-01-08,False,False,True,True,Biologics
"Gentell, Inc",GENTELL,1,2015-10-05,2015-10-05,True,False,False,True,Devices
"Gentherm Medical, LLC",GENTHERM MEDICAL,1,2010-07-13,2010-07-13,True,False,False,True,Devices
Genuine Virgin Aloe Corp,GENUINE VIRGIN ALOE,1,2024-07-01,2024-07-01,False,True,False,True,Drugs
Genus Lifesciences Inc.,GENUS LIFESCIENCES,3,2009-03-30,2011-07-15,False,True,False,True,Drugs
Genus Medical Technologies,GENUS MEDICAL TECHNOLOGIES,1,2017-05-02,2017-05-02,False,True,False,True,Drugs
Genzyme Ireland Limited,GENZYME IRELAND,1,2026-06-22,2026-06-22,False,False,True,True,Biologics
"George C. Velmahos, M.D., Ph.D",GEORGE C VELMAHOS M D PH D,1,2013-11-29,2013-11-29,False,False,True,True,Biologics
"George J. Brewer, M.D.",GEORGE J BREWER M D,1,2009-01-14,2009-01-14,False,True,False,True,Drugs
Germaphobix,GERMAPHOBIX,1,2026-01-09,2026-01-09,False,False,True,True,Biologics
Geromatrix Nutraceutical Corporation,GEROMATRIX NUTRACEUTICAL,1,2009-08-18,2009-08-18,False,True,False,True,Drugs
Get Fit Medical,GET FIT MEDICAL,1,2025-09-09,2025-09-09,False,True,False,True,Drugs
Gexfix SA,GEXFIX,1,2013-05-15,2013-05-15,True,False,False,True,Devices
"Gibson Laboratories, LLC",GIBSON LABORATORIES,1,2009-11-03,2009-11-03,True,False,False,True,Devices
Gipsco Investment Corp,GIPSCO INVESTMENT,1,2018-07-10,2018-07-10,False,True,False,True,Drugs
Gland Chemicals Private Limited,GLAND CHEMICALS PRIVATE,2,2013-05-28,2019-03-04,False,True,False,True,Drugs
Glenmark Pharmaceuticals Inc USA,GLENMARK PHARMACEUTICALS,1,2023-06-20,2023-06-20,False,True,False,True,Drugs
"Glenmark Pharmaceuticals Inc., USA",GLENMARK PHARMACEUTICALS,3,2009-03-30,2010-03-16,False,True,False,True,Drugs
Glenmark Pharmaceuticals Limited,GLENMARK PHARMACEUTICALS,3,2019-10-03,2025-07-11,False,True,False,True,Drugs
"Glicerinas Industriales, S.A de C.V",GLICERINAS INDUSTRIALES S A DE C V,2,2022-06-14,2024-01-16,False,True,False,True,Drugs
Glint Cosmetics Private Ltd,GLINT COSMETICS PRIVATE,1,2019-05-31,2019-05-31,False,True,False,True,Drugs
Global Calcium Pvt. Limited,GLOBAL CALCIUM,1,2025-01-16,2025-01-16,False,True,False,True,Drugs
Global Cosmetics (China) Company Limited,GLOBAL COSMETICS CHINA,1,2024-04-30,2024-04-30,False,True,False,True,Drugs
Global Life Technologies Corporation,GLOBAL LIFE TECHNOLOGIES,2,2009-05-22,2024-02-06,False,True,False,True,Drugs
Global Medical Production Co Ltd,GLOBAL MEDICAL PRODUCTION,2,2015-08-28,2021-11-15,True,False,False,True,Devices
Global Medical Technology SL,GLOBAL MEDICAL TECHNOLOGY SL,1,2019-12-20,2019-12-20,True,False,False,True,Devices
Global Pharma Healthcare Private Limited,GLOBAL PHARMA HEALTHCARE PRIVATE,1,2023-10-19,2023-10-19,False,True,False,True,Drugs
Global Sanitizers LLC,GLOBAL SANITIZERS,1,2021-11-08,2021-11-08,False,True,False,True,Drugs
Global Treat Srl,GLOBAL TREAT,1,2020-03-31,2020-03-31,False,True,False,True,Drugs
"Globe All Wellness, LLC",GLOBE ALL WELLNESS,1,2012-02-06,2012-02-06,False,True,False,True,Drugs
Glottal Enterprises Inc.,GLOTTAL ENTERPRISES,1,2013-04-23,2013-04-23,True,False,False,True,Devices
GlutaGenic,GLUTAGENIC,1,2020-05-06,2020-05-06,False,True,False,True,Drugs
"Go Medical Industries Pty., Ltd.",GO MEDICAL INDUSTRIES PTY,1,2011-12-23,2011-12-23,True,False,False,True,Devices
Gold Standard Diagnostics,GOLD STANDARD DIAGNOSTICS,1,2014-04-25,2014-04-25,True,False,False,True,Devices
Golden State Medical Supply Inc.,GOLDEN STATE MEDICAL SUPPLY,1,2011-04-26,2011-04-26,False,True,False,True,Drugs
Golean Detox US,GOLEAN DETOX,1,2019-04-29,2019-04-29,False,True,False,True,Drugs
Good Girl LLC,GOOD GIRL,1,2026-02-20,2026-02-20,False,True,False,True,Drugs
Gooten Innolife Corp,GOOTEN INNOLIFE,1,2012-07-16,2012-07-16,True,False,False,True,Devices
Gopaldas Visram & Company Ltd.,GOPALDAS VISRAM AND,1,2026-06-02,2026-06-02,False,True,False,True,Drugs
Goran Pharma Private Ltd,GORAN PHARMA PRIVATE,1,2018-04-24,2018-04-24,False,True,False,True,Drugs
Gordon Laboratories Inc,GORDON LABORATORIES,1,2022-08-17,2022-08-17,False,True,False,True,Drugs
"Gordon, Mark, M.D.",GORDON MARK M D,1,2009-06-26,2009-06-26,False,True,False,True,Drugs
"Gottfried Medical, Inc.",GOTTFRIED MEDICAL,1,2015-04-27,2015-04-27,True,False,False,True,Devices
Grace Analytical Lab Inc,GRACE ANALYTICAL LAB,1,2019-11-19,2019-11-19,False,True,False,True,Drugs
Graftys,GRAFTYS,1,2013-07-02,2013-07-02,True,False,False,True,Devices
Gramercy Fertility Services,GRAMERCY FERTILITY SERVICES,1,2012-05-18,2012-05-18,False,False,True,True,Biologics
Grams Medical Inc.,GRAMS MEDICAL,1,2016-03-17,2016-03-17,True,False,False,True,Devices
"Grandpa's Compounding Pharmacy, Inc.",GRANDPA S COMPOUNDING PHARMACY,1,2014-05-02,2014-05-02,False,True,False,True,Drugs
"Greco Gas, Inc.",GRECO GAS,1,2024-08-12,2024-08-12,False,True,False,True,Drugs
Green Hills Health and Wellness Pharmacy Inc,GREEN HILLS HEALTH AND WELLNESS PHARMACY,1,2015-06-04,2015-06-04,False,True,False,True,Drugs
"Green Pharmaceutical Co., Ltd.",GREEN PHARMACEUTICAL,1,2023-08-23,2023-08-23,False,True,False,True,Drugs
"Green Pharmaceuticals, Inc.",GREEN PHARMACEUTICALS,1,2022-12-16,2022-12-16,False,True,False,True,Drugs
Green Planet Inc,GREEN PLANET,1,2013-12-05,2013-12-05,False,True,False,True,Drugs
Green Valley Fertility Partners,GREEN VALLEY FERTILITY PARTNERS,1,2025-12-03,2025-12-03,False,False,True,True,Biologics
Green Vitality,GREEN VITALITY,1,2025-08-25,2025-08-25,False,True,False,True,Drugs
"Greenbrier International, Inc",GREENBRIER,1,2019-11-07,2019-11-07,False,True,False,True,Drugs
Greenway Herbal Products LLC,GREENWAY HERBAL PRODUCTS,1,2022-03-28,2022-03-28,False,True,False,True,Drugs
"Greer Laboratories, Inc.",GREER LABORATORIES,1,2014-04-21,2014-04-21,False,False,True,True,Biologics
"Gregory J. Tracey, M.D.",GREGORY J TRACEY M D,1,2015-10-06,2015-10-06,False,True,False,True,Drugs
Gregory Pharmaceutical Holdings Inc.,GREGORY PHARMACEUTICAL,1,2009-10-08,2009-10-08,False,True,False,True,Drugs
Greiner Bio One Brasil Produtos Medicos Hospitalares Ltda.,GREINER BIO ONE BRASIL PRODUTOS MEDICOS HOSPITALARES LTDA,1,2014-08-08,2014-08-08,True,False,False,True,Devices
"Greiner Bio-One North America, Inc.",GREINER BIO ONE NORTH AMERICA,1,2020-04-16,2020-04-16,True,False,False,True,Devices
"Gresco Products, Inc.",GRESCO PRODUCTS,1,2011-12-06,2011-12-06,True,False,False,True,Devices
Griffo Botanicals,GRIFFO BOTANICALS,1,2020-10-07,2020-10-07,False,True,False,True,Drugs
"Grimann, S.A. de C.V.",GRIMANN S A DE C V,1,2022-05-23,2022-05-23,False,True,False,True,Drugs
Grimm Scientific Industries,GRIMM SCIENTIFIC INDUSTRIES,1,2012-06-19,2012-06-19,True,False,False,True,Devices
Grupo Asimex de Mexico SA de CV,GRUPO ASIMEX DE MEXICO DE CV,1,2020-11-06,2020-11-06,False,True,False,True,Drugs
"Grupo Insoma, S.A.P.I de CV",GRUPO INSOMA S A P I DE CV,1,2020-10-23,2020-10-23,False,True,False,True,Drugs
"Grupo Plast-Y-Kosas, SA de CV",GRUPO PLAST Y KOSAS DE CV,1,2021-01-25,2021-01-25,False,True,False,True,Drugs
Grupo Quimico SRL,GRUPO QUIMICO,1,2024-04-30,2024-04-30,False,True,False,True,Drugs
"Guangdong Baihe Medical Technology Co., Ltd",GUANGDONG BAIHE MEDICAL TECHNOLOGY,1,2012-06-27,2012-06-27,True,False,False,True,Devices
"Guangdong Renhe Guozhuang Biotechnology Co., Ltd.",GUANGDONG RENHE GUOZHUANG BIOTECHNOLOGY,1,2025-12-16,2025-12-16,False,True,False,True,Drugs
"Guangdong Zhanjiang Jimin Pharmaceutical Co., Ltd.",GUANGDONG ZHANJIANG JIMIN PHARMACEUTICAL,1,2017-10-30,2017-10-30,False,True,False,True,Drugs
"Guangxi Nanning Zhenpeng Biotechnology Co., Ltd",GUANGXI NANNING ZHENPENG BIOTECHNOLOGY,1,2025-01-16,2025-01-16,False,True,False,True,Drugs
Guangxi Yulin Pharmaceutical Group Co. Ltd.,GUANGXI YULIN PHARMACEUTICAL,1,2025-09-30,2025-09-30,False,True,False,True,Drugs
Guangzhou Baiyunshan Jingxiutang Pharmaceutical Co. Ltd.,GUANGZHOU BAIYUNSHAN JINGXIUTANG PHARMACEUTICAL,1,2024-08-01,2024-08-01,False,True,False,True,Drugs
"Guangzhou Baiyunshan Pharmaceutical Co., Ltd.",GUANGZHOU BAIYUNSHAN PHARMACEUTICAL,1,2017-11-01,2017-11-01,False,True,False,True,Drugs
"Guangzhou Baiyunshan Zhongyi Pharmaceutical Co.,Ltd.",GUANGZHOU BAIYUNSHAN ZHONGYI PHARMACEUTICAL,1,2021-10-14,2021-10-14,False,True,False,True,Drugs
"Guangzhou Four E's Scientific Co., Ltd",GUANGZHOU FOUR E S SCIENTIFIC,1,2024-12-03,2024-12-03,False,True,False,True,Drugs
"Guangzhou Haishi Biological Technology Co., Ltd.",GUANGZHOU HAISHI BIOLOGICAL TECHNOLOGY,1,2016-06-22,2016-06-22,False,True,False,True,Drugs
"Guangzhou Huli Technology Co., Ltd.",GUANGZHOU HULI TECHNOLOGY,1,2026-03-31,2026-03-31,False,True,False,True,Drugs
"Guangzhou Minghui Cosmetics Co., Ltd.",GUANGZHOU MINGHUI COSMETICS,1,2021-07-06,2021-07-06,False,True,False,True,Drugs
"Guangzhou Orchard Aromatherapy & Skin Care Co., Ltd.",GUANGZHOU ORCHARD AROMATHERAPY AND SKIN CARE,1,2022-07-21,2022-07-21,False,True,False,True,Drugs
"Guangzhou Shiruoni Cosmetics Co., Ltd",GUANGZHOU SHIRUONI COSMETICS,1,2021-12-07,2021-12-07,False,True,False,True,Drugs
"Guangzhou Tinci Materials Technology Co., Ltd.",GUANGZHOU TINCI MATERIALS TECHNOLOGY,1,2020-01-23,2020-01-23,False,True,False,True,Drugs
"Guangzhou Youxing Cosmetic Co., Ltd",GUANGZHOU YOUXING COSMETIC,1,2021-09-30,2021-09-30,False,True,False,True,Drugs
"Guangzhou Zhongkebaishi Health Industry Co., Ltd.",GUANGZHOU ZHONGKEBAISHI HEALTH INDUSTRY,1,2022-04-19,2022-04-19,False,True,False,True,Drugs
"Guangzhou Zuofun Cosmetics Co., Ltd",GUANGZHOU ZUOFUN COSMETICS,1,2024-06-13,2024-06-13,False,True,False,True,Drugs
"Guidewire Technologies, Inc.",GUIDEWIRE TECHNOLOGIES,1,2010-02-26,2010-02-26,True,False,False,True,Devices
"Guilin Zizhu Latex Co., Ltd",GUILIN ZIZHU LATEX,1,2015-08-14,2015-08-14,True,False,False,True,Devices
"Gulf Fiberoptics, Inc.",GULF FIBEROPTICS,1,2011-07-28,2011-07-28,True,False,False,True,Devices
Gulf Pharmaceutical Industries - Julphar,GULF PHARMACEUTICAL INDUSTRIES JULPHAR,1,2012-02-23,2012-02-23,False,True,False,True,Drugs
Gulf States International Inc,GULF STATES,1,2023-09-12,2023-09-12,False,True,False,True,Drugs
Gulsah Uretim Kozmetik Sanayi Anonim Sirketi,GULSAH URETIM KOZMETIK SANAYI ANONIM SIRKETI,1,2021-05-13,2021-05-13,False,True,False,True,Drugs
Guna Inc.,GUNA,1,2018-01-11,2018-01-11,False,True,False,True,Drugs
Gunnell Llc,GUNNELL,1,2010-11-09,2010-11-09,True,False,False,True,Devices
Gurunanda LLC,GURUNANDA,1,2020-03-06,2020-03-06,False,True,False,True,Drugs
Gussyup LLC,GUSSYUP,1,2025-07-09,2025-07-09,False,True,False,True,Drugs
Gyrus Medical Ltd.,GYRUS MEDICAL,1,2011-01-10,2011-01-10,True,False,False,True,Devices
"H & A Mui Enterprises, Inc.",H AND A MUI ENTERPRISES,1,2011-11-22,2011-11-22,True,False,False,True,Devices
H & H Medical,H AND H MEDICAL,1,2012-04-30,2012-04-30,True,False,False,True,Devices
"H & H Wholesale Services, Inc.",H AND H WHOLESALE SERVICES,1,2012-03-27,2012-03-27,True,False,False,True,Devices
"H & P Industries, Inc.",H AND P INDUSTRIES,1,2009-06-24,2009-06-24,False,True,False,True,Drugs
H & S GMP Factory,H AND S GMP FACTORY,1,2011-07-14,2011-07-14,False,True,False,True,Drugs
H-Lab Life,H LAB LIFE,1,2020-08-07,2020-08-07,False,True,False,True,Drugs
HADASSAH HEALING O,HADASSAH HEALING O,1,2026-06-17,2026-06-17,False,True,False,True,Drugs
HALODERM INC,HALODERM,1,2020-10-06,2020-10-06,False,True,False,True,Drugs
HANDELNINE GLOBAL LLC,HANDELNINE GLOBAL,1,2025-11-17,2025-11-17,False,True,False,True,Drugs
HANDELNINE GLOBAL LLP,HANDELNINE GLOBAL,1,2025-11-17,2025-11-17,False,True,False,True,Drugs
"HANDSOME INDUSTRIAL (H.K.) CO., LTD",HANDSOME INDUSTRIAL H K,1,2014-08-04,2014-08-04,True,False,False,True,Devices
HARDCORE FORMULATIONS,HARDCORE FORMULATIONS,1,2017-06-05,2017-06-05,False,True,False,True,Drugs
HARMONIC NATURE S DE RL MI,HARMONIC NATURE S DE RL MI,1,2020-11-16,2020-11-16,False,True,False,True,Drugs
"HCG Diet Direct, LLC",HCG DIET DIRECT,1,2011-11-28,2011-11-28,False,True,False,True,Drugs
HEALTHIUM MEDTECH LIMITED,HEALTHIUM MEDTECH,1,2010-09-03,2010-09-03,True,False,False,True,Devices
HERBAL DERMALS LTD,HERBAL DERMALS,1,2026-06-17,2026-06-17,False,True,False,True,Drugs
HHCS Pharmacy Inc.,HHCS PHARMACY,1,2015-05-14,2015-05-14,False,True,False,True,Drugs
HIMS INC,HIMS,2,2025-09-09,2025-09-09,False,True,False,True,Drugs
HIS ENTERPRISE INC,HIS ENTERPRISE,1,2023-01-10,2023-01-10,False,True,False,True,Drugs
HLS International Sdn. Bhd.,HLS SDN BHD,1,2013-07-15,2013-07-15,False,True,False,True,Drugs
HMD Biomedical Inc.,HMD BIOMEDICAL,1,2016-08-31,2016-08-31,True,False,False,True,Devices
HNC Products Inc.,HNC PRODUCTS,1,2020-09-10,2020-09-10,False,True,False,True,Drugs
HORIZON TOOL INC,HORIZON TOOL,1,2025-06-06,2025-06-06,False,True,False,True,Drugs
HOYA Corporation PENTAX Miyagi Factory,HOYA PENTAX MIYAGI FACTORY,1,2015-08-12,2015-08-12,True,False,False,True,Devices
HTO Nevada Inc. dba Kirkman,HTO NEVADA KIRKMAN,2,2016-01-13,2026-01-27,False,True,False,True,Drugs
HUBEI HONGKANG PROTECTIVE PRODUCTS CO,HUBEI HONGKANG PROTECTIVE PRODUCTS,1,2016-09-15,2016-09-15,True,False,False,True,Devices
HUMAN SCIENCE FOUNDATION,HUMAN SCIENCE FOUNDATION,1,2014-08-18,2014-08-18,False,True,False,True,Drugs
HYALURON PEN STORE LLC,HYALURON PEN STORE,1,2025-03-03,2025-03-03,False,True,False,True,Drugs
Haemoscope Division of Haemonetics Corp,HAEMOSCOPE DIVISION OF HAEMONETICS,1,2008-12-04,2008-12-04,True,False,False,True,Devices
"Hair Labs International, Inc.",HAIR LABS,1,2013-08-09,2013-08-09,True,False,False,True,Devices
Halodine LLC,HALODINE,1,2021-07-07,2021-07-07,False,True,False,True,Drugs
"Halodine, LLC",HALODINE,1,2021-07-07,2021-07-07,False,True,False,True,Drugs
Halosense Inc.,HALOSENSE,1,2020-03-30,2020-03-30,False,True,False,True,Drugs
Hammill Manufacturing Company,HAMMILL MANUFACTURING,1,2009-01-06,2009-01-06,True,False,False,True,Devices
"Han C. Phan, M.D.",HAN C PHAN M D,1,2024-11-27,2024-11-27,False,True,False,True,Drugs
"HanChuan FuMo Plastics Co., Ltd.",HANCHUAN FUMO PLASTICS,1,2015-05-13,2015-05-13,True,False,False,True,Devices
"Hanbul Cosmetics Co., Ltd",HANBUL COSMETICS,1,2018-03-29,2018-03-29,False,True,False,True,Drugs
"Hand Biomechanics Lab, Inc.",HAND BIOMECHANICS LAB,1,2017-11-16,2017-11-16,True,False,False,True,Devices
"Handock Cosmetics Co., Ltd.",HANDOCK COSMETICS,1,2023-10-04,2023-10-04,False,True,False,True,Drugs
Hangzhou Badi Daily Use Chemical Company,HANGZHOU BADI DAILY USE CHEMICAL,1,2019-08-29,2019-08-29,False,True,False,True,Drugs
"Hangzhou Facecare Cosmetics Co., Ltd.",HANGZHOU FACECARE COSMETICS,1,2017-11-17,2017-11-17,False,True,False,True,Drugs
"Hangzhou Glamcos Biotech Co., Ltd.",HANGZHOU GLAMCOS BIOTECH,1,2024-10-07,2024-10-07,False,True,False,True,Drugs
"Hangzhou Guoguang Touring Commodity Co.,Ltd.",HANGZHOU GUOGUANG TOURING COMMODITY,1,2018-12-14,2018-12-14,False,True,False,True,Drugs
"Hangzhou Huiji Biotechnology Co., Ltd.",HANGZHOU HUIJI BIOTECHNOLOGY,1,2024-11-18,2024-11-18,False,True,False,True,Drugs
"Hangzhou Jinlin Medical Appliances Co., Ltd.",HANGZHOU JINLIN MEDICAL APPLIANCES,1,2012-12-13,2012-12-13,True,False,False,True,Devices
"Hangzhou Karic Commodities Co., Ltd.",HANGZHOU KARIC COMMODITIES,1,2018-07-31,2018-07-31,False,True,False,True,Drugs
"Hangzhou Linkeweier Daily Chemicals Co., Ltd.",HANGZHOU LINKEWEIER DAILY CHEMICALS,1,2020-03-13,2020-03-13,False,True,False,True,Drugs
"Hangzhou SunKing Nonwovens Co., Ltd.",HANGZHOU SUNKING NONWOVENS,1,2019-01-29,2019-01-29,False,True,False,True,Drugs
"Hangzhou Yiqi Biotechnology Co., Ltd",HANGZHOU YIQI BIOTECHNOLOGY,1,2026-04-15,2026-04-15,False,True,False,True,Drugs
"Hangzhou Zhongbo Industrial Co., Ltd.",HANGZHOU ZHONGBO INDUSTRIAL,1,2018-11-27,2018-11-27,False,True,False,True,Drugs
Hanlim Pharm Co. Ltd.,HANLIM PHARM,1,2018-10-03,2018-10-03,False,True,False,True,Drugs
"Happiest Baby, Inc",HAPPIEST BABY,1,2026-06-15,2026-06-15,True,False,False,True,Devices
"Harbin Jixianglong Biotech Co., Ltd.",HARBIN JIXIANGLONG BIOTECH,1,2026-05-01,2026-05-01,False,True,False,True,Drugs
Hard Steel,HARD STEEL,1,2024-09-26,2024-09-26,False,True,False,True,Drugs
Hardcore Formalations,HARDCORE FORMALATIONS,1,2017-06-05,2017-06-05,False,True,False,True,Drugs
Harmony Cone,HARMONY CONE,1,2010-02-17,2010-02-17,True,False,False,True,Devices
Harper Meds,HARPER MEDS,1,2026-06-08,2026-06-08,False,True,False,True,Drugs
"Harris, Barbara A",HARRIS BARBARA A,1,2009-07-27,2009-07-27,False,True,False,True,Drugs
"Hartley Medical Center Pharmacy, Incorporated",HARTLEY MEDICAL CENTER PHARMACY,1,2016-04-21,2016-04-21,False,True,False,True,Drugs
Haw Par Healthcare Limited,HAW PAR HEALTHCARE,2,2010-07-20,2019-08-19,False,True,False,True,Drugs
Hawaii Health Systems Corporation dba Kona Community Hospital Pharmacy,HAWAII HEALTH SYSTEMS KONA COMMUNITY HOSPITAL PHARMACY,1,2021-02-02,2021-02-02,False,True,False,True,Drugs
"Hawk Dok Natural Salve, LLC",HAWK DOK NATURAL SALVE,1,2017-04-17,2017-04-17,False,True,False,True,Drugs
Hawkeye Jensen Inc,HAWKEYE JENSEN,1,2011-02-08,2011-02-08,False,True,False,True,Drugs
Hcg-miracleweightloss.com,HCG MIRACLEWEIGHTLOSS COM,1,2011-11-28,2011-11-28,False,True,False,True,Drugs
He Gao Plastic Factory,HE GAO PLASTIC FACTORY,1,2012-03-20,2012-03-20,True,False,False,True,Devices
HealBerry,HEALBERRY,1,2025-09-09,2025-09-09,False,True,False,True,Drugs
"Healex Products, Inc.",HEALEX PRODUCTS,1,2010-08-19,2010-08-19,True,False,False,True,Devices
Healgen Scientific LLC,HEALGEN SCIENTIFIC,1,2009-07-30,2009-07-30,True,False,False,True,Devices
"Healing Dives, Inc.",HEALING DIVES,1,2013-08-08,2013-08-08,True,False,False,True,Devices
"Healing Within Products & Services, Inc.",HEALING WITHIN PRODUCTS AND SERVICES,1,2017-04-17,2017-04-17,False,True,False,True,Drugs
Health & Beauty Group Inc.,HEALTH AND BEAUTY,1,2012-10-24,2012-10-24,False,True,False,True,Drugs
Health And Natural Beauty USA Corp,HEALTH AND NATURAL BEAUTY,1,2025-07-28,2025-07-28,False,True,False,True,Drugs
Health Beauty Love,HEALTH BEAUTY LOVE,1,2020-07-10,2020-07-10,False,True,False,True,Drugs
Health Care Products,HEALTH CARE PRODUCTS,1,2013-07-15,2013-07-15,False,True,False,True,Drugs
"Health Innovations Pharmacy, Inc",HEALTH INNOVATIONS PHARMACY,1,2016-07-08,2016-07-08,False,True,False,True,Drugs
Health Mastery Systems DBA Pure Plant Essentials,HEALTH MASTERY SYSTEMS PURE PLANT ESSENTIALS,1,2020-04-01,2020-04-01,False,True,False,True,Drugs
Health Partners Neuroscience Center Research and Innovation,HEALTH PARTNERS NEUROSCIENCE CENTER RESEARCH AND INNOVATION,1,2026-05-19,2026-05-19,False,True,False,True,Drugs
Health Pharma USA LLC,HEALTH PHARMA,1,2019-12-18,2019-12-18,False,True,False,True,Drugs
Health Plus Incorporated,HEALTH PLUS,1,2021-12-29,2021-12-29,False,True,False,True,Drugs
Health Robotics Srl,HEALTH ROBOTICS,1,2011-03-14,2011-03-14,True,False,False,True,Devices
Health Science Products Inc,HEALTH SCIENCE PRODUCTS,2,2012-01-12,2014-08-27,True,False,False,True,Devices
Health Specialty,HEALTH SPECIALTY,1,2024-04-15,2024-04-15,False,True,False,True,Drugs
"Health, Wealth, & Happiness",HEALTH WEALTH AND HAPPINESS,1,2010-02-17,2010-02-17,True,False,False,True,Devices
"Health-Mor, Inc",HEALTH MOR,1,2010-02-23,2010-02-23,True,False,False,True,Devices
HealthMEDS INC,HEALTHMEDS,1,2021-09-29,2021-09-29,False,True,False,True,Drugs
Healthon Inc.,HEALTHON,1,2025-09-09,2025-09-09,False,True,False,True,Drugs
"Healthy Body Forero, Inc.",HEALTHY BODY FORERO,1,2010-03-15,2010-03-15,False,True,False,True,Drugs
Healthy Choice Compounding LLC,HEALTHY CHOICE COMPOUNDING,1,2018-05-31,2018-05-31,False,True,False,True,Drugs
Healthy Foods & Nutrition Lab de Mexico S.A. de C.V.,HEALTHY FOODS AND NUTRITION LAB DE MEXICO S A DE C V,1,2021-09-29,2021-09-29,False,True,False,True,Drugs
Healthy Male,HEALTHY MALE,1,2025-09-09,2025-09-09,False,True,False,True,Drugs
Healthy People Co,HEALTHY PEOPLE,1,2012-09-28,2012-09-28,False,True,False,True,Drugs
HealthyHempOil.com,HEALTHYHEMPOIL COM,1,2016-02-04,2016-02-04,False,True,False,True,Drugs
Healwell Homeo Private Limited,HEALWELL HOMEO PRIVATE,1,2025-06-12,2025-06-12,False,True,False,True,Drugs
Heartland Laboratory and Andrology Services,HEARTLAND LABORATORY AND ANDROLOGY SERVICES,1,2008-10-09,2008-10-09,False,False,True,True,Biologics
Heartsine Technologies Inc,HEARTSINE TECHNOLOGIES,2,2009-12-10,2014-02-03,True,False,False,True,Devices
"Heartway Medical Products Co., Ltd.",HEARTWAY MEDICAL PRODUCTS,1,2012-03-07,2012-03-07,True,False,False,True,Devices
Heaven's Organics LLC,HEAVEN S ORGANICS,1,2022-03-28,2022-03-28,False,True,False,True,Drugs
"Hebei Pukang Medical Instruments Co., Ltd.",HEBEI PUKANG MEDICAL INSTRUMENTS,1,2017-03-29,2017-03-29,True,False,False,True,Devices
"Helen K. Wu, M.D.",HELEN K WU M D,1,2010-02-12,2010-02-12,True,False,False,True,Devices
"Helica Instruments, Ltd.",HELICA INSTRUMENTS,1,2016-05-13,2016-05-13,True,False,False,True,Devices
"Hello Cake, Inc.",HELLO CAKE,1,2025-09-09,2025-09-09,False,True,False,True,Drugs
Hemarus LLC,HEMARUS,1,2024-10-08,2024-10-08,False,False,True,True,Biologics
Hemofarm AD Vrsac,HEMOFARM AD VRSAC,1,2012-06-20,2012-06-20,False,True,False,True,Drugs
Hemp Oil Care,HEMP OIL CARE,1,2015-02-26,2015-02-26,False,True,False,True,Drugs
Henan Kangdi Medical Devices Co. Ltd,HENAN KANGDI MEDICAL DEVICES,1,2019-12-03,2019-12-03,False,True,False,True,Drugs
"Henan Lihua Pharmaceutical Co., Ltd.",HENAN LIHUA PHARMACEUTICAL,1,2018-06-12,2018-06-12,False,True,False,True,Drugs
"Henan Lvyuan Pharmaceutical Co., Ltd.",HENAN LVYUAN PHARMACEUTICAL,1,2026-03-26,2026-03-26,False,True,False,True,Drugs
"Henry A Frazer, Pharm D, Clinical Investigator",HENRY A FRAZER PHARM D CLINICAL INVESTIGATOR,1,2013-06-05,2013-06-05,False,True,False,True,Drugs
Heraeus Kulzer GmbH,HERAEUS KULZER,1,2011-06-16,2011-06-16,True,False,False,True,Devices
Herbal Dermals LLC FZ,HERBAL DERMALS FZ,1,2026-06-17,2026-06-17,False,True,False,True,Drugs
Herbal Doctor Remedies,HERBAL DOCTOR REMEDIES,2,2017-05-25,2019-10-04,False,True,False,True,Drugs
Herbs of Kedem,HERBS OF KEDEM,1,2020-04-10,2020-04-10,False,True,False,True,Drugs
"Herbs, Heirlooms and Homebrew, too",HERBS HEIRLOOMS AND HOMEBREW TOO,1,2010-02-17,2010-02-17,True,False,False,True,Devices
Herbsens Botanicals,HERBSENS BOTANICALS,1,2022-06-30,2022-06-30,False,True,False,True,Drugs
Heritage Pharmaceuticals Inc,HERITAGE PHARMACEUTICALS,1,2015-11-05,2015-11-05,False,True,False,True,Drugs
"Herman A. Jenkins, MD",HERMAN A JENKINS MD,1,2010-08-16,2010-08-16,True,False,False,True,Devices
Herniamesh S.r.l,HERNIAMESH S R L,1,2015-11-23,2015-11-23,True,False,False,True,Devices
Hetero Labs Limited (Unit V),HETERO LABS UNIT V,1,2017-08-15,2017-08-15,False,True,False,True,Drugs
Hevert Pharmaceuticals LLC USA,HEVERT PHARMACEUTICALS,1,2020-06-11,2020-06-11,False,True,False,True,Drugs
"High Chemical Company, Div of National Generic Distributors",HIGH CHEMICAL DIV OF NATIONAL GENERIC DISTRIBUTORS,1,2019-07-02,2019-07-02,False,True,False,True,Drugs
High Spot Health Technology Co. Ltd.,HIGH SPOT HEALTH TECHNOLOGY,1,2015-08-25,2015-08-25,True,False,False,True,Devices
"Higley Industries, Inc.",HIGLEY INDUSTRIES,1,2024-02-22,2024-02-22,False,True,False,True,Drugs
"Hijazi, Saad, M.D.",HIJAZI SAAD M D,1,2009-05-19,2009-05-19,False,True,False,True,Drugs
Hikal Limited,HIKAL,1,2025-08-20,2025-08-20,False,True,False,True,Drugs
"Hikma Farmaceutica, (Portugal) S.A.",HIKMA FARMACEUTICA PORTUGAL S A,1,2014-10-21,2014-10-21,False,True,False,True,Drugs
Hikma Pharmaceuticals USA INC.,HIKMA PHARMACEUTICALS,2,2009-03-30,2009-03-30,False,True,False,True,Drugs
"Hikma Pharmaceuticals USA, Inc.",HIKMA PHARMACEUTICALS,1,2012-02-06,2012-02-06,False,True,False,True,Drugs
"Hill Dermaceuticals, Inc.",HILL DERMACEUTICALS,3,2009-04-27,2010-12-03,False,True,False,True,Drugs
Hindustan Syringes & Medical Devices Ltd.,HINDUSTAN SYRINGES AND MEDICAL DEVICES,1,2016-05-13,2016-05-13,True,False,False,True,Devices
Hiossen Inc.,HIOSSEN,1,2012-10-05,2012-10-05,True,False,False,True,Devices
His Sales,HIS SALES,1,2023-01-10,2023-01-10,False,True,False,True,Drugs
Holistic Healing Devices,HOLISTIC HEALING DEVICES,1,2010-01-11,2010-01-11,True,False,False,True,Devices
Holistic Health International,HOLISTIC HEALTH,1,2020-07-24,2020-07-24,True,False,False,True,Devices
"Home Care Pharmacy of Palm Coast, Inc.",HOME CARE PHARMACY OF PALM COAST,1,2017-08-31,2017-08-31,False,True,False,True,Drugs
Home Care Technology USA Inc,HOME CARE TECHNOLOGY,1,2012-02-13,2012-02-13,True,False,False,True,Devices
Home Remedies Solutions,HOME REMEDIES SOLUTIONS,1,2010-02-17,2010-02-17,True,False,False,True,Devices
HomeChoice Partners dba BioScript Infusion Services,HOMECHOICE PARTNERS BIOSCRIPT INFUSION SERVICES,1,2020-04-09,2020-04-09,False,True,False,True,Drugs
"Homeocare Laboratories, Inc.",HOMEOCARE LABORATORIES,2,2017-09-07,2020-06-22,False,True,False,True,Drugs
Homeolab USA Inc.,HOMEOLAB,2,2013-09-19,2017-08-02,False,True,False,True,Drugs
Homeomart Indibuy,HOMEOMART INDIBUY,1,2020-04-01,2020-04-01,False,True,False,True,Drugs
Homeopathic Educational,HOMEOPATHIC EDUCATIONAL,1,2025-08-25,2025-08-25,False,True,False,True,Drugs
Homeopathy For Health,HOMEOPATHY FOR HEALTH,1,2010-06-08,2010-06-08,False,True,False,True,Drugs
HomeopathyStore.com,HOMEOPATHYSTORE COM,1,2015-07-06,2015-07-06,False,False,True,True,Biologics
Homero Corp DBA Natures CBD Oil Distribution,HOMERO NATURES CBD OIL DISTRIBUTION,1,2020-04-20,2020-04-20,False,True,False,True,Drugs
"Honest Globe, Inc.",HONEST GLOBE,1,2021-03-18,2021-03-18,False,True,False,True,Drugs
HoneyColony LLC,HONEYCOLONY,1,2020-05-04,2020-05-04,False,True,False,True,Drugs
Hopewell Essential Oils,HOPEWELL ESSENTIAL OILS,1,2020-04-27,2020-04-27,False,True,False,True,Drugs
Horiba Instruments Incorporated,HORIBA INSTRUMENTS,1,2012-07-25,2012-07-25,True,False,False,True,Devices
"Horizon Pharmaceuticals, Inc.",HORIZON PHARMACEUTICALS,1,2016-12-23,2016-12-23,False,True,False,True,Drugs
"Hormonal Health, Llc",HORMONAL HEALTH,1,2010-10-12,2010-10-12,False,True,False,True,Drugs
Hospira Australia Pty Ltd.,HOSPIRA AUSTRALIA PTY,1,2014-09-26,2014-09-26,False,True,False,True,Drugs
Hospital Bella Vista,HOSPITAL BELLA VISTA,1,2011-09-13,2011-09-13,True,False,False,True,Devices
"Hou Fu Biotech (Jiangsu) Co., Ltd",HOU FU BIOTECH JIANGSU,1,2021-04-12,2021-04-12,False,True,False,True,Drugs
Howard Instruments Inc,HOWARD INSTRUMENTS,1,2009-05-12,2009-05-12,True,False,False,True,Devices
Howard L Lippton M D,HOWARD L LIPPTON M D,1,2010-10-20,2010-10-20,False,True,False,True,Drugs
"Howard M. Gross, M.D.",HOWARD M GROSS M D,1,2015-06-29,2015-06-29,False,True,False,True,Drugs
Howard Phillips LLC dba Phillips Co.,HOWARD PHILLIPS PHILLIPS,1,2017-05-08,2017-05-08,False,True,False,True,Drugs
Hoya Corporation - Pentax Life Division,HOYA PENTAX LIFE DIVISION,2,2018-03-09,2023-01-01,True,False,False,True,Devices
"Hoya Surgical Optics, Inc.",HOYA SURGICAL OPTICS,1,2011-08-02,2011-08-02,True,False,False,True,Devices
"Hsmg, Inc. D/b/a Smartinfuser Usa",HSMG D B A SMARTINFUSER,1,2010-07-29,2010-07-29,True,False,False,True,Devices
"Hua Da Trading, Inc. dba Wefun Inc.",HUA DA TRADING WEFUN,1,2023-12-20,2023-12-20,False,True,False,True,Drugs
"Huaian Zongheng Bio-Tech Co., Ltd",HUAIAN ZONGHENG BIO TECH,1,2020-01-09,2020-01-09,False,True,False,True,Drugs
"Huaiyin Medical Instruments Co., Ltd.",HUAIYIN MEDICAL INSTRUMENTS,1,2009-11-20,2009-11-20,True,False,False,True,Devices
"Huangshi Hygienic Material Medicine Co., Ltd.",HUANGSHI HYGIENIC MATERIAL MEDICINE,1,2025-03-24,2025-03-24,False,True,False,True,Drugs
"Hubei Danao Pharmaceutical Co., Ltd.",HUBEI DANAO PHARMACEUTICAL,1,2017-11-06,2017-11-06,False,True,False,True,Drugs
"Hubei Gedian Humanwell Pharmaceutical Co., Ltd.",HUBEI GEDIAN HUMANWELL PHARMACEUTICAL,1,2026-06-03,2026-06-03,False,True,False,True,Drugs
"Hubei Kangzheng Pharmaceutical Co., Ltd.",HUBEI KANGZHENG PHARMACEUTICAL,1,2021-11-23,2021-11-23,False,True,False,True,Drugs
"Hubei Weikang Protective Products Co., Ltd.",HUBEI WEIKANG PROTECTIVE PRODUCTS,2,2013-08-12,2015-10-06,True,False,False,True,Devices
Hudson Radiology Center,HUDSON RADIOLOGY CENTER,1,2014-01-28,2014-01-28,True,False,False,True,Devices
Huestis Machine Corporation,HUESTIS MACHINE,1,2013-08-06,2013-08-06,True,False,False,True,Devices
"Human Biosciences, Inc.",HUMAN BIOSCIENCES,1,2012-05-10,2012-05-10,True,False,False,True,Devices
Human Microbes,HUMAN MICROBES,1,2024-02-13,2024-02-13,False,False,True,True,Biologics
Hunan Norchem Pharmaceutical Co. Ltd.,HUNAN NORCHEM PHARMACEUTICAL,1,2018-01-09,2018-01-09,False,True,False,True,Drugs
"Hunter, D",HUNTER D,1,2009-11-17,2009-11-17,False,True,False,True,Drugs
Huntington Beach Sunset Inc.,HUNTINGTON BEACH SUNSET,1,2009-05-14,2009-05-14,True,False,False,True,Devices
"Huons Co., Ltd.",HUONS,1,2026-06-15,2026-06-15,False,True,False,True,Drugs
"Huron Pharmaceuticals, Inc.",HURON PHARMACEUTICALS,1,2017-04-21,2017-04-21,False,True,False,True,Drugs
Huzhou Aupower Sanitary Commodity,HUZHOU AUPOWER SANITARY COMMODITY,1,2016-08-10,2016-08-10,False,True,False,True,Drugs
Hyaluron Pen Store,HYALURON PEN STORE,1,2025-03-03,2025-03-03,False,True,False,True,Drugs
Hybrid Pharma LLC,HYBRID PHARMA,2,2018-11-30,2022-06-07,False,True,False,True,Drugs
HydraMed,HYDRAMED,1,2026-06-08,2026-06-08,False,True,False,True,Drugs
Hydroxie LLC,HYDROXIE,1,2025-06-25,2025-06-25,False,True,False,True,Drugs
"Hygienic Labs, LLC.",HYGIENIC LABS,1,2023-09-19,2023-09-19,False,True,False,True,Drugs
Hyland's Consumer Health Inc.,HYLAND S CONSUMER HEALTH,2,2011-05-02,2013-09-25,False,True,False,True,Drugs
Hyperbaric For Life Llc.com,HYPERBARIC FOR LIFE COM,1,2010-05-20,2010-05-20,True,False,False,True,Devices
Hyperbaric Options,HYPERBARIC OPTIONS,1,2013-08-08,2013-08-08,True,False,False,True,Devices
Hyperion Medical Technologies Inc,HYPERION MEDICAL TECHNOLOGIES,1,2013-11-20,2013-11-20,True,False,False,True,Devices
Hyphen BioMed sasu,HYPHEN BIOMED SASU,1,2012-09-05,2012-09-05,True,False,False,True,Devices
I. Shay Cosmetics Inc,I SHAY COSMETICS,2,2012-10-22,2018-10-29,False,True,False,True,Drugs
I.T.S. GmbH,I T S,2,2014-06-30,2024-03-15,True,False,False,True,Devices
"I.V. Specialty, Ltd",I V SPECIALTY,1,2015-04-21,2015-04-21,False,True,False,True,Drugs
IBSPOT INC,IBSPOT,1,2025-10-27,2025-10-27,False,True,False,True,Drugs
IBeautiStore.com,IBEAUTISTORE COM,1,2026-04-24,2026-04-24,False,True,False,True,Drugs
ICON PLC,ICON,1,2009-11-27,2009-11-27,False,True,False,True,Drugs
"IDACA, LLC",IDACA,1,2011-10-20,2011-10-20,True,False,False,True,Devices
"IDEV Technologies, Inc.",IDEV TECHNOLOGIES,1,2009-04-09,2009-04-09,True,False,False,True,Devices
IDO PHARM,IDO PHARM,1,2026-05-04,2026-05-04,False,True,False,True,Drugs
IDT Australia Ltd.,IDT AUSTRALIA,1,2018-05-23,2018-05-23,False,True,False,True,Drugs
IEM Gmbh,IEM,1,2012-02-24,2012-02-24,True,False,False,True,Devices
IMS GIOTTO S.p.A.,IMS GIOTTO S P A,1,2015-04-08,2015-04-08,True,False,False,True,Devices
INCELL Corporation LLC,INCELL,2,2016-10-28,2024-12-13,False,True,True,True,Biologics; Drugs
"INCYTO CO., LTD.",INCYTO,1,2016-09-08,2016-09-08,True,False,False,True,Devices
INDELICARE DBA INK-EEZE,INDELICARE INK EEZE,1,2024-03-25,2024-03-25,False,True,False,True,Drugs
INDUCTION THERAPIES LLC,INDUCTION THERAPIES,1,2021-11-23,2021-11-23,True,False,False,True,Devices
INFINITE PRODUCT COMPANY LLLP,INFINITE PRODUCT LLLP,1,2019-11-22,2019-11-22,False,True,False,True,Drugs
INGENUE CARE,INGENUE CARE,1,2019-05-31,2019-05-31,False,True,False,True,Drugs
INS ENTERPRISE SDN. BHD.,INS ENTERPRISE SDN BHD,1,2013-07-15,2013-07-15,False,True,False,True,Drugs
INVISI SMART TECHNOLOGIES UK LTD,INVISI SMART TECHNOLOGIES UK,1,2021-08-24,2021-08-24,True,False,False,True,Devices
IOTECH INTERNATIONAL,IOTECH,1,2022-03-15,2022-03-15,False,True,False,True,Drugs
"ISOThrive, Inc.",ISOTHRIVE,1,2025-02-04,2025-02-04,False,True,False,True,Drugs
"ITG-Medev, Inc.",ITG MEDEV,1,2018-09-07,2018-09-07,True,False,False,True,Devices
ITL Asia Pacific Sdn Bhd,ITL ASIA PACIFIC SDN BHD,1,2019-09-25,2019-09-25,True,False,False,True,Devices
"IVD Research, Inc.",IVD RESEARCH,1,2009-02-26,2009-02-26,True,False,False,True,Devices
IVF Phoenix P.L.L.C.,IVF PHOENIX P L L C,1,2010-03-29,2010-03-29,False,False,True,True,Biologics
IVIM Technologies,IVIM TECHNOLOGIES,1,2026-02-20,2026-02-20,False,True,False,True,Drugs
Ideal Implant Incorporated,IDEAL IMPLANT,1,2020-05-14,2020-05-14,True,False,False,True,Devices
"Ideal Specialty Apothecary, Inc. dba Ideal Pharmacy",IDEAL SPECIALTY APOTHECARY IDEAL PHARMACY,1,2019-06-17,2019-06-17,False,True,False,True,Drugs
"Ignacio J. Rodriguez, MD",IGNACIO J RODRIGUEZ MD,1,2021-01-29,2021-01-29,False,True,False,True,Drugs
Ignacio Reyes Gonzalez,IGNACIO REYES GONZALEZ,1,2021-01-25,2021-01-25,False,True,False,True,Drugs
"Ignatius P. Godoy, M.D.",IGNATIUS P GODOY M D,1,2018-10-03,2018-10-03,False,False,True,True,Biologics
"Ikcon Investments, Inc",IKCON INVESTMENTS,1,2021-03-25,2021-03-25,True,False,False,True,Devices
Immuneglory.com,IMMUNEGLORY COM,1,2011-04-28,2011-04-28,False,True,False,True,Drugs
"Immunity Bio, Inc",IMMUNITY BIO,1,2026-03-13,2026-03-13,False,True,False,True,Drugs
"Imperial Palace Commodity (Dongguan) Co., Ltd.",IMPERIAL PALACE COMMODITY DONGGUAN,1,2025-01-27,2025-01-27,False,True,False,True,Drugs
Impladent Ltd.,IMPLADENT,1,2014-03-28,2014-03-28,True,False,False,True,Devices
"Implant Dental Technology Co., Ltd.",IMPLANT DENTAL TECHNOLOGY,1,2016-10-25,2016-10-25,True,False,False,True,Devices
Implants International Ltd.,IMPLANTS,1,2016-02-18,2016-02-18,True,False,False,True,Devices
"Imprimis NJOF, LLC",IMPRIMIS NJOF,1,2019-06-07,2019-06-07,False,True,False,True,Drugs
"Imprimis Rx, LLC",IMPRIMIS RX,1,2022-07-05,2022-07-05,False,True,False,True,Drugs
"ImprimisRx CA, Inc., dba ImprimisRx",IMPRIMISRX CA IMPRIMISRX,2,2017-03-20,2019-03-26,False,True,False,True,Drugs
ImprimisRx NJ LLC,IMPRIMISRX NJ,2,2014-06-23,2023-05-26,False,True,False,True,Drugs
"InControl Medical, LLC",INCONTROL MEDICAL,1,2012-11-09,2012-11-09,True,False,False,True,Devices
"InVia Fertility Specialists, PLLC",INVIA FERTILITY SPECIALISTS PLLC,1,2025-06-13,2025-06-13,False,False,True,True,Biologics
"Incredible Products, SA de CV",INCREDIBLE PRODUCTS DE CV,1,2021-05-27,2021-05-27,False,True,False,True,Drugs
Indian Mountain Center,INDIAN MOUNTAIN CENTER,1,2010-02-17,2010-02-17,True,False,False,True,Devices
Indiana Chem-Port,INDIANA CHEM PORT,1,2022-01-31,2022-01-31,False,True,False,True,Drugs
Indiana Fertility Associates PC,INDIANA FERTILITY ASSOCIATES PC,1,2008-10-09,2008-10-09,False,False,True,True,Biologics
Indiana Fertility Institute LLC,INDIANA FERTILITY INSTITUTE,1,2008-10-09,2008-10-09,False,False,True,True,Biologics
"Indiana Lions Eye Bank, Inc.",INDIANA LIONS EYE BANK,1,2024-06-10,2024-06-10,False,False,True,True,Biologics
Indiangoods.shop,INDIANGOODS SHOP,1,2026-06-17,2026-06-17,False,True,False,True,Drugs
Indigenous Products,INDIGENOUS PRODUCTS,1,2020-12-10,2020-12-10,False,True,False,True,Drugs
Indigo Naturals,INDIGO NATURALS,1,2020-04-06,2020-04-06,False,True,False,True,Drugs
Inditherm Medical,INDITHERM MEDICAL,1,2009-06-10,2009-06-10,True,False,False,True,Devices
Indoco Remedies Limited,INDOCO REMEDIES,2,2017-03-31,2024-12-16,False,True,False,True,Drugs
Indoco Remedies Limited (Plant I),INDOCO REMEDIES PLANT I,1,2019-07-09,2019-07-09,False,True,False,True,Drugs
Indus Medicare Limited,INDUS MEDICARE,1,2020-05-04,2020-05-04,True,False,False,True,Devices
Industrias Cklass S de RL de CV,INDUSTRIAS CKLASS S DE RL DE CV,1,2022-06-22,2022-06-22,False,True,False,True,Drugs
"Industrias Quimicas Falcon de Mexico, SA de CV (Dr. Reddy's Mexico)",INDUSTRIAS QUIMICAS FALCON DE MEXICO DE CV DR REDDY S MEXICO,1,2011-06-03,2011-06-03,False,True,False,True,Drugs
Industry Lab Diagnostic Partners,INDUSTRY LAB DIAGNOSTIC PARTNERS,1,2020-11-23,2020-11-23,True,False,False,True,Devices
Infant Acid Reflux Solutions LLC,INFANT ACID REFLUX SOLUTIONS,1,2018-02-09,2018-02-09,False,True,False,True,Drugs
Infantry Labs LLC,INFANTRY LABS,1,2017-10-23,2017-10-23,False,True,False,True,Drugs
"Infinant Health, LLC",INFINANT HEALTH,1,2023-09-28,2023-09-28,False,False,True,True,Biologics
"Infiniti Labs, LLC",INFINITI LABS,1,2015-02-26,2015-02-26,False,True,False,True,Drugs
"InfuScience, Inc. dba Bioscrip Infusion Services",INFUSCIENCE BIOSCRIP INFUSION SERVICES,1,2020-12-21,2020-12-21,False,True,False,True,Drugs
InfuTronix LLC,INFUTRONIX,1,2022-06-16,2022-06-16,True,False,False,True,Devices
Infupharma LLC d.b.a. President Pharmacy,INFUPHARMA D B A PRESIDENT PHARMACY,1,2012-07-09,2012-07-09,False,True,False,True,Drugs
"Infusion Options, Inc.",INFUSION OPTIONS,2,2016-03-21,2021-08-26,False,True,False,True,Drugs
"Infusion Partners, LLC",INFUSION PARTNERS,1,2019-03-20,2019-03-20,False,True,False,True,Drugs
Infusion Systems of SW Florida Inc. dba Myerlee Pharmacy,INFUSION SYSTEMS OF SW FLORIDA MYERLEE PHARMACY,1,2016-02-03,2016-02-03,False,True,False,True,Drugs
Inhalation Inc.,INHALATION,1,2009-05-28,2009-05-28,False,True,False,True,Drugs
Innate Healthcare Institute,INNATE HEALTHCARE INSTITUTE,1,2025-08-15,2025-08-15,False,False,True,True,Biologics
"Inno Health Technology, Inc.",INNO HEALTH TECHNOLOGY,1,2011-01-21,2011-01-21,True,False,False,True,Devices
Innocore Sales & Marketing Inc.,INNOCORE SALES AND MARKETING,1,2025-10-16,2025-10-16,False,True,False,True,Drugs
Innolatex Sdn. Bhd.,INNOLATEX SDN BHD,1,2011-05-25,2011-05-25,True,False,False,True,Devices
"Innova Medical Group, Inc.",INNOVA MEDICAL,1,2021-06-10,2021-06-10,True,False,False,True,Devices
Innovatech Medical Resources L.P.,INNOVATECH MEDICAL RESOURCES L P,1,2012-02-23,2012-02-23,True,False,False,True,Devices
Innovative Biodefense Inc.,INNOVATIVE BIODEFENSE,1,2015-06-30,2015-06-30,False,True,False,True,Drugs
Innovative Compounding Pharmacy,INNOVATIVE COMPOUNDING PHARMACY,1,2016-06-20,2016-06-20,False,True,False,True,Drugs
Innovative Directions in Health,INNOVATIVE DIRECTIONS IN HEALTH,1,2010-04-05,2010-04-05,False,True,False,True,Drugs
Innovative Formulations LLC,INNOVATIVE FORMULATIONS,1,2024-02-22,2024-02-22,False,True,False,True,Drugs
"Innovative Intrathecal Solutions, Inc. dba Innovative Compounding Pharmacy",INNOVATIVE INTRATHECAL SOLUTIONS INNOVATIVE COMPOUNDING PHARMACY,1,2018-09-19,2018-09-19,False,True,False,True,Drugs
Innovative Medical Manufacturing Co.,INNOVATIVE MEDICAL MANUFACTURING,1,2010-12-15,2010-12-15,True,False,False,True,Devices
"Innovative Neurotronics, Inc.",INNOVATIVE NEUROTRONICS,1,2008-11-04,2008-11-04,True,False,False,True,Devices
Innovative Sterilization Technologies LLC,INNOVATIVE STERILIZATION TECHNOLOGIES,2,2016-03-02,2019-03-20,True,False,False,True,Devices
Innoveix Pharmaceuticals Inc,INNOVEIX PHARMACEUTICALS,1,2022-01-26,2022-01-26,False,True,False,True,Drugs
Inopak Ltd,INOPAK,2,2019-02-21,2023-12-15,False,True,False,True,Drugs
Inova Health Care Services,INOVA HEALTH CARE SERVICES,1,2012-05-03,2012-05-03,False,False,True,True,Biologics
Inova Health System,INOVA HEALTH SYSTEM,1,2019-04-04,2019-04-04,True,False,False,True,Devices
Inovaker Lab SA de CV,INOVAKER LAB DE CV,1,2021-02-25,2021-02-25,False,True,False,True,Drugs
"Inovo, Inc",INOVO,1,2015-02-19,2015-02-19,True,False,False,True,Devices
"Insert Depot, Inc",INSERT DEPOT,1,2014-01-30,2014-01-30,True,False,False,True,Devices
Insight Pharmaceuticals Corporation,INSIGHT PHARMACEUTICALS,1,2013-09-19,2013-09-19,False,True,False,True,Drugs
"Insight Pharmaceuticals LLC, a Prestige Consumer Healthcare company",INSIGHT PHARMACEUTICALS A PRESTIGE CONSUMER HEALTHCARE,1,2013-09-19,2013-09-19,False,True,False,True,Drugs
Insightra Medical Inc,INSIGHTRA MEDICAL,2,2015-05-21,2025-06-03,True,False,False,True,Devices
Inspire Clinic,INSPIRE CLINIC,1,2025-09-09,2025-09-09,False,True,False,True,Drugs
"Instratek, Incorporated",INSTRATEK,1,2012-08-23,2012-08-23,True,False,False,True,Devices
Instrumed GmbH,INSTRUMED,1,2014-03-28,2014-03-28,True,False,False,True,Devices
Intec Industries Inc,INTEC INDUSTRIES,1,2010-09-03,2010-09-03,True,False,False,True,Devices
Integra NeuroSciences Ltd.,INTEGRA NEUROSCIENCES,1,2012-11-01,2012-11-01,True,False,False,True,Devices
Integra Neurosciences,INTEGRA NEUROSCIENCES,1,2013-02-13,2013-02-13,True,False,False,True,Devices
IntegraDose Compounding Services LLC,INTEGRADOSE COMPOUNDING SERVICES,1,2020-05-06,2020-05-06,False,True,False,True,Drugs
Integrated Health Concepts Inc.,INTEGRATED HEALTH CONCEPTS,1,2020-09-10,2020-09-10,False,True,False,True,Drugs
IntelSource Group Inc dba Electro Medical Technologies LLC,INTELSOURCE ELECTRO MEDICAL TECHNOLOGIES,1,2009-06-25,2009-06-25,True,False,False,True,Devices
"Intelli Health Products, LLC",INTELLI HEALTH PRODUCTS,1,2011-04-27,2011-04-27,False,True,False,True,Drugs
Interacoustics A/S,INTERACOUSTICS A S,1,2009-12-10,2009-12-10,True,False,False,True,Devices
Intercos Europe S.p.A,INTERCOS EUROPE S P A,1,2024-08-16,2024-08-16,False,True,False,True,Drugs
Interlab S.r.l.,INTERLAB S R L,1,2013-02-28,2013-02-28,True,False,False,True,Devices
Interlectric Corporation,INTERLECTRIC,1,2012-04-13,2012-04-13,True,False,False,True,Devices
"International Ear Candle, LLC",EAR CANDLE,1,2010-02-17,2010-02-17,True,False,False,True,Devices
"International Hospital Products, Inc.",HOSPITAL PRODUCTS,1,2019-05-29,2019-05-29,True,False,False,True,Devices
International Immuno-Diagnostics Inc.,IMMUNO DIAGNOSTICS,1,2011-09-14,2011-09-14,True,False,False,True,Devices
"International Institute Of Holistic Healing, Inc.",INSTITUTE OF HOLISTIC HEALING,1,2011-04-28,2011-04-28,False,True,False,True,Drugs
International Laboratories (Canada) Ltd.,LABORATORIES CANADA,1,2012-10-23,2012-10-23,False,True,False,True,Drugs
"International Laboratories Corp., Limited",LABORATORIES,2,2023-08-08,2025-03-10,False,True,False,True,Drugs
"International Medical Development, Inc.",MEDICAL DEVELOPMENT,1,2015-09-17,2015-09-17,True,False,False,True,Devices
International Medication Systems Ltd.,MEDICATION SYSTEMS,1,2026-07-02,2026-07-02,False,True,False,True,Drugs
"International Medsurg Connection, Inc.",MEDSURG CONNECTION,1,2017-05-08,2017-05-08,True,False,False,True,Devices
International Trading Pharm Lab Inc,TRADING PHARM LAB,1,2020-04-24,2020-04-24,False,True,False,True,Drugs
Interojo Inc.,INTEROJO,1,2013-01-07,2013-01-07,True,False,False,True,Devices
Interpharma Praha A.S.,INTERPHARMA PRAHA A S,1,2016-10-13,2016-10-13,False,True,False,True,Drugs
Interquim S.A.,INTERQUIM S A,1,2016-11-22,2016-11-22,False,True,False,True,Drugs
"Intersurgical, Ltd.",INTERSURGICAL,1,2011-12-30,2011-12-30,True,False,False,True,Devices
Intimate Rose,INTIMATE ROSE,1,2025-09-09,2025-09-09,False,True,False,True,Drugs
"Intrathecal Compounding Specialists, LLC",INTRATHECAL COMPOUNDING SPECIALISTS,1,2020-09-16,2020-09-16,False,True,False,True,Drugs
"InvaDerm, Inc.",INVADERM,1,2026-06-03,2026-06-03,False,True,False,True,Drugs
Invasix Ltd.,INVASIX,1,2012-11-29,2012-11-29,True,False,False,True,Devices
Investra-24hs,INVESTRA 24HS,1,2017-12-28,2017-12-28,False,True,False,True,Drugs
Invigorate Med Spa,INVIGORATE MED,1,2025-09-09,2025-09-09,False,True,False,True,Drugs
Invitrx Therapeutics,INVITRX THERAPEUTICS,1,2020-08-12,2020-08-12,False,False,True,True,Biologics
Invitrx Therapeutics Inc.,INVITRX THERAPEUTICS,2,2020-03-16,2022-11-09,False,False,True,True,Biologics
Inz Distributors Inc. / Magic Power Coffee Inc.,INZ DISTRIBUTORS MAGIC POWER COFFEE,1,2010-08-23,2010-08-23,False,True,False,True,Drugs
Iodine Products Inc,IODINE PRODUCTS,1,2022-03-25,2022-03-25,False,True,False,True,Drugs
"IodoRios Company, LLC",IODORIOS,1,2021-03-05,2021-03-05,False,True,False,True,Drugs
"Ion Genius, Inc.",ION GENIUS,1,2010-06-28,2010-06-28,True,False,False,True,Devices
Ionia Pharmacy,IONIA PHARMACY,1,2015-12-22,2015-12-22,False,True,False,True,Drugs
Ionogen,IONOGEN,1,2020-07-07,2020-07-07,False,True,False,True,Drugs
Ipca Laboratories Limited,IPCA LABORATORIES,1,2016-01-29,2016-01-29,False,True,False,True,Drugs
Ironmag Labs,IRONMAG LABS,2,2017-10-23,2022-05-05,False,True,False,True,Drugs; Food/Cosmetics
"Irvin, Inc.",IRVIN,1,2021-05-27,2021-05-27,True,False,False,True,Devices
Irvine Stem Cell Treatment Center,IRVINE STEM CELL TREATMENT CENTER,1,2015-12-30,2015-12-30,False,False,True,True,Biologics
Isis.Gold,ISIS GOLD,1,2024-07-25,2024-07-25,False,True,False,True,Drugs
Ismar Soluciones Dinamicas SA de CV,ISMAR SOLUCIONES DINAMICAS DE CV,1,2021-05-04,2021-05-04,False,True,False,True,Drugs
"Iso-Tex Diagnostics, Inc.",ISO TEX DIAGNOSTICS,3,2010-12-03,2023-07-20,False,True,False,True,Drugs
"IsoAid, L.L.C.",ISOAID L L C,1,2012-08-16,2012-08-16,True,False,False,True,Devices
"IsoTis OrthoBiologics, Inc.",ISOTIS ORTHOBIOLOGICS,1,2026-02-24,2026-02-24,True,False,False,True,Devices
"Isolux, LLC",ISOLUX,1,2016-01-08,2016-01-08,True,False,False,True,Devices
"Isomedix Operations, Inc.",ISOMEDIX OPERATIONS,2,2010-09-27,2014-05-22,True,False,False,True,Devices
"Isomeric Pharmacy Solutions, LLC",ISOMERIC PHARMACY SOLUTIONS,1,2016-12-13,2016-12-13,False,True,False,True,Drugs
Izeen Pharma Inc,IZEEN PHARMA,2,2010-04-20,2019-05-16,False,True,False,True,Drugs
"J & F International, Inc.",J AND F,1,2010-04-09,2010-04-09,False,True,False,True,Drugs
J&T Health and Wellness LLC,J AND T HEALTH AND WELLNESS,2,2011-08-15,2017-10-25,True,False,False,True,Devices
"J. Robert Flamini, MD",J ROBERT FLAMINI MD,1,2024-08-20,2024-08-20,False,True,False,True,Drugs
"JAS Diagnostics, Inc./Drew Scientific, Inc.",JAS DIAGNOSTICS DREW SCIENTIFIC,1,2022-08-16,2022-08-16,True,False,False,True,Devices
JCB Laboratories LLC,JCB LABORATORIES,1,2014-07-07,2014-07-07,False,True,False,True,Drugs
JD & SN Inc.,JD AND SN,1,2016-10-14,2016-10-14,False,True,False,True,Drugs
"JG Atlas Comercios, SA de CV",JG ATLAS COMERCIOS DE CV,1,2020-11-06,2020-11-06,False,True,False,True,Drugs
JHS SVENDGAARD LABORATORIES LTD,JHS SVENDGAARD LABORATORIES,1,2020-02-13,2020-02-13,False,True,False,True,Drugs
JJLBRO,JJLBRO,1,2026-06-17,2026-06-17,False,True,False,True,Drugs
JMA Partners,JMA PARTNERS,1,2017-11-03,2017-11-03,False,True,False,True,Drugs
JOSE MIGUEL GUTIERREZ SALAS,JOSE MIGUEL GUTIERREZ SALAS,1,2022-07-21,2022-07-21,False,True,False,True,Drugs
JRB Enterprise Group Inc. DBA Anti Aging Bed,JRB ENTERPRISE ANTI AGING BED,1,2020-03-30,2020-03-30,False,True,False,True,Drugs
JT Cosmetics & Chemicals Pvt Ltd.,JT COSMETICS AND CHEMICALS,1,2018-07-27,2018-07-27,False,True,False,True,Drugs
JW Nutritional LLC,JW NUTRITIONAL,2,2015-03-25,2026-05-14,False,True,False,True,Drugs; Food/Cosmetics
Jabones Pardo S.A.,JABONES PARDO S A,1,2013-08-26,2013-08-26,False,True,False,True,Drugs
Jabones Y Productos Especializados SA de CV,JABONES Y PRODUCTOS ESPECIALIZADOS DE CV,1,2018-09-05,2018-09-05,False,True,False,True,Drugs
"Jack P. Herick, Inc. dba Glades Drugs",JACK P HERICK GLADES DRUGS,1,2016-08-09,2016-08-09,False,True,False,True,Drugs
"Jade & Pearl, Inc.",JADE AND PEARL,1,2014-05-09,2014-05-09,True,False,False,True,Devices
Jagsonpal Pharmaceuticals Ltd.,JAGSONPAL PHARMACEUTICALS,1,2025-02-05,2025-02-05,False,True,False,True,Drugs
"Jajco, Inc. DBA Anchor Drugs Pharmacy",JAJCO ANCHOR DRUGS PHARMACY,1,2017-08-22,2017-08-22,False,True,False,True,Drugs
Jalco Cosmetics Pty Ltd.,JALCO COSMETICS PTY,1,2018-05-18,2018-05-18,False,True,False,True,Drugs
Jamaica Hospital Medical Center IRB,JAMAICA HOSPITAL MEDICAL CENTER IRB,1,2016-02-24,2016-02-24,False,True,False,True,Drugs
James G Cole Inc dba ASN/Maxam Neutraceutics,JAMES G COLE ASN MAXAM NEUTRACEUTICS,2,2010-10-12,2012-09-28,False,True,False,True,Drugs; Food/Cosmetics
"James P. Johnston, CO, dba Midwest Ocular Prosthetics",JAMES P JOHNSTON MIDWEST OCULAR PROSTHETICS,1,2010-03-17,2010-03-17,True,False,False,True,Devices
"James R. Corbett, M.D.",JAMES R CORBETT M D,1,2020-02-27,2020-02-27,False,True,False,True,Drugs
"James W. Findling, M.D.",JAMES W FINDLING M D,1,2019-12-31,2019-12-31,False,True,False,True,Drugs
"Jamol Laboratories, Inc.",JAMOL LABORATORIES,1,2023-07-13,2023-07-13,False,True,False,True,Drugs
"Janet K Tillisch, MD",JANET K TILLISCH MD,1,2013-06-20,2013-06-20,False,False,True,True,Biologics
"Janssen Pharmaceuticals, dba Actelion Pharmaceutical",JANSSEN PHARMACEUTICALS ACTELION PHARMACEUTICAL,2,2008-11-24,2010-09-14,False,True,False,True,Drugs
Janssen Vaccines Corp.,JANSSEN VACCINES,1,2025-07-18,2025-07-18,False,True,False,True,Drugs
Japanese Mayo Kaisha Pharmacy Export Ltd,JAPANESE MAYO KAISHA PHARMACY EXPORT,1,2015-07-31,2015-07-31,False,True,False,True,Drugs
Jaychem Industries Ltd,JAYCHEM INDUSTRIES,1,2015-09-04,2015-09-04,False,True,False,True,Drugs
Jaymac Pharmaceuticals L.L.C.,JAYMAC PHARMACEUTICALS L L C,1,2010-02-08,2010-02-08,False,True,False,True,Drugs
Jd Nelson And Associates Llc,JD NELSON AND ASSOCIATES,1,2011-04-19,2011-04-19,False,True,False,True,Drugs
Je Dois Lavoir LLC,JE DOIS LAVOIR,1,2021-08-11,2021-08-11,False,True,False,True,Drugs
Jeffrey Horowitz,JEFFREY HOROWITZ,1,2011-03-21,2011-03-21,False,True,False,True,Drugs
"Jeffrey M. Steinberg MD, Inc., A Professional Medical Corporation",JEFFREY M STEINBERG MD A PROFESSIONAL MEDICAL,1,2008-11-18,2008-11-18,False,False,True,True,Biologics
"Jeffrey W. Taub, M.D.",JEFFREY W TAUB M D,1,2023-12-19,2023-12-19,False,True,False,True,Drugs
Jeffreys Drug Store,JEFFREYS DRUG STORE,1,2016-08-25,2016-08-25,False,True,False,True,Drugs
"Jenis, Louis G., M.D.",JENIS LOUIS G M D,1,2012-02-14,2012-02-14,True,False,False,True,Devices
"Jerome Stevens Pharmaceuticals, Inc.",JEROME STEVENS PHARMACEUTICALS,1,2008-10-23,2008-10-23,False,True,False,True,Drugs
Jian Peng Zhou,JIAN PENG ZHOU,1,2015-05-29,2015-05-29,True,False,False,True,Devices
"Jianerkang Medical Co., Ltd",JIANERKANG MEDICAL,1,2012-07-30,2012-07-30,False,True,False,True,Drugs
"Jiangmen Nowadays Daily Goods Co., Ltd.",JIANGMEN NOWADAYS DAILY GOODS,1,2017-09-12,2017-09-12,False,True,False,True,Drugs
"Jiangsu Caina Medical Co., Ltd",JIANGSU CAINA MEDICAL,1,2024-07-18,2024-07-18,True,False,False,True,Devices
"Jiangsu Hengrui Pharmaceuticals Co., Ltd. (Huanghe Road Site)",JIANGSU HENGRUI PHARMACEUTICALS HUANGHE ROAD SITE,1,2024-07-11,2024-07-11,False,True,False,True,Drugs
"Jiangsu JDC Medical Devices Co., Ltd.",JIANGSU JDC MEDICAL DEVICES,1,2019-12-19,2019-12-19,True,False,False,True,Devices
Jiangsu Kerbio Medical Technology Group CO.,JIANGSU KERBIO MEDICAL TECHNOLOGY,1,2025-07-14,2025-07-14,True,False,False,True,Devices
"Jiangsu Meifan Biotechnology Co., Ltd.",JIANGSU MEIFAN BIOTECHNOLOGY,1,2024-04-03,2024-04-03,False,True,False,True,Drugs
"Jiangsu NHWA Pharmaceutical Co., Ltd.",JIANGSU NHWA PHARMACEUTICAL,1,2019-09-10,2019-09-10,False,True,False,True,Drugs
"Jiangsu Shenli Medical Production Co., Ltd.",JIANGSU SHENLI MEDICAL PRODUCTION,2,2024-03-18,2024-07-18,True,False,False,True,Devices
Jiangsu ZW Pharmaceuticals Co. Ltd.,JIANGSU ZW PHARMACEUTICALS,1,2016-06-21,2016-06-21,False,True,False,True,Drugs
Jilin Shulan Synthetic Pharmaceutical Co. Ltd.,JILIN SHULAN SYNTHETIC PHARMACEUTICAL,2,2010-05-13,2018-05-21,False,True,False,True,Drugs
"Jinan Jinda Pharmaceutical Chemistry Co., Ltd.",JINAN JINDA PHARMACEUTICAL CHEMISTRY,1,2017-02-24,2017-02-24,False,True,False,True,Drugs
John A Ward M D,JOHN A WARD M D,1,2009-12-03,2009-12-03,False,True,False,True,Drugs
John Caton Jr,JOHN CATON JR,1,2011-08-26,2011-08-26,False,True,False,True,Drugs
"John D. Gabriel, MD",JOHN D GABRIEL MD,1,2016-06-28,2016-06-28,False,True,False,True,Drugs
John F Simmons M D,JOHN F SIMMONS M D,1,2011-02-18,2011-02-18,False,True,False,True,Drugs
"John J. Griffin, MD",JOHN J GRIFFIN MD,1,2011-03-14,2011-03-14,False,True,False,True,Drugs
"John Joseph Hewett, M.D.",JOHN JOSEPH HEWETT M D,1,2012-09-05,2012-09-05,True,False,False,True,Devices
"John M. Kirkwood, MD",JOHN M KIRKWOOD MD,1,2009-09-15,2009-09-15,False,False,True,True,Biologics
"John M. Wise, M.D.",JOHN M WISE M D,1,2014-08-12,2014-08-12,False,True,False,True,Drugs
John Meadors,JOHN MEADORS,1,2018-10-15,2018-10-15,True,False,False,True,Devices
John W Hollis Inc,JOHN W HOLLIS,1,2014-09-04,2014-09-04,False,True,False,True,Drugs
"Johnson Creek Enterprises, LLC",JOHNSON CREEK ENTERPRISES,1,2010-09-08,2010-09-08,False,True,False,True,Drugs
Johnson Memorial Cancer Center,JOHNSON MEMORIAL CANCER CENTER,1,2015-10-28,2015-10-28,False,True,False,True,Drugs
Joi+Blokes,JOI BLOKES,1,2026-06-08,2026-06-08,False,True,False,True,Drugs
Join Josie,JOIN JOSIE,1,2026-02-20,2026-02-20,False,True,False,True,Drugs
"Jon B. Cole, MD",JON B COLE MD,1,2021-05-05,2021-05-05,False,True,False,True,Drugs
Jordan's Crossing Herbal Connections,JORDAN S CROSSING HERBAL CONNECTIONS,1,2021-07-20,2021-07-20,False,True,False,True,Drugs
Jose Giron,JOSE GIRON,1,2016-05-19,2016-05-19,False,True,False,True,Drugs
"Jose M. Carpio, M.D.",JOSE M CARPIO M D,1,2026-05-28,2026-05-28,False,True,False,True,Drugs
"Joseph A. Zadra, MD",JOSEPH A ZADRA MD,1,2021-10-14,2021-10-14,False,True,False,True,Drugs
"Joseph B. Michelson, Md",JOSEPH B MICHELSON MD,1,2011-07-06,2011-07-06,False,True,False,True,Drugs
"Joseph-Vempilly, Jose, MD",JOSEPH VEMPILLY JOSE MD,1,2013-05-14,2013-05-14,False,True,False,True,Drugs
Jost Chemical Co.,JOST CHEMICAL,1,2022-07-18,2022-07-18,False,True,False,True,Drugs
Jubilant Draximage Radiopharmacies Inc,JUBILANT DRAXIMAGE RADIOPHARMACIES,1,2016-03-10,2016-03-10,False,True,False,True,Drugs
Jubilant Generics Limited,JUBILANT GENERICS,1,2019-03-06,2019-03-06,False,True,False,True,Drugs
Jubilant HollisterStier General Partnership,JUBILANT HOLLISTERSTIER GENERAL PARTNERSHIP,2,2013-02-20,2026-06-05,False,True,False,True,Drugs
Jubilant HollisterStier LLC,JUBILANT HOLLISTERSTIER,1,2013-11-27,2013-11-27,False,True,False,True,Drugs
Judith Ratzan,JUDITH RATZAN,1,2011-02-16,2011-02-16,False,True,False,True,Drugs
Julian Naya Beauty LLC,JULIAN NAYA BEAUTY,1,2025-03-03,2025-03-03,False,True,False,True,Drugs
JulyMD,JULYMD,1,2025-09-09,2025-09-09,False,True,False,True,Drugs
Just Enhance,JUST ENHANCE,1,2015-07-31,2015-07-31,False,True,False,True,Drugs
JustChinaIt,JUSTCHINAIT,1,2024-02-15,2024-02-15,False,True,False,True,Drugs
Justified Laboratories,JUSTIFIED LABORATORIES,1,2022-08-04,2022-08-04,False,True,False,True,Drugs
K & CARE ORGANICS,K AND CARE ORGANICS,1,2025-08-06,2025-08-06,False,True,False,True,Drugs
K S Choi Corp,K S CHOI,1,2013-05-17,2013-05-17,True,False,False,True,Devices
"K.Boeun Pharmaceutical Co.,Ltd.",K BOEUN PHARMACEUTICAL,1,2023-08-14,2023-08-14,False,True,False,True,Drugs
"K.C. Pharmaceuticals, Inc",K C PHARMACEUTICALS,2,2010-05-21,2023-08-03,True,True,False,True,Devices; Drugs
KABANA SKIN CARE,KABANA SKIN CARE,2,2025-03-12,2025-07-18,False,True,False,True,Drugs
KABS Software,KABS SOFTWARE,1,2016-06-02,2016-06-02,False,True,False,True,Drugs
"KBD, Inc.",KBD,1,2011-12-15,2011-12-15,True,False,False,True,Devices
KBMO DIAGNOSTICS,KBMO DIAGNOSTICS,1,2020-06-17,2020-06-17,True,False,False,True,Devices
KDNA Life Sciences LLC,KDNA LIFE SCIENCES,1,2020-08-27,2020-08-27,False,False,True,True,Biologics
"KDunn and Associates, P.A. dba HealthQuilt",KDUNN AND ASSOCIATES P A HEALTHQUILT,1,2021-02-16,2021-02-16,False,True,False,True,Drugs
KENIL HEALTHCARE PRIVATE LIMITED,KENIL HEALTHCARE PRIVATE,1,2025-06-12,2025-06-12,False,True,False,True,Drugs
KHL Inc,KHL,1,2010-03-17,2010-03-17,True,False,False,True,Devices
KLEENHANZ LLC,KLEENHANZ,1,2022-04-20,2022-04-20,False,True,False,True,Drugs
"KM PHARMACEUTICAL CO., LTD.",KM PHARMACEUTICAL,1,2023-08-03,2023-08-03,False,True,False,True,Drugs
KMI IMI Group,KMI IMI,1,2013-03-19,2013-03-19,True,False,False,True,Devices
"KOI CBD, LLC",KOI CBD,2,2019-11-22,2023-07-18,False,True,False,True,Drugs; Food/Cosmetics
"KRS Global Biotechnology, Inc",KRS GLOBAL BIOTECHNOLOGY,1,2015-07-06,2015-07-06,False,True,False,True,Drugs
KUKAMONGA,KUKAMONGA,1,2023-12-21,2023-12-21,False,True,False,True,Drugs
"KVK Tech, Inc.",KVK TECH,1,2020-02-11,2020-02-11,False,True,False,True,Drugs
"KVK-Tech, Inc.",KVK TECH,1,2020-10-08,2020-10-08,False,True,False,True,Drugs
Kabe Labortechnik Gmbh,KABE LABORTECHNIK,1,2025-05-09,2025-05-09,True,False,False,True,Devices
Kadesh International,KADESH,1,2019-05-02,2019-05-02,False,True,False,True,Drugs
Kaiser Permanente - 20th Avenue Medical Center,KAISER PERMANENTE 20TH AVENUE MEDICAL CENTER,1,2012-09-25,2012-09-25,True,False,False,True,Devices
Kalani AB,KALANI,1,2025-08-06,2025-08-06,False,True,False,True,Drugs
"Kalchem International, Inc.",KALCHEM,1,2020-08-27,2020-08-27,False,True,False,True,Drugs
"Kalman Health & Wellness, Inc.",KALMAN HEALTH AND WELLNESS,1,2016-07-25,2016-07-25,False,True,False,True,Drugs
Kanebo Cosmetics Inc.,KANEBO COSMETICS,1,2013-04-01,2013-04-01,False,True,False,True,Drugs
"Kanec Usa, Inc.",KANEC,1,2010-10-08,2010-10-08,False,True,False,True,Drugs
"Kang Zhang, M.D., Ph.D.",KANG ZHANG M D PH D,1,2017-01-05,2017-01-05,False,True,False,True,Drugs
Kardesler Ucan Yaglar Sanayi Anonim Sirketi,KARDESLER UCAN YAGLAR SANAYI ANONIM SIRKETI,1,2025-01-21,2025-01-21,False,True,False,True,Drugs
Kari Gran Inc.,KARI GRAN,1,2022-11-30,2022-11-30,False,True,False,True,Drugs
"Karl Storz Endovision, Inc.",KARL STORZ ENDOVISION,1,2014-12-08,2014-12-08,True,False,False,True,Devices
Karl Storz GMBH & Co KG (KSVEM),KARL STORZ AND KG KSVEM,1,2010-02-23,2010-02-23,True,False,False,True,Devices
Kath Khemicals LLC,KATH KHEMICALS,1,2025-09-22,2025-09-22,False,True,False,True,Drugs
"Kawada Sanitary Products Co., Ltd.",KAWADA SANITARY PRODUCTS,1,2014-10-08,2014-10-08,True,False,False,True,Devices
Kaylaan LLC,KAYLAAN,1,2024-08-19,2024-08-19,False,True,False,True,Drugs
Kayline Inc,KAYLINE,1,2008-10-17,2008-10-17,True,False,False,True,Devices
Kegan Wellness,KEGAN WELLNESS,1,2020-07-13,2020-07-13,False,True,False,True,Drugs
"Keith A. Aqua, M.D.",KEITH A AQUA M D,1,2014-09-02,2014-09-02,False,True,False,True,Drugs
"Kelley-Ross & Associates, Inc. dba Kelley-Ross Compounding Pharmacy",KELLEY ROSS AND ASSOCIATES KELLEY ROSS COMPOUNDING PHARMACY,1,2018-08-02,2018-08-02,False,True,False,True,Drugs
"Kellin Chemicals (Zhangjiagang) Co., Ltd",KELLIN CHEMICALS ZHANGJIAGANG,1,2025-11-06,2025-11-06,False,True,False,True,Drugs
"Kelyniam Global, Inc.",KELYNIAM GLOBAL,1,2017-10-05,2017-10-05,True,False,False,True,Devices
"Ken Prima Cosmeceuticals, Sdn. Bhd.",KEN PRIMA COSMECEUTICALS SDN BHD,1,2024-06-10,2024-06-10,False,True,False,True,Drugs
"Kennedy, Philip R.",KENNEDY PHILIP R,1,2020-02-27,2020-02-27,True,False,False,True,Devices
Kentron Health Care Inc,KENTRON HEALTH CARE,1,2012-03-26,2012-03-26,True,False,False,True,Devices
Keshava Organics Private Ltd.,KESHAVA ORGANICS PRIVATE,1,2018-03-15,2018-03-15,False,True,False,True,Drugs
Ket Plug,KET PLUG,1,2026-06-23,2026-06-23,False,True,False,True,Drugs
"Kevin R. Bender, M.D.",KEVIN R BENDER M D,1,2024-05-02,2024-05-02,False,True,False,True,Drugs
Key Surgical LLC,KEY SURGICAL,1,2015-02-20,2015-02-20,True,False,False,True,Devices
"Keystone Laboratories, Inc.",KEYSTONE LABORATORIES,1,2013-03-18,2013-03-18,False,True,False,True,Drugs
Kids Company Ltd Yugengaisha Kids,KIDS YUGENGAISHA KIDS,2,2008-12-03,2015-04-15,True,False,False,True,Devices
Kilitch Healthcare India Limited,KILITCH HEALTHCARE INDIA,1,2024-03-28,2024-03-28,False,True,False,True,Drugs
Kim Chemicals Private Ltd.,KIM CHEMICALS PRIVATE,1,2017-10-16,2017-10-16,False,True,False,True,Drugs
Kimera Labs Inc,KIMERA LABS,1,2023-09-01,2023-09-01,False,False,True,True,Biologics
Kin Meds,KIN MEDS,1,2026-02-20,2026-02-20,False,True,False,True,Drugs
King Bio Inc.,KING BIO,2,2018-01-11,2019-03-20,False,True,False,True,Drugs
King Cone International,KING CONE,1,2010-02-17,2010-02-17,True,False,False,True,Devices
King Systems Corp.,KING SYSTEMS,3,2009-10-26,2023-08-16,True,False,False,True,Devices
Kingdom Harvest,KINGDOM HARVEST,1,2022-05-04,2022-05-04,False,True,False,True,Drugs
Kings Park Slope Inc,KINGS PARK SLOPE,1,2015-03-27,2015-03-27,False,True,False,True,Drugs
"Kirk Pharmaceuticals, LLC",KIRK PHARMACEUTICALS,1,2010-02-04,2010-02-04,False,True,False,True,Drugs
Klarity Medical Products LLC,KLARITY MEDICAL PRODUCTS,1,2020-06-08,2020-06-08,True,False,False,True,Devices
Klinge Chemicals Limited,KLINGE CHEMICALS,1,2010-12-21,2010-12-21,False,True,False,True,Drugs
Ko Da Pharmaceutical Co Ltd,KO DA PHARMACEUTICAL,1,2016-05-27,2016-05-27,False,True,False,True,Drugs
"Kobayashi America Manufacturing, LLC",KOBAYASHI AMERICA MANUFACTURING,1,2023-01-27,2023-01-27,False,True,False,True,Drugs
"Kogniz, Inc.",KOGNIZ,1,2021-03-04,2021-03-04,True,False,False,True,Devices
Kolmar Korea Co. Ltd.,KOLMAR KOREA,1,2018-05-18,2018-05-18,False,True,False,True,Drugs
Konec Inc.,KONEC,1,2010-03-16,2010-03-16,False,True,False,True,Drugs
"Konrad Rejdak, M.D.",KONRAD REJDAK M D,1,2024-05-29,2024-05-29,False,False,True,True,Biologics
KooJoo Trading Company,KOOJOO TRADING,1,2013-06-24,2013-06-24,True,False,False,True,Devices
Kootenai Medical Center IRB,KOOTENAI MEDICAL CENTER IRB,1,2013-11-15,2013-11-15,True,False,False,True,Devices
Kor- Chem Inc,KOR CHEM,1,2023-09-11,2023-09-11,False,True,False,True,Drugs
"Korea Pharma Co., Ltd.",KOREA PHARMA,1,2012-03-26,2012-03-26,False,True,False,True,Drugs
Korea United Pharm,KOREA UNITED PHARM,1,2014-08-07,2014-08-07,False,True,False,True,Drugs
Kottakkal Arya Vaidya Sala,KOTTAKKAL ARYA VAIDYA SALA,1,2022-05-19,2022-05-19,False,True,False,True,Drugs
Kral X-ray Inc.,KRAL X RAY,1,2013-02-21,2013-02-21,True,False,False,True,Devices
Kratom Exchange,KRATOM EXCHANGE,1,2022-06-30,2022-06-30,False,True,False,True,Drugs
KratomNC,KRATOMNC,1,2019-05-16,2019-05-16,False,True,False,True,Drugs
"Krest Holdings, Panama S.A.",KREST PANAMA S A,1,2009-11-17,2009-11-17,False,True,False,True,Drugs
"Kronner Prototypes, Inc.",KRONNER PROTOTYPES,1,2013-05-09,2013-05-09,True,False,False,True,Devices
Kumar Organic Products Limited,KUMAR ORGANIC PRODUCTS,1,2020-04-23,2020-04-23,False,True,False,True,Drugs
"Kunming Aolym Biotech Co.,Ltd",KUNMING AOLYM BIOTECH,1,2023-01-09,2023-01-09,False,True,False,True,Drugs
"Kyowa Hakko Bio Co., Ltd.",KYOWA HAKKO BIO,2,2010-09-29,2018-08-10,False,True,False,True,Drugs
"L Lamar Snow, MD",L LAMAR SNOW MD,1,2010-09-29,2010-09-29,False,True,False,True,Drugs
L. Perrigo Company,L PERRIGO,1,2010-04-29,2010-04-29,False,True,False,True,Drugs
LABORATORIOS DE FUERZA DE LA SALUD S.A DE CV,LABORATORIOS DE FUERZA DE LA SALUD S A DE CV,1,2023-06-22,2023-06-22,False,True,False,True,Drugs
LAPBANDVIP.com,LAPBANDVIP COM,1,2012-06-20,2012-06-20,True,False,False,True,Devices
"LAR NE, LLC",LAR NE,1,2015-12-09,2015-12-09,True,False,False,True,Devices
LASIK Vision Institute LLC,LASIK VISION INSTITUTE,1,2010-02-12,2010-02-12,True,False,False,True,Devices
"LC Medical Concepts, Inc",LC MEDICAL CONCEPTS,1,2019-01-31,2019-01-31,True,False,False,True,Devices
LEADING EDGE HEALTH INC,LEADING EDGE HEALTH,1,2026-06-17,2026-06-17,False,True,False,True,Drugs
"LEC Custom Products, Inc.",LEC CUSTOM PRODUCTS,1,2020-09-24,2020-09-24,False,True,False,True,Drugs
"LEESAR, INC",LEESAR,1,2020-02-18,2020-02-18,False,True,False,True,Drugs
LEVO AG,LEVO,1,2025-07-16,2025-07-16,False,False,True,True,Biologics
"LGM Pharma Solutions, LLC",LGM PHARMA SOLUTIONS,2,2010-09-27,2022-11-14,False,True,False,True,Drugs; Food/Cosmetics
LISA Laser Products OHG,LISA LASER PRODUCTS OHG,1,2013-05-08,2013-05-08,True,False,False,True,Devices
"LNK International, Inc.",LNK,1,2019-09-26,2019-09-26,False,True,False,True,Drugs
LS Promotions Inc.,LS PROMOTIONS,1,2024-08-05,2024-08-05,False,True,False,True,Drugs
LSL Healthcare Inc.,LSL HEALTHCARE,1,2012-03-30,2012-03-30,True,False,False,True,Devices
LUMINATE VENTURES LLC,LUMINATE VENTURES,1,2025-09-09,2025-09-09,False,True,False,True,Drugs
LUS ESSENTIALS LLC,LUS ESSENTIALS,1,2026-05-14,2026-05-14,False,True,False,True,Drugs
LVWellness & Aesthetics,LVWELLNESS AND AESTHETICS,1,2020-10-15,2020-10-15,True,False,False,True,Devices
LXR Biotech,LXR BIOTECH,2,2023-07-17,2025-12-29,False,True,False,True,Drugs; Food/Cosmetics
La Crema De Rebeca,LA CREMA DE REBECA,1,2026-05-14,2026-05-14,False,True,False,True,Drugs
"La Vita Compounding Pharmacy, LLC",LA VITA COMPOUNDING PHARMACY,1,2019-02-28,2019-02-28,False,True,False,True,Drugs
"Laavo Clean, S.A. de C.V.",LAAVO CLEAN S A DE C V,1,2023-08-07,2023-08-07,False,True,False,True,Drugs
Labcorp Bedford LLC.,LABCORP BEDFORD,1,2022-02-10,2022-02-10,False,False,True,True,Biologics
Labcorp- PMD,LABCORP PMD,1,2011-07-18,2011-07-18,True,False,False,True,Devices
Labor LS SE & Co. KG,LABOR LS SE AND KG,1,2011-12-16,2011-12-16,False,True,False,True,Drugs
Laboratoire Atlas Inc.,LABORATOIRE ATLAS,1,2009-06-25,2009-06-25,False,True,False,True,Drugs
Laboratoire Sintyl S.A.,LABORATOIRE SINTYL S A,1,2016-09-29,2016-09-29,False,True,False,True,Drugs
Laboratoires Clarins,LABORATOIRES CLARINS,1,2019-04-23,2019-04-23,False,True,False,True,Drugs
Laboratoires Druide inc.,LABORATOIRES DRUIDE,1,2025-05-29,2025-05-29,False,True,False,True,Drugs
Laboratoria Qualiphar NV,LABORATORIA QUALIPHAR,1,2010-09-30,2010-09-30,False,True,False,True,Drugs
Laboratorio Banco Vida,LABORATORIO BANCO VIDA,1,2020-08-12,2020-08-12,False,False,True,True,Biologics
"Laboratorio Magnachem International, S.A.",LABORATORIO MAGNACHEM S A,1,2024-06-21,2024-06-21,False,True,False,True,Drugs
Laboratorio Pharma International SRL,LABORATORIO PHARMA,1,2021-09-15,2021-09-15,False,True,False,True,Drugs
Laboratorios B. Braun S.A.,LABORATORIOS B BRAUN S A,1,2011-07-26,2011-07-26,True,False,False,True,Devices
"Laboratorios Dentales De Zona Franca, S.A.",LABORATORIOS DENTALES DE ZONA FRANCA S A,1,2020-05-15,2020-05-15,True,False,False,True,Devices
Laboratorios Dr. Collado S.A.,LABORATORIOS DR COLLADO S A,1,2026-06-02,2026-06-02,False,True,False,True,Drugs
Laboratorios Jaloma S.A. de C.V.,LABORATORIOS JALOMA S A DE C V,3,2012-03-09,2026-05-22,False,True,False,True,Drugs
"Laboratorios L.O. Oftalmi, C.A.",LABORATORIOS L O OFTALMI C A,1,2010-05-12,2010-05-12,False,True,False,True,Drugs
Laboratorios Labocont Industrial SRL,LABORATORIOS LABOCONT INDUSTRIAL,1,2018-03-09,2018-03-09,False,True,False,True,Drugs
Laboratorios Quantium Llc,LABORATORIOS QUANTIUM,1,2019-02-28,2019-02-28,False,True,False,True,Drugs
Laboratorios Senosiain SA de CV,LABORATORIOS SENOSIAIN DE CV,1,2014-08-26,2014-08-26,False,True,False,True,Drugs
Labotech Microscopes India Private Limited,LABOTECH MICROSCOPES INDIA PRIVATE,1,2014-04-21,2014-04-21,True,False,False,True,Devices
Lac-Mac Limited,LAC MAC,1,2015-04-01,2015-04-01,True,False,False,True,Devices
"Laclede, Inc.",LACLEDE,1,2013-02-14,2013-02-14,False,True,False,True,Drugs
Ladd Family Pharmacy LLC,LADD FAMILY PHARMACY,1,2017-09-26,2017-09-26,False,True,False,True,Drugs
Lady-comp Usa,LADY COMP,1,2010-12-06,2010-12-06,True,False,False,True,Devices
Laglove Sdn Bhd (M) aka LA Glove,LAGLOVE SDN BHD M AKA LA GLOVE,1,2011-01-20,2011-01-20,True,False,False,True,Devices
Lakpura LLC,LAKPURA,1,2022-10-24,2022-10-24,False,True,False,True,Drugs
Landy International,LANDY,1,2024-06-12,2024-06-12,False,True,False,True,Drugs
"Larken Laboratories, Inc.",LARKEN LABORATORIES,1,2009-11-13,2009-11-13,False,True,False,True,Drugs
Larkin Community Hospital IRB,LARKIN COMMUNITY HOSPITAL IRB,1,2023-01-11,2023-01-11,False,True,False,True,Drugs
Las Villas Health Care LLC,LAS VILLAS HEALTH CARE,1,2025-09-09,2025-09-09,False,True,False,True,Drugs
Laser Dental Innovations,LASER DENTAL INNOVATIONS,1,2018-02-27,2018-02-27,True,False,False,True,Devices
"Laser Energetics, Inc.",LASER ENERGETICS,1,2012-11-29,2012-11-29,True,False,False,True,Devices
"Laser Engineering, Inc.",LASER ENGINEERING,2,2009-01-07,2014-09-25,True,False,False,True,Devices
Laser Eye Care of California,LASER EYE CARE OF CALIFORNIA,2,2009-10-09,2011-10-26,True,False,False,True,Devices
Lasetech LLC,LASETECH,1,2025-03-21,2025-03-21,True,False,False,True,Devices
Lasik Laser,LASIK LASER,1,2010-04-20,2010-04-20,True,False,False,True,Devices
Lasik Plus,LASIK PLUS,1,2009-10-09,2009-10-09,True,False,False,True,Devices
Lasik Plus Houston,LASIK PLUS HOUSTON,1,2009-10-30,2009-10-30,True,False,False,True,Devices
Lasik Plus Vision Center,LASIK PLUS VISION CENTER,1,2010-04-20,2010-04-20,True,False,False,True,Devices
Lasik Vision Institute,LASIK VISION INSTITUTE,6,2009-10-09,2011-12-16,True,False,False,True,Devices
LasikPlus,LASIKPLUS,1,2009-10-09,2009-10-09,True,False,False,True,Devices
LasikPlus Vision Center,LASIKPLUS VISION CENTER,6,2009-10-09,2012-04-03,True,False,False,True,Devices
Latina Pharma S.p.A.,LATINA PHARMA S P A,1,2016-05-20,2016-05-20,False,True,False,True,Drugs
"Laura A. Teasley, M.D.",LAURA A TEASLEY M D,1,2011-10-14,2011-10-14,False,True,False,True,Drugs
"Lauren R. Klein, M.D.",LAUREN R KLEIN M D,1,2021-05-05,2021-05-05,False,True,False,True,Drugs
"Laveeza (nmi) Bhatti, M.D., Principle Investigator",LAVEEZA NMI BHATTI M D PRINCIPLE INVESTIGATOR,1,2017-08-04,2017-08-04,False,True,False,True,Drugs
"Lazzaro, Marc, MD",LAZZARO MARC MD,1,2015-07-09,2015-07-09,True,False,False,True,Devices
Lean Dreams LLC,LEAN DREAMS,1,2025-09-09,2025-09-09,False,True,False,True,Drugs
Led Dental Inc,LED DENTAL,1,2014-05-12,2014-05-12,True,False,False,True,Devices
Lee & Company,LEE AND,1,2014-06-06,2014-06-06,False,True,False,True,Drugs
Leel Tech,LEEL TECH,1,2024-08-07,2024-08-07,True,False,False,True,Devices
Legacy Pharmaceutical Packaging LLC,LEGACY PHARMACEUTICAL PACKAGING,1,2022-10-03,2022-10-03,False,True,False,True,Drugs
Legal Lean,LEGAL LEAN,1,2017-12-11,2017-12-11,False,True,False,True,Drugs
Leica Microsystems NC Inc.,LEICA MICROSYSTEMS NC,1,2011-02-09,2011-02-09,True,False,False,True,Devices
Leisegang Feinmechanick-Optik GmbH,LEISEGANG FEINMECHANICK OPTIK,1,2012-07-11,2012-07-11,True,False,False,True,Devices
Leltek Inc.,LELTEK,1,2025-07-17,2025-07-17,True,False,False,True,Devices
Lelypharma BV,LELYPHARMA,1,2024-01-24,2024-01-24,False,True,False,True,Drugs
"Lepu Medical Technology (Beijing) Co., Ltd.",LEPU MEDICAL TECHNOLOGY BEIJING,1,2021-07-29,2021-07-29,True,False,False,True,Devices
Lernapharm (Loris) Inc.,LERNAPHARM LORIS,1,2018-09-04,2018-09-04,False,True,False,True,Drugs
Les Emballages Facoteck Inc,LES EMBALLAGES FACOTECK,1,2018-08-21,2018-08-21,False,True,False,True,Drugs
Les Encres LLC,LES ENCRES,1,2025-07-30,2025-07-30,True,False,False,True,Devices
Les Importations Herbasante Inc.,LES IMPORTATIONS HERBASANTE,1,2024-01-31,2024-01-31,False,True,False,True,Drugs
"Les Produits Chimiques B.G.R., Inc.",LES PRODUITS CHIMIQUES B G R,1,2018-07-31,2018-07-31,False,True,False,True,Drugs
Lesa Sverid,LESA SVERID,1,2011-04-28,2011-04-28,False,True,False,True,Drugs
Leventon S. A. U.,LEVENTON S A U,1,2018-09-05,2018-09-05,True,False,False,True,Devices
Levity,LEVITY,1,2026-02-20,2026-02-20,False,True,False,True,Drugs
"Lex, Inc.",LEX,1,2023-08-17,2023-08-17,False,True,False,True,Drugs
Lexia LLC,LEXIA,1,2026-04-20,2026-04-20,False,True,False,True,Drugs
Lexion Medical Llc,LEXION MEDICAL,1,2021-07-26,2021-07-26,True,False,False,True,Devices
Lianhuaqingwencaps.com,LIANHUAQINGWENCAPS COM,1,2020-07-06,2020-07-06,False,True,False,True,Drugs
"Libby Laboratories, Inc.",LIBBY LABORATORIES,1,2025-06-27,2025-06-27,False,True,False,True,Drugs
Liberty Drug & Surgical,LIBERTY DRUG AND SURGICAL,1,2016-03-14,2016-03-14,False,True,False,True,Drugs
"Libido Edge Labs, LLC",LIBIDO EDGE LABS,1,2010-06-10,2010-06-10,False,True,False,True,Drugs
Liebel-Flarsheim Company LLC,LIEBEL FLARSHEIM,1,2025-10-17,2025-10-17,False,True,False,True,Drugs
Life Enthusiast Co-op,LIFE ENTHUSIAST OP,1,2025-08-25,2025-08-25,False,True,False,True,Drugs
"Life Recovery Systems HD, LLC",LIFE RECOVERY SYSTEMS HD,2,2010-07-28,2012-02-23,True,False,False,True,Devices
"Life Unlearned, LLC",LIFE UNLEARNED,1,2020-05-19,2020-05-19,False,True,False,True,Drugs
LifeNet Health,LIFENET HEALTH,1,2010-12-02,2010-12-02,True,False,False,True,Devices
LifeSecure Emergency Solutions,LIFESECURE EMERGENCY SOLUTIONS,1,2009-05-12,2009-05-12,True,False,False,True,Devices
LifeServe Blood Center,LIFESERVE BLOOD CENTER,1,2013-08-09,2013-08-09,False,False,True,True,Biologics
LifeSouth Community Blood Centers Inc,LIFESOUTH COMMUNITY BLOOD CENTERS,1,2012-01-30,2012-01-30,False,False,True,True,Biologics
"LifeVac, LLC",LIFEVAC,1,2025-09-18,2025-09-18,True,False,False,True,Devices
"Lifetech Resources, LLC",LIFETECH RESOURCES,1,2011-04-18,2011-04-18,False,True,False,True,Drugs
Lifewatch Services Inc,LIFEWATCH SERVICES,1,2012-12-17,2012-12-17,True,False,False,True,Devices
"Light Age, Inc.",LIGHT AGE,1,2018-01-24,2018-01-24,True,False,False,True,Devices
"Light Portal Technologies, LLC",LIGHT PORTAL TECHNOLOGIES,1,2014-05-21,2014-05-21,True,False,False,True,Devices
"Light-Tech, Inc.",LIGHT TECH,1,2011-12-09,2011-12-09,True,False,False,True,Devices
LightEyez Limited,LIGHTEYEZ,1,2024-02-15,2024-02-15,False,True,False,True,Drugs
"Lijiang Yinghua Biochemical and Pharmaceutical Co., Ltd.",LIJIANG YINGHUA BIOCHEMICAL AND PHARMACEUTICAL,1,2018-04-19,2018-04-19,False,True,False,True,Drugs
"Lilly del Caribe, Inc.",LILLY DEL CARIBE,1,2010-02-05,2010-02-05,False,True,False,True,Drugs
Lima & Pergher Industria e Comercio S/A,LIMA AND PERGHER INDUSTRIA E COMERCIO S A,1,2016-08-26,2016-08-26,False,True,False,True,Drugs
Lime Essentials,LIME ESSENTIALS,1,2012-09-28,2012-09-28,True,False,False,True,Devices
"Limpo Quimicos, SA de CV",LIMPO QUIMICOS DE CV,1,2021-09-30,2021-09-30,False,True,False,True,Drugs
"Lin, Henry MD",LIN HENRY MD,1,2010-03-08,2010-03-08,False,True,False,True,Drugs
Linda D. Bosserman,LINDA D BOSSERMAN,1,2011-07-19,2011-07-19,False,True,False,True,Drugs
Linde Gas & Equiment Inc.,LINDE GAS AND EQUIMENT,1,2015-01-07,2015-01-07,True,False,False,True,Devices
Linemaster Switch Corporation,LINEMASTER SWITCH,1,2026-05-27,2026-05-27,True,False,False,True,Devices
Linet Spol. S.r.o.,LINET SPOL S R O,1,2013-03-01,2013-03-01,True,False,False,True,Devices
"Linghai ZhanWang Biotechnology Co., Ltd",LINGHAI ZHANWANG BIOTECHNOLOGY,1,2025-02-25,2025-02-25,False,True,False,True,Drugs
Linkwin Technology Co Ltd,LINKWIN TECHNOLOGY,1,2015-11-05,2015-11-05,True,False,False,True,Devices
"Linzer, Dov M.D.",LINZER DOV M D,1,2009-06-12,2009-06-12,False,True,False,True,Drugs
Liq-E S.A. De C.V.,LIQ E S A DE C V,1,2020-11-19,2020-11-19,False,True,False,True,Drugs
"LiquidCapsule Manufacturing, LLC",LIQUIDCAPSULE MANUFACTURING,2,2015-05-15,2025-12-19,False,True,False,True,Drugs; Food/Cosmetics
Little Moon Essentials LLC,LITTLE MOON ESSENTIALS,1,2024-09-17,2024-09-17,False,True,False,True,Drugs
LivaNova Deutschland GmbH,LIVANOVA DEUTSCHLAND,2,2011-08-02,2015-12-29,True,False,False,True,Devices
Live Well RX,LIVE WELL RX,1,2025-09-09,2025-09-09,False,True,False,True,Drugs
Liveyon Labs Inc,LIVEYON LABS,1,2019-12-05,2019-12-05,False,False,True,True,Biologics
"Living Senior, LLC",LIVING SENIOR,1,2020-08-19,2020-08-19,False,True,False,True,Drugs
Lloyd Industries Inc.,LLOYD INDUSTRIES,1,2011-03-23,2011-03-23,True,False,False,True,Devices
LockDown Medical Ltd.,LOCKDOWN MEDICAL,1,2014-09-11,2014-09-11,True,False,False,True,Devices
Logix Biosciences Inc.,LOGIX BIOSCIENCES,1,2022-03-28,2022-03-28,False,True,False,True,Drugs
Lohxa LLC,LOHXA,1,2019-09-10,2019-09-10,False,True,False,True,Drugs
"Lone Star Medical Products, Inc.",LONE STAR MEDICAL PRODUCTS,1,2013-04-25,2013-04-25,True,False,False,True,Devices
Longbow First Aid Products Manufactory,LONGBOW FIRST AID PRODUCTS MANUFACTORY,1,2018-12-14,2018-12-14,False,True,False,True,Drugs
Longhorn Vaccines And Diagnostics LLC,LONGHORN VACCINES AND DIAGNOSTICS,1,2026-02-27,2026-02-27,True,False,False,True,Devices
Longood Medicine (Beijing) Co Ltd,LONGOOD MEDICINE BEIJING,1,2018-08-28,2018-08-28,False,True,False,True,Drugs
"Lonza Biologics, Inc.",LONZA BIOLOGICS,1,2011-09-01,2011-09-01,False,True,False,True,Drugs
"Lonza Walkersville, Inc.",LONZA WALKERSVILLE,1,2017-04-21,2017-04-21,True,False,False,True,Devices
Loop Plaza Pharmacy Company DBA Loop Compounding Pharmacy,LOOP PLAZA PHARMACY LOOP COMPOUNDING PHARMACY,1,2017-09-20,2017-09-20,False,True,False,True,Drugs
Lorna Hillier,LORNA HILLIER,1,2009-11-17,2009-11-17,False,True,False,True,Drugs
Lotus Herbal Supplements,LOTUS HERBAL SUPPLEMENTS,1,2020-07-06,2020-07-06,False,True,False,True,Drugs
"Louise Taber, MD",LOUISE TABER MD,1,2014-10-09,2014-10-09,False,True,False,True,Drugs
Louisiana State University Health Sciences Center IRB,LOUISIANA STATE UNIVERSITY HEALTH SCIENCES CENTER IRB,1,2024-09-27,2024-09-27,False,True,False,True,Drugs
Louisville Reproductive Center,LOUISVILLE REPRODUCTIVE CENTER,2,2017-08-29,2026-01-23,False,False,True,True,Biologics
Lovega LLC,LOVEGA,1,2026-03-31,2026-03-31,False,True,False,True,Drugs
Lovely Meds,LOVELY MEDS,1,2025-09-09,2025-09-09,False,True,False,True,Drugs
Loyal Great International Ltd.,LOYAL GREAT,1,2020-06-26,2020-06-26,False,True,False,True,Drugs
Lucero Medical LLC,LUCERO MEDICAL,1,2012-03-21,2012-03-21,True,False,False,True,Devices
"Lucky Beauty Equipment Co., LTD.",LUCKY BEAUTY EQUIPMENT,1,2014-01-15,2014-01-15,True,False,False,True,Devices
Lucky Board Manufacturing,LUCKY BOARD MANUFACTURING,1,2013-06-20,2013-06-20,True,False,False,True,Devices
Lucy's Weight Loss (dba. Waisted With Lucy),LUCY S WEIGHT LOSS WAISTED WITH LUCY,1,2016-02-17,2016-02-17,False,True,False,True,Drugs
Luen Fook Medicine Sdn. Bhd.,LUEN FOOK MEDICINE SDN BHD,1,2019-04-08,2019-04-08,False,True,False,True,Drugs
Luen Wah (HK) Medicine Ltd,LUEN WAH HK MEDICINE,1,2018-04-06,2018-04-06,False,True,False,True,Drugs
"Luis J. Pena-Hernandez, M.D.",LUIS J PENA HERNANDEZ M D,1,2023-09-20,2023-09-20,False,True,False,True,Drugs
LumiQuick Diagnostics Inc.,LUMIQUICK DIAGNOSTICS,2,2013-07-31,2014-04-01,True,False,False,True,Devices
Lumis Global Pharmaceuticals Co. Ltd.,LUMIS GLOBAL PHARMACEUTICALS,1,2017-03-02,2017-03-02,False,True,False,True,Drugs
Lupin Limited,LUPIN,5,2009-05-07,2022-09-27,False,True,False,True,Drugs
"Lusys Laboratories, Inc.",LUSYS LABORATORIES,2,2015-09-30,2022-02-18,True,False,False,True,Devices
Luv N' Care Ltd,LUV N CARE,1,2009-09-11,2009-09-11,True,False,False,True,Devices
Lux Therapeutics LLC,LUX THERAPEUTICS,1,2025-11-25,2025-11-25,False,False,True,True,Biologics
Lydia Co Ltd.,LYDIA,1,2023-06-26,2023-06-26,False,True,False,True,Drugs
Lymol Medical Corporation,LYMOL MEDICAL,1,2020-04-07,2020-04-07,True,False,False,True,Devices
M Dialysis AB,M DIALYSIS,1,2018-06-14,2018-06-14,True,False,False,True,Devices
"M Six Labs, Inc.",M SIX LABS,1,2022-05-04,2022-05-04,False,True,False,True,Drugs; Food/Cosmetics
M W Laboratories Inc,M W LABORATORIES,1,2009-12-09,2009-12-09,False,True,False,True,Drugs
"M&M Beauty and Wellness, LLC",M AND M BEAUTY AND WELLNESS,1,2022-04-13,2022-04-13,False,True,False,True,Drugs
M.i. Tech Co Ltd,M I TECH,1,2010-07-29,2010-07-29,True,False,False,True,Devices
MACSEN DRUGS,MACSEN DRUGS,1,2025-03-05,2025-03-05,False,True,False,True,Drugs
MADHU MAHITA LLC,MADHU MAHITA,1,2025-11-17,2025-11-17,False,True,False,True,Drugs
MAKRA KOZMETIKA D.O.O.,MAKRA KOZMETIKA D O O,1,2024-09-26,2024-09-26,False,True,False,True,Drugs
MANDELAY KFT,MANDELAY KFT,1,2020-02-03,2020-02-03,True,False,False,True,Devices
MANHATTAN STITCHING CO,MANHATTAN STITCHING,1,2021-04-13,2021-04-13,True,False,False,True,Devices
MANI HANOI CO. LTD,MANI HANOI,1,2014-06-11,2014-06-11,True,False,False,True,Devices
MARC STEINER,MARC STEINER,1,2026-03-31,2026-03-31,False,True,False,True,Drugs
MARCI BEAUTY LLC,MARCI BEAUTY,1,2021-02-02,2021-02-02,True,False,False,True,Devices
MAST Biosurgery USA Inc,MAST BIOSURGERY,1,2025-12-17,2025-12-17,True,False,False,True,Devices
MBB Production Mexico S. de R.L. de C.V.,MBB PRODUCTION MEXICO S DE R L DE C V,1,2019-12-13,2019-12-13,False,True,False,True,Drugs
"MD Pharmaceutical Supply, LLC",MD PHARMACEUTICAL SUPPLY,1,2022-11-23,2022-11-23,False,True,False,True,Drugs
"MEDDEV USA, INC.",MEDDEV,1,2012-10-09,2012-10-09,True,False,False,True,Devices
MEDGEL PRIVATE LIMITED,MEDGEL PRIVATE,1,2023-07-20,2023-07-20,False,True,False,True,Drugs
"MEDHOST of Tennessee, Inc.",MEDHOST OF TENNESSEE,1,2010-10-20,2010-10-20,True,False,False,True,Devices
MEDIA NETWORKS SYDNEY PTY LIMITED,MEDIA NETWORKS SYDNEY PTY,2,2024-08-15,2025-09-18,False,True,False,True,Drugs
MEDICAMAT S.A.,MEDICAMAT S A,1,2013-04-19,2013-04-19,True,False,False,True,Devices
MEDINVENTS NV,MEDINVENTS,1,2013-06-06,2013-06-06,True,False,False,True,Devices
MEDOLIFE CORP,MEDOLIFE,1,2023-04-19,2023-04-19,False,True,False,True,Drugs
MEDVi,MEDVI,1,2026-02-20,2026-02-20,False,True,False,True,Drugs
MG Infusions,MG INFUSIONS,1,2025-03-10,2025-03-10,False,False,True,True,Biologics
MI Hope Inc. dba Center for Complex Infectious Diseases IRB,MI HOPE CENTER FOR COMPLEX INFECTIOUS DISEASES IRB,1,2009-10-19,2009-10-19,False,True,False,True,Drugs
MICHIGAN HERBAL REMEDIES,MICHIGAN HERBAL REMEDIES,1,2016-02-04,2016-02-04,False,True,False,True,Drugs
"MICROspecialties, LLC",MICROSPECIALTIES,2,2011-06-28,2025-05-08,True,False,False,True,Devices
MKL DIAGNOSTICS AB,MKL DIAGNOSTICS,1,2014-07-29,2014-07-29,True,False,False,True,Devices
MMC HEALTHCARE LTD.,MMC HEALTHCARE,1,2024-09-24,2024-09-24,False,True,False,True,Drugs
MMStabs.com,MMSTABS COM,1,2020-08-03,2020-08-03,False,True,False,True,Drugs
MOLECULAR TESTING LABS,MOLECULAR TESTING LABS,1,2024-10-11,2024-10-11,False,False,True,True,Biologics
MOLLUSCUMRX,MOLLUSCUMRX,1,2023-08-18,2023-08-18,False,True,False,True,Drugs
MONQ,MONQ,1,2022-06-30,2022-06-30,False,True,False,True,Drugs
MOORE'S PHARMACY INC,MOORE S PHARMACY,1,2018-01-16,2018-01-16,False,True,False,True,Drugs
MP Biomedicals Diagnostics Division,MP BIOMEDICALS DIAGNOSTICS DIVISION,1,2010-08-02,2010-08-02,True,False,False,True,Devices
MPP PHARMA LLC,MPP PHARMA,1,2009-04-27,2009-04-27,False,True,False,True,Drugs
"MR. PINK COLLECTIONS, LLC",MR PINK COLLECTIONS,1,2019-11-22,2019-11-22,False,True,False,True,Drugs
MRI Imaging Specialist,MRI IMAGING SPECIALIST,1,2016-03-17,2016-03-17,True,False,False,True,Devices
"MRP, LLC",MRP,1,2009-04-03,2009-04-03,True,False,False,True,Devices
"MSM Nutraceuticals, LLC dba MSM Health Solutions",MSM NUTRACEUTICALS MSM HEALTH SOLUTIONS,1,2019-10-24,2019-10-24,False,True,False,True,Drugs
MTI Precision Products LLC.,MTI PRECISION PRODUCTS,1,2014-06-06,2014-06-06,True,False,False,True,Devices
"MWT Materials, Inc.",MWT MATERIALS,1,2015-08-06,2015-08-06,True,False,False,True,Devices
"MXL Comercial, SA de CV",MXL COMERCIAL DE CV,1,2020-11-10,2020-11-10,False,True,False,True,Drugs
MYM Hidrominerales S. de RL. de C.V.,MYM HIDROMINERALES S DE RL DE C V,1,2021-04-09,2021-04-09,False,True,False,True,Drugs
Macau-Union Pharmaceutical Limited,MACAU UNION PHARMACEUTICAL,1,2026-05-29,2026-05-29,False,True,False,True,Drugs
Macco Organiques Inc.,MACCO ORGANIQUES,1,2010-12-10,2010-12-10,False,True,False,True,Drugs
Madespa S.A.,MADESPA S A,1,2008-10-02,2008-10-02,True,False,False,True,Devices
Madhu Instruments Private Limited,MADHU INSTRUMENTS PRIVATE,1,2024-02-01,2024-02-01,False,True,False,True,Drugs
Madison Polymeric Engineering,MADISON POLYMERIC ENGINEERING,1,2015-04-22,2015-04-22,True,False,False,True,Devices
"Magellan Diagnostics, Inc.",MAGELLAN DIAGNOSTICS,2,2017-10-23,2025-12-23,True,False,False,True,Devices
"Magellan Rx Pharmacy, LLC",MAGELLAN RX PHARMACY,1,2017-09-11,2017-09-11,False,True,False,True,Drugs
"Maggie A. Jeffries, M.D.",MAGGIE A JEFFRIES M D,1,2023-03-03,2023-03-03,False,True,False,True,Drugs
"Magnolia Medical Technologies, Inc.",MAGNOLIA MEDICAL TECHNOLOGIES,1,2021-09-17,2021-09-17,True,False,False,True,Devices
Mahendra Chemicals,MAHENDRA CHEMICALS,1,2015-07-13,2015-07-13,False,True,False,True,Drugs
Mahita LLC,MAHITA,2,2021-08-19,2025-11-17,False,True,False,True,Drugs
Mahoney Property Ltd,MAHONEY PROPERTY,1,2024-03-25,2024-03-25,False,True,False,True,Drugs
"Mainline Technology, Inc.",MAINLINE TECHNOLOGY,1,2009-01-23,2009-01-23,True,False,False,True,Devices
Maison Blanche LLC,MAISON BLANCHE,1,2023-09-14,2023-09-14,False,True,False,True,Drugs
"Maison Terre, LLC",MAISON TERRE,1,2021-04-01,2021-04-01,False,True,False,True,Drugs
Maitland Labs of Central Florida,MAITLAND LABS OF CENTRAL FLORIDA,1,2021-08-10,2021-08-10,False,True,False,True,Drugs
"Malcolm, Mathew PhD., OTR",MALCOLM MATHEW PHD OTR,1,2012-05-22,2012-05-22,True,False,False,True,Devices
Malladi Drugs and Pharmaceuticals Ltd.,MALLADI DRUGS AND PHARMACEUTICALS,1,2018-03-09,2018-03-09,False,True,False,True,Drugs
Mallinckrodt Hospital Products Inc.,MALLINCKRODT HOSPITAL PRODUCTS,1,2009-03-30,2009-03-30,False,True,False,True,Drugs
Mandell's Clinical Pharmacy,MANDELL S CLINICAL PHARMACY,1,2020-06-10,2020-06-10,False,True,False,True,Drugs
"Mane And Steel, LLC.",MANE AND STEEL,1,2025-09-09,2025-09-09,False,True,False,True,Drugs
Manhattan Regenerative Medicine Medical Group,MANHATTAN REGENERATIVE MEDICINE MEDICAL,1,2015-12-30,2015-12-30,False,False,True,True,Biologics
"Manhattan Reproductive Medicine, PC",MANHATTAN REPRODUCTIVE MEDICINE PC,1,2013-11-20,2013-11-20,False,False,True,True,Biologics
"Manish Mehta, MD",MANISH MEHTA MD,1,2012-02-21,2012-02-21,True,False,False,True,Devices
Mantro Force,MANTRO FORCE,1,2026-06-17,2026-06-17,False,True,False,True,Drugs
"Manuel J. Quinones, M.D.",MANUEL J QUINONES M D,1,2009-03-03,2009-03-03,False,True,False,True,Drugs
Mapa Gmbh,MAPA,1,2013-12-31,2013-12-31,True,False,False,True,Devices
"Maple Rose Enterprises, Inc, dba Pencol Pharmacy",MAPLE ROSE ENTERPRISES PENCOL PHARMACY,1,2017-08-03,2017-08-03,False,True,False,True,Drugs
Mappel Industria de Embalagens S.A.,MAPPEL INDUSTRIA DE EMBALAGENS S A,1,2016-09-12,2016-09-12,False,True,False,True,Drugs
Maquet Cardiopulmonary Gmbh,MAQUET CARDIOPULMONARY,1,2014-12-04,2014-12-04,True,False,False,True,Devices
"Maquet Cardiovascular, LLC",MAQUET CARDIOVASCULAR,1,2010-08-11,2010-08-11,True,False,False,True,Devices
Maquiladora Miniara SA de CV,MAQUILADORA MINIARA DE CV,1,2021-12-15,2021-12-15,False,True,False,True,Drugs
Marco Antonio Rodriguez Fierro,MARCO ANTONIO RODRIGUEZ FIERRO,1,2021-03-01,2021-03-01,False,True,False,True,Drugs
"Marcus Research Laboratory, Inc.",MARCUS RESEARCH LABORATORY,1,2021-09-30,2021-09-30,False,True,False,True,Drugs
Marel Corporation,MAREL,1,2014-08-11,2014-08-11,True,False,False,True,Devices
"Margaret E. Thurmond-Anderle, M.D./AAMR Research Clinic",MARGARET E THURMOND ANDERLE M D AAMR RESEARCH CLINIC,1,2011-02-25,2011-02-25,False,True,False,True,Drugs
Maria A. Carballosa MD,MARIA A CARBALLOSA MD,1,2025-12-12,2025-12-12,False,True,False,True,Drugs
"Maria W. Greenwald, M.D.",MARIA W GREENWALD M D,1,2023-10-20,2023-10-20,False,True,False,True,Drugs
Marina Medical Instruments Inc.,MARINA MEDICAL INSTRUMENTS,1,2009-04-21,2009-04-21,True,False,False,True,Devices
"Mariposa Labs, LLC",MARIPOSA LABS,1,2019-03-14,2019-03-14,False,True,False,True,Drugs
"Mark Berman, M.D.",MARK BERMAN M D,1,2019-02-13,2019-02-13,True,False,False,True,Devices
"Mark Dacey, M.D.",MARK DACEY M D,1,2026-02-02,2026-02-02,False,True,False,True,Drugs
"Mark Savant, M.D.",MARK SAVANT M D,1,2025-06-26,2025-06-26,False,True,False,True,Drugs
Marketview Research,MARKETVIEW RESEARCH,1,2009-08-18,2009-08-18,False,True,False,True,Drugs
Marks Marine Pharmacy,MARKS MARINE PHARMACY,1,2012-08-23,2012-08-23,False,True,False,True,Drugs
Marlen Manufacturing & Development Co.,MARLEN MANUFACTURING AND DEVELOPMENT,1,2009-08-28,2009-08-28,True,False,False,True,Devices
"Marli Washington Design, LLC",MARLI WASHINGTON DESIGN,1,2025-12-16,2025-12-16,True,False,False,True,Devices
Marshalls Traditional Healthcare CC,MARSHALLS TRADITIONAL HEALTHCARE CC,1,2025-02-10,2025-02-10,False,True,False,True,Drugs
"Martech Medical Products, Inc.",MARTECH MEDICAL PRODUCTS,1,2015-04-10,2015-04-10,True,False,False,True,Devices
"Martin Avenue Pharmacy, Inc.",MARTIN AVENUE PHARMACY,1,2015-03-18,2015-03-18,False,True,False,True,Drugs
"Martin K. Dineen, M.D.",MARTIN K DINEEN M D,1,2008-12-22,2008-12-22,True,False,False,True,Devices
Martin N. Zaiac,MARTIN N ZAIAC,1,2011-03-21,2011-03-21,False,True,False,True,Drugs
Maryland Specialty and Compounding Pharmacy,MARYLAND SPECIALTY AND COMPOUNDING PHARMACY,1,2017-04-03,2017-04-03,False,True,False,True,Drugs
Mask Supply Store,MASK SUPPLY STORE,1,2021-05-21,2021-05-21,True,False,False,True,Devices
Massco Dental,MASSCO DENTAL,1,2023-02-23,2023-02-23,False,True,False,True,Drugs
Master Paints & Chemical Corp,MASTER PAINTS AND CHEMICAL,1,2024-03-13,2024-03-13,False,True,False,True,Drugs
Master Pharmaceuticals Group,MASTER PHARMACEUTICALS,1,2025-09-09,2025-09-09,False,True,False,True,Drugs
MasterPharm LLC,MASTERPHARM,2,2016-01-08,2021-07-19,False,True,False,True,Drugs
Matrix Pharmacorp Private Limited,MATRIX PHARMACORP PRIVATE,2,2019-11-05,2020-08-20,False,True,False,True,Drugs
Matte Beauty,MATTE BEAUTY,1,2024-07-25,2024-07-25,False,True,False,True,Drugs
Matthew 7:25 Inc dba Thrive Pharmacy,MATTHEW 7 25 THRIVE PHARMACY,1,2021-07-23,2021-07-23,False,True,False,True,Drugs
"Matthew N. Songer, MD",MATTHEW N SONGER MD,1,2010-08-27,2010-08-27,True,False,False,True,Devices
Matxi S.G.,MATXI S G,1,2019-04-29,2019-04-29,False,True,False,True,Drugs
Max Chemical Inc,MAX CHEMICAL,1,2024-06-20,2024-06-20,False,True,False,True,Drugs
"Maximus Health, Inc.",MAXIMUS HEALTH,1,2026-06-08,2026-06-08,False,True,False,True,Drugs
Maxlife,MAXLIFE,1,2026-02-20,2026-02-20,False,True,False,True,Drugs
"Mayer Laboratories, Inc.",MAYER LABORATORIES,1,2011-07-05,2011-07-05,True,False,False,True,Devices
Mayfair Medical Supplies Ltd,MAYFAIR MEDICAL SUPPLIES,1,2014-09-23,2014-09-23,True,False,False,True,Devices
Mayon's Pharmaceuticals Private Ltd,MAYON S PHARMACEUTICALS PRIVATE,1,2020-09-04,2020-09-04,False,True,False,True,Drugs
Mb Industria Cirurgica Ltda,MB INDUSTRIA CIRURGICA LTDA,1,2017-08-04,2017-08-04,True,False,False,True,Devices
McCallum Manufacturing Limited,MCCALLUM MANUFACTURING,1,2018-04-09,2018-04-09,False,True,False,True,Drugs
McDaniel Life-Line LLC,MCDANIEL LIFE LINE,1,2019-05-16,2019-05-16,False,True,False,True,Drugs
"McDaniel Water, LLC",MCDANIEL WATER,1,2021-09-07,2021-09-07,False,True,False,True,Drugs
McKesson Corporation Headquarters,MCKESSON HEADQUARTERS,1,2019-02-07,2019-02-07,False,True,False,True,Drugs
Mcconnell Labs Inc,MCCONNELL LABS,1,2022-10-18,2022-10-18,False,True,False,True,Drugs
Measured,MEASURED,1,2026-02-20,2026-02-20,False,True,False,True,Drugs
"Mectra Labs, Inc.",MECTRA LABS,1,2013-11-14,2013-11-14,True,False,False,True,Devices
Mectronic Medicale S.R.L.,MECTRONIC MEDICALE S R L,1,2025-06-27,2025-06-27,True,False,False,True,Devices
Med Light Ltd,MED LIGHT,1,2009-11-18,2009-11-18,False,True,False,True,Drugs
"Med Pen Concepts, LLC",MED PEN CONCEPTS,1,2022-09-15,2022-09-15,True,False,False,True,Devices
"Med Prep Consulting, Inc.",MED PREP CONSULTING,1,2010-07-09,2010-07-09,False,True,False,True,Drugs
Med Shop Total Care Inc.,MED SHOP TOTAL CARE,2,2019-07-30,2022-03-18,False,True,False,True,Drugs; Veterinary
"Med-Mizer, Inc.",MED MIZER,1,2014-07-22,2014-07-22,True,False,False,True,Devices
MedChem Inc. dba Express Medical Supplies,MEDCHEM EXPRESS MEDICAL SUPPLIES,1,2009-05-14,2009-05-14,True,False,False,True,Devices
MedClub by Dr. Jenn,MEDCLUB BY DR JENN,1,2025-09-09,2025-09-09,False,True,False,True,Drugs
MedOffice Saglik Endustri Anonim Sirketi,MEDOFFICE SAGLIK ENDUSTRI ANONIM SIRKETI,1,2024-10-23,2024-10-23,False,True,False,True,Drugs
"MedPark Pharmacy, LLC",MEDPARK PHARMACY,1,2018-03-05,2018-03-05,False,True,False,True,Drugs
"Medaesthetics International, LLC",MEDAESTHETICS,2,2013-01-03,2026-04-28,True,False,False,True,Devices
Medakit Ltd,MEDAKIT,1,2020-06-10,2020-06-10,True,False,False,True,Devices
Medart A /S,MEDART A S,1,2012-11-19,2012-11-19,True,False,False,True,Devices
"Medaus, Inc.",MEDAUS,2,2014-01-15,2018-03-08,False,True,False,True,Drugs
Medefil Incorporated,MEDEFIL,1,2010-06-10,2010-06-10,True,False,False,True,Devices
Medela Inc,MEDELA,1,2011-02-25,2011-02-25,True,False,False,True,Devices
Medi-Fare Drug,MEDI FARE DRUG,1,2013-03-07,2013-03-07,False,True,False,True,Drugs
Mediagnost GmbH,MEDIAGNOST,1,2012-05-09,2012-05-09,True,False,False,True,Devices
Medibo N.V.,MEDIBO N V,1,2009-10-02,2009-10-02,True,False,False,True,Devices
Medica Outlet,MEDICA OUTLET,1,2015-06-01,2015-06-01,True,False,False,True,Devices
Medica Weightloss,MEDICA WEIGHTLOSS,1,2026-06-08,2026-06-08,False,True,False,True,Drugs
"Medica-Rents Co., Ltd.",MEDICA RENTS,1,2012-02-23,2012-02-23,True,False,False,True,Devices
Medical & Clinical Consortium Inc,MEDICAL AND CLINICAL CONSORTIUM,1,2009-02-02,2009-02-02,True,False,False,True,Devices
"Medical Accessories, Inc.",MEDICAL ACCESSORIES,1,2009-07-30,2009-07-30,True,False,False,True,Devices
"Medical Center Pharmacy, Inc.",MEDICAL CENTER PHARMACY,1,2017-07-21,2017-07-21,False,True,False,True,Drugs
Medical Central Health System IRB #1,MEDICAL CENTRAL HEALTH SYSTEM IRB 1,1,2010-06-22,2010-06-22,True,False,False,True,Devices
Medical Chemical Corporation,MEDICAL CHEMICAL,1,2025-07-09,2025-07-09,False,True,False,True,Drugs
"Medical Components, Inc",MEDICAL COMPONENTS,1,2015-04-02,2015-04-02,True,False,False,True,Devices
Medical Compression Systems DBN Ltd.,MEDICAL COMPRESSION SYSTEMS DBN,1,2011-10-21,2011-10-21,True,False,False,True,Devices
Medical Cosmetic Enhancements,MEDICAL COSMETIC ENHANCEMENTS,1,2010-04-05,2010-04-05,False,True,False,True,Drugs
Medical Device Resource Corporation,MEDICAL DEVICE RESOURCE,2,2012-10-09,2013-09-20,True,False,False,True,Devices
Medical Foods LLC,MEDICAL FOODS,3,2010-04-08,2017-03-29,False,True,False,True,Drugs
Medical Mega,MEDICAL MEGA,1,2025-11-13,2025-11-13,False,True,False,True,Drugs
"Medical Mikes, Inc.",MEDICAL MIKES,1,2023-01-10,2023-01-10,False,True,False,True,Drugs
Medical Positioning Inc,MEDICAL POSITIONING,1,2011-04-18,2011-04-18,True,False,False,True,Devices
"Medical Products Laboratories, Inc.",MEDICAL PRODUCTS LABORATORIES,1,2026-04-09,2026-04-09,False,True,False,True,Drugs
Medical Quant USA Inc.,MEDICAL QUANT,1,2012-01-09,2012-01-09,True,False,False,True,Devices
Medical Specialties of California,MEDICAL SPECIALTIES OF CALIFORNIA,1,2016-08-15,2016-08-15,True,False,False,True,Devices
Medical Supplies Corporation,MEDICAL SUPPLIES,1,2011-11-21,2011-11-21,True,False,False,True,Devices
Medical Supply Liquidators Llc,MEDICAL SUPPLY LIQUIDATORS,1,2015-01-09,2015-01-09,False,True,False,True,Drugs
"Medicepts, Inc.",MEDICEPTS,1,2011-01-25,2011-01-25,True,False,False,True,Devices
"Medinatura New Mexico, inc.",MEDINATURA NEW MEXICO,2,2020-06-11,2025-12-10,False,True,False,True,Drugs
Medinol Ltd.,MEDINOL,1,2014-07-29,2014-07-29,True,False,False,True,Devices
"Medisca, Inc.",MEDISCA,1,2015-11-25,2015-11-25,False,True,False,True,Drugs
MedisourceRx,MEDISOURCERX,1,2025-12-12,2025-12-12,False,True,False,True,Drugs
Medispec Ltd,MEDISPEC,1,2010-03-12,2010-03-12,True,False,False,True,Devices
"Medispec, Ltd.",MEDISPEC,1,2010-03-12,2010-03-12,True,False,False,True,Devices
Meditech KFT,MEDITECH KFT,1,2012-07-18,2012-07-18,True,False,False,True,Devices
"Meditech Laboratories, Inc",MEDITECH LABORATORIES,1,2016-10-19,2016-10-19,False,True,False,True,Drugs
Meditherm Inc.,MEDITHERM,2,2011-03-22,2011-04-04,True,False,False,True,Devices
"Meditrend, Inc.",MEDITREND,1,2009-08-18,2009-08-18,False,True,False,True,Drugs
Medivance Instruments Ltd.,MEDIVANCE INSTRUMENTS,1,2023-02-13,2023-02-13,True,False,False,True,Devices
Medivera Compounding Pharmacy,MEDIVERA COMPOUNDING PHARMACY,1,2016-02-26,2016-02-26,False,True,False,True,Drugs
Medlife Pharmacy and Compounding,MEDLIFE PHARMACY AND COMPOUNDING,1,2020-04-30,2020-04-30,False,True,False,True,Drugs
Medolife Corp,MEDOLIFE,1,2023-04-19,2023-04-19,False,True,False,True,Drugs
Medoz Pharmacy of Polk Inc,MEDOZ PHARMACY OF POLK,1,2020-09-25,2020-09-25,False,True,False,True,Drugs
"Medpharm, LLC",MEDPHARM,1,2011-12-20,2011-12-20,False,True,False,True,Drugs
Meds India LTD,MEDS INDIA,1,2015-06-08,2015-06-08,False,True,False,True,Drugs
Medsnoscript,MEDSNOSCRIPT,1,2013-02-11,2013-02-11,False,True,False,True,Drugs
"Medsource, Inc.",MEDSOURCE,1,2015-09-24,2015-09-24,True,False,False,True,Devices
Medsys s.a.,MEDSYS S A,1,2013-02-05,2013-02-05,True,False,False,True,Devices
"Medtronic Navigation, Inc.",MEDTRONIC NAVIGATION,1,2010-05-07,2010-05-07,True,False,False,True,Devices
Medtronic Neuromodulation,MEDTRONIC NEUROMODULATION,1,2012-07-17,2012-07-17,True,False,False,True,Devices
Medtronic Puerto Rico Operations Co.,MEDTRONIC PUERTO RICO OPERATIONS,2,2009-06-01,2018-08-23,True,False,False,True,Devices
Medys S.p.A.,MEDYS S P A,1,2013-05-14,2013-05-14,True,False,False,True,Devices
"MegaLabs USA, LLC",MEGALABS,1,2009-12-21,2009-12-21,True,False,False,True,Devices
Megafine Pharma (P) Limited,MEGAFINE PHARMA P,2,2016-05-19,2017-02-24,False,True,False,True,Drugs
Megsan Labs Private Limited,MEGSAN LABS PRIVATE,1,2026-03-03,2026-03-03,False,True,False,True,Drugs
"Mehran Michael Bahrami, M.D.",MEHRAN MICHAEL BAHRAMI M D,1,2025-03-05,2025-03-05,False,True,False,True,Drugs
"Mei Lan (Thailand) Company, Ltd.",MEI LAN THAILAND,1,2024-01-25,2024-01-25,False,True,False,True,Drugs
Mekt Llc,MEKT,1,2009-08-18,2009-08-18,False,True,False,True,Drugs
Mel Honey US,MEL HONEY,1,2025-08-25,2025-08-25,False,True,False,True,Drugs
"Melanie M Hoppers, MD",MELANIE M HOPPERS MD,1,2023-11-08,2023-11-08,False,True,False,True,Drugs
Melcare Biomedical Pty,MELCARE BIOMEDICAL PTY,1,2025-10-09,2025-10-09,False,True,False,True,Drugs
"Memorial Hospital Of South Bend, IRB",MEMORIAL HOSPITAL OF SOUTH BEND IRB,1,2012-09-21,2012-09-21,False,True,False,True,Drugs
"Mendez, Dr Antonio",MENDEZ DR ANTONIO,1,2009-11-17,2009-11-17,False,True,False,True,Drugs
Mentha & Allied Products Private Ltd.,MENTHA AND ALLIED PRODUCTS PRIVATE,1,2025-04-16,2025-04-16,False,True,False,True,Drugs
Merck Kommanditgesellschaft auf Aktien,MERCK KOMMANDITGESELLSCHAFT AUF AKTIEN,3,2011-12-15,2011-12-15,False,True,False,True,Drugs
Mercy Hospital Medical Center IRB,MERCY HOSPITAL MEDICAL CENTER IRB,1,2014-01-10,2014-01-10,True,False,False,True,Devices
Merete GmbH,MERETE,1,2018-12-31,2018-12-31,True,False,False,True,Devices
"Meridian Co., Ltd.",MERIDIAN,1,2014-08-19,2014-08-19,True,False,False,True,Devices
Meridian Medical Systems LLC,MERIDIAN MEDICAL SYSTEMS,1,2013-07-03,2013-07-03,True,False,False,True,Devices
"Meridian Medical Technologies, LLC a Subsidiary of Kindeva Drug Delivery, L.P.",MERIDIAN MEDICAL TECHNOLOGIES A SUBSIDIARY OF KINDEVA DRUG DELIVERY L P,1,2017-09-05,2017-09-05,False,True,False,True,Drugs
Merit Medical Ireland Ltd.,MERIT MEDICAL IRELAND,1,2012-01-30,2012-01-30,True,False,False,True,Devices
"Merits Health Products Co., Ltd.",MERITS HEALTH PRODUCTS,1,2011-11-29,2011-11-29,True,False,False,True,Devices
"Merlin Labs, Inc.",MERLIN LABS,1,2009-03-09,2009-03-09,True,False,False,True,Devices
"Merrill D. Benson, M.D.",MERRILL D BENSON M D,1,2017-03-20,2017-03-20,False,True,False,True,Drugs
"Metuchen Pharmaceuticals, LLC.",METUCHEN PHARMACEUTICALS,1,2019-08-16,2019-08-16,False,True,False,True,Drugs
MexHealth LLC,MEXHEALTH,1,2024-08-27,2024-08-27,False,True,False,True,Drugs
Mgs Soapopular,MGS SOAPOPULAR,1,2009-07-15,2009-07-15,False,True,False,True,Drugs
"Mi Gwang Contact Lens Co., Ltd.",MI GWANG CONTACT LENS,1,2012-11-13,2012-11-13,True,False,False,True,Devices
Miach Orthopaedics,MIACH ORTHOPAEDICS,1,2025-08-19,2025-08-19,True,False,False,True,Devices
"Miami Fat Supply, Inc",MIAMI FAT SUPPLY,1,2016-03-17,2016-03-17,True,False,False,True,Devices
Miami Stem Cell Treatment Center,MIAMI STEM CELL TREATMENT CENTER,1,2015-12-30,2015-12-30,False,False,True,True,Biologics
Miami University,MIAMI UNIVERSITY,1,2022-04-20,2022-04-20,False,True,False,True,Drugs
Mibo Medical Group,MIBO MEDICAL,1,2018-11-20,2018-11-20,True,False,False,True,Devices
"Michael E. Ring, MD",MICHAEL E RING MD,1,2013-01-14,2013-01-14,True,False,False,True,Devices
Michele Sewell,MICHELE SEWELL,1,2014-04-30,2014-04-30,False,True,False,True,Drugs
Michigan Medical Innovations,MICHIGAN MEDICAL INNOVATIONS,1,2012-06-05,2012-06-05,True,False,False,True,Devices
Michigan Medicine,MICHIGAN MEDICINE,1,2017-09-29,2017-09-29,False,True,False,True,Drugs
"Micro Current Technology, Inc.",MICRO CURRENT TECHNOLOGY,1,2009-12-24,2009-12-24,True,False,False,True,Devices
"Micro Distributing I I, Ltd",MICRO DISTRIBUTING I I,1,2011-08-26,2011-08-26,True,False,False,True,Devices
Micro Orgo Chem,MICRO ORGO CHEM,1,2024-12-03,2024-12-03,False,True,False,True,Drugs
"MicroAire Surgical Instruments, LLC",MICROAIRE SURGICAL INSTRUMENTS,1,2014-12-29,2014-12-29,True,False,False,True,Devices
MicroPort CRM S.r.l.,MICROPORT CRM S R L,1,2009-10-29,2009-10-29,True,False,False,True,Devices
MicroPort Orthopedics Inc.,MICROPORT ORTHOPEDICS,1,2015-06-17,2015-06-17,True,False,False,True,Devices
MicroVention Costa Rica S.R.L.,MICROVENTION COSTA RICA S R L,1,2022-09-30,2022-09-30,True,False,False,True,Devices
"Microbiological Testing & Consulting, LLC",MICROBIOLOGICAL TESTING AND CONSULTING,1,2026-03-16,2026-03-16,False,True,False,True,Drugs
"Microline Surgical, Inc.",MICROLINE SURGICAL,1,2010-08-10,2010-08-10,True,False,False,True,Devices
Microsulis Medical Ltd.,MICROSULIS MEDICAL,1,2009-11-20,2009-11-20,True,False,False,True,Devices
"Microvascular Tissue, Inc",MICROVASCULAR TISSUE,1,2025-12-03,2025-12-03,False,False,True,True,Biologics
"Mid-Link Testing Company, Ltd",MID LINK TESTING,1,2024-09-10,2024-09-10,True,False,False,True,Devices
Middlesboro Appalachian Hospital,MIDDLESBORO APPALACHIAN HOSPITAL,1,2011-09-27,2011-09-27,True,False,False,True,Devices
Midlab Incorporated,MIDLAB,1,2023-02-15,2023-02-15,False,True,False,True,Drugs
Midmark Corporation,MIDMARK,1,2011-12-28,2011-12-28,True,False,False,True,Devices
Miers Laboratories Ltd.,MIERS LABORATORIES,1,2025-11-03,2025-11-03,False,True,False,True,Drugs
"Miguelangelo J. Perez-Cruet, M.D., M.S.",MIGUELANGELO J PEREZ CRUET M D M S,1,2010-03-02,2010-03-02,True,False,False,True,Devices
"Mihalko Medical, LLC",MIHALKO MEDICAL,2,2015-09-29,2017-12-05,False,True,False,True,Drugs
Mihon Corp.,MIHON,1,2025-01-16,2025-01-16,False,True,False,True,Drugs
Mikart LLC,MIKART,1,2020-02-21,2020-02-21,False,True,False,True,Drugs
"Milbar Laboratories, Inc.",MILBAR LABORATORIES,1,2018-07-23,2018-07-23,False,True,False,True,Drugs
Mile High Compounds,MILE HIGH COMPOUNDS,1,2026-03-31,2026-03-31,False,True,False,True,Drugs
"Millar, Inc.",MILLAR,1,2012-05-07,2012-05-07,True,False,False,True,Devices
"Millennium Biotechnology, Inc.",MILLENNIUM BIOTECHNOLOGY,1,2009-01-12,2009-01-12,True,False,False,True,Devices
"Millers of Wyckoff, Inc.",MILLERS OF WYCKOFF,1,2016-06-07,2016-06-07,False,True,False,True,Drugs
"Mindray DS USA, Inc.",MINDRAY DS,1,2012-11-29,2012-11-29,True,False,False,True,Devices
Ming Fai Industrial (Shenzhen) Co LTD,MING FAI INDUSTRIAL SHENZHEN,2,2018-04-05,2023-05-31,True,True,False,True,Devices; Drugs
Mint Med,MINT MED,1,2026-06-08,2026-06-08,False,True,False,True,Drugs
"Mir-Com Products, LLC",MIR COM PRODUCTS,1,2012-09-11,2012-09-11,True,False,False,True,Devices
Miracles In Sight Lone Star Division,MIRACLES IN SIGHT LONE STAR DIVISION,1,2011-12-09,2011-12-09,False,False,True,True,Biologics
"Miramar Cosmetics, Inc",MIRAMAR COSMETICS,1,2011-08-08,2011-08-08,False,True,False,True,Drugs
"Mirfeel Korea Co., Ltd",MIRFEEL KOREA,1,2022-06-22,2022-06-22,False,True,False,True,Drugs
Miss Slim,MISS SLIM,1,2023-01-10,2023-01-10,False,True,False,True,Drugs
"Missouri Analytical Laboratories, Inc.",MISSOURI ANALYTICAL LABORATORIES,1,2021-09-30,2021-09-30,False,True,False,True,Drugs
Mitra Distributing Inc.,MITRA DISTRIBUTING,1,2018-09-04,2018-09-04,False,True,False,True,Drugs
"Mobeen Mazhar, M.D.",MOBEEN MAZHAR M D,1,2023-05-31,2023-05-31,False,True,False,True,Drugs
Modern Allergy Management LLC dba Direct Med Solutions LLC,MODERN ALLERGY MANAGEMENT DIRECT MED SOLUTIONS,1,2020-06-17,2020-06-17,True,False,False,True,Devices
"Modern Herb Shop, Inc.",MODERN HERB SHOP,1,2015-02-26,2015-02-26,False,True,False,True,Drugs
"Moehs Cantabra, S.L.",MOEHS CANTABRA S L,1,2011-04-14,2011-04-14,False,True,False,True,Drugs
Mohawk Laboratories Division of NCH Corp.,MOHAWK LABORATORIES DIVISION OF NCH,1,2023-01-18,2023-01-18,False,True,False,True,Drugs
"Moko Therapeutics, LLC",MOKO THERAPEUTICS,1,2011-11-17,2011-11-17,False,True,False,True,Drugs
Molluscum Away,MOLLUSCUM AWAY,1,2023-08-18,2023-08-18,False,True,False,True,Drugs
Molteno Ophthalmic Limited,MOLTENO OPHTHALMIC,2,2010-05-11,2015-02-27,True,False,False,True,Devices
"Monarch Labs, LLC",MONARCH LABS,1,2010-11-09,2010-11-09,True,False,False,True,Devices
Monarch Medspa,MONARCH MEDSPA,1,2010-04-05,2010-04-05,False,True,False,True,Drugs
"Monarch PCM, LLC",MONARCH PCM,1,2022-06-10,2022-06-10,False,True,False,True,Drugs
Mondeal Medical Systems Gmbh,MONDEAL MEDICAL SYSTEMS,1,2014-06-09,2014-06-09,True,False,False,True,Devices
Monkeypox-treatment.com,MONKEYPOX TREATMENT COM,1,2023-01-30,2023-01-30,False,True,False,True,Drugs
Monmouth Medical Center IRB,MONMOUTH MEDICAL CENTER IRB,1,2015-11-10,2015-11-10,False,True,False,True,Drugs
Montana Compounding Pharmacy PC,MONTANA COMPOUNDING PHARMACY PC,2,2015-12-11,2018-05-09,False,True,False,True,Drugs
Montgomery Fertility Center,MONTGOMERY FERTILITY CENTER,1,2020-05-14,2020-05-14,False,False,True,True,Biologics
Mooncup LTD,MOONCUP,1,2016-05-27,2016-05-27,True,False,False,True,Devices
Moor Instruments Ltd,MOOR INSTRUMENTS,2,2011-09-06,2014-12-18,True,False,False,True,Devices
"Morguetorium, LLC",MORGUETORIUM,1,2016-02-04,2016-02-04,False,True,False,True,Drugs
Morton Drug Company dba Morton LTC,MORTON DRUG MORTON LTC,1,2016-10-26,2016-10-26,False,True,False,True,Drugs
"Morton Grove Pharmaceuticals, Inc.",MORTON GROVE PHARMACEUTICALS,1,2017-02-17,2017-02-17,False,True,False,True,Drugs
Mother Frances Hospital IRB,MOTHER FRANCES HOSPITAL IRB,1,2011-06-13,2011-06-13,True,False,False,True,Devices
Mother Stem Institute,MOTHER STEM INSTITUTE,1,2024-08-20,2024-08-20,False,False,True,True,Biologics
"Moussa C. Mansour, MD",MOUSSA C MANSOUR MD,1,2014-03-18,2014-03-18,True,False,False,True,Devices
Moyeah Store.com,MOYEAH STORE COM,1,2024-08-08,2024-08-08,True,False,False,True,Devices
"Mueller Water Conditioning, Inc",MUELLER WATER CONDITIONING,1,2010-02-24,2010-02-24,True,False,False,True,Devices
Multaler Et Cie S.A.S.,MULTALER ET CIE S A S,1,2024-11-05,2024-11-05,False,True,False,True,Drugs
"Multi-Med, Inc.",MULTI MED,1,2009-10-07,2009-10-07,True,False,False,True,Devices
Multimedical S.R.L.,MULTIMEDICAL S R L,1,2015-02-13,2015-02-13,True,False,False,True,Devices
Mundt & Associates Inc,MUNDT AND ASSOCIATES,1,2010-09-23,2010-09-23,True,False,False,True,Devices
Munroe Regional Medical Center Clinical Laboratory,MUNROE REGIONAL MEDICAL CENTER CLINICAL LABORATORY,1,2010-01-11,2010-01-11,True,False,False,True,Devices
"Musculoskeletal Transplant Foundation, Inc.",MUSCULOSKELETAL TRANSPLANT FOUNDATION,1,2013-04-11,2013-04-11,False,False,True,True,Biologics
Musthavemom.com,MUSTHAVEMOM COM,1,2020-05-26,2020-05-26,False,True,False,True,Drugs
My Natural Treatment,MY NATURAL TREATMENT,1,2022-02-22,2022-02-22,False,True,False,True,Drugs
"MyNicNaxs, Inc.",MYNICNAXS,1,2015-02-20,2015-02-20,False,True,False,True,Drugs
MyStart Health LLC,MYSTART HEALTH,1,2025-09-09,2025-09-09,False,True,False,True,Drugs
Mylan Laboratories Limited,MYLAN LABORATORIES,4,2013-09-09,2024-12-19,False,True,False,True,Drugs
Myotronics-Noromed Inc,MYOTRONICS NOROMED,1,2012-04-09,2012-04-09,True,False,False,True,Devices
Mytilini Enterprises LLC dba Bedford Pharmacy Inc.,MYTILINI ENTERPRISES BEDFORD PHARMACY,1,2016-05-18,2016-05-18,False,True,False,True,Drugs
N-Molecular Inc. d.b.a. SOFIE,N MOLECULAR D B A SOFIE,1,2018-09-24,2018-09-24,False,True,False,True,Drugs
N.Y.S. Psychiatric Institute IRB,N Y S PSYCHIATRIC INSTITUTE IRB,1,2024-03-21,2024-03-21,False,True,False,True,Drugs
"NANHAI MEISHIDA BEAUTY EQUIPMENT CO., LTD",NANHAI MEISHIDA BEAUTY EQUIPMENT,1,2013-03-01,2013-03-01,True,False,False,True,Devices
NARVA Lichtquelle GmbH + Co. KG,NARVA LICHTQUELLE KG,1,2017-02-23,2017-02-23,True,False,False,True,Devices
NATIVE SALTS LLC,NATIVE SALTS,1,2024-02-28,2024-02-28,False,True,False,True,Drugs
NATURA BISSE INTERNATIONAL SA,NATURA BISSE,1,2016-12-15,2016-12-15,False,True,False,True,Drugs
NATURAL ADVENTURE LLC,NATURAL ADVENTURE,1,2021-04-01,2021-04-01,False,True,False,True,Drugs
"NATURE'S FUSIONS, LLC",NATURE S FUSIONS,2,2024-08-14,2025-07-10,False,True,False,True,Drugs; Food/Cosmetics
NAVAFRESH/HANDELNINE GLOBAL,NAVAFRESH HANDELNINE GLOBAL,1,2025-11-17,2025-11-17,False,True,False,True,Drugs
NAVEH PHARMA (1966) LTD,NAVEH PHARMA 1966,1,2026-05-04,2026-05-04,False,True,False,True,Drugs
NCS Pearson,NCS PEARSON,1,2015-08-20,2015-08-20,True,False,False,True,Devices
"NETPRODUCTSTORE INC, DBA Afton Communications",NETPRODUCTSTORE AFTON COMMUNICATIONS,1,2009-09-11,2009-09-11,True,False,False,True,Devices
NEWLANDS CLINICAL TRIALS LTD,NEWLANDS CLINICAL TRIALS,1,2014-05-12,2014-05-12,True,False,False,True,Devices
NEXTL3VEL SERVICES GROUP LLC DBA ThisStuffIsGoodForYou,NEXTL3VEL SERVICES THISSTUFFISGOODFORYOU,1,2020-12-22,2020-12-22,False,True,False,True,Drugs
"NIDEK Co., Ltd.",NIDEK,1,2013-09-24,2013-09-24,True,False,False,True,Devices
"NINGBO HUAHUI MEDICAL INSTRUMENTS CO., LTD.",NINGBO HUAHUI MEDICAL INSTRUMENTS,1,2012-07-16,2012-07-16,True,False,False,True,Devices
"NINGBO LINGGUANG ELECTRIC APPLIANCE CO., LTD.",NINGBO LINGGUANG ELECTRIC APPLIANCE,1,2013-07-01,2013-07-01,True,False,False,True,Devices
NIPRO CANADA CORPORATION,NIPRO CANADA,1,2018-09-21,2018-09-21,True,False,False,True,Devices
NRP Organics Ltd,NRP ORGANICS,1,2020-04-08,2020-04-08,False,True,False,True,Drugs
"NSE Products, Inc.",NSE PRODUCTS,1,2026-03-02,2026-03-02,False,True,False,True,Drugs
NUTRIAIR,NUTRIAIR,1,2021-12-01,2021-12-01,False,True,False,True,Drugs
NUTROVAPE LLC,NUTROVAPE,1,2021-12-01,2021-12-01,False,True,False,True,Drugs
NWL Netherlands Services B.V.,NWL NETHERLANDS SERVICES B V,1,2025-04-01,2025-04-01,False,True,False,True,Drugs
"Namita A. Goyal, M.D.",NAMITA A GOYAL M D,1,2024-10-10,2024-10-10,False,False,True,True,Biologics
Namsa,NAMSA,1,2018-03-23,2018-03-23,True,False,False,True,Devices
Nan San (HK) Pharmaceutical Factory Ltd.,NAN SAN HK PHARMACEUTICAL FACTORY,1,2018-02-23,2018-02-23,False,True,False,True,Drugs
"Nana Barseghian, M.D.",NANA BARSEGHIAN M D,1,2025-04-28,2025-04-28,False,True,False,True,Drugs
Nanjing Maohai Biotech Co.,NANJING MAOHAI BIOTECH,1,2011-08-05,2011-08-05,False,True,False,True,Drugs
NanoEnTek Factory,NANOENTEK FACTORY,1,2015-03-02,2015-03-02,True,False,False,True,Devices
"Nanomateriales, SA de CV",NANOMATERIALES DE CV,2,2021-09-15,2021-09-15,False,True,False,True,Drugs
"Nantong Furuida Packaging Products Co., Ltd.",NANTONG FURUIDA PACKAGING PRODUCTS,1,2023-11-17,2023-11-17,False,True,False,True,Drugs
"Napoli LLC, dba Precision Reproduction LLC",NAPOLI PRECISION REPRODUCTION,1,2011-01-21,2011-01-21,True,False,False,True,Devices
Nartex Laboratorios Homeopaticos S.A. de C.V.,NARTEX LABORATORIOS HOMEOPATICOS S A DE C V,1,2020-11-04,2020-11-04,False,True,False,True,Drugs
"Nasr,Samya M.D.",NASR SAMYA M D,1,2010-01-28,2010-01-28,False,True,False,True,Drugs
National Biological Corp,NATIONAL BIOLOGICAL,1,2017-07-11,2017-07-11,True,False,False,True,Devices
National Chemical Laboratories,NATIONAL CHEMICAL LABORATORIES,1,2023-11-08,2023-11-08,False,True,False,True,Drugs
"National Creative Enterprises, Inc.",NATIONAL CREATIVE ENTERPRISES,1,2011-06-24,2011-06-24,True,False,False,True,Devices
National Therapy Products Inc.,NATIONAL THERAPY PRODUCTS,1,2011-10-11,2011-10-11,True,False,False,True,Devices
"Nationwide Laboratories, LLC",NATIONWIDE LABORATORIES,1,2019-04-05,2019-04-05,False,True,False,True,Drugs
Native Roots Hemp,NATIVE ROOTS HEMP,1,2020-04-06,2020-04-06,False,True,False,True,Drugs
NativeMed,NATIVEMED,1,2026-06-08,2026-06-08,False,True,False,True,Drugs
Natural Beauty Care Pty Ltd,NATURAL BEAUTY CARE PTY,1,2021-06-09,2021-06-09,False,True,False,True,Drugs
"Natural Medical Supply, LLC",NATURAL MEDICAL SUPPLY,1,2011-11-28,2011-11-28,False,True,False,True,Drugs
"Natural Medicine Associates, Inc",NATURAL MEDICINE ASSOCIATES,1,2013-03-12,2013-03-12,False,True,False,True,Drugs
Natural Methods,NATURAL METHODS,1,2010-12-06,2010-12-06,True,False,False,True,Devices
Natural Ophthalmics,NATURAL OPHTHALMICS,1,2023-09-11,2023-09-11,False,True,False,True,Drugs
"Natural Ophthalmics, Inc.",NATURAL OPHTHALMICS,1,2023-09-11,2023-09-11,False,True,False,True,Drugs
"Natural Wellness, LLC",NATURAL WELLNESS,1,2010-10-06,2010-10-06,False,True,False,True,Drugs
Nature'S Gift Inc,NATURE S GIFT,1,2010-02-16,2010-02-16,False,True,False,True,Drugs
Nature's Highway,NATURE S HIGHWAY,1,2022-03-28,2022-03-28,False,True,False,True,Drugs
"Nature's Innovation, Inc.",NATURE S INNOVATION,1,2023-08-18,2023-08-18,False,True,False,True,Drugs
Nature's Pharmacy & Compounding Center,NATURE S PHARMACY AND COMPOUNDING CENTER,1,2014-05-09,2014-05-09,False,True,False,True,Drugs
Natures Pillows,NATURES PILLOWS,1,2024-08-07,2024-08-07,True,False,False,True,Devices
"Natures Rx, LLC",NATURES RX,1,2020-02-24,2020-02-24,False,True,False,True,Drugs
Naturich Cosmetique Labs,NATURICH COSMETIQUE LABS,1,2025-09-25,2025-09-25,False,True,False,True,Drugs
Naturista Store,NATURISTA STORE,1,2025-03-26,2025-03-26,False,True,False,True,Drugs
Naturistas Especializados,NATURISTAS ESPECIALIZADOS,1,2024-08-27,2024-08-27,False,True,False,True,Drugs
Natus Europe GmbH,NATUS EUROPE,1,2013-04-19,2013-04-19,True,False,False,True,Devices
"Natuzen Co., Ltd.",NATUZEN,1,2024-05-03,2024-05-03,False,True,False,True,Drugs
"Navinta, LLC",NAVINTA,1,2016-09-26,2016-09-26,False,True,False,True,Drugs
"Nebion, LLC",NEBION,1,2008-11-17,2008-11-17,True,False,False,True,Devices
Nebraska Medicine at Village Point,NEBRASKA MEDICINE AT VILLAGE POINT,1,2008-10-21,2008-10-21,True,False,False,True,Devices
Nefeteri Wellness,NEFETERI WELLNESS,1,2025-05-30,2025-05-30,False,True,False,True,Drugs
"Neil R. Feins, M.D.",NEIL R FEINS M D,1,2009-05-20,2009-05-20,True,False,False,True,Devices
Neilmed Pharmaceuticals Inc,NEILMED PHARMACEUTICALS,1,2023-05-26,2023-05-26,False,True,False,True,Drugs
"Neitz Instruments Co., Ltd.",NEITZ INSTRUMENTS,1,2023-10-02,2023-10-02,True,False,False,True,Devices
"Nemechek Do Pa, Patrick",NEMECHEK DO PA PATRICK,1,2010-06-28,2010-06-28,False,False,True,True,Biologics
"Nemschoff Chairs, Inc.",NEMSCHOFF CHAIRS,2,2011-07-14,2014-11-07,True,False,False,True,Devices
Nenningers Naturals,NENNINGERS NATURALS,1,2011-12-14,2011-12-14,False,False,True,True,Biologics
Neo Vision Co Ltd,NEO VISION,1,2016-09-14,2016-09-14,True,False,False,True,Devices
Neobiosis LLC,NEOBIOSIS,1,2024-06-05,2024-06-05,False,False,True,True,Biologics
"Neoingenium Labs, SA de CV",NEOINGENIUM LABS DE CV,1,2021-03-31,2021-03-31,False,True,False,True,Drugs
Neomedix Corporation,NEOMEDIX,1,2014-02-26,2014-02-26,True,False,False,True,Devices
"Neoteric Cosmetics, Incorporated",NEOTERIC COSMETICS,1,2022-04-13,2022-04-13,False,True,False,True,Drugs
Neoventa Medical AB,NEOVENTA MEDICAL,1,2010-08-04,2010-08-04,True,False,False,True,Devices
"Nephron SC, LLC",NEPHRON SC,5,2013-09-24,2022-10-21,False,True,False,True,Drugs
"Netcos Co., Ltd.",NETCOS,1,2018-11-01,2018-11-01,False,True,False,True,Drugs
Neubauer Hyperbaric Neurologic Center Inc,NEUBAUER HYPERBARIC NEUROLOGIC CENTER,1,2009-09-11,2009-09-11,True,False,False,True,Devices
"Neuralight HD, LLC",NEURALIGHT HD,1,2016-05-20,2016-05-20,False,True,False,True,Drugs
"NeuroField, Inc.",NEUROFIELD,1,2022-02-28,2022-02-28,True,False,False,True,Devices
"NeuroSync, Inc.",NEUROSYNC,2,2017-07-31,2025-05-09,True,False,False,True,Devices
NeuroTrax Israel Ltd.,NEUROTRAX ISRAEL,1,2012-03-15,2012-03-15,True,False,False,True,Devices
NeuroXPF,NEUROXPF,1,2020-03-31,2020-03-31,False,True,False,True,Drugs
Neurolumen LLC,NEUROLUMEN,1,2014-05-30,2014-05-30,True,False,False,True,Devices
Neuromed Devices Llc,NEUROMED DEVICES,1,2012-10-22,2012-10-22,True,False,False,True,Devices
Neurotherm LLC,NEUROTHERM,1,2012-07-11,2012-07-11,True,False,False,True,Devices
"Neurotris, Inc.",NEUROTRIS,2,2015-11-18,2023-10-26,True,False,False,True,Devices
Neva Global Grup Sanayi Ic Ve Dis Ticaret Anonim Sirketi,NEVA GLOBAL GRUP SANAYI IC VE DIS TICARET ANONIM SIRKETI,1,2025-03-12,2025-03-12,False,True,False,True,Drugs
Nevyas Eye Associates,NEVYAS EYE ASSOCIATES,1,2012-06-05,2012-06-05,True,False,False,True,Devices
New Direction Biosciences LLC,NEW DIRECTION BIOSCIENCES,1,2012-03-13,2012-03-13,False,False,True,True,Biologics
"New Earth Healing Essentials, LLC DBA 5D Full Disclosure",NEW EARTH HEALING ESSENTIALS 5D FULL DISCLOSURE,1,2022-02-01,2022-02-01,False,True,False,True,Drugs
New Era Naturals,NEW ERA NATURALS,1,2019-01-30,2019-01-30,False,True,False,True,Drugs
"New Era Pharmacy, LLC",NEW ERA PHARMACY,1,2017-09-18,2017-09-18,False,True,False,True,Drugs
New Green Nutrition Inc,NEW GREEN NUTRITION,1,2021-10-14,2021-10-14,False,True,False,True,Drugs
New Horizons LTD,NEW HORIZONS,1,2009-11-17,2009-11-17,False,True,False,True,Drugs
New Leaf Pharmaceuticals,NEW LEAF PHARMACEUTICALS,1,2020-12-22,2020-12-22,False,True,False,True,Drugs
"New Life Generation, Inc.",NEW LIFE GENERATION,1,2011-10-17,2011-10-17,False,False,True,True,Biologics
"New Life Medical Services, LLC",NEW LIFE MEDICAL SERVICES,1,2025-09-24,2025-09-24,False,False,True,True,Biologics
New Life Pharma LLC,NEW LIFE PHARMA,1,2026-04-14,2026-04-14,False,True,False,True,Drugs
New May King Plastic Ltd,NEW MAY KING PLASTIC,1,2015-04-13,2015-04-13,True,False,False,True,Devices
"New Mexico Lions Sight Conservation Foundation, Inc.",NEW MEXICO LIONS SIGHT CONSERVATION FOUNDATION,1,2024-06-21,2024-06-21,False,False,True,True,Biologics
New Vision Pharmaceuticals LLC,NEW VISION PHARMACEUTICALS,1,2019-11-06,2019-11-06,False,True,False,True,Drugs
New Vitalis Pharmacy LLC,NEW VITALIS PHARMACY,1,2022-05-18,2022-05-18,False,True,False,True,Drugs
NewSelf,NEWSELF,1,2026-02-20,2026-02-20,False,True,False,True,Drugs
Newman Clinic PLLC,NEWMAN CLINIC PLLC,1,2026-02-20,2026-02-20,False,True,False,True,Drugs
"Newman Lasik Centers, LLC",NEWMAN LASIK CENTERS,1,2011-12-16,2011-12-16,True,False,False,True,Devices
"Newton Laboratories, Inc.",NEWTON LABORATORIES,1,2019-04-23,2019-04-23,False,True,False,True,Drugs
"Nexera Medical, Inc.",NEXERA MEDICAL,2,2009-05-11,2012-10-16,True,False,False,True,Devices
Nexlife Inc.,NEXLIFE,1,2026-06-08,2026-06-08,False,True,False,True,Drugs
"Next Science, LLC",NEXT SCIENCE,1,2025-02-21,2025-02-21,True,False,False,True,Devices
"Nice-Pak Products, LLC",NICE PAK PRODUCTS,1,2022-03-31,2022-03-31,False,True,False,True,Drugs
"Nicola M. Spirtos, MD",NICOLA M SPIRTOS MD,1,2009-01-03,2009-01-03,False,True,False,True,Drugs
Nidek Medical Products Inc,NIDEK MEDICAL PRODUCTS,1,2009-01-20,2009-01-20,True,False,False,True,Devices
"Nidek, Inc.",NIDEK,1,2014-08-08,2014-08-08,True,False,False,True,Devices
"Nihon Kohden Digital Health Solutions, LLC.",NIHON KOHDEN DIGITAL HEALTH SOLUTIONS,1,2026-06-15,2026-06-15,True,False,False,True,Devices
"Nikkiso Medical America, Inc",NIKKISO MEDICAL AMERICA,1,2021-05-07,2021-05-07,True,False,False,True,Devices
"NingBo Huize Commodity Co.,Ltd.",NINGBO HUIZE COMMODITY,1,2019-08-02,2019-08-02,False,True,False,True,Drugs
"Ningbo BST Clean and Care Products Co., Ltd",NINGBO BST CLEAN AND CARE PRODUCTS,1,2019-11-27,2019-11-27,False,True,False,True,Drugs
"Ningbo Poplar Daily-Use Commodity Co, Ltd",NINGBO POPLAR DAILY USE COMMODITY,1,2024-02-06,2024-02-06,False,True,False,True,Drugs
"Ningbo Pulisi Daily Chemical Products Co., Ltd",NINGBO PULISI DAILY CHEMICAL PRODUCTS,1,2019-08-13,2019-08-13,False,True,False,True,Drugs
"Ningbo Riway Industrial Co., Ltd.",NINGBO RIWAY INDUSTRIAL,1,2025-04-30,2025-04-30,False,True,False,True,Drugs
"Ningbo Smart Pharmaceutical Co., Ltd.",NINGBO SMART PHARMACEUTICAL,1,2011-03-30,2011-03-30,False,True,False,True,Drugs
"Nippon Fine Chemical Co., Ltd.",NIPPON FINE CHEMICAL,1,2016-09-27,2016-09-27,False,True,False,True,Drugs
"Nissei Precision Instruments (Suzhou) Co., LTD",NISSEI PRECISION INSTRUMENTS SUZHOU,1,2012-10-10,2012-10-10,True,False,False,True,Devices
"Nitrox, Inc.",NITROX,1,2010-07-26,2010-07-26,False,True,False,True,Drugs
"Nobel Laboratories, LLC",NOBEL LABORATORIES,1,2010-10-21,2010-10-21,False,True,False,True,Drugs
Nobilus Ent Oddzial Kutno,NOBILUS ENT ODDZIAL KUTNO,1,2012-03-07,2012-03-07,False,True,False,True,Drugs
"Noble Anesthesia-Air, Inc.",NOBLE ANESTHESIA AIR,1,2012-09-12,2012-09-12,True,False,False,True,Devices
"Nobles Medical Technology, II",NOBLES MEDICAL TECHNOLOGY II,1,2024-01-26,2024-01-26,True,False,False,True,Devices
Noetic Nutraceuticals,NOETIC NUTRACEUTICALS,1,2020-05-15,2020-05-15,False,True,False,True,Drugs
"Noli Oil, LLC",NOLI OIL,1,2019-11-22,2019-11-22,False,True,False,True,Drugs
"Noli R. Zosa, MD",NOLI R ZOSA MD,1,2009-06-16,2009-06-16,False,True,False,True,Drugs
"Nomax, Inc.",NOMAX,1,2016-12-15,2016-12-15,True,False,False,True,Devices
"Non-Invasive Monitoring Systems, Inc.",NON INVASIVE MONITORING SYSTEMS,1,2011-03-18,2011-03-18,True,False,False,True,Devices
Norland At Swissray,NORLAND AT SWISSRAY,1,2012-01-04,2012-01-04,True,False,False,True,Devices
Nortec Quimica SA,NORTEC QUIMICA,1,2022-12-08,2022-12-08,False,True,False,True,Drugs
"North American Custom Laboratories, LLC dba FarmaKeio Superior Custom Compounding",NORTH AMERICAN CUSTOM LABORATORIES FARMAKEIO SUPERIOR CUSTOM COMPOUNDING,1,2022-11-18,2022-11-18,False,True,False,True,Drugs
North American Diagnostics,NORTH AMERICAN DIAGNOSTICS,1,2022-12-27,2022-12-27,True,False,False,True,Devices
North Coast Biologics,NORTH COAST BIOLOGICS,1,2020-05-21,2020-05-21,False,False,True,True,Biologics
North Isle Wellness Center,NORTH ISLE WELLNESS CENTER,1,2020-06-19,2020-06-19,False,True,False,True,Drugs
North Memorial Medical Center IRB,NORTH MEMORIAL MEDICAL CENTER IRB,1,2010-06-24,2010-06-24,True,False,False,True,Devices
Northern Digital Inc.,NORTHERN DIGITAL,1,2013-07-24,2013-07-24,True,False,False,True,Devices
Northern VA Compounders PLLC,NORTHERN VA COMPOUNDERS PLLC,1,2024-04-12,2024-04-12,False,True,False,True,Drugs
"Nose Slap, LLC",NOSE SLAP,2,2023-04-24,2023-04-24,False,True,False,True,Drugs
Not For Profit Hospital Corp. dba United Medical Center,NOT FOR PROFIT HOSPITAL UNITED MEDICAL CENTER,1,2012-05-04,2012-05-04,True,False,False,True,Devices
"Notarika, S.A. de C.V.",NOTARIKA S A DE C V,1,2021-10-07,2021-10-07,False,True,False,True,Drugs
"Noticias Mexico Hoy Grupo Multimedia, S.A. de C.V.",NOTICIAS MEXICO HOY GRUPO MULTIMEDIA S A DE C V,1,2022-06-27,2022-06-27,False,True,False,True,Drugs
"Nouritress Hair Products, LLC",NOURITRESS HAIR PRODUCTS,1,2013-04-25,2013-04-25,True,False,False,True,Devices
"Nouryon Chemicals, S.A. de C.V.",NOURYON CHEMICALS S A DE C V,1,2011-11-16,2011-11-16,False,True,False,True,Drugs
Nova Botanix LTD dba Cana BD,NOVA BOTANIX CANA BD,1,2020-04-16,2020-04-16,False,True,False,True,Drugs
Nova Computers dba Nova Tech Gadgets,NOVA COMPUTERS NOVA TECH GADGETS,1,2009-05-14,2009-05-14,True,False,False,True,Devices
Nova Homeopathic Therapeutics Inc,NOVA HOMEOPATHIC THERAPEUTICS,1,2017-09-01,2017-09-01,False,True,False,True,Drugs
"Nova Products, Inc.",NOVA PRODUCTS,1,2014-09-26,2014-09-26,False,True,False,True,Drugs
NovaLung Gmbh,NOVALUNG,1,2012-04-02,2012-04-02,True,False,False,True,Devices
NovaRx,NOVARX,1,2026-06-08,2026-06-08,False,True,False,True,Drugs
Novacyl (Thailand) Ltd.,NOVACYL THAILAND,1,2015-03-02,2015-03-02,False,True,False,True,Drugs
"Novacyl Wuxi Pharmaceutical Co., Ltd.",NOVACYL WUXI PHARMACEUTICAL,1,2014-12-19,2014-12-19,False,True,False,True,Drugs
Novartis Oncology,NOVARTIS ONCOLOGY,1,2010-04-21,2010-04-21,False,True,False,True,Drugs
Novartis Pharma AG,NOVARTIS PHARMA,1,2011-11-18,2011-11-18,False,True,False,True,Drugs
Novastep,NOVASTEP,1,2016-07-28,2016-07-28,True,False,False,True,Devices
"Novel Laboratories, Inc. d.b.a Lupin Somerset",NOVEL LABORATORIES D B A LUPIN SOMERSET,1,2021-06-11,2021-06-11,False,True,False,True,Drugs
"Novid Group, Inc",NOVID,1,2023-12-07,2023-12-07,False,True,False,True,Drugs
"Nowcos Co., Ltd.",NOWCOS,1,2018-02-14,2018-02-14,False,True,False,True,Drugs
Nowrez & Ismail Shukri Company,NOWREZ AND ISMAIL SHUKRI,1,2024-07-11,2024-07-11,False,True,False,True,Drugs
"Nox Bellcow Cosmetics Co., Ltd.",NOX BELLCOW COSMETICS,1,2018-05-09,2018-05-09,False,True,False,True,Drugs
NuCare Pharmaceuticals Inc,NUCARE PHARMACEUTICALS,1,2019-09-27,2019-09-27,False,True,False,True,Drugs
NuCare Pharmacy a/k/a CanadaDrugs.com,NUCARE PHARMACY A K A CANADADRUGS COM,1,2012-09-18,2012-09-18,False,True,False,True,Drugs
"NuGeneration Technologies, LLC",NUGENERATION TECHNOLOGIES,1,2023-03-13,2023-03-13,False,True,False,True,Drugs
NuSil Technology LLC,NUSIL TECHNOLOGY,1,2012-03-23,2012-03-23,False,True,False,True,Drugs
NuVida Medical LLC,NUVIDA MEDICAL,1,2025-09-04,2025-09-04,False,False,True,True,Biologics
"Nuance Health, LLC",NUANCE HEALTH,1,2020-06-26,2020-06-26,False,True,False,True,Drugs
"Nubratori, Inc",NUBRATORI,1,2025-01-22,2025-01-22,False,True,False,True,Drugs
Nurettin Yagmur Bokurt,NURETTIN YAGMUR BOKURT,1,2016-06-02,2016-06-02,False,True,False,True,Drugs
"Nurse Assist, LLC",NURSE ASSIST,2,2011-10-21,2017-05-08,True,False,False,True,Devices
Nutra Pure LLC,NUTRA PURE,1,2019-03-28,2019-03-28,False,True,False,True,Drugs
"Nutri-Fusion Systems, Inc.",NUTRI FUSION SYSTEMS,1,2011-11-28,2011-11-28,False,True,False,True,Drugs
Nutrishare Inc,NUTRISHARE,1,2018-01-16,2018-01-16,False,True,False,True,Drugs
Nutrishop of Brick Inc.,NUTRISHOP OF BRICK,2,2014-06-05,2017-02-24,False,True,False,True,Drugs; Food/Cosmetics
Nuvo Life Health,NUVO LIFE HEALTH,1,2025-09-09,2025-09-09,False,True,False,True,Drugs
Nuvolase Inc.,NUVOLASE,1,2014-05-08,2014-05-08,True,False,False,True,Devices
"O'Barr, Thomas MD",O BARR THOMAS MD,1,2010-09-30,2010-09-30,False,True,False,True,Drugs
"O3UV, LLC",O3UV,1,2025-07-07,2025-07-07,False,False,True,True,Biologics
OEM Systems Co. Ltd.,OEM SYSTEMS,1,2011-02-03,2011-02-03,True,False,False,True,Devices
"OHM Pharma, Inc.",OHM PHARMA,1,2019-11-19,2019-11-19,False,True,False,True,Drugs
"OKC Allergy Supplies, Inc.",OKC ALLERGY SUPPLIES,1,2013-09-04,2013-09-04,False,False,True,True,Biologics
OLYMPUS MEDICAL SYSTEMS CORP. Hinode Plant,OLYMPUS MEDICAL SYSTEMS HINODE PLANT,1,2023-03-15,2023-03-15,True,False,False,True,Devices
OLYMPUS TERUMO BIOMATERIALS CORP. MISHIMA FACTORY,OLYMPUS TERUMO BIOMATERIALS MISHIMA FACTORY,1,2010-02-25,2010-02-25,True,False,False,True,Devices
OMEGA ENGINEERING INC,OMEGA ENGINEERING,1,2021-03-04,2021-03-04,True,False,False,True,Devices
OMEZA LLC,OMEZA,1,2023-12-12,2023-12-12,False,True,False,True,Drugs
OMNI LENS PVT. LTD.,OMNI LENS,1,2024-10-02,2024-10-02,False,True,False,True,Drugs
OMNISENSE SYSTEMS PTE LTD,OMNISENSE SYSTEMS,1,2021-03-04,2021-03-04,True,False,False,True,Devices
ONTEX HYGIENEARTIKEL DEUTSCHLAND GMBH,ONTEX HYGIENEARTIKEL DEUTSCHLAND,1,2013-08-01,2013-08-01,True,False,False,True,Devices
OPGAL OPTRONIC INDUSTRIES LTD,OPGAL OPTRONIC INDUSTRIES,1,2021-03-04,2021-03-04,True,False,False,True,Devices
"OPTILASA, S.L.",OPTILASA S L,1,2010-11-29,2010-11-29,True,False,False,True,Devices
ORCHID LIFESCIENCES,ORCHID LIFESCIENCES,1,2023-08-03,2023-08-03,False,True,False,True,Drugs
ORTHOPEDIATRICS CANADA ULC,ORTHOPEDIATRICS CANADA ULC,1,2010-10-26,2010-10-26,True,False,False,True,Devices
"OSANG Healthcare CO., LTD.",OSANG HEALTHCARE,1,2014-07-10,2014-07-10,True,False,False,True,Devices
OSRX Inc.,OSRX,1,2025-04-23,2025-04-23,False,True,False,True,Drugs
OXYGENETIX INSTITUTE INC,OXYGENETIX INSTITUTE,1,2023-12-06,2023-12-06,False,True,False,True,Drugs
Oakdell Compounding Pharmacy LLC,OAKDELL COMPOUNDING PHARMACY,2,2014-01-22,2014-05-27,False,True,False,True,Drugs
"Oasis Consumer Healthcare, LLC",OASIS CONSUMER HEALTHCARE,1,2013-02-11,2013-02-11,False,True,False,True,Drugs
"Oasis Medical, Inc.",OASIS MEDICAL,1,2025-07-15,2025-07-15,False,True,False,True,Drugs
"Obstetrics Gynecology, Ltd",OBSTETRICS GYNECOLOGY,1,2014-01-10,2014-01-10,True,False,False,True,Devices
Oclo Nanotechnology Science,OCLO NANOTECHNOLOGY SCIENCE,1,2021-05-27,2021-05-27,False,True,False,True,Drugs
OcluMed,OCLUMED,1,2023-09-11,2023-09-11,False,True,False,True,Drugs
Octapharma AB,OCTAPHARMA,1,2011-04-15,2011-04-15,False,False,True,True,Biologics
"Octapharma USA, Inc.",OCTAPHARMA,1,2012-05-17,2012-05-17,False,False,True,True,Biologics
"Oculo Plastik, Inc.",OCULO PLASTIK,1,2015-12-22,2015-12-22,True,False,False,True,Devices
Oertel Medical GmbH,OERTEL MEDICAL,1,2012-06-11,2012-06-11,True,False,False,True,Devices
Oeyama-Moto Medical Foundation,OEYAMA MOTO MEDICAL FOUNDATION,1,2016-04-07,2016-04-07,False,True,False,True,Drugs
"Oeyama-Moto-Medical Group Foundation, LLC",OEYAMA MOTO MEDICAL FOUNDATION,2,2016-03-29,2018-05-21,False,True,False,True,Drugs
"Oh So Clean, Inc. dba CleanWell Company",OH SO CLEAN CLEANWELL,2,2011-04-18,2011-04-18,False,True,False,True,Drugs
Ohio Medical Corporation,OHIO MEDICAL,1,2009-07-22,2009-07-22,True,False,False,True,Devices
"Ohm Laboratories, Inc.",OHM LABORATORIES,1,2009-12-21,2009-12-21,False,True,False,True,Drugs
"Okamoto Industries, Inc.",OKAMOTO INDUSTRIES,1,2015-11-23,2015-11-23,True,False,False,True,Devices
"Okamoto Rubber Products Co., Ltd.",OKAMOTO RUBBER PRODUCTS,2,2011-12-30,2020-02-14,True,False,False,True,Devices
"Oklahoma Respiratory Care, Inc.",OKLAHOMA RESPIRATORY CARE,1,2012-06-18,2012-06-18,False,True,False,True,Drugs
Olay LLC,OLAY,1,2009-04-24,2009-04-24,False,True,False,True,Drugs
Old Tiles Decor,OLD TILES DECOR,1,2023-01-30,2023-01-30,False,True,False,True,Drugs
"Old Tiles Wallpaper, LLC DBA Old Tiles Decor",OLD TILES WALLPAPER OLD TILES DECOR,1,2023-01-30,2023-01-30,False,True,False,True,Drugs
"Ology Bioservices, Inc.",OLOGY BIOSERVICES,1,2011-02-22,2011-02-22,True,False,False,True,Devices
Olympia Pharmaceuticals,OLYMPIA PHARMACEUTICALS,2,2014-02-18,2016-02-04,False,True,False,True,Drugs
Olympia Women's Health,OLYMPIA WOMEN S HEALTH,1,2013-04-24,2013-04-24,False,False,True,True,Biologics
Olympus Medical Systems Corporation,OLYMPUS MEDICAL SYSTEMS,3,2015-08-12,2022-12-12,True,False,False,True,Devices
Omarc Llc,OMARC,1,2012-03-27,2012-03-27,True,False,False,True,Devices
OmeCare Inc.,OMECARE,1,2021-07-26,2021-07-26,True,False,False,True,Devices
"Omega & Delta Co., Inc.",OMEGA AND DELTA,1,2022-11-02,2022-11-02,False,True,False,True,Drugs
Omega Laboratories Inc,OMEGA LABORATORIES,1,2009-02-09,2009-02-09,True,False,False,True,Devices
Omega Packaging Corp,OMEGA PACKAGING,1,2023-03-20,2023-03-20,False,True,False,True,Drugs
"Omega Tech Labs, Inc.",OMEGA TECH LABS,2,2008-10-21,2024-07-23,False,True,False,True,Drugs
"Omid Nassim, M.D.",OMID NASSIM M D,1,2013-09-03,2013-09-03,False,True,False,True,Drugs
Omni Consumer Products LLC (D/B/A YoKratom),OMNI CONSUMER PRODUCTS D B A YOKRATOM,1,2022-06-30,2022-06-30,False,True,False,True,Drugs
"Omron (Dalian) Co., Ltd. (Plant 1)",OMRON DALIAN PLANT 1,1,2012-02-16,2012-02-16,True,False,False,True,Devices
Ondamed GmBH,ONDAMED,1,2015-06-01,2015-06-01,True,False,False,True,Devices
One Way Drug DBA Partell Specialty Pharmacy,ONE WAY DRUG PARTELL SPECIALTY PHARMACY,1,2019-03-14,2019-03-14,False,True,False,True,Drugs
"One Way Drug, LLC",ONE WAY DRUG,2,2015-07-22,2019-03-14,False,True,False,True,Drugs
"OneBlood, Inc.",ONEBLOOD,1,2012-04-27,2012-04-27,False,False,True,True,Biologics
OneSource Specialty Pharma Limited,ONESOURCE SPECIALTY PHARMA,1,2015-08-07,2015-08-07,False,True,False,True,Drugs
Oneness Labs,ONENESS LABS,1,2020-10-06,2020-10-06,False,True,False,True,Drugs
"Onkos Surgical, Inc.",ONKOS SURGICAL,1,2025-07-21,2025-07-21,True,False,False,True,Devices
"Opada Alzohaili, M.D.",OPADA ALZOHAILI M D,1,2014-07-17,2014-07-17,False,True,False,True,Drugs
"Optikem International, Inc.",OPTIKEM,3,2023-09-11,2024-08-13,True,True,False,True,Devices; Drugs
Opto-Pharm Pte Ltd.,OPTO PHARM,1,2017-03-17,2017-03-17,False,True,False,True,Drugs
"Optovue, Inc.",OPTOVUE,1,2010-06-11,2010-06-11,True,False,False,True,Devices
"Optum Infusion Services 308, LLC",OPTUM INFUSION SERVICES 308,1,2022-12-13,2022-12-13,False,True,False,True,Drugs
Ora Care Products LLC,ORA CARE PRODUCTS,1,2020-11-18,2020-11-18,False,True,False,True,Drugs
OraWell USA,ORAWELL,1,2011-09-21,2011-09-21,False,False,True,True,Biologics
OrderlyMeds,ORDERLYMEDS,1,2026-06-08,2026-06-08,False,True,False,True,Drugs
Orean Personal Care Ltd,OREAN PERSONAL CARE,1,2024-08-29,2024-08-29,False,True,False,True,Drugs
"Oregon Aesthetic Technologies, Inc.",OREGON AESTHETIC TECHNOLOGIES,1,2012-09-14,2012-09-14,True,False,False,True,Devices
"Oregon Compounding Centers, Inc.",OREGON COMPOUNDING CENTERS,1,2015-01-27,2015-01-27,False,True,False,True,Drugs
Oregon Health & Science University,OREGON HEALTH AND SCIENCE UNIVERSITY,1,2010-06-23,2010-06-23,False,False,True,True,Biologics
OrgSyn Laboratory Inc,ORGSYN LABORATORY,1,2014-08-26,2014-08-26,False,True,False,True,Drugs
"OriGen Biomedical, Inc.",ORIGEN BIOMEDICAL,1,2018-12-20,2018-12-20,True,False,False,True,Devices
Oridion Medical 1987 Ltd.,ORIDION MEDICAL 1987,1,2011-10-04,2011-10-04,True,False,False,True,Devices
Origin Biomedicinals Inc.,ORIGIN BIOMEDICINALS,1,2013-07-15,2013-07-15,False,True,False,True,Drugs
Originitalia SRL,ORIGINITALIA,1,2024-11-07,2024-11-07,False,True,False,True,Drugs
Orion Star & Associates Inc.,ORION STAR AND ASSOCIATES,1,2009-11-17,2009-11-17,False,True,False,True,Drugs
Orion Vision Group,ORION VISION,2,2011-06-06,2011-06-06,True,False,False,True,Devices
Orkla Care AB,ORKLA CARE,1,2011-01-20,2011-01-20,True,False,False,True,Devices
Ortho-Cycle Company Inc.,ORTHO CYCLE,1,2013-05-16,2013-05-16,True,False,False,True,Devices
Orthopedic Alliance LLC,ORTHOPEDIC ALLIANCE,1,2012-02-03,2012-02-03,True,False,False,True,Devices
Orthotic & Prosthetic Lab Inc,ORTHOTIC AND PROSTHETIC LAB,1,2010-03-17,2010-03-17,True,False,False,True,Devices
Orthotics & Prosthetics One Inc,ORTHOTICS AND PROSTHETICS ONE,1,2012-01-09,2012-01-09,True,False,False,True,Devices
Orvic dba Webstore-USA,ORVIC WEBSTORE,1,2021-02-26,2021-02-26,True,False,False,True,Devices
Osachi Co Ltd,OSACHI,1,2012-11-13,2012-11-13,True,False,False,True,Devices
Oscor Inc.,OSCOR,1,2016-06-13,2016-06-13,True,False,False,True,Devices
Osmed Gmbh,OSMED,1,2011-11-18,2011-11-18,True,False,False,True,Devices
OsteoSymbionics LLC,OSTEOSYMBIONICS,1,2010-11-30,2010-11-30,True,False,False,True,Devices
Osteolife Biomedical I LLC,OSTEOLIFE BIOMEDICAL I,1,2022-03-31,2022-03-31,False,False,True,True,Biologics
Osypka Medical Gmbh,OSYPKA MEDICAL,1,2012-03-07,2012-03-07,True,False,False,True,Devices
Otologics LLC,OTOLOGICS,1,2010-03-05,2010-03-05,True,False,False,True,Devices
Our Lady Of Bellefonte Hosp IRB,OUR LADY OF BELLEFONTE HOSP IRB,1,2012-06-01,2012-06-01,False,True,False,True,Drugs
Ourvita DBA Ion Labs Inc.,OURVITA ION LABS,2,2009-07-31,2011-12-05,False,True,False,True,Drugs; Food/Cosmetics
Outin Futures Corp,OUTIN FUTURES,1,2024-09-25,2024-09-25,False,True,False,True,Drugs
Owen Biosciences Inc.,OWEN BIOSCIENCES,1,2025-10-30,2025-10-30,False,True,False,True,Drugs
"Owen Mumford USA, Inc.",OWEN MUMFORD,1,2014-06-04,2014-06-04,True,False,False,True,Devices
"Oxford Medical Instruments USA, Inc.",OXFORD MEDICAL INSTRUMENTS,1,2020-08-11,2020-08-11,False,True,False,True,Drugs
"Oxford Performance Materials, Inc.",OXFORD PERFORMANCE MATERIALS,1,2017-05-01,2017-05-01,True,False,False,True,Devices
"Oxygen Health Systems, LLC",OXYGEN HEALTH SYSTEMS,1,2017-04-17,2017-04-17,False,True,False,True,Drugs
Oxygen Therapy Program,OXYGEN THERAPY PROGRAM,1,2010-11-10,2010-11-10,False,True,False,True,Drugs
"Oxyhealth, LLC",OXYHEALTH,1,2013-08-08,2013-08-08,True,False,False,True,Devices
"Oxysure Systems, Inc.",OXYSURE SYSTEMS,1,2014-12-08,2014-12-08,True,False,False,True,Devices
Oy Ajat Ltd,AJAT,1,2013-04-10,2013-04-10,True,False,False,True,Devices
Ozempen.com,OZEMPEN COM,1,2024-06-27,2024-06-27,False,True,False,True,Drugs
P Banerji Mihijam Pharmaceuticals,P BANERJI MIHIJAM PHARMACEUTICALS,1,2018-08-07,2018-08-07,False,True,False,True,Drugs
"P. Damodara Kumaran, M.D.",P DAMODARA KUMARAN M D,1,2025-12-22,2025-12-22,False,True,False,True,Drugs
P.A. Benjamin Manufacturing Company Limited,P A BENJAMIN MANUFACTURING,1,2013-01-29,2013-01-29,False,True,False,True,Drugs
P.T. Sankei Medical Industries,P T SANKEI MEDICAL INDUSTRIES,1,2023-09-19,2023-09-19,True,False,False,True,Devices
PA Green Wellness LLC,PA GREEN WELLNESS,1,2020-08-17,2020-08-17,False,False,True,True,Biologics
PAI Holdings LLC,PAI,2,2011-08-29,2016-03-21,False,True,False,True,Drugs
"PC Marketing, Inc.",PC MARKETING,1,2012-10-10,2012-10-10,True,False,False,True,Devices
PCP LV LLC dba Pinnacle Compounding Pharmacy,PCP LV PINNACLE COMPOUNDING PHARMACY,1,2016-05-23,2016-05-23,False,True,False,True,Drugs
PDS Manufacturing Inc.,PDS MANUFACTURING,1,2008-11-24,2008-11-24,True,False,False,True,Devices
PETNET Solutions Inc.,PETNET SOLUTIONS,1,2019-10-17,2019-10-17,False,True,False,True,Drugs
"PHYSICIAN 360, INC.",PHYSICIAN 360,1,2020-10-05,2020-10-05,True,False,False,True,Devices
PLANTAS MEDICINALES DE MEXICO,PLANTAS MEDICINALES DE MEXICO,1,2023-12-21,2023-12-21,False,True,False,True,Drugs
PLZ Corp.,PLZ,1,2026-06-02,2026-06-02,False,True,False,True,Drugs
"PMS4PMS, LLC",PMS4PMS,1,2025-04-07,2025-04-07,False,True,False,True,Drugs
PMT Corporation,PMT,1,2009-12-03,2009-12-03,True,False,False,True,Devices
"PN Medical, Inc.",PN MEDICAL,1,2011-11-01,2011-11-01,True,False,False,True,Devices
"POLLEYMED, LLC",POLLEYMED,1,2026-05-14,2026-05-14,False,True,False,True,Drugs
PQ Pharmacy LLC,PQ PHARMACY,1,2025-10-10,2025-10-10,False,True,False,True,Drugs
PREMIER NUTRA PHARMA Inc.,PREMIER NUTRA PHARMA,1,2022-12-09,2022-12-09,False,True,False,True,Drugs
PREMIUM NATURE,PREMIUM NATURE,1,2022-09-01,2022-09-01,False,True,False,True,Drugs
PRIME SPORTS NUTRITION,PRIME SPORTS NUTRITION,1,2025-12-12,2025-12-12,False,True,False,True,Drugs
PROSANA DISTRIBUCIONES SA DE CV,PROSANA DISTRIBUCIONES DE CV,1,2017-12-21,2017-12-21,False,True,False,True,Drugs
PT. MegaSurya Mas,PT MEGASURYA MAS,1,2020-08-24,2020-08-24,False,True,False,True,Drugs
PUREPURGE,PUREPURGE,1,2021-06-02,2021-06-02,False,True,False,True,Drugs
"Pace Tech, Inc.",PACE TECH,1,2011-11-01,2011-11-01,True,False,False,True,Devices
Pacific Center of Health,PACIFIC CENTER OF HEALTH,1,2021-06-22,2021-06-22,False,True,False,True,Drugs
"Pacific Hospital Supply Co., Ltd",PACIFIC HOSPITAL SUPPLY,1,2017-05-26,2017-05-26,True,False,False,True,Devices
Pacific Vision Institute,PACIFIC VISION INSTITUTE,1,2014-08-19,2014-08-19,True,False,False,True,Devices
Padagis US LLC,PADAGIS,1,2010-03-01,2010-03-01,False,True,False,True,Drugs
"Padtest, LLC",PADTEST,1,2014-12-17,2014-12-17,True,False,False,True,Devices
PainBomb,PAINBOMB,1,2016-02-04,2016-02-04,False,True,False,True,Drugs
Painless Tattoo Cream Co.,PAINLESS TATTOO CREAM,1,2024-03-25,2024-03-25,False,True,False,True,Drugs
Pairon Solutions LLC,PAIRON SOLUTIONS,1,2021-08-09,2021-08-09,True,False,False,True,Devices
Palamur Biosciences Private Limited,PALAMUR BIOSCIENCES PRIVATE,1,2025-12-11,2025-12-11,True,False,False,True,Devices
"Pallimed Solutions, Inc.",PALLIMED SOLUTIONS,1,2014-02-19,2014-02-19,False,True,False,True,Drugs
Palmdale Ambulatory Surgery,PALMDALE AMBULATORY SURGERY,1,2011-12-09,2011-12-09,True,False,False,True,Devices
"Pamela K. Den Besten, DDS",PAMELA K DEN BESTEN DDS,1,2025-09-19,2025-09-19,False,True,False,True,Drugs
Pan Drugs Limited,PAN DRUGS,1,2016-08-25,2016-08-25,False,True,False,True,Drugs
Pan Drugs Ltd.,PAN DRUGS,2,2012-02-28,2015-09-02,False,True,False,True,Drugs
Panacea Biotec Pharma Limited,PANACEA BIOTEC PHARMA,1,2020-09-24,2020-09-24,False,True,False,True,Drugs
Panoramic Corp.,PANORAMIC,1,2015-10-01,2015-10-01,True,False,False,True,Devices
Pantheon Research,PANTHEON RESEARCH,1,2009-09-03,2009-09-03,True,False,False,True,Devices
Panther Sports Nutrition,PANTHER SPORTS NUTRITION,1,2017-10-23,2017-10-23,False,True,False,True,Drugs
"Par Health USA, LLC",PAR HEALTH,1,2026-04-15,2026-04-15,False,True,False,True,Drugs
"Paradigm RE, LLC",PARADIGM RE,1,2020-12-07,2020-12-07,False,True,False,True,Drugs
"Paragon DX, LLC",PARAGON DX,1,2010-03-18,2010-03-18,True,False,False,True,Devices
"Paramesh Banerji Life Sciences, LLC",PARAMESH BANERJI LIFE SCIENCES,1,2018-08-07,2018-08-07,False,True,False,True,Drugs
Park Avenue Compounding,PARK AVENUE COMPOUNDING,1,2015-10-19,2015-10-19,False,True,False,True,Drugs
Park Infusioncare LP dba Preferred Homecare,PARK INFUSIONCARE PREFERRED HOMECARE,1,2018-03-01,2018-03-01,False,True,False,True,Drugs
"Parks Medical Electronics, Inc",PARKS MEDICAL ELECTRONICS,1,2012-11-27,2012-11-27,True,False,False,True,Devices
Patcos Cosmetics (India) Private Limited,PATCOS COSMETICS INDIA PRIVATE,2,2023-12-15,2026-03-12,False,True,False,True,Drugs
"Pattanam D. Srinivasan, MD",PATTANAM D SRINIVASAN MD,1,2014-03-14,2014-03-14,True,False,False,True,Devices
Pax-All Manufacturing Inc,PAX ALL MANUFACTURING,1,2012-03-09,2012-03-09,False,True,False,True,Drugs
Peace Medical Inc.,PEACE MEDICAL,1,2011-07-12,2011-07-12,True,False,False,True,Devices
Peaks Curative LLC,PEAKS CURATIVE,1,2026-02-20,2026-02-20,False,True,False,True,Drugs
Pedinol Pharmacal Inc,PEDINOL PHARMACAL,1,2009-08-20,2009-08-20,False,True,False,True,Drugs
PekCura Labs,PEKCURA LABS,1,2026-03-31,2026-03-31,False,True,False,True,Drugs
Peking Medicine Manufactory,PEKING MEDICINE MANUFACTORY,2,2012-04-05,2013-03-25,False,True,False,True,Drugs
"Pelvic Therapies, Inc",PELVIC THERAPIES,1,2017-10-17,2017-10-17,True,False,False,True,Devices
Penn Pharmaceutical Services Limited,PENN PHARMACEUTICAL SERVICES,1,2013-06-11,2013-06-11,True,False,False,True,Devices
"Pensacola Apothecary, Inc. DBA Everwell Specialty Pharmacy",PENSACOLA APOTHECARY EVERWELL SPECIALTY PHARMACY,1,2017-06-28,2017-06-28,False,True,False,True,Drugs
Pentax of America Inc,PENTAX OF AMERICA,2,2013-03-29,2015-08-12,True,False,False,True,Devices
Pentec Health,PENTEC HEALTH,1,2014-03-07,2014-03-07,False,True,False,True,Drugs
"People's Custom Rx and Clinical Care, LLC",PEOPLE S CUSTOM RX AND CLINICAL CARE,1,2016-06-06,2016-06-06,False,True,False,True,Drugs
Peregrine Surgical Ltd,PEREGRINE SURGICAL,1,2010-12-20,2010-12-20,True,False,False,True,Devices
"Perich Larry, D. O",PERICH LARRY D O,1,2008-12-01,2008-12-01,True,False,False,True,Devices
"PerioSeal, Inc.",PERIOSEAL,1,2012-10-29,2012-10-29,True,False,False,True,Devices
Perma Pure LLC,PERMA PURE,1,2010-09-21,2010-09-21,True,False,False,True,Devices
Perry Drugs Inc.,PERRY DRUGS,1,2015-02-03,2015-02-03,False,True,False,True,Drugs
Person & Covey Inc,PERSON AND COVEY,1,2025-09-23,2025-09-23,False,True,False,True,Drugs
Pet Pharmacy NW LLC,PET PHARMACY NW,1,2020-03-31,2020-03-31,False,True,False,True,Drugs
Peter Schiff Enterprises,PETER SCHIFF ENTERPRISES,1,2013-07-31,2013-07-31,True,False,False,True,Devices
Petra Hygienic Systems Int Ltd,PETRA HYGIENIC SYSTEMS INT,1,2019-05-07,2019-05-07,False,True,False,True,Drugs
Pfizer Healthcare India Private Limited,PFIZER HEALTHCARE INDIA PRIVATE,1,2020-03-25,2020-03-25,False,True,False,True,Drugs
PharMEDium Services LLC,PHARMEDIUM SERVICES,1,2014-07-18,2014-07-18,False,True,False,True,Drugs
"PharMEDium Services, LLC",PHARMEDIUM SERVICES,2,2014-07-18,2014-07-18,False,True,False,True,Drugs
"PharMEDium Services, LLC.",PHARMEDIUM SERVICES,1,2014-07-18,2014-07-18,False,True,False,True,Drugs
"Pharm D Solutions, LLC",PHARM D SOLUTIONS,1,2016-12-08,2016-12-08,False,True,False,True,Drugs
"PharmScript, LLC",PHARMSCRIPT,1,2017-08-23,2017-08-23,False,True,False,True,Drugs
Pharma Nobis LLC,PHARMA NOBIS,1,2017-01-26,2017-01-26,False,True,False,True,Drugs
"Pharma Tech Solutions, Inc",PHARMA TECH SOLUTIONS,2,2014-04-08,2014-07-07,True,False,False,True,Devices
PharmaCanna,PHARMACANNA,1,2023-01-05,2023-01-05,False,True,False,True,Drugs
PharmaLegacy Research LLC,PHARMALEGACY RESEARCH,1,2023-10-20,2023-10-20,False,True,False,True,Drugs
"PharmaLogic CSP, Inc.",PHARMALOGIC CSP,1,2016-04-29,2016-04-29,False,True,False,True,Drugs
PharmaZee,PHARMAZEE,1,2026-02-20,2026-02-20,False,True,False,True,Drugs
Pharmaboosters.com,PHARMABOOSTERS COM,1,2020-07-15,2020-07-15,False,True,False,True,Drugs
"Pharmaceutic Labs, LLC.",PHARMACEUTIC LABS,1,2017-05-03,2017-05-03,False,True,False,True,Drugs
Pharmaceutical Care Solutions,PHARMACEUTICAL CARE SOLUTIONS,1,2021-08-02,2021-08-02,False,True,False,True,Drugs
"Pharmaceutical Innovations, Inc.",PHARMACEUTICAL INNOVATIONS,1,2011-07-29,2011-07-29,True,False,False,True,Devices
"Pharmaceutical Laboratories and Consultants, Inc.",PHARMACEUTICAL LABORATORIES AND CONSULTANTS,1,2018-08-29,2018-08-29,False,True,False,True,Drugs
Pharmacy Innovations,PHARMACY INNOVATIONS,1,2023-09-20,2023-09-20,False,True,False,True,Drugs
Pharmacy Resources Incorporated,PHARMACY RESOURCES,1,2018-03-02,2018-03-02,False,True,False,True,Drugs
Pharmadel LLC,PHARMADEL,1,2023-05-18,2023-05-18,False,True,False,True,Drugs
"Pharmagen Laboratories, Inc",PHARMAGEN LABORATORIES,1,2014-10-24,2014-10-24,False,True,False,True,Drugs
"Pharmakon Compounding Pharmacy, Inc.",PHARMAKON COMPOUNDING PHARMACY,1,2017-09-07,2017-09-07,False,True,False,True,Drugs
"Pharmakon Pharmaceuticals, Inc.",PHARMAKON PHARMACEUTICALS,1,2015-05-21,2015-05-21,False,True,False,True,Drugs
Pharmaplast S.A.E.,PHARMAPLAST S A E,1,2023-04-13,2023-04-13,False,True,False,True,Drugs
Pharmasol Corporation,PHARMASOL,1,2019-03-14,2019-03-14,False,True,False,True,Drugs
Pharmathen International S.A.,PHARMATHEN S A,1,2026-05-27,2026-05-27,False,True,False,True,Drugs
Pharmawest Pharmacy Ltd,PHARMAWEST PHARMACY,1,2012-05-24,2012-05-24,False,True,False,True,Drugs
Pharmco Laboratories Inc.,PHARMCO LABORATORIES,1,2016-12-15,2016-12-15,False,True,False,True,Drugs
Pharmcore Inc. dba Hallandale Pharmacy,PHARMCORE HALLANDALE PHARMACY,1,2020-03-11,2020-03-11,False,True,False,True,Drugs
"Pharmedica USA, LLC",PHARMEDICA,1,2023-04-28,2023-04-28,False,True,False,True,Drugs
"Pharmedium Services, LLC",PHARMEDIUM SERVICES,1,2014-07-18,2014-07-18,False,True,False,True,Drugs
Phase 4 Pharmaceutical Llc,PHASE 4 PHARMACEUTICAL,1,2018-04-18,2018-04-18,False,True,False,True,Drugs
"Philadelphia 7, Inc",PHILADELPHIA 7,1,2025-12-16,2025-12-16,True,False,False,True,Devices
Philips Healthcare,PHILIPS HEALTHCARE,1,2013-12-20,2013-12-20,True,False,False,True,Devices
"Philips Healthcare (Suzhou) Co., Ltd.",PHILIPS HEALTHCARE SUZHOU,1,2024-02-15,2024-02-15,True,False,False,True,Devices
Philips Medical Systems (Cleveland) Inc,PHILIPS MEDICAL SYSTEMS CLEVELAND,1,2011-06-07,2011-06-07,True,False,False,True,Devices
Philips Medical Systems Nederland B.V.,PHILIPS MEDICAL SYSTEMS NEDERLAND B V,1,2025-09-09,2025-09-09,True,False,False,True,Devices
Philips North America LLC,PHILIPS NORTH AMERICA,1,2011-03-28,2011-03-28,True,False,False,True,Devices
"Philips North America, LLC",PHILIPS NORTH AMERICA,1,2009-10-09,2009-10-09,True,False,False,True,Devices
"Philips Ultrasound, Inc",PHILIPS ULTRASOUND,1,2025-09-09,2025-09-09,True,False,False,True,Devices
"Philips Ultrasound, LLC",PHILIPS ULTRASOUND,1,2025-09-09,2025-09-09,True,False,False,True,Devices
"Phillips Precision, Inc.",PHILLIPS PRECISION,1,2024-12-09,2024-12-09,True,False,False,True,Devices
"Phillips, Robert A.",PHILLIPS ROBERT A,1,2009-07-20,2009-07-20,True,False,False,True,Devices
Philosys Co. Ltd,PHILOSYS,1,2020-02-05,2020-02-05,True,False,False,True,Devices
Phoenix Bio-Tech Corporation,PHOENIX BIO TECH,1,2009-10-05,2009-10-05,True,False,False,True,Devices
"Phoenix Biotechnology, Inc.",PHOENIX BIOTECHNOLOGY,1,2020-12-15,2020-12-15,False,True,False,True,Drugs
Phoenix Instruments Inc.,PHOENIX INSTRUMENTS,1,2012-11-08,2012-11-08,True,False,False,True,Devices
"Phoenix Medical Devices, LLC",PHOENIX MEDICAL DEVICES,1,2009-09-29,2009-09-29,True,False,False,True,Devices
"PhotoMedex, Inc.",PHOTOMEDEX,1,2012-01-26,2012-01-26,True,False,False,True,Devices
PhotonX Holdings Inc.,PHOTONX,1,2017-09-25,2017-09-25,True,False,False,True,Devices
"Physician Preferred Medical, LLC",PHYSICIAN PREFERRED MEDICAL,1,2016-01-20,2016-01-20,False,True,False,True,Drugs
"Physicians Total Care, Inc.",PHYSICIANS TOTAL CARE,2,2009-03-30,2013-01-10,False,True,False,True,Drugs
"Physio PS, Inc.",PHYSIO PS,1,2012-11-02,2012-11-02,True,False,False,True,Devices
"Physitemp Instruments, LLC",PHYSITEMP INSTRUMENTS,1,2025-11-12,2025-11-12,True,False,False,True,Devices
Pico IV Inc.,PICO IV,1,2025-03-06,2025-03-06,False,True,False,True,Drugs
"Picus, Dr Joel",PICUS DR JOEL,1,2010-09-20,2010-09-20,False,True,False,True,Drugs
Piezosurgery Inc,PIEZOSURGERY,1,2010-06-08,2010-06-08,True,False,False,True,Devices
Pikeville Medical Center Inc Institutional Review Committee,PIKEVILLE MEDICAL CENTER INSTITUTIONAL REVIEW COMMITTEE,1,2016-03-01,2016-03-01,False,True,False,True,Drugs
"Pine Pharmaceuticals, LLC",PINE PHARMACEUTICALS,1,2016-11-07,2016-11-07,False,True,False,True,Drugs
"Pine Pharmacy and Home Care Products Center, Inc.",PINE PHARMACY AND HOME CARE PRODUCTS CENTER,1,2015-02-13,2015-02-13,False,True,False,True,Drugs
"Pinnacle Labs of Tennessee, LLC",PINNACLE LABS OF TENNESSEE,1,2024-04-17,2024-04-17,True,False,False,True,Devices
Pinnacle Peptides,PINNACLE PEPTIDES,1,2025-12-12,2025-12-12,False,True,False,True,Drugs
"Pinnacle Transplant Technologies, LLC",PINNACLE TRANSPLANT TECHNOLOGIES,1,2024-10-01,2024-10-01,False,False,True,True,Biologics
"Pinook USA, LLC",PINOOK,1,2012-06-14,2012-06-14,True,False,False,True,Devices
"Pinsky Mark, MD",PINSKY MARK MD,1,2013-01-14,2013-01-14,True,False,False,True,Devices
Pishon Trading Inc,PISHON TRADING,1,2013-01-30,2013-01-30,True,False,False,True,Devices
Plainsboro Pharmacy,PLAINSBORO PHARMACY,1,2016-08-01,2016-08-01,False,True,False,True,Drugs
"Plasticos Las Palmas, S.A. de C.V.",PLASTICOS LAS PALMAS S A DE C V,1,2021-03-01,2021-03-01,False,True,False,True,Drugs
Plastikon Healthcare LLC,PLASTIKON HEALTHCARE,1,2022-04-20,2022-04-20,False,True,False,True,Drugs
Platinum Biologics,PLATINUM BIOLOGICS,1,2025-08-15,2025-08-15,False,False,True,True,Biologics
"Platinum Strategies, Inc.",PLATINUM STRATEGIES,1,2009-09-23,2009-09-23,False,True,False,True,Drugs
Plum Dragon Herbs,PLUM DRAGON HERBS,1,2020-05-08,2020-05-08,False,True,False,True,Drugs
"Pneumex, Inc.",PNEUMEX,1,2008-12-05,2008-12-05,True,False,False,True,Devices
Pocono Coated Products LLC.,POCONO COATED PRODUCTS,1,2016-10-27,2016-10-27,False,True,False,True,Drugs
"Podo Xingda Medical Co., Ltd.",PODO XINGDA MEDICAL,1,2012-12-05,2012-12-05,True,False,False,True,Devices
"Pointcare Technologies, Inc.",POINTCARE TECHNOLOGIES,1,2011-06-14,2011-06-14,True,False,False,True,Devices
"Polaroisin International Co., Ltd.",POLAROISIN,1,2018-01-26,2018-01-26,False,True,False,True,Drugs
Polimeros y Servicios S.A.,POLIMEROS Y SERVICIOS S A,1,2019-08-22,2019-08-22,False,True,False,True,Drugs
"Poly Pharmaceuticals, Inc",POLY PHARMACEUTICALS,1,2010-02-08,2010-02-08,False,True,False,True,Drugs
"PolyCarbon Industries, Inc.",POLYCARBON INDUSTRIES,1,2010-12-02,2010-12-02,False,True,False,True,Drugs
Polydrug Laboratories Pvt. Ltd.,POLYDRUG LABORATORIES,1,2016-04-14,2016-04-14,False,True,False,True,Drugs
"Polymer Technology Systems, Inc.",POLYMER TECHNOLOGY SYSTEMS,1,2019-07-31,2019-07-31,True,False,False,True,Devices
Pomegranate Consulting Ltd dba Glorious One-Pot Meals,POMEGRANATE CONSULTING GLORIOUS ONE POT MEALS,1,2020-08-18,2020-08-18,True,False,False,True,Devices
"Pomegranate Consulting, LLC",POMEGRANATE CONSULTING,1,2020-08-18,2020-08-18,True,False,False,True,Devices
Portal Pharmaceutical,PORTAL PHARMACEUTICAL,1,2010-02-03,2010-02-03,False,True,False,True,Drugs
Porton Biopharma Limited,PORTON BIOPHARMA,1,2017-01-19,2017-01-19,False,True,False,True,Drugs
"Powers Medical Devices, LLC",POWERS MEDICAL DEVICES,1,2014-09-25,2014-09-25,True,False,False,True,Devices
"Pozner, Jason N. MD",POZNER JASON N MD,1,2010-06-25,2010-06-25,True,False,False,True,Devices
"Practice Medx, LLC dba BioVeda Technologies",PRACTICE MEDX BIOVEDA TECHNOLOGIES,1,2010-08-05,2010-08-05,True,False,False,True,Devices
Prairie Dawn Herbs,PRAIRIE DAWN HERBS,2,2020-10-07,2020-12-10,False,True,False,True,Drugs; Food/Cosmetics
Precision Analitica Integral S.A. de C.V.,PRECISION ANALITICA INTEGRAL S A DE C V,1,2021-02-05,2021-02-05,False,True,False,True,Drugs
Precision Herbs LLC,PRECISION HERBS,1,2011-12-01,2011-12-01,True,False,False,True,Devices
"Precision Needle Manufacturing, Inc.",PRECISION NEEDLE MANUFACTURING,1,2014-05-25,2014-05-25,True,False,False,True,Devices
"Precision Pharmacy Center, LLC",PRECISION PHARMACY CENTER,1,2016-11-15,2016-11-15,False,True,False,True,Drugs
"Predictive Biotech, Inc.",PREDICTIVE BIOTECH,2,2020-08-17,2020-08-17,False,False,True,True,Biologics
Prefense LLC,PREFENSE,1,2020-04-23,2020-04-23,False,True,False,True,Drugs
Premier Pharmacy Labs Inc,PREMIER PHARMACY LABS,1,2015-04-27,2015-04-27,False,True,False,True,Drugs
Premier Trends LLC,PREMIER TRENDS,1,2022-03-14,2022-03-14,False,True,False,True,Drugs
"Premium Dental, LLC",PREMIUM DENTAL,1,2010-01-14,2010-01-14,True,False,False,True,Devices
"Premium Health Management, Inc.",PREMIUM HEALTH MANAGEMENT,1,2026-02-20,2026-02-20,False,True,False,True,Drugs
Prescription Dispensing Laboratories Inc.,PRESCRIPTION DISPENSING LABORATORIES,1,2019-07-30,2019-07-30,False,True,False,True,Drugs
Prescription Lab Compounding Pharmacy,PRESCRIPTION LAB COMPOUNDING PHARMACY,1,2016-11-16,2016-11-16,False,True,False,True,Drugs
Prescription Labs Inc dba Greenpark,PRESCRIPTION LABS GREENPARK,1,2018-10-26,2018-10-26,False,True,False,True,Drugs
"Preservation Solutions, Inc.",PRESERVATION SOLUTIONS,1,2017-08-21,2017-08-21,True,False,False,True,Devices
Pressure Tech Inc,PRESSURE TECH,1,2013-08-08,2013-08-08,True,False,False,True,Devices
"Pressure Tech, Inc.",PRESSURE TECH,1,2009-09-04,2009-09-04,True,False,False,True,Devices
Prestige Brands Holdings,PRESTIGE BRANDS,1,2017-06-01,2017-06-01,False,True,False,True,Drugs
Primary Health Care Associates,PRIMARY HEALTH CARE ASSOCIATES,1,2012-03-19,2012-03-19,False,False,True,True,Biologics
Prime Enterprises LLC,PRIME ENTERPRISES,1,2009-01-29,2009-01-29,False,True,False,True,Drugs
Prime Herbs Corporation,PRIME HERBS,1,2012-12-10,2012-12-10,True,False,False,True,Devices
Prime Lab LLC,PRIME LAB,1,2024-01-02,2024-01-02,False,True,False,True,Drugs
Prime Sciences,PRIME SCIENCES,1,2026-03-31,2026-03-31,False,True,False,True,Drugs
Prime Vitality Inc.,PRIME VITALITY,1,2024-12-10,2024-12-10,False,True,False,True,Drugs
Primus Corporation,PRIMUS,1,2020-08-12,2020-08-12,True,False,False,True,Devices
Prince Medical Industry SUARL,PRINCE MEDICAL INDUSTRY SUARL,1,2012-08-03,2012-08-03,True,False,False,True,Devices
Prince Medical S.A.S.,PRINCE MEDICAL S A S,1,2012-08-06,2012-08-06,True,False,False,True,Devices
"Prismatik Dentalcraft, Inc.",PRISMATIK DENTALCRAFT,1,2014-03-27,2014-03-27,True,False,False,True,Devices
"Private Label Partners, Inc.",PRIVATE LABEL PARTNERS,1,2025-07-02,2025-07-02,False,True,False,True,Drugs
Private Label Skin Care,PRIVATE LABEL SKIN CARE,1,2025-12-18,2025-12-18,False,True,False,True,Drugs
Pro Numb Tattoo Numbing Spray LLC,PRO NUMB TATTOO NUMBING SPRAY,1,2026-04-14,2026-04-14,False,True,False,True,Drugs
Pro West Marketing Ltd.,PRO WEST MARKETING,1,2009-11-17,2009-11-17,False,True,False,True,Drugs
"Pro-Paks, LLC",PRO PAKS,1,2011-06-24,2011-06-24,True,False,False,True,Devices
Pro-White Teeth,PRO WHITE TEETH,1,2013-06-11,2013-06-11,True,False,False,True,Devices
ProDx Health,PRODX HEALTH,1,2026-01-08,2026-01-08,False,False,True,True,Biologics
ProRx LLC,PRORX,2,2024-12-20,2026-04-07,False,True,False,True,Drugs
Proandre SL,PROANDRE SL,1,2019-02-15,2019-02-15,False,True,False,True,Drugs
"Probed Medical Technologies, Inc.",PROBED MEDICAL TECHNOLOGIES,1,2012-02-08,2012-02-08,True,False,False,True,Devices
"Prodesse, Inc",PRODESSE,1,2009-05-11,2009-05-11,True,False,False,True,Devices
"Prodigy Diabetes Care, LLC",PRODIGY DIABETES CARE,1,2013-02-22,2013-02-22,True,False,False,True,Devices
Prodimed,PRODIMED,1,2015-11-02,2015-11-02,True,False,False,True,Devices
"Prodose, Inc.",PRODOSE,1,2025-03-28,2025-03-28,False,True,False,True,Drugs
"Prodrome Sciences USA, LLC",PRODROME SCIENCES,1,2026-01-08,2026-01-08,False,True,False,True,Drugs
"Product Packaging West, Inc.",PRODUCT PACKAGING WEST,1,2018-11-02,2018-11-02,False,True,False,True,Drugs
Product Society LLC,PRODUCT SOCIETY,1,2025-05-08,2025-05-08,False,True,False,True,Drugs
"Productos Urologos de Mexico, S.A. de C.V.",PRODUCTOS UROLOGOS DE MEXICO S A DE C V,1,2012-05-07,2012-05-07,True,False,False,True,Devices
Professional Compounding Centers of America,PROFESSIONAL COMPOUNDING CENTERS OF AMERICA,1,2021-01-07,2021-01-07,False,True,False,True,Drugs
Professional World Store,PROFESSIONAL WORLD STORE,1,2021-04-27,2021-04-27,True,False,False,True,Devices
Profounda Inc,PROFOUNDA,1,2023-02-01,2023-02-01,False,True,False,True,Drugs
Progressive Emu Inc,PROGRESSIVE EMU,1,2009-08-18,2009-08-18,False,True,False,True,Drugs
Progressive Medical Inc,PROGRESSIVE MEDICAL,1,2012-01-10,2012-01-10,True,False,False,True,Devices
Project 1600 Inc.,PROJECT 1600,1,2020-06-18,2020-06-18,False,True,False,True,Drugs
Prolatis,PROLATIS,1,2010-12-02,2010-12-02,False,True,False,True,Drugs
"Promise Pharmacy, LLC",PROMISE PHARMACY,1,2019-07-29,2019-07-29,False,True,False,True,Drugs
"Proportional Technologies, Inc",PROPORTIONAL TECHNOLOGIES,1,2011-03-31,2011-03-31,False,True,False,True,Drugs
Proquimes S A Productos Quimicos Especializados S A,PROQUIMES S A PRODUCTOS QUIMICOS ESPECIALIZADOS S A,1,2021-04-05,2021-04-05,False,True,False,True,Drugs
"Prosec Protection Systems, Inc.",PROSEC PROTECTION SYSTEMS,1,2012-02-28,2012-02-28,True,False,False,True,Devices
"Protech Professional Products, Inc.",PROTECH PROFESSIONAL PRODUCTS,1,2014-07-24,2014-07-24,True,False,False,True,Devices
Prothya Biosolutions Netherlands B.V.,PROTHYA BIOSOLUTIONS NETHERLANDS B V,1,2013-08-29,2013-08-29,False,False,True,True,Biologics
Provena St. Joseph's Medical Center IRB,PROVENA ST JOSEPH S MEDICAL CENTER IRB,1,2009-03-16,2009-03-16,False,False,True,True,Biologics
Providence Hospital Institutional Review Board,PROVIDENCE HOSPITAL INSTITUTIONAL REVIEW BOARD,1,2010-01-06,2010-01-06,True,False,False,True,Devices
Provident Pharmaceuticals Llc,PROVIDENT PHARMACEUTICALS,1,2009-11-09,2009-11-09,False,True,False,True,Drugs
Przedsiebiorstwo Farmaceutyczne Jelfa SA,PRZEDSIEBIORSTWO FARMACEUTYCZNE JELFA,1,2011-07-14,2011-07-14,False,True,False,True,Drugs
Puget Sound Drug Corporation dba Key Pharmacy and Compounding Center,PUGET SOUND DRUG KEY PHARMACY AND COMPOUNDING CENTER,1,2018-04-04,2018-04-04,False,True,False,True,Drugs
Pulse Health Llc,PULSE HEALTH,1,2012-09-28,2012-09-28,True,False,False,True,Devices
"Punjwani Sohail S., MD",PUNJWANI SOHAIL S MD,1,2010-02-04,2010-02-04,False,True,False,True,Drugs
Pure Indulgence Aesthetics,PURE INDULGENCE AESTHETICS,1,2026-04-01,2026-04-01,False,True,False,True,Drugs
Pure Med Spa,PURE MED,1,2010-04-06,2010-04-06,False,True,False,True,Drugs
"Pure Source, LLC",PURE SOURCE,1,2019-02-20,2019-02-20,False,True,False,True,Drugs
Purechempros LLC,PURECHEMPROS,1,2023-09-01,2023-09-01,False,True,False,True,Drugs
Purecraft Llc,PURECRAFT,1,2023-01-10,2023-01-10,False,True,False,True,Drugs
Puretone Ltd.,PURETONE,1,2009-04-10,2009-04-10,True,False,False,True,Devices
Purolea Cosmetics Lab,PUROLEA COSMETICS LAB,1,2026-04-02,2026-04-02,False,True,False,True,Drugs
Pushclean Technology Plastik Sanayi Ve Ticaret Ltd. Sirketi,PUSHCLEAN TECHNOLOGY PLASTIK SANAYI VE TICARET SIRKETI,1,2025-06-16,2025-06-16,False,True,False,True,Drugs
Pyng Medical Corporation,PYNG MEDICAL,1,2009-05-12,2009-05-12,True,False,False,True,Devices
"Q'apel Medical, Inc.",Q APEL MEDICAL,1,2025-02-05,2025-02-05,True,False,False,True,Devices
Q-Based Solutions,Q BASED SOLUTIONS,1,2009-07-22,2009-07-22,False,True,False,True,Drugs
QLRAD,QLRAD,1,2017-07-20,2017-07-20,True,False,False,True,Devices
Qiagen Sciences LLC,QIAGEN SCIENCES,1,2016-05-16,2016-05-16,True,False,False,True,Devices
Qingdao Jiulong Biopharmaceutical Co. Ltd.,QINGDAO JIULONG BIOPHARMACEUTICAL,1,2009-04-14,2009-04-14,False,True,False,True,Drugs
"Qinghai Baojiantang Pharmaceutical Co., Ltd",QINGHAI BAOJIANTANG PHARMACEUTICAL,1,2015-07-31,2015-07-31,False,True,False,True,Drugs
"Qinhuangdao Zizhu Pharmaceutical Co., Ltd.",QINHUANGDAO ZIZHU PHARMACEUTICAL,1,2017-04-24,2017-04-24,False,True,False,True,Drugs
"QuVa Pharma, Inc.",QUVA PHARMA,1,2024-01-26,2024-01-26,False,True,False,True,Drugs
"Quadex Pharmaceuticals, Llc",QUADEX PHARMACEUTICALS,1,2012-05-07,2012-05-07,False,True,False,True,Drugs
"Quadrant Sales & Marketing, Inc.",QUADRANT SALES AND MARKETING,1,2020-05-28,2020-05-28,False,True,False,True,Drugs
"Quake Kare, Inc.",QUAKE KARE,1,2009-05-12,2009-05-12,True,False,False,True,Devices
"Qualgen, LLC",QUALGEN,1,2016-06-03,2016-06-03,False,True,False,True,Drugs
Quali Controle,QUALI CONTROLE,1,2018-03-05,2018-03-05,False,True,False,True,Drugs
Quality CDMO,QUALITY CDMO,1,2024-09-11,2024-09-11,False,True,False,True,Drugs
Quality Electrodynamics LLC,QUALITY ELECTRODYNAMICS,1,2015-04-10,2015-04-10,True,False,False,True,Devices
"Quanta Aesthetic Lasers USA, LLC",QUANTA AESTHETIC LASERS,1,2012-07-16,2012-07-16,True,False,False,True,Devices
Quanta System SpA,QUANTA SYSTEM,1,2012-10-18,2012-10-18,True,False,False,True,Devices
"Quantum Devices, Inc.",QUANTUM DEVICES,1,2012-07-12,2012-07-12,True,False,False,True,Devices
"Quasar Bio-Tech, Inc.",QUASAR BIO TECH,1,2011-12-09,2011-12-09,True,False,False,True,Devices
"Quimica Magna de Mexico, S.A. de C.V.",QUIMICA MAGNA DE MEXICO S A DE C V,1,2020-10-15,2020-10-15,False,True,False,True,Drugs
Quinessence Aromatherapy LTD,QUINESSENCE AROMATHERAPY,1,2020-03-06,2020-03-06,False,True,False,True,Drugs
Quzhou Chemsyn Pharm Co Ltd,QUZHOU CHEMSYN PHARM,1,2012-09-06,2012-09-06,False,True,False,True,Drugs
R & B Medical Group Inc.,R AND B MEDICAL,1,2020-01-16,2020-01-16,False,False,True,True,Biologics
"R Thomas Marketing, LLC",R THOMAS MARKETING,1,2015-07-31,2015-07-31,False,True,False,True,Drugs
"R&D Engineering, Inc. of Earlham",R AND D ENGINEERING OF EARLHAM,1,2014-05-16,2014-05-16,True,False,False,True,Devices
R4 LLC,R4,1,2009-05-11,2009-05-11,True,False,False,True,Devices
R82 A/S,R82 A S,2,2011-03-14,2013-10-18,True,False,False,True,Devices
"RAM Scientific, Inc.",RAM SCIENTIFIC,1,2016-09-06,2016-09-06,True,False,False,True,Devices
RAPID RELEASE TECHNOLOGIES,RAPID RELEASE TECHNOLOGIES,1,2017-01-17,2017-01-17,True,False,False,True,Devices
"RAVENSCROFT APOTHECARY, INC",RAVENSCROFT APOTHECARY,1,2021-03-12,2021-03-12,False,True,False,True,Drugs
RAWZ BIO LLC,RAWZ BIO,1,2025-09-08,2025-09-08,False,True,False,True,Drugs
"RC Compounding Services, LLC",RC COMPOUNDING SERVICES,1,2014-07-14,2014-07-14,False,True,False,True,Drugs
"RC Outsourcing, LLC",RC OUTSOURCING,2,2017-11-29,2026-03-20,False,True,False,True,Drugs
"RD Medical Manufacturing, Inc.",RD MEDICAL MANUFACTURING,1,2011-02-04,2011-02-04,True,False,False,True,Devices
"REMINGTON MEDICAL, S.A.",REMINGTON MEDICAL S A,1,2015-09-14,2015-09-14,True,False,False,True,Devices
RESET TECHNOLOGY CORPORATION,RESET TECHNOLOGY,1,2025-06-09,2025-06-09,True,False,False,True,Devices
RESPILON PRODUCTION S.R.O.,RESPILON PRODUCTION S R O,1,2026-04-27,2026-04-27,False,True,False,True,Drugs
"RGI Medical Manufacturing, Inc.",RGI MEDICAL MANUFACTURING,1,2008-12-08,2008-12-08,True,False,False,True,Devices
RHYZ ANALYTICAL LABS,RHYZ ANALYTICAL LABS,1,2025-11-12,2025-11-12,False,True,False,True,Drugs
RI.MOS. SRL,RI MOS,1,2012-06-29,2012-06-29,True,False,False,True,Devices
"RIGHTEYE, LLC",RIGHTEYE,1,2022-12-20,2022-12-20,True,False,False,True,Devices
RIJ Pharmaceutical LLC,RIJ PHARMACEUTICAL,1,2019-03-28,2019-03-28,False,True,False,True,Drugs
RLC Labs Inc.,RLC LABS,1,2020-10-09,2020-10-09,False,True,False,True,Drugs
RMLC Industries LLC,RMLC INDUSTRIES,1,2023-06-01,2023-06-01,False,True,False,True,Drugs
RNA Bio/Pharma Inc,RNA BIO PHARMA,1,2025-10-10,2025-10-10,False,True,False,True,Drugs
RNV LLC,RNV,1,2019-12-10,2019-12-10,False,True,False,True,Drugs
ROIS Phoenix Inc,ROIS PHOENIX,1,2022-10-31,2022-10-31,False,True,False,True,Drugs
RPG Life Sciences Limited,RPG LIFE SCIENCES,1,2013-05-28,2013-05-28,False,True,False,True,Drugs
RX Air Industries LLC.,RX AIR INDUSTRIES,1,2011-09-08,2011-09-08,True,False,False,True,Devices
RX Partners,RX PARTNERS,1,2015-06-08,2015-06-08,False,True,False,True,Drugs
RX South DBA RX3 Compounding Pharmacy LLC,RX SOUTH RX3 COMPOUNDING PHARMACY,1,2014-10-23,2014-10-23,False,True,False,True,Drugs
RXQ Compounding LLC,RXQ COMPOUNDING,1,2016-05-19,2016-05-19,False,True,False,True,Drugs
Racer Technology Pte Ltd,RACER TECHNOLOGY,1,2013-12-12,2013-12-12,True,False,False,True,Devices
"RadLogics, Inc.",RADLOGICS,1,2018-04-09,2018-04-09,True,False,False,True,Devices
Rainbow Gold Products Inc,RAINBOW GOLD PRODUCTS,1,2017-05-04,2017-05-04,False,True,False,True,Drugs
Ralco S.R.L.,RALCO S R L,1,2013-12-06,2013-12-06,True,False,False,True,Devices
Ralf C. Zimmermann,RALF C ZIMMERMANN,1,2014-02-21,2014-02-21,False,True,False,True,Drugs
"Ralph A DeFronzo, MD",RALPH A DEFRONZO MD,1,2025-09-17,2025-09-17,False,True,False,True,Drugs
Rand Eye Institute,RAND EYE INSTITUTE,1,2012-12-18,2012-12-18,True,False,False,True,Devices
Randek l-warez,RANDEK L WAREZ,1,2009-11-17,2009-11-17,False,True,False,True,Drugs
Randol Mill Pharmacy,RANDOL MILL PHARMACY,1,2020-09-17,2020-09-17,False,True,False,True,Drugs
Randox Laboratories Limited,RANDOX LABORATORIES,1,2024-12-06,2024-12-06,True,False,False,True,Devices
"Randy J. Epstein, M.D.",RANDY J EPSTEIN M D,1,2023-06-14,2023-06-14,False,True,False,True,Drugs
Ranier's Compounding Laboratory,RANIER S COMPOUNDING LABORATORY,1,2017-03-28,2017-03-28,False,True,False,True,Drugs
"Rapid Diagnostics, Division Of Mp Biomedicals, Llc",RAPID DIAGNOSTICS DIVISION OF MP BIOMEDICALS,1,2015-08-24,2015-08-24,True,False,False,True,Devices
"Rare Antibody Antigen Supply, Inc.",RARE ANTIBODY ANTIGEN SUPPLY,1,2021-09-30,2021-09-30,False,True,False,True,Drugs
"Raritan Pharmaceuticals, Inc.",RARITAN PHARMACEUTICALS,1,2017-06-20,2017-06-20,False,True,False,True,Drugs
Rat's Army,RAT S ARMY,1,2020-12-02,2020-12-02,False,True,False,True,Drugs
Rays Vitamins,RAYS VITAMINS,1,2026-04-24,2026-04-24,False,True,False,True,Drugs
Rdg Imports Llc,RDG IMPORTS,1,2022-08-05,2022-08-05,True,False,False,True,Devices
Re-Gen Active Lab Inc,RE GEN ACTIVE LAB,1,2022-05-27,2022-05-27,False,False,True,True,Biologics
"ReNovo, Inc.",RENOVO,1,2023-10-13,2023-10-13,True,False,False,True,Devices
Ready Med,READY MED,1,2026-06-08,2026-06-08,False,True,False,True,Drugs
Real Clean Distribuciones SA de CV,REAL CLEAN DISTRIBUCIONES DE CV,1,2020-10-30,2020-10-30,False,True,False,True,Drugs
"Realm of Caring Foundation, Inc.",REALM OF CARING FOUNDATION,1,2017-10-31,2017-10-31,False,True,False,True,Drugs; Food/Cosmetics
Rebel Distributors Corp,REBEL DISTRIBUTORS,1,2015-03-31,2015-03-31,False,True,False,True,Drugs
"Rebom Co., Ltd.",REBOM,1,2024-06-26,2024-06-26,False,True,False,True,Drugs
"Rebuilder Medical, Inc.",REBUILDER MEDICAL,2,2009-05-03,2011-03-08,True,True,False,True,Devices; Drugs
Rechargeable Power Energy North America LLC,RECHARGEABLE POWER ENERGY NORTH AMERICA,1,2019-05-09,2019-05-09,True,False,False,True,Devices
Rechon Life Science AB,RECHON LIFE SCIENCE,1,2025-04-30,2025-04-30,False,True,False,True,Drugs
"Recsei Laboratories, LLC",RECSEI LABORATORIES,1,2014-01-15,2014-01-15,False,True,False,True,Drugs
Red Mountain Inc,RED MOUNTAIN,1,2019-03-20,2019-03-20,False,True,False,True,Drugs
"Red Oak Instruments, LLC",RED OAK INSTRUMENTS,1,2025-02-21,2025-02-21,True,False,False,True,Devices
Redwood Memorial Hospital,REDWOOD MEMORIAL HOSPITAL,1,2011-07-05,2011-07-05,True,False,False,True,Devices
Reese Pharmaceutical Company,REESE PHARMACEUTICAL,1,2011-05-18,2011-05-18,False,True,False,True,Drugs
Refills Health LLC,REFILLS HEALTH,1,2026-02-20,2026-02-20,False,True,False,True,Drugs
"Refine USA, LLC",REFINE,1,2011-04-18,2011-04-18,True,False,False,True,Devices
Reflow Supply Chain Solutions LLC,REFLOW SUPPLY CHAIN SOLUTIONS,1,2022-12-27,2022-12-27,False,True,False,True,Drugs
Regenerative Biologics Inc.,REGENERATIVE BIOLOGICS,1,2024-08-16,2024-08-16,False,False,True,True,Biologics
"Regenerative Processing Plant, LLC",REGENERATIVE PROCESSING PLANT,1,2024-08-16,2024-08-16,False,False,True,True,Biologics
"Region Care, Inc.",REGION CARE,1,2015-04-08,2015-04-08,False,True,False,True,Drugs
Regional Radiology,REGIONAL RADIOLOGY,1,2016-07-11,2016-07-11,True,False,False,True,Devices
Rehabtronics Inc.,REHABTRONICS,1,2013-12-04,2013-12-04,True,False,False,True,Devices
Reine Lifescience,REINE LIFESCIENCE,1,2018-05-09,2018-05-09,False,True,False,True,Drugs
Reka Health Pte Ltd,REKA HEALTH,1,2014-12-19,2014-12-19,True,False,False,True,Devices
Reliable Rexall-A Compounding Pharmacy,RELIABLE REXALL A COMPOUNDING PHARMACY,1,2017-03-10,2017-03-10,False,True,False,True,Drugs
"Reliant Compounded Solutions Monroe, LLC",RELIANT COMPOUNDED SOLUTIONS MONROE,1,2017-09-18,2017-09-18,False,True,False,True,Drugs
ReliantHeart Inc.,RELIANTHEART,1,2009-12-15,2009-12-15,True,False,False,True,Devices
Remedy Meds,REMEDY MEDS,1,2025-09-09,2025-09-09,False,True,False,True,Drugs
RemedyRePack Inc.,REMEDYREPACK,2,2015-03-31,2023-05-11,False,True,False,True,Drugs
"Renaissance Lakewood, LLC",RENAISSANCE LAKEWOOD,1,2012-08-27,2012-08-27,False,True,False,True,Drugs
RenatiLabs Inc,RENATILABS,1,2023-05-31,2023-05-31,False,False,True,True,Biologics
Repare Skincare,REPARE SKINCARE,1,2024-07-25,2024-07-25,False,True,False,True,Drugs
"Replication Medical, Inc.",REPLICATION MEDICAL,1,2010-07-02,2010-07-02,True,False,False,True,Devices
"Repro-Med Systems, Inc.",REPRO MED SYSTEMS,1,2016-02-26,2016-02-26,True,False,False,True,Devices
"Reproductive Medicine Associates of Michigan, PLC",REPRODUCTIVE MEDICINE ASSOCIATES OF MICHIGAN,1,2009-01-06,2009-01-06,False,False,True,True,Biologics
"Reproductive Technologies, Inc.",REPRODUCTIVE TECHNOLOGIES,1,2019-11-06,2019-11-06,False,False,True,True,Biologics
Repromed Fertility Center,REPROMED FERTILITY CENTER,1,2014-07-28,2014-07-28,False,False,True,True,Biologics
Reset IV LLC,RESET IV,1,2025-09-09,2025-09-09,False,True,False,True,Drugs
"Resilience US, Inc.",RESILIENCE,1,2009-02-27,2009-02-27,False,True,False,True,Drugs
Resolution Inc,RESOLUTION,1,2011-12-20,2011-12-20,False,True,False,True,Drugs
Resonance Laboratories Private Limited,RESONANCE LABORATORIES PRIVATE,1,2017-02-03,2017-02-03,False,True,False,True,Drugs
Revecomed International Inc,REVECOMED,1,2013-03-01,2013-03-01,True,False,False,True,Devices
Revibe LLC,REVIBE,1,2018-05-18,2018-05-18,False,True,False,True,Drugs
Revitalize Energy Inc.,REVITALIZE ENERGY,1,2025-07-09,2025-07-09,False,True,False,True,Drugs
Revive Rx LLC dba Revive Rx Pharmacy,REVIVE RX REVIVE RX PHARMACY,1,2025-09-22,2025-09-22,False,True,False,True,Drugs
"Revlon Group Holdings, LLC",REVLON,1,2026-06-02,2026-06-02,False,True,False,True,Drugs
Revvity Health Sciences Inc,REVVITY HEALTH SCIENCES,1,2014-10-23,2014-10-23,True,False,False,True,Devices
Rex Implants,REX IMPLANTS,1,2025-03-12,2025-03-12,True,False,False,True,Devices
Ric Deleon,RIC DELEON,1,2009-11-17,2009-11-17,False,True,False,True,Drugs
Richard A Wright MD,RICHARD A WRIGHT MD,1,2009-02-18,2009-02-18,False,True,False,True,Drugs
"Richard E. Colgin, Inc",RICHARD E COLGIN,1,2024-01-25,2024-01-25,False,True,False,True,Drugs
"Richard E. Ringel, M.D.",RICHARD E RINGEL M D,1,2009-05-20,2009-05-20,True,False,False,True,Devices
"Richard F. Holub, M.D.",RICHARD F HOLUB M D,1,2008-10-01,2008-10-01,False,True,False,True,Drugs
"Richard J. Obiso, PhD dba Avila Herbals, LLC",RICHARD J OBISO PHD AVILA HERBALS,2,2020-12-15,2022-02-04,False,True,False,True,Drugs
Richard K. Burt,RICHARD K BURT,1,2016-11-15,2016-11-15,False,False,True,True,Biologics
"Richard W. Foltin, Ph.D.",RICHARD W FOLTIN PH D,1,2024-11-06,2024-11-06,False,True,False,True,Drugs
Richard Wolf Medical Instruments Corp.,RICHARD WOLF MEDICAL INSTRUMENTS,1,2014-02-28,2014-02-28,True,False,False,True,Devices
Richway NF,RICHWAY NF,1,2013-01-09,2013-01-09,True,False,False,True,Devices
Ridge Medical Products LLC,RIDGE MEDICAL PRODUCTS,1,2009-08-11,2009-08-11,False,True,False,True,Drugs
"Ridge Properties, LLC",RIDGE PROPERTIES,1,2017-10-13,2017-10-13,False,True,False,True,Drugs
Right Value Drug Stores LLC,RIGHT VALUE DRUG STORES,3,2016-07-25,2024-12-17,False,True,False,True,Drugs
"Rightway Nutrition, LLC",RIGHTWAY NUTRITION,2,2011-11-28,2016-03-07,False,True,False,True,Drugs; Food/Cosmetics
"Rigid FX Orthopedics, Inc",RIGID FX ORTHOPEDICS,1,2012-11-02,2012-11-02,True,False,False,True,Devices
"Rising Pharma Holdings, Inc",RISING PHARMA,1,2019-01-04,2019-01-04,False,True,False,True,Drugs
Rite-Kem Incorporated,RITE KEM,1,2025-01-28,2025-01-28,False,True,False,True,Drugs
"River's Edge Pharmaceuticals, LLC",RIVER S EDGE PHARMACEUTICALS,2,2010-05-20,2010-05-20,False,True,False,True,Drugs
"Riverpoint Medical, LLC",RIVERPOINT MEDICAL,1,2013-05-01,2013-05-01,True,False,False,True,Devices
"Robbins Instruments, LLC",ROBBINS INSTRUMENTS,1,2025-01-21,2025-01-21,True,False,False,True,Devices
"Robert J. Hayashi, MD",ROBERT J HAYASHI MD,1,2023-03-14,2023-03-14,False,True,False,True,Drugs
Rocasuba,ROCASUBA,1,2011-04-18,2011-04-18,False,True,False,True,Drugs
Rocket Medical Plc,ROCKET MEDICAL,1,2011-10-13,2011-10-13,True,False,False,True,Devices
Rocky Mountain Apothecary DBA Rocky Mountain Pharmacy,ROCKY MOUNTAIN APOTHECARY ROCKY MOUNTAIN PHARMACY,1,2019-05-14,2019-05-14,False,True,False,True,Drugs
Rocky Mountain Environmental,ROCKY MOUNTAIN ENVIRONMENTAL,1,2009-05-20,2009-05-20,True,False,False,True,Devices
Rocky Mountain Orthodontics,ROCKY MOUNTAIN ORTHODONTICS,1,2011-11-10,2011-11-10,True,False,False,True,Devices
Rodo Medical Inc,RODO MEDICAL,1,2015-02-20,2015-02-20,True,False,False,True,Devices
RoenRx,ROENRX,1,2026-06-08,2026-06-08,False,True,False,True,Drugs
Rogerio Lobo,ROGERIO LOBO,1,2014-04-18,2014-04-18,False,True,False,True,Drugs
Roidsmall.net,ROIDSMALL NET,1,2020-04-23,2020-04-23,False,True,False,True,Drugs
"Romark Laboratories, L.C.",ROMARK LABORATORIES L C,1,2009-05-26,2009-05-26,False,True,False,True,Drugs
Ronald M Bukowski MD,RONALD M BUKOWSKI MD,1,2009-03-30,2009-03-30,False,True,False,True,Drugs
Rontis Hellas S.A.,RONTIS HELLAS S A,1,2024-10-28,2024-10-28,True,False,False,True,Devices
"Root Bioscience, Inc.",ROOT BIOSCIENCE,1,2024-08-30,2024-08-30,False,True,False,True,Drugs
Rooted Apothecary LLC,ROOTED APOTHECARY,1,2019-10-11,2019-10-11,False,True,False,True,Drugs
"Ropack, Inc. (Site A & B)",ROPACK SITE A AND B,1,2016-08-03,2016-08-03,True,False,False,True,Devices
Roque Plast S.A. De C.V.,ROQUE PLAST S A DE C V,1,2021-04-09,2021-04-09,False,True,False,True,Drugs
Rose Stone Enterprises,ROSE STONE ENTERPRISES,1,2011-11-16,2011-11-16,False,True,False,True,Drugs
Ross Healthcare Inc.,ROSS HEALTHCARE,1,2018-01-29,2018-01-29,False,True,False,True,Drugs
Row1 Inc.,ROW1,1,2023-06-21,2023-06-21,False,False,True,True,Biologics
"Royal Case Co., Inc.",ROYAL CASE,1,2015-07-30,2015-07-30,True,False,False,True,Devices
Royal Chemical Company,ROYAL CHEMICAL,1,2023-04-05,2023-04-05,False,True,False,True,Drugs
"Royal King Infant Products Co., Ltd.",ROYAL KING INFANT PRODUCTS,1,2012-07-26,2012-07-26,True,False,False,True,Devices
RoyalVibe Health Ltd.,ROYALVIBE HEALTH,1,2022-11-18,2022-11-18,True,False,False,True,Devices
Rpk Pharmaceuticals Inc,RPK PHARMACEUTICALS,1,2021-03-26,2021-03-26,False,True,False,True,Drugs
"Rt Naturals, Llc",RT NATURALS,1,2010-07-15,2010-07-15,False,True,False,True,Drugs
Rubimed AG,RUBIMED,1,2013-05-06,2013-05-06,True,False,False,True,Devices
"Ruemu E. Birhiray, M.D.",RUEMU E BIRHIRAY M D,1,2014-04-28,2014-04-28,False,True,False,True,Drugs
Russell C. Davis Planetarium,RUSSELL C DAVIS PLANETARIUM,1,2010-10-27,2010-10-27,True,False,False,True,Devices
Ruyan America Inc,RUYAN AMERICA,1,2010-09-08,2010-09-08,False,True,False,True,Drugs
Rx Compounding Inc.,RX COMPOUNDING,1,2014-02-14,2014-02-14,False,True,False,True,Drugs
"Rx Development Resources, LLC",RX DEVELOPMENT RESOURCES,1,2010-02-18,2010-02-18,False,True,False,True,Drugs
Rx-promotion,RX PROMOTION,1,2010-10-08,2010-10-08,False,True,False,True,Drugs
Rxhomeo Private Limited,RXHOMEO PRIVATE,1,2019-06-13,2019-06-13,False,True,False,True,Drugs
S & J INTERNATIONAL ENTERPRISES PUBLIC COMPANY LIMITED,S AND J ENTERPRISES PUBLIC,1,2024-01-26,2024-01-26,False,True,False,True,Drugs
"S&S X-Ray Products, Inc.",S AND S X RAY PRODUCTS,1,2019-08-02,2019-08-02,True,False,False,True,Devices
S. Kant Healthcare Limited,S KANT HEALTHCARE,1,2014-09-22,2014-09-22,False,True,False,True,Drugs
S.R. Burzynski Manufacturing Facility,S R BURZYNSKI MANUFACTURING FACILITY,1,2016-06-13,2016-06-13,False,True,False,True,Drugs
SAMBROSA CARE INC,SAMBROSA CARE,1,2024-01-24,2024-01-24,False,True,False,True,Drugs
SANTHIGRAM KERALA AYURVEDIC CO. OF US INC,SANTHIGRAM KERALA AYURVEDIC OF,1,2022-05-19,2022-05-19,False,True,False,True,Drugs
SANUM-Kehlbeck GmbH & Co. KG,SANUM KEHLBECK AND KG,1,2014-04-11,2014-04-11,False,True,False,True,Drugs
SARMs America,SARMS AMERICA,1,2025-12-12,2025-12-12,False,True,False,True,Drugs
"SC Johnson Professional USA, Inc.",SC JOHNSON PROFESSIONAL,1,2019-06-11,2019-06-11,False,True,False,True,Drugs
"SCA Pharmaceuticals, Inc.",SCA PHARMACEUTICALS,1,2015-06-25,2015-06-25,False,True,False,True,Drugs
SCK Zeta Dis Ticaret Pazarlama Limited Sirketi,SCK ZETA DIS TICARET PAZARLAMA SIRKETI,1,2021-07-15,2021-07-15,False,True,False,True,Drugs
SCOPE HEALTH,SCOPE HEALTH,1,2025-07-09,2025-07-09,False,True,False,True,Drugs
SCS Direct Inc.,SCS DIRECT,2,2016-10-18,2023-04-06,False,True,False,True,Drugs; Food/Cosmetics
SECRET OF THE ISLANDS,SECRET OF ISLANDS,1,2021-08-10,2021-08-10,False,True,False,True,Drugs
SETHI LABORATORIES,SETHI LABORATORIES,1,2021-04-06,2021-04-06,True,False,False,True,Devices
"SHANGHAI APOLO MEDICAL TECHNOLOGY CO., LTD.",SHANGHAI APOLO MEDICAL TECHNOLOGY,1,2012-02-23,2012-02-23,True,False,False,True,Devices
"SHANTOU Qiwei industrial Co., Ltd",SHANTOU QIWEI INDUSTRIAL,1,2026-06-02,2026-06-02,False,True,False,True,Drugs
SHENZHEN SUNELL TECHNOLOGY CORPORATION,SHENZHEN SUNELL TECHNOLOGY,1,2021-03-04,2021-03-04,True,False,False,True,Devices
SHENZHEN WEIFA TECHNOLOGY CO. LTD,SHENZHEN WEIFA TECHNOLOGY,1,2021-03-11,2021-03-11,True,False,False,True,Devices
SHUZY ROCK INC,SHUZY ROCK,1,2022-09-01,2022-09-01,False,True,False,True,Drugs
SIGN Fracture Care International,SIGN FRACTURE CARE,1,2008-11-18,2008-11-18,True,False,False,True,Devices
SKIN SHEEK LLC,SKIN SHEEK,1,2022-01-28,2022-01-28,True,False,False,True,Devices
"SKINREX CO., LTD",SKINREX,1,2013-12-12,2013-12-12,True,False,False,True,Devices
"SKW Ventures, LLC",SKW VENTURES,1,2009-09-14,2009-09-14,False,True,False,True,Drugs
SMT Schilling Metalltechnik GmbH,SMT SCHILLING METALLTECHNIK,1,2012-10-09,2012-10-09,True,False,False,True,Devices
SPHERE Inc.,SPHERE,1,2011-09-26,2011-09-26,False,True,False,True,Drugs
SPIROCHAETE RESEARCH LABS LLC,SPIROCHAETE RESEARCH LABS,1,2024-03-08,2024-03-08,False,True,False,True,Drugs
SSG Ventures,SSG VENTURES,1,2019-06-28,2019-06-28,False,True,False,True,Drugs
STI Pharma LLC,STI PHARMA,1,2016-11-21,2016-11-21,False,True,False,True,Drugs
STOCKERT GMBH,STOCKERT,1,2015-04-14,2015-04-14,True,False,False,True,Devices
STORZ ENDOSKOP PRODUKTIONS GMBH,STORZ ENDOSKOP PRODUKTIONS,1,2009-05-12,2009-05-12,True,False,False,True,Devices
SUDESAN TEMIZLIK URUNLERI VE AMBALAJ SANAYI TICARET ANONIM S,SUDESAN TEMIZLIK URUNLERI VE AMBALAJ SANAYI TICARET ANONIM S,1,2023-11-13,2023-11-13,False,True,False,True,Drugs
SUN PHARMACEUTICAL INDUSTRIES INC,SUN PHARMACEUTICAL INDUSTRIES,1,2010-08-25,2010-08-25,False,True,False,True,Drugs
SUNFLORA INC,SUNFLORA,1,2019-11-22,2019-11-22,False,True,False,True,Drugs
SUNY Downstate Health Sciences University IRB & Privacy Board,SUNY DOWNSTATE HEALTH SCIENCES UNIVERSITY IRB AND PRIVACY BOARD,1,2009-02-11,2009-02-11,False,True,False,True,Drugs
"SUPERIOR GLOVE WORKS, LTD.",SUPERIOR GLOVE WORKS,1,2022-12-16,2022-12-16,False,True,False,True,Drugs
SURGENEX LLC,SURGENEX,1,2021-11-15,2021-11-15,False,False,True,True,Biologics
"SUZUKEN CO., LTD. OGUCHI CENTER",SUZUKEN OGUCHI CENTER,1,2014-06-11,2014-06-11,True,False,False,True,Devices
SV Labs Prescott Corporation,SV LABS PRESCOTT,1,2025-12-09,2025-12-09,False,True,False,True,Drugs
SWIFT DIGITAL GROUP LLC,SWIFT DIGITAL,1,2025-11-17,2025-11-17,False,True,False,True,Drugs
SWIFT DIGITAL GRP LLC,SWIFT DIGITAL GRP,1,2025-11-17,2025-11-17,False,True,False,True,Drugs
SYNECCO CO. LTD.,SYNECCO,1,2013-11-18,2013-11-18,True,False,False,True,Devices
SaNOtize Wellness Corp.,SANOTIZE WELLNESS,1,2026-04-17,2026-04-17,False,True,False,True,Drugs
"Sabine S. Hazan, M.D.",SABINE S HAZAN M D,1,2022-02-28,2022-02-28,False,True,False,True,Drugs
"Safe Chain Solutions, Llc",SAFE CHAIN SOLUTIONS,1,2023-06-08,2023-06-08,False,True,False,True,Drugs
"Safecor Health, LLC",SAFECOR HEALTH,1,2023-09-05,2023-09-05,False,True,False,True,Drugs
Safecross First Aid Ltd,SAFECROSS FIRST AID,1,2013-03-26,2013-03-26,True,False,False,True,Devices
Sagami Manufacturers Sdn. Bhd.,SAGAMI MANUFACTURERS SDN BHD,1,2010-11-24,2010-11-24,True,False,False,True,Devices
"Sagami Rubber Industries Co., Ltd.",SAGAMI RUBBER INDUSTRIES,1,2015-11-24,2015-11-24,True,False,False,True,Devices
"Sage Products, LLC",SAGE PRODUCTS,2,2009-01-22,2017-07-17,False,True,False,True,Drugs
"Sagemax Bioceramics, Inc.",SAGEMAX BIOCERAMICS,1,2014-12-09,2014-12-09,True,False,False,True,Devices
"Saint Mary's Medical Group, Inc.",SAINT MARY S MEDICAL,1,2014-12-03,2014-12-03,True,False,False,True,Devices
Sal Pharma,SAL PHARMA,2,2012-05-30,2017-04-20,False,True,False,True,Drugs
Salem Hospital IRB,SALEM HOSPITAL IRB,1,2012-11-29,2012-11-29,False,True,False,True,Drugs
"Salon Technologies International, Inc",SALON TECHNOLOGIES,1,2022-12-21,2022-12-21,False,True,False,True,Drugs
"Salvacion USA, Inc.",SALVACION,1,2024-02-13,2024-02-13,False,True,False,True,Drugs
Sam-go Products,SAM GO PRODUCTS,1,2011-08-24,2011-08-24,True,False,False,True,Devices
"Samchundang Pharm Co., Ltd.",SAMCHUNDANG PHARM,1,2020-05-13,2020-05-13,False,True,False,True,Drugs
"Samson Pharmaceuticals, Inc",SAMSON PHARMACEUTICALS,1,2018-12-13,2018-12-13,False,True,False,True,Drugs
"San Diego Ambulatory Surgery Center, LLC",SAN DIEGO AMBULATORY SURGERY CENTER,1,2011-12-09,2011-12-09,True,False,False,True,Devices
San Diego Compounding Pharmacy,SAN DIEGO COMPOUNDING PHARMACY,1,2017-09-25,2017-09-25,False,True,False,True,Drugs
San Up S.A.,SAN UP S A,1,2013-11-25,2013-11-25,True,False,False,True,Devices
"Sandeep Bagla, MD",SANDEEP BAGLA MD,1,2014-03-21,2014-03-21,True,False,False,True,Devices
Sandoz Private Limited,SANDOZ PRIVATE,1,2015-11-02,2015-11-02,False,True,False,True,Drugs
"Sangleaf Pharm., Co Ltd",SANGLEAF PHARM,1,2023-08-03,2023-08-03,False,True,False,True,Drugs
"Sani-Care Salon Products, Inc",SANI CARE SALON PRODUCTS,1,2024-04-24,2024-04-24,False,True,False,True,Drugs
"Sanit Technologies, LLC dba Durisan",SANIT TECHNOLOGIES DURISAN,2,2020-05-07,2021-07-27,False,True,False,True,Drugs
Sanitation & Environmental Technology Institute,SANITATION AND ENVIRONMENTAL TECHNOLOGY INSTITUTE,2,2011-11-02,2024-09-10,True,False,False,True,Devices
Sanitizer Supply LLC,SANITIZER SUPPLY,1,2022-09-02,2022-09-02,False,True,False,True,Drugs
Sanitor Corporation,SANITOR,1,2021-11-29,2021-11-29,False,True,False,True,Drugs
Sanmina-SCI AB,SANMINA SCI,1,2014-04-11,2014-04-11,True,False,False,True,Devices
Sanofi Winthrop Industrie,SANOFI WINTHROP INDUSTRIE,1,2012-07-12,2012-07-12,False,False,True,True,Biologics
Sanofi-Aventis Deutschland GmbH,SANOFI AVENTIS DEUTSCHLAND,1,2011-02-08,2011-02-08,False,True,False,True,Drugs
"Sant P. Chawla, MD",SANT P CHAWLA MD,1,2010-03-17,2010-03-17,False,True,False,True,Drugs
Sante Manufacturing Inc.,SANTE MANUFACTURING,1,2026-06-05,2026-06-05,False,True,False,True,Drugs
Santec Chemicals Corp.,SANTEC CHEMICALS,1,2021-07-06,2021-07-06,False,True,False,True,Drugs
Santiste Labs LLC,SANTISTE LABS,1,2020-04-27,2020-04-27,False,True,False,True,Drugs
Sanuvox Technologies Inc,SANUVOX TECHNOLOGIES,1,2009-05-13,2009-05-13,True,False,False,True,Devices
"Sarah H. Lisanby, M.D.",SARAH H LISANBY M D,1,2008-10-06,2008-10-06,True,False,False,True,Devices
Saruhan Kimya Ve Temizlik Urunleri Sanayi Ticaret Anonim Sirketi Corlu Subesi,SARUHAN KIMYA VE TEMIZLIK URUNLERI SANAYI TICARET ANONIM SIRKETI CORLU SUBESI,1,2023-11-06,2023-11-06,False,True,False,True,Drugs
"Sato Pharmaceutical Co., Ltd.",SATO PHARMACEUTICAL,2,2017-02-02,2026-05-19,False,True,False,True,Drugs
"Sato Yakuhin Kogyo Co., Ltd.",SATO YAKUHIN KOGYO,1,2017-01-06,2017-01-06,False,True,False,True,Drugs
"Satyaprakash N. Makam, MD",SATYAPRAKASH N MAKAM MD,1,2011-12-19,2011-12-19,True,False,False,True,Devices
"Savaria Concord Lifts, Inc.",SAVARIA CONCORD LIFTS,1,2016-08-03,2016-08-03,True,False,False,True,Devices
Save Rite Medical,SAVE RITE MEDICAL,1,2025-11-13,2025-11-13,False,True,False,True,Drugs
"SaveWay Compounding Pharmacy, Inc.",SAVEWAY COMPOUNDING PHARMACY,1,2016-10-04,2016-10-04,False,True,False,True,Drugs
Savec Health Systems,SAVEC HEALTH SYSTEMS,1,2008-12-10,2008-12-10,True,False,False,True,Devices
Savvy Holistic Health,SAVVY HOLISTIC HEALTH,2,2020-04-07,2020-08-25,False,True,False,True,Drugs; Veterinary
Schindele Enterprises dba Midwest Wholesale,SCHINDELE ENTERPRISES MIDWEST WHOLESALE,1,2014-07-17,2014-07-17,False,True,False,True,Drugs
Scholler Scientific Corporation,SCHOLLER SCIENTIFIC,1,2008-10-28,2008-10-28,True,False,False,True,Devices
Schrofner Cosmetics Gmbh,SCHROFNER COSMETICS,1,2017-12-20,2017-12-20,False,True,False,True,Drugs
"Schwabe North America, Inc.",SCHWABE NORTH AMERICA,1,2012-02-15,2012-02-15,False,True,False,True,Drugs
Scientific Protein Laboratories LLC,SCIENTIFIC PROTEIN LABORATORIES,2,2011-01-20,2025-10-16,False,True,False,True,Drugs
"ScottHyver Visioncare, Inc.",SCOTTHYVER VISIONCARE,1,2012-12-18,2012-12-18,True,False,False,True,Devices
Scottcare Corporation,SCOTTCARE,1,2012-02-21,2012-02-21,True,False,False,True,Devices
"Scully, Sean P.",SCULLY SEAN P,1,2010-07-30,2010-07-30,True,False,False,True,Devices
"Sea-Long Medical Systems, LLC",SEA LONG MEDICAL SYSTEMS,1,2023-04-04,2023-04-04,True,False,False,True,Devices
"Seanjari Preeti Womb Healing, L.L.C.",SEANJARI PREETI WOMB HEALING L L C,1,2020-05-08,2020-05-08,False,True,False,True,Drugs
Seatex LLC,SEATEX,1,2024-04-01,2024-04-01,False,True,False,True,Drugs
Seattle Sperm Bank LLC,SEATTLE SPERM BANK,1,2011-07-15,2011-07-15,False,False,True,True,Biologics
Seaway Pharma Inc.,SEAWAY PHARMA,2,2019-05-14,2025-12-01,False,True,False,True,Drugs
SeeNext Venture Ltd,SEENEXT VENTURE,1,2024-03-25,2024-03-25,False,True,False,True,Drugs
Seeds of Light Enterprises,SEEDS OF LIGHT ENTERPRISES,1,2015-10-15,2015-10-15,False,True,False,True,Drugs
Seema International,SEEMA,1,2025-11-13,2025-11-13,False,True,False,True,Drugs
"Seindni Co., Ltd.",SEINDNI,1,2017-12-05,2017-12-05,False,True,False,True,Drugs
"Sekisui Medical Co., Ltd",SEKISUI MEDICAL,1,2014-10-17,2014-10-17,True,False,False,True,Devices
"Sekisui Medical Co., Ltd.",SEKISUI MEDICAL,1,2016-11-08,2016-11-08,False,True,False,True,Drugs
Selder S.A. de C.V.,SELDER S A DE C V,1,2012-05-01,2012-05-01,False,True,False,True,Drugs
SemaBio,SEMABIO,1,2025-09-09,2025-09-09,False,True,False,True,Drugs
Seniorlife Technologies Inc,SENIORLIFE TECHNOLOGIES,1,2025-08-21,2025-08-21,True,False,False,True,Devices
Sensory Cloud,SENSORY CLOUD,1,2022-04-06,2022-04-06,False,True,False,True,Drugs
Sentara Infusion Services,SENTARA INFUSION SERVICES,1,2016-08-08,2016-08-08,False,True,False,True,Drugs
Sentiss Pharma Private Ltd.,SENTISS PHARMA PRIVATE,1,2013-08-12,2013-08-12,False,True,False,True,Drugs
"Seoul Cosmetics Co., Ltd.",SEOUL COSMETICS,1,2023-10-02,2023-10-02,False,True,False,True,Drugs
"Sepal Reproductive Devices, Inc.",SEPAL REPRODUCTIVE DEVICES,1,2010-10-01,2010-10-01,True,False,False,True,Devices
Seqirus Pty Ltd,SEQIRUS PTY,1,2011-06-15,2011-06-15,False,False,True,True,Biologics
"Service First Pharmacies Inc, dba Madison Drugs",SERVICE FIRST PHARMACIES MADISON DRUGS,1,2016-04-27,2016-04-27,False,True,False,True,Drugs
Sewaren Innovative Pharmaceutical Packaging dba SIPP,SEWAREN INNOVATIVE PHARMACEUTICAL PACKAGING SIPP,1,2017-05-22,2017-05-22,False,True,False,True,Drugs
"Shair Laboratories, Inc.",SHAIR LABORATORIES,1,2010-08-03,2010-08-03,False,True,False,True,Drugs
Shamrock Medical Solutions Group LLC,SHAMROCK MEDICAL SOLUTIONS,2,2010-04-08,2012-06-15,False,True,False,True,Drugs
Shandong Analysis and Test Center,SHANDONG ANALYSIS AND TEST CENTER,1,2017-06-22,2017-06-22,False,True,False,True,Drugs
"Shandong Vianor Biotech Co., Ltd.",SHANDONG VIANOR BIOTECH,1,2017-09-12,2017-09-12,False,True,False,True,Drugs
Shandong Zibo Shanchuan Medical Instrument Co. Ltd.,SHANDONG ZIBO SHANCHUAN MEDICAL INSTRUMENT,1,2012-01-13,2012-01-13,True,False,False,True,Devices
"ShangRao Chunyu Technology Co., Ltd.",SHANGRAO CHUNYU TECHNOLOGY,1,2021-02-03,2021-02-03,False,True,False,True,Drugs
"Shanghai Desano Chemical Pharmaceutical Co., Ltd.",SHANGHAI DESANO CHEMICAL PHARMACEUTICAL,1,2016-06-16,2016-06-16,False,True,False,True,Drugs
"Shanghai Hua Yue Packaging Products Co., Ltd.",SHANGHAI HUA YUE PACKAGING PRODUCTS,1,2014-12-24,2014-12-24,True,False,False,True,Devices
"Shanghai Huhui Daily Use Chemical Products Co., Ltd.",SHANGHAI HUHUI DAILY USE CHEMICAL PRODUCTS,1,2012-11-14,2012-11-14,False,True,False,True,Drugs
Shanghai Institute of Pharmaceutical Industry,SHANGHAI INSTITUTE OF PHARMACEUTICAL INDUSTRY,1,2019-08-29,2019-08-29,False,True,False,True,Drugs
"Shanghai Neo-Medical Import & Export Co., Ltd.",SHANGHAI NEO MEDICAL IMPORT AND EXPORT,1,2015-11-02,2015-11-02,True,False,False,True,Devices
"Shanghai No. 1 Biochemical & Pharmaceutical Co., Ltd.",SHANGHAI NO 1 BIOCHEMICAL AND PHARMACEUTICAL,1,2009-04-14,2009-04-14,False,True,False,True,Drugs
"Shanghai Ruike Sports Goods Co., LTD.",SHANGHAI RUIKE SPORTS GOODS,1,2012-11-23,2012-11-23,True,False,False,True,Devices
Shanghai Shunlong Physical Therapy Equipment Co. Ltd.,SHANGHAI SHUNLONG PHYSICAL THERAPY EQUIPMENT,1,2012-03-27,2012-03-27,True,False,False,True,Devices
Shanghai Weierya Daily Chemicals Factory,SHANGHAI WEIERYA DAILY CHEMICALS FACTORY,1,2018-02-07,2018-02-07,False,True,False,True,Drugs
Shantou Chaonan Liangying Hegao Plastic Toy Factory,SHANTOU CHAONAN LIANGYING HEGAO PLASTIC TOY FACTORY,1,2014-11-20,2014-11-20,True,False,False,True,Devices
"Shantou Kangjie Daily Chemical Industry Co., Ltd",SHANTOU KANGJIE DAILY CHEMICAL INDUSTRY,1,2025-01-28,2025-01-28,False,True,False,True,Drugs
"Shantou S.E.Z Baojie Industry Co., Ltd.",SHANTOU S E Z BAOJIE INDUSTRY,1,2025-04-15,2025-04-15,False,True,False,True,Drugs
"Shanwei Honghui Daily Appliance Co., Ltd.",SHANWEI HONGHUI DAILY APPLIANCE,1,2017-12-05,2017-12-05,False,True,False,True,Drugs
"ShapeShifter Apparel, LLC",SHAPESHIFTER APPAREL,1,2025-12-16,2025-12-16,True,False,False,True,Devices
"Shaping Beauty, Inc.",SHAPING BEAUTY,1,2011-07-14,2011-07-14,False,True,False,True,Drugs
Sharim Distributing Co Inc,SHARIM DISTRIBUTING,1,2016-02-11,2016-02-11,False,True,False,True,Drugs
Sharon Bio-Medicine Limited,SHARON BIO MEDICINE,1,2015-06-22,2015-06-22,False,True,False,True,Drugs
"Sharp Drugs, Inc.",SHARP DRUGS,1,2019-08-02,2019-08-02,False,True,False,True,Drugs
Sharp Global Limited,SHARP GLOBAL,1,2014-10-15,2014-10-15,False,True,False,True,Drugs
Sharplight Technologies,SHARPLIGHT TECHNOLOGIES,1,2013-11-25,2013-11-25,True,False,False,True,Devices
"Shen Clinic, LLC.",SHEN CLINIC,2,2013-05-14,2020-07-06,False,True,False,True,Drugs
Shenzhen Boge Technology Co Ltd,SHENZHEN BOGE TECHNOLOGY,1,2021-12-01,2021-12-01,False,True,False,True,Drugs
"Shenzhen Creative Industry Co., Ltd.",SHENZHEN CREATIVE INDUSTRY,1,2016-01-15,2016-01-15,True,False,False,True,Devices
"Shenzhen Qanhai Wanb Express Supply Chain Co., LTD",SHENZHEN QANHAI WANB EXPRESS SUPPLY CHAIN,1,2025-08-25,2025-08-25,False,True,False,True,Drugs
"Shijiazhuang Yiling Pharmaceutical Agent US, LLC",SHIJIAZHUANG YILING PHARMACEUTICAL AGENT,1,2020-07-06,2020-07-06,False,True,False,True,Drugs
Shilpa Medicare Limited,SHILPA MEDICARE,1,2020-10-09,2020-10-09,False,True,False,True,Drugs
Shionogi Inc.,SHIONOGI,1,2008-11-14,2008-11-14,False,True,False,True,Drugs
"Shire Pharmaceuticals, LLC",SHIRE PHARMACEUTICALS,1,2009-11-05,2009-11-05,False,True,False,True,Drugs
Shiva Analyticals (India) Pvt. Ltd.,SHIVA ANALYTICALS INDIA,1,2025-07-23,2025-07-23,False,True,False,True,Drugs
Shoney Scientific India,SHONEY SCIENTIFIC INDIA,2,2011-01-20,2013-11-20,True,False,False,True,Devices
Shoplet.Com 2,SHOPLET COM 2,1,2025-11-13,2025-11-13,False,True,False,True,Drugs
Shoreside Enterprises Inc.,SHORESIDE ENTERPRISES,1,2014-12-23,2014-12-23,False,True,False,True,Drugs
Shot of Joy LLC,SHOT OF JOY,1,2023-09-25,2023-09-25,False,True,False,True,Drugs
Shree Jaya Laboratories Private Limited,SHREE JAYA LABORATORIES PRIVATE,1,2025-02-28,2025-02-28,False,True,False,True,Drugs
Shreeji Homeo Clinic,SHREEJI HOMEO CLINIC,1,2010-04-13,2010-04-13,False,True,False,True,Drugs
Shriram Institute for Industrial Research,SHRIRAM INSTITUTE FOR INDUSTRIAL RESEARCH,1,2020-04-15,2020-04-15,False,True,False,True,Drugs
Sibley Memorial Hospital,SIBLEY MEMORIAL HOSPITAL,1,2009-12-15,2009-12-15,False,False,True,True,Biologics
"Sichuan Deebio Pharmaceutical Co., Ltd.",SICHUAN DEEBIO PHARMACEUTICAL,1,2024-02-05,2024-02-05,False,True,False,True,Drugs
"Sichuan Friendly Pharmaceutical Co., Ltd.",SICHUAN FRIENDLY PHARMACEUTICAL,1,2018-06-22,2018-06-22,False,True,False,True,Drugs
"Sichuan Pharmaceutical Co., Ltd.",SICHUAN PHARMACEUTICAL,1,2011-09-12,2011-09-12,False,True,False,True,Drugs
"Siddha Flower Essences, LLC.",SIDDHA FLOWER ESSENCES,1,2025-11-04,2025-11-04,False,True,False,True,Drugs
Siegfried Hameln GmbH,SIEGFRIED HAMELN,1,2012-12-21,2012-12-21,False,True,False,True,Drugs
Signa S.A. de C.V.,SIGNA S A DE C V,1,2020-07-14,2020-07-14,False,True,False,True,Drugs
Signal Medical Corporation,SIGNAL MEDICAL,2,2011-06-30,2014-12-15,True,False,False,True,Devices
"Signature Biologics, LLC",SIGNATURE BIOLOGICS,1,2023-09-18,2023-09-18,False,False,True,True,Biologics
"Signature Formulations, LLC",SIGNATURE FORMULATIONS,2,2018-08-01,2026-01-21,False,True,False,True,Drugs
Silfradent Srl,SILFRADENT,1,2019-10-28,2019-10-28,True,False,False,True,Devices
Silkprousa LLC,SILKPROUSA,1,2020-08-18,2020-08-18,True,False,False,True,Devices
Silver Soft for Skin,SILVER SOFT FOR SKIN,1,2009-11-04,2009-11-04,False,True,False,True,Drugs
SilveryGuy,SILVERYGUY,1,2020-08-14,2020-08-14,False,True,False,True,Drugs
Simex Logistics SA de CV,SIMEX LOGISTICS DE CV,1,2021-01-29,2021-01-29,False,True,False,True,Drugs
Similasan AG,SIMILASAN,1,2023-09-11,2023-09-11,False,True,False,True,Drugs
SimpleRx,SIMPLERX,1,2025-09-09,2025-09-09,False,True,False,True,Drugs
Simply Clean Air & Water Inc.,SIMPLY CLEAN AIR AND WATER,1,2014-08-18,2014-08-18,True,False,False,True,Devices
Simpro,SIMPRO,1,2016-08-17,2016-08-17,True,False,False,True,Devices
Simtra Deutschland GmbH,SIMTRA DEUTSCHLAND,1,2026-03-03,2026-03-03,False,True,False,True,Drugs
Sinan Akyuz,SINAN AKYUZ,1,2009-11-17,2009-11-17,False,True,False,True,Drugs
"Sincerus Florida, LLC dba SKNV",SINCERUS FLORIDA SKNV,1,2016-12-21,2016-12-21,False,True,False,True,Drugs
Singing River Health System IRB,SINGING RIVER HEALTH SYSTEM IRB,1,2013-02-01,2013-02-01,False,True,False,True,Drugs
SinoTradition.com,SINOTRADITION COM,1,2020-07-06,2020-07-06,False,True,False,True,Drugs
"Sinsin Pharmaceutical Co., Ltd.",SINSIN PHARMACEUTICAL,1,2025-11-12,2025-11-12,False,True,False,True,Drugs
Sipra Labs Limited,SIPRA LABS,1,2015-07-23,2015-07-23,False,True,False,True,Drugs
"Sircle Laboratories, L.L.C.",SIRCLE LABORATORIES L L C,1,2021-09-23,2021-09-23,False,True,False,True,Drugs
Sironis Inc,SIRONIS,1,2015-03-10,2015-03-10,True,False,False,True,Devices
Sitek Research Laboratories,SITEK RESEARCH LABORATORIES,1,2009-05-21,2009-05-21,False,True,False,True,Drugs
Skilling Institute,SKILLING INSTITUTE,1,2009-05-14,2009-05-14,True,False,False,True,Devices
Skin Authority,SKIN AUTHORITY,1,2022-04-13,2022-04-13,False,True,False,True,Drugs
Skin Beauty Solutions Inc,SKIN BEAUTY SOLUTIONS,1,2024-07-25,2024-07-25,False,True,False,True,Drugs
Skin PS Brands,SKIN PS BRANDS,1,2022-04-13,2022-04-13,False,True,False,True,Drugs
"Skin Prescriptives Marketing, Inc.",SKIN PRESCRIPTIVES MARKETING,1,2017-07-28,2017-07-28,False,True,False,True,Drugs
SkinPro International,SKINPRO,1,2022-04-13,2022-04-13,False,True,False,True,Drugs
SkinnyRX,SKINNYRX,1,2026-02-20,2026-02-20,False,True,False,True,Drugs
"Sklar BOV Solutions, Inc",SKLAR BOV SOLUTIONS,1,2025-12-09,2025-12-09,False,True,False,True,Drugs
Skull Smash Ammonia Inhalants,SKULL SMASH AMMONIA INHALANTS,1,2024-03-13,2024-03-13,False,True,False,True,Drugs
Skye Biologics Holdings LLC,SKYE BIOLOGICS,1,2024-12-16,2024-12-16,False,False,True,True,Biologics
Skylark CMC Private Limited,SKYLARK CMC PRIVATE,1,2018-12-03,2018-12-03,False,True,False,True,Drugs
Skyless LLC,SKYLESS,1,2023-01-23,2023-01-23,False,True,False,True,Drugs
Skyline Herbals Private Limited,SKYLINE HERBALS PRIVATE,1,2023-08-03,2023-08-03,False,True,False,True,Drugs
"Skytron, LLC",SKYTRON,1,2026-05-19,2026-05-19,True,False,False,True,Devices
Slate Pharmaceuticals,SLATE PHARMACEUTICALS,1,2010-03-26,2010-03-26,False,True,False,True,Drugs
Slendid,SLENDID,1,2025-09-09,2025-09-09,False,True,False,True,Drugs
Slim Beauty USA,SLIM BEAUTY,1,2014-01-31,2014-01-31,False,True,False,True,Drugs
Smart Health Inc.,SMART HEALTH,1,2013-05-03,2013-05-03,False,False,True,True,Biologics
"Smart Surgical, Inc",SMART SURGICAL,1,2022-02-02,2022-02-02,False,False,True,True,Biologics
Smart Women's Choice,SMART WOMEN S CHOICE,1,2021-05-19,2021-05-19,False,True,False,True,Drugs
Smartpowders,SMARTPOWDERS,2,2010-08-30,2015-08-27,False,True,False,True,Drugs; Food/Cosmetics
Smith County Memorial Hospital,SMITH COUNTY MEMORIAL HOSPITAL,1,2009-10-13,2009-10-13,True,False,False,True,Devices
"Smitha Reddy, M.D.",SMITHA REDDY M D,1,2022-06-03,2022-06-03,False,True,False,True,Drugs
Smruthi Organics Limited,SMRUTHI ORGANICS,1,2014-03-06,2014-03-06,False,True,False,True,Drugs
"SnugZ USA, Inc.",SNUGZ,1,2019-06-12,2019-06-12,False,True,False,True,Drugs
"Snyder Mark Drugs Roselle, Inc. d.b.a. Mark Drugs Pharmacy",SNYDER MARK DRUGS ROSELLE D B A MARK DRUGS PHARMACY,1,2018-02-27,2018-02-27,False,True,False,True,Drugs
So-Low Environmental Equipment Co. Inc.,SO LOW ENVIRONMENTAL EQUIPMENT,1,2013-05-21,2013-05-21,True,False,False,True,Devices
Soaptronic LLC,SOAPTRONIC,1,2019-12-12,2019-12-12,False,True,False,True,Drugs
Soda Farm,SODA FARM,1,2022-03-10,2022-03-10,False,True,False,True,Drugs
Sofie Co,SOFIE,1,2008-10-24,2008-10-24,False,True,False,True,Drugs
Sofie Co.,SOFIE,1,2019-10-10,2019-10-10,False,True,False,True,Drugs
"Soft Computer Consultants, Inc.",SOFT COMPUTER CONSULTANTS,1,2015-04-30,2015-04-30,True,False,False,True,Devices
Soft Touch Labs-GENERAL HEARING INSTRUMENTS,SOFT TOUCH LABS GENERAL HEARING INSTRUMENTS,1,2013-09-18,2013-09-18,True,False,False,True,Devices
"Sohail M. Khan, M.D.",SOHAIL M KHAN M D,1,2017-10-10,2017-10-10,False,True,False,True,Drugs
Sol-Millennium Medical Inc.,SOL MILLENNIUM MEDICAL,1,2024-03-18,2024-03-18,True,False,False,True,Devices
"Solace International, Inc.",SOLACE,1,2014-07-03,2014-07-03,False,True,False,True,Drugs
Soleetech Corporation,SOLEETECH,1,2013-08-13,2013-08-13,True,False,False,True,Devices
"Soleo Cosmetic CO.,LTD",SOLEO COSMETIC,1,2018-12-13,2018-12-13,False,True,False,True,Drugs
Soliteint Cosmetics KFT,SOLITEINT COSMETICS KFT,1,2024-10-10,2024-10-10,False,True,False,True,Drugs
SoloVital,SOLOVITAL,1,2024-08-27,2024-08-27,False,True,False,True,Drugs
"Soluciones Cosmeticas, SA de CV",SOLUCIONES COSMETICAS DE CV,1,2020-08-04,2020-08-04,False,True,False,True,Drugs
Somatex Medical Technologies GMBH,SOMATEX MEDICAL TECHNOLOGIES,1,2015-01-29,2015-01-29,True,False,False,True,Devices
"Sombra Cosmetics, Inc",SOMBRA COSMETICS,1,2024-12-18,2024-12-18,False,True,False,True,Drugs
Somerset Therapeutics Private Limited,SOMERSET THERAPEUTICS PRIVATE,3,2012-02-23,2025-09-04,False,True,False,True,Drugs
Sometech Incorporated,SOMETECH,2,2011-04-06,2012-11-26,True,False,False,True,Devices
"Somnowell, Inc.",SOMNOWELL,1,2016-05-12,2016-05-12,True,False,False,True,Devices
Sonesta Medical AB,SONESTA MEDICAL,1,2023-12-04,2023-12-04,True,False,False,True,Devices
"SonicLife.com, LLC",SONICLIFE COM,1,2015-12-22,2015-12-22,True,False,False,True,Devices
Sonrisa Family Dental dba www.mycovidtest19.com,SONRISA FAMILY DENTAL WWW MYCOVIDTEST19 COM,1,2020-06-16,2020-06-16,True,False,False,True,Devices
"Sooil Development Co., Ltd.",SOOIL DEVELOPMENT,1,2020-04-16,2020-04-16,True,False,False,True,Devices
Sooka Inc,SOOKA,1,2010-12-10,2010-12-10,True,False,False,True,Devices
Sopro Comeg Gmbh,SOPRO COMEG,1,2015-02-23,2015-02-23,True,False,False,True,Devices
Sorcerz.com,SORCERZ COM,1,2023-04-21,2023-04-21,False,True,False,True,Drugs
Sorin CRM SAS,SORIN CRM SAS,1,2009-11-06,2009-11-06,True,False,False,True,Devices
Soring Medical Technology,SORING MEDICAL TECHNOLOGY,1,2012-01-10,2012-01-10,True,False,False,True,Devices
Soulaire Corporation,SOULAIRE,1,2024-03-06,2024-03-06,True,False,False,True,Devices
"Sovereign Pharmaceuticals, LLC",SOVEREIGN PHARMACEUTICALS,2,2013-01-29,2022-10-05,False,True,False,True,Drugs
Spa 35,35,1,2010-04-05,2010-04-05,False,True,False,True,Drugs
"Spacelabs Healthcare, Inc.",SPACELABS HEALTHCARE,2,2008-11-03,2014-08-05,True,False,False,True,Devices
Spartan Bioscience Inc.,SPARTAN BIOSCIENCE,1,2015-05-15,2015-05-15,True,False,False,True,Devices
Spartan Chemical Co Inc,SPARTAN CHEMICAL,1,2021-12-15,2021-12-15,False,True,False,True,Drugs
Spartan Enterprises Inc. dba Watershed Wellness Center,SPARTAN ENTERPRISES WATERSHED WELLNESS CENTER,2,2020-10-30,2023-03-08,False,True,False,True,Drugs; Food/Cosmetics
"Specialty Medicine Compounding Pharmacy, P.C.",SPECIALTY MEDICINE COMPOUNDING PHARMACY P C,1,2015-08-31,2015-08-31,False,True,False,True,Drugs
Specialty Process Labs LLC,SPECIALTY PROCESS LABS,1,2022-05-04,2022-05-04,False,True,False,True,Drugs
"Spectra Therapy, LLC.",SPECTRA THERAPY,1,2025-07-22,2025-07-22,True,False,False,True,Devices
"Spectrum Laboratory Products, Inc.",SPECTRUM LABORATORY PRODUCTS,2,2019-06-04,2019-07-31,False,True,False,True,Drugs
Spectrum Medical Ltd.,SPECTRUM MEDICAL,1,2023-09-29,2023-09-29,True,False,False,True,Devices
Spencer Forrest,SPENCER FORREST,1,2011-12-09,2011-12-09,True,False,False,True,Devices
"Sperm Bank, Inc",SPERM BANK,1,2025-02-14,2025-02-14,False,False,True,True,Biologics
Spes Medica srl,SPES MEDICA,1,2013-01-23,2013-01-23,True,False,False,True,Devices
SpiceTac,SPICETAC,1,2020-05-19,2020-05-19,False,True,False,True,Drugs
"Spinal Solutions, LLC",SPINAL SOLUTIONS,1,2012-01-19,2012-01-19,True,False,False,True,Devices
"Spinalight, Inc.",SPINALIGHT,1,2012-01-09,2012-01-09,True,False,False,True,Devices
"SpineFrontier, Inc.",SPINEFRONTIER,1,2012-08-08,2012-08-08,True,False,False,True,Devices
SpineNet LLC.,SPINENET,1,2013-05-31,2013-05-31,True,False,False,True,Devices
"SpineSmith Holdings, LLC",SPINESMITH,1,2013-04-03,2013-04-03,True,False,False,True,Devices
"Spineology, Inc.",SPINEOLOGY,1,2010-09-22,2010-09-22,True,False,False,True,Devices
"Spot On Sciences, Inc.",SPOT ON SCIENCES,1,2016-04-12,2016-04-12,True,False,False,True,Devices
Sprout Health Partners LLC,SPROUT HEALTH PARTNERS,1,2025-09-09,2025-09-09,False,True,False,True,Drugs
Spryson America Inc.,SPRYSON AMERICA,1,2013-09-11,2013-09-11,True,False,False,True,Devices
Sreedhar Samudrala,SREEDHAR SAMUDRALA,2,2013-11-19,2013-11-19,False,True,False,True,Drugs
Sri Krishna Pharmaceuticals Limited,SRI KRISHNA PHARMACEUTICALS,1,2016-04-01,2016-04-01,False,True,False,True,Drugs
Srikem Laboratories Private Ltd.,SRIKEM LABORATORIES PRIVATE,1,2016-11-10,2016-11-10,False,True,False,True,Drugs
St Vincent Health,ST VINCENT HEALTH,1,2013-11-27,2013-11-27,False,True,False,True,Drugs
St. Mary's Regional Hospital,ST MARY S REGIONAL HOSPITAL,1,2012-11-08,2012-11-08,False,False,True,True,Biologics
"St. Shine Optical Co., Ltd.",ST SHINE OPTICAL,1,2013-08-26,2013-08-26,True,False,False,True,Devices
Standard Textile Co Inc,STANDARD TEXTILE,1,2013-05-07,2013-05-07,True,False,False,True,Devices
"Stanislaw R Burzynski, MD",STANISLAW R BURZYNSKI MD,1,2013-12-03,2013-12-03,False,True,False,True,Drugs
"Stanley Brothers Social Enterprises, LLC",STANLEY BROTHERS SOCIAL ENTERPRISES,1,2017-10-31,2017-10-31,False,True,False,True,Drugs; Food/Cosmetics
Stanley Specialty Pharmacy Compounding and Wellness Center,STANLEY SPECIALTY PHARMACY COMPOUNDING AND WELLNESS CENTER,1,2018-07-24,2018-07-24,False,True,False,True,Drugs
Stanmore Implants Worldwide Ltd.,STANMORE IMPLANTS WORLDWIDE,1,2014-11-26,2014-11-26,True,False,False,True,Devices
"Staska Pharmaceuticals, Inc.",STASKA PHARMACEUTICALS,1,2025-05-05,2025-05-05,False,True,False,True,Drugs
"Stason Pharmaceuticals, Inc.",STASON PHARMACEUTICALS,1,2020-07-08,2020-07-08,False,True,False,True,Drugs
"Stat Medical Devices, Inc.",STAT MEDICAL DEVICES,2,2009-04-17,2015-07-23,True,False,False,True,Devices
Stat Rx USA,STAT RX,1,2012-10-09,2012-10-09,False,True,False,True,Drugs
Staten Island University Hospital IRB,STATEN ISLAND UNIVERSITY HOSPITAL IRB,1,2009-06-29,2009-06-29,True,False,False,True,Devices
StayWell Copper Products,STAYWELL COPPER PRODUCTS,1,2020-05-28,2020-05-28,False,True,False,True,Drugs
Steiner Biotechnology LLC,STEINER BIOTECHNOLOGY,3,2017-06-21,2023-05-19,True,False,False,True,Devices
"StellaLife, Inc.",STELLALIFE,1,2025-09-16,2025-09-16,False,True,False,True,Drugs
"StemGenex Biologic Laboratories, LLC",STEMGENEX BIOLOGIC LABORATORIES,1,2018-10-31,2018-10-31,False,False,True,True,Biologics
Stemell Inc,STEMELL,1,2019-08-28,2019-08-28,False,False,True,True,Biologics
Stephanix,STEPHANIX,1,2016-08-12,2016-08-12,True,False,False,True,Devices
"SterRx, LLC",STERRX,1,2022-07-27,2022-07-27,False,True,False,True,Drugs
Sterex Electrolysis Int Ltd,STEREX ELECTROLYSIS INT,1,2013-06-24,2013-06-24,True,False,False,True,Devices
Stericon Pharma Pvt. Ltd.,STERICON PHARMA,1,2010-08-24,2010-08-24,False,True,False,True,Drugs
Steril-Aire Usa Inc.,STERIL AIRE,1,2010-07-02,2010-07-02,True,False,False,True,Devices
Sterilmed Inc.,STERILMED,1,2011-10-26,2011-10-26,True,False,False,True,Devices
Steripac,STERIPAC,1,2009-12-29,2009-12-29,True,False,False,True,Devices
"Steritec Products Mfg. Co., Inc.",STERITEC PRODUCTS MFG,1,2008-10-17,2008-10-17,True,False,False,True,Devices
Sterling Distributors,STERLING DISTRIBUTORS,1,2025-06-05,2025-06-05,False,True,False,True,Drugs
Sterling Pharmaceutical Services LLC,STERLING PHARMACEUTICAL SERVICES,2,2022-09-27,2023-09-11,False,True,False,True,Drugs
"Steven W. Boyce, M. D.",STEVEN W BOYCE M D,1,2012-09-28,2012-09-28,False,True,False,True,Drugs
Steven's Pharmacy,STEVEN S PHARMACY,1,2008-11-12,2008-11-12,False,True,False,True,Drugs
Stewart Compounding Pharmacy,STEWART COMPOUNDING PHARMACY,1,2013-08-21,2013-08-21,False,True,False,True,Drugs
"Stewart, Lynette D. M.D.",STEWART LYNETTE D M D,1,2009-01-21,2009-01-21,False,True,False,True,Drugs
Stille AB,STILLE,1,2014-01-31,2014-01-31,True,False,False,True,Devices
"Stingray Surgical Products, LLC",STINGRAY SURGICAL PRODUCTS,1,2012-05-07,2012-05-07,True,False,False,True,Devices
Stokes Healthcare Inc.,STOKES HEALTHCARE,1,2024-04-02,2024-04-02,False,True,False,True,Drugs
"Stone Company Management, Inc.",STONE MANAGEMENT,1,2013-07-03,2013-07-03,True,False,False,True,Devices
Stonegate Pharmacy LP,STONEGATE PHARMACY,1,2016-11-10,2016-11-10,False,True,False,True,Drugs
"Storz Medical, AG",STORZ MEDICAL,2,2010-04-08,2010-08-24,True,False,False,True,Devices
"Stradis Medical, LLC dba Stradis Healthcare",STRADIS MEDICAL STRADIS HEALTHCARE,1,2011-08-15,2011-08-15,True,False,False,True,Devices
Strategia Project Management inc,STRATEGIA PROJECT MANAGEMENT,1,2021-09-28,2021-09-28,False,True,False,True,Drugs
"Stratus BioSystems, LLC",STRATUS BIOSYSTEMS,2,2019-07-03,2023-06-09,False,False,True,True,Biologics
"Stream2Sea, LLC",STREAM2SEA,1,2026-02-02,2026-02-02,False,True,False,True,Drugs
Strides Pharma Science Limited,STRIDES PHARMA SCIENCE,1,2019-07-01,2019-07-01,False,True,False,True,Drugs
Strive Pharmacy Texas LLC dba Strive Pharmacy,STRIVE PHARMACY TEXAS STRIVE PHARMACY,1,2022-08-30,2022-08-30,False,True,False,True,Drugs
Strong Fertility Center,STRONG FERTILITY CENTER,1,2019-10-29,2019-10-29,False,False,True,True,Biologics
Strukmyer LLC,STRUKMYER,1,2025-01-30,2025-01-30,False,True,False,True,Drugs
Strut,STRUT,1,2026-02-20,2026-02-20,False,True,False,True,Drugs
Stryker Craniomaxillofacial Division,STRYKER CRANIOMAXILLOFACIAL DIVISION,1,2009-05-05,2009-05-05,True,False,False,True,Devices
Stryker Medical London dba CHG Hospital Beds,STRYKER MEDICAL LONDON CHG HOSPITAL BEDS,2,2011-08-29,2011-08-29,True,False,False,True,Devices
"Stuart A. Harlin, MD",STUART A HARLIN MD,1,2010-07-21,2010-07-21,True,False,False,True,Devices
Subcon Manufacturing Corporation,SUBCON MANUFACTURING,1,2013-12-16,2013-12-16,True,False,False,True,Devices
"Sugih Instrumendo Abadi, PT.",SUGIH INSTRUMENDO ABADI PT,1,2012-10-22,2012-10-22,True,False,False,True,Devices
Suhan Aerosol,SUHAN AEROSOL,1,2023-08-03,2023-08-03,False,True,False,True,Drugs
"Summit Medical, LLC",SUMMIT MEDICAL,1,2013-04-25,2013-04-25,True,False,False,True,Devices
Summit Research,SUMMIT RESEARCH,1,2024-12-10,2024-12-10,False,True,False,True,Drugs
Sun Nuclear Corporation,SUN NUCLEAR,1,2013-02-06,2013-02-06,True,False,False,True,Devices
Sun Pharma Canada Inc.,SUN PHARMA CANADA,1,2009-02-05,2009-02-05,False,True,False,True,Drugs
Sun Pharmaceutical Industries Limited,SUN PHARMACEUTICAL INDUSTRIES,1,2024-06-18,2024-06-18,False,True,False,True,Drugs
Sun Pharmaceutical Industries Limited - Karkhadi,SUN PHARMACEUTICAL INDUSTRIES KARKHADI,1,2014-05-09,2014-05-09,False,True,False,True,Drugs
Sun Pharmaceutical Industries Ltd.,SUN PHARMACEUTICAL INDUSTRIES,2,2015-12-17,2022-12-15,False,True,False,True,Drugs
"Sun Pharmaceutical Industries, LTD.",SUN PHARMACEUTICAL INDUSTRIES,1,2008-10-31,2008-10-31,False,True,False,True,Drugs
"SunMed Holdings, LLC",SUNMED,1,2014-07-02,2014-07-02,True,False,False,True,Devices
"Sunbeam Products, Inc.",SUNBEAM PRODUCTS,1,2012-12-04,2012-12-04,True,False,False,True,Devices
"Sunnex, LLC",SUNNEX,1,2015-04-10,2015-04-10,True,False,False,True,Devices
"Sunrise Pharmaceutical, Inc.",SUNRISE PHARMACEUTICAL,1,2010-01-14,2010-01-14,False,True,False,True,Drugs
"Sunshine Trading Company, Inc",SUNSHINE TRADING,1,2023-07-03,2023-07-03,False,True,False,True,Drugs
"Sunshine USA, LLC",SUNSHINE,2,2012-11-20,2013-12-05,True,False,False,True,Devices
"Sunstar Americas, Inc.",SUNSTAR AMERICAS,1,2021-12-21,2021-12-21,False,True,False,True,Drugs
Sunstar Guangzhou Ltd.,SUNSTAR GUANGZHOU,1,2020-01-22,2020-01-22,False,True,False,True,Drugs
"Sunstone, Inc.",SUNSTONE,1,2017-04-17,2017-04-17,False,True,False,True,Drugs
Super Body Care,SUPER BODY CARE,1,2010-04-13,2010-04-13,False,True,False,True,Drugs
Supercore Products Group Inc.,SUPERCORE PRODUCTS,1,2024-09-26,2024-09-26,False,True,False,True,Drugs
Superex Canada Ltd,SUPEREX CANADA,1,2013-05-10,2013-05-10,True,False,False,True,Devices
Superstat Corporation,SUPERSTAT,1,2011-08-05,2011-08-05,True,False,False,True,Devices
Supply Center USA,SUPPLY CENTER,1,2025-08-25,2025-08-25,False,True,False,True,Drugs
Supreme Rejuvenation,SUPREME REJUVENATION,1,2025-05-05,2025-05-05,False,False,True,True,Biologics
Suprimo Imports,SUPRIMO IMPORTS,1,2023-06-22,2023-06-22,False,True,False,True,Drugs
"Sure-Biochem Laboratories, LLC",SURE BIOCHEM LABORATORIES,1,2023-03-24,2023-03-24,False,True,False,True,Drugs
SureTek Medical,SURETEK MEDICAL,1,2016-03-03,2016-03-03,True,False,False,True,Devices
Surgery Pharmacy Services Inc,SURGERY PHARMACY SERVICES,1,2020-10-09,2020-10-09,False,True,False,True,Drugs
"Surgisil, LLP",SURGISIL,1,2019-04-15,2019-04-15,True,False,False,True,Devices
"Surmasis Pharmaceutical, LLC",SURMASIS PHARMACEUTICAL,1,2018-11-06,2018-11-06,False,True,False,True,Drugs
"Susan P. King-Harris, D.P.M.",SUSAN P KING HARRIS D P M,1,2019-09-09,2019-09-09,False,True,False,True,Drugs
Suzhou Armocon Technology Co.Ltd,SUZHOU ARMOCON TECHNOLOGY,1,2013-09-16,2013-09-16,True,False,False,True,Devices
"Suzhou Pharmaceutical Technology Co.,Ltd",SUZHOU PHARMACEUTICAL TECHNOLOGY,1,2017-01-06,2017-01-06,False,True,False,True,Drugs
Svar Life Science AB,SVAR LIFE SCIENCE,1,2017-09-20,2017-09-20,True,False,False,True,Devices
"Swabplus, L.P.",SWABPLUS L P,1,2019-10-31,2019-10-31,False,True,False,True,Drugs
Swisschems,SWISSCHEMS,1,2024-12-10,2024-12-10,False,True,False,True,Drugs
Sylvane Inc.,SYLVANE,1,2009-06-29,2009-06-29,True,False,False,True,Devices
"Syneron, Inc.",SYNERON,1,2010-12-23,2010-12-23,True,False,False,True,Devices
"Synovo Production, Inc.",SYNOVO PRODUCTION,1,2023-03-23,2023-03-23,True,False,False,True,Devices
"Synthes, Inc.",SYNTHES,1,2012-02-16,2012-02-16,True,False,False,True,Devices
Synthetix Inc. DBA Helix Chemical Supply,SYNTHETIX HELIX CHEMICAL SUPPLY,1,2024-02-07,2024-02-07,False,True,False,True,Drugs
Synthexim,SYNTHEXIM,1,2014-07-18,2014-07-18,False,True,False,True,Drugs
"Syntho Pharmaceuticals, Inc.",SYNTHO PHARMACEUTICALS,1,2015-06-22,2015-06-22,False,True,False,True,Drugs
Syntron Bioresearch Inc,SYNTRON BIORESEARCH,1,2010-05-24,2010-05-24,True,False,False,True,Devices
System Kosmetik Produktionsgesellschaft fur kosmetische Gmbh,SYSTEM KOSMETIK PRODUKTIONSGESELLSCHAFT FUR KOSMETISCHE,1,2022-09-20,2022-09-20,False,True,False,True,Drugs
"SystemsOne, LLC",SYSTEMSONE,1,2012-03-07,2012-03-07,True,False,False,True,Devices
"TAIWAN BIOTECH CO., LTD.",TAIWAN BIOTECH,1,2018-06-04,2018-06-04,False,True,False,True,Drugs
"TAKA USA, INC.",TAKA,1,2020-07-29,2020-07-29,False,True,False,True,Drugs
TAMPON INNOVATIONS LTD.,TAMPON INNOVATIONS,1,2024-12-17,2024-12-17,True,False,False,True,Devices
"TCA Cellular Therapy, LLC",TCA CELLULAR THERAPY,1,2011-08-15,2011-08-15,False,False,True,True,Biologics
TCM Supply Corporation,TCM SUPPLY,1,2012-08-16,2012-08-16,True,False,False,True,Devices
TCT NUTRACEUTICALS SDN BHD,TCT NUTRACEUTICALS SDN BHD,1,2024-06-06,2024-06-06,False,True,False,True,Drugs
"TEI Biosciences, Inc.",TEI BIOSCIENCES,3,2015-05-29,2023-07-17,True,False,False,True,Devices
TELOS TRADING,TELOS TRADING,1,2026-06-17,2026-06-17,False,True,False,True,Drugs
TEM INNOVATIONS GMBH,TEM INNOVATIONS,1,2015-04-21,2015-04-21,True,False,False,True,Devices
TERRAGENE S.A.,TERRAGENE S A,1,2023-11-01,2023-11-01,True,False,False,True,Devices
TEXINKART INC,TEXINKART,1,2026-06-17,2026-06-17,False,True,False,True,Drugs
TFS MANUFACTURING PTY LTD,TFS MANUFACTURING PTY,1,2015-12-21,2015-12-21,True,False,False,True,Devices
TG Supply LLC,TG SUPPLY,1,2025-12-16,2025-12-16,True,False,False,True,Devices
THD SpA,THD,1,2013-03-26,2013-03-26,True,False,False,True,Devices
"THEROZONE USA, INC.",THEROZONE,1,2011-08-11,2011-08-11,True,False,False,True,Devices
TIB MOLBIOL SYNTHESELABOR GMBH,TIB MOLBIOL SYNTHESELABOR,1,2009-08-25,2009-08-25,True,False,False,True,Devices
TJA Health LLC,TJA HEALTH,1,2024-07-17,2024-07-17,False,True,False,True,Drugs
TKTX Company,TKTX,1,2024-03-25,2024-03-25,False,True,False,True,Drugs
TLC Laser Eye Center,TLC LASER EYE CENTER,1,2009-10-09,2009-10-09,True,False,False,True,Devices
TLC Laser Eye Center d/b/a/ TLC Pittsburgh,TLC LASER EYE CENTER D B A TLC PITTSBURGH,1,2009-10-09,2009-10-09,True,False,False,True,Devices
TLC Laser Eye Centers,TLC LASER EYE CENTERS,2,2009-10-09,2009-10-09,True,False,False,True,Devices
"TM Testing, Inc. dba TM Technologies, Inc./TM Labs",TM TESTING TM TECHNOLOGIES TM LABS,1,2021-03-25,2021-03-25,True,False,False,True,Devices
TMC Acquisitions LLC dba Tailor Made Compounding,TMC ACQUISITIONS TAILOR MADE COMPOUNDING,1,2020-04-01,2020-04-01,False,True,False,True,Drugs
TMS International,TMS,1,2012-12-13,2012-12-13,True,False,False,True,Devices
TOADS LLC,TOADS,1,2013-02-22,2013-02-22,True,False,False,True,Devices
TOMSCOUT,TOMSCOUT,1,2025-12-16,2025-12-16,True,False,False,True,Devices
TRP Company,TRP,1,2023-09-11,2023-09-11,False,True,False,True,Drugs
TRUE EARTH HEALTH PRODUCTS,TRUE EARTH HEALTH PRODUCTS,1,2022-04-13,2022-04-13,False,True,False,True,Drugs
"TRYM Health, Inc.",TRYM HEALTH,1,2025-09-09,2025-09-09,False,True,False,True,Drugs
TSDR Pharmacy Inc. dba brandMD Skin Care,TSDR PHARMACY BRANDMD SKIN CARE,1,2017-11-09,2017-11-09,False,True,False,True,Drugs
TYTEX SLOVAKIA S.R.O.,TYTEX SLOVAKIA S R O,1,2013-06-12,2013-06-12,True,False,False,True,Devices
"TZ Medical, Inc.",TZ MEDICAL,1,2012-04-10,2012-04-10,True,False,False,True,Devices
"Taewoong Medical Co., Ltd.",TAEWOONG MEDICAL,1,2014-11-25,2014-11-25,True,False,False,True,Devices
"Tager Online, Inc. DBA Volt Candy; Volt Candy Wholesale Club",TAGER ONLINE VOLT CANDY VOLT CANDY WHOLESALE CLUB,1,2023-04-27,2023-04-27,False,True,False,True,Drugs
"Tai Heng Industry Co., Ltd.",TAI HENG INDUSTRY,1,2016-05-12,2016-05-12,False,True,False,True,Drugs
Taicang Sheng Jia Medical Equipment Science & Technology Co.,TAICANG SHENG JIA MEDICAL EQUIPMENT SCIENCE AND TECHNOLOGY,1,2015-03-10,2015-03-10,True,False,False,True,Devices
Tailstorm Health Inc,TAILSTORM HEALTH,1,2025-04-08,2025-04-08,False,True,False,True,Drugs
"Taiwan Three Mast Pharmaceutical Co., Ltd.",TAIWAN THREE MAST PHARMACEUTICAL,1,2012-12-18,2012-12-18,False,True,False,True,Drugs
"Taizhou Jingshang Cosmetics Technology Co., Ltd.",TAIZHOU JINGSHANG COSMETICS TECHNOLOGY,1,2025-04-02,2025-04-02,False,True,False,True,Drugs
"Taizhou Kangping Medical Science And Technology Co., Ltd.",TAIZHOU KANGPING MEDICAL SCIENCE AND TECHNOLOGY,1,2025-10-09,2025-10-09,False,True,False,True,Drugs
Talisman Limited,TALISMAN,1,2010-03-11,2010-03-11,True,False,False,True,Devices
Tan Extreme Inc,TAN EXTREME,1,2013-02-08,2013-02-08,True,False,False,True,Devices
Tan-Alize Kozmetik ve Temizlik Urunleri Sanayi ve Ticaret A.S.,TAN ALIZE KOZMETIK VE TEMIZLIK URUNLERI SANAYI VE TICARET A S,1,2023-08-03,2023-08-03,False,True,False,True,Drugs
"Tango3, LLC",TANGO3,1,2012-05-23,2012-05-23,True,False,False,True,Devices
"Tarmac Products, Inc.",TARMAC PRODUCTS,2,2011-02-04,2020-11-10,False,True,False,True,Drugs
Tasty Hemp Oil,TASTY HEMP OIL,1,2016-02-04,2016-02-04,False,True,False,True,Drugs
Tcmhelpme,TCMHELPME,1,2009-07-22,2009-07-22,False,True,False,True,Drugs
"Tec Laboratories, Inc.",TEC LABORATORIES,2,2011-04-18,2019-03-20,False,True,False,True,Drugs
Techlem Medical Corporation,TECHLEM MEDICAL,2,2013-06-04,2023-12-26,True,False,False,True,Devices
"Techni Med, Inc. dba The Compounder",TECHNI MED COMPOUNDER,1,2016-07-29,2016-07-29,False,True,False,True,Drugs
Technological Medical Advancements LLC,TECHNOLOGICAL MEDICAL ADVANCEMENTS,1,2025-09-26,2025-09-26,True,False,False,True,Devices
"Teco Diagnostics, Inc.",TECO DIAGNOSTICS,1,2010-08-20,2010-08-20,True,False,False,True,Devices
Tecres S.p.A.,TECRES S P A,1,2015-08-14,2015-08-14,True,False,False,True,Devices
Tecval Medical Sarl,TECVAL MEDICAL SARL,1,2013-01-25,2013-01-25,True,False,False,True,Devices
"Tedec-Meiji Farma, S.A.",TEDEC MEIJI FARMA S A,1,2012-04-24,2012-04-24,False,True,False,True,Drugs
Teh Lin Prosthetic & Orthopeadic Inc.,TEH LIN PROSTHETIC AND ORTHOPEADIC,1,2011-12-23,2011-12-23,True,False,False,True,Devices
"Teligent Pharma, Inc.",TELIGENT PHARMA,1,2019-11-26,2019-11-26,False,True,False,True,Drugs
Tender Corporation D/B/A Adventure Ready Brands,TENDER D B A ADVENTURE READY BRANDS,1,2020-07-23,2020-07-23,False,True,False,True,Drugs
Tenderneeds Fertility LLC,TENDERNEEDS FERTILITY,1,2020-04-13,2020-04-13,True,False,False,True,Devices
Teneo IRB,TENEO IRB,1,2009-11-10,2009-11-10,False,False,True,True,Biologics
"Tenex Health, Inc.",TENEX HEALTH,2,2009-03-16,2012-06-14,True,False,False,True,Devices
Teoxane S.A.,TEOXANE S A,1,2013-04-19,2013-04-19,True,False,False,True,Devices
"Terry Yon & Associates, Inc. dba Tya Pharmaceuticals",TERRY YON AND ASSOCIATES TYA PHARMACEUTICALS,1,2010-05-12,2010-05-12,False,True,False,True,Drugs
"Terumo BCT, Inc.",TERUMO BCT,1,2011-03-18,2011-03-18,True,False,False,True,Devices
Terumo Medical Corporation,TERUMO MEDICAL,1,2016-03-17,2016-03-17,True,False,False,True,Devices
"Terumo Medical Products (Hangzhou) Co., Ltd.",TERUMO MEDICAL PRODUCTS HANGZHOU,1,2012-05-09,2012-05-09,True,False,False,True,Devices
"Tesla Biohealing, Inc.",TESLA BIOHEALING,1,2023-08-10,2023-08-10,True,False,False,True,Devices
"Tetracore, Inc.",TETRACORE,1,2009-12-01,2009-12-01,True,False,False,True,Devices
Teva Neuroscience,TEVA NEUROSCIENCE,1,2012-03-14,2012-03-14,False,True,False,True,Drugs
"Teva Parenteral Medicines, Inc.",TEVA PARENTERAL MEDICINES,1,2009-12-11,2009-12-11,False,True,False,True,Drugs
Teva Pharmaceutical Works Private Limited Company,TEVA PHARMACEUTICAL WORKS PRIVATE,1,2016-10-13,2016-10-13,False,True,False,True,Drugs
Teva Puerto Rico LLC,TEVA PUERTO RICO,1,2012-03-08,2012-03-08,False,True,False,True,Drugs
Texas Applied Biotechnology Research Review Committee,TEXAS APPLIED BIOTECHNOLOGY RESEARCH REVIEW COMMITTEE,1,2012-09-24,2012-09-24,False,False,True,True,Biologics
Texas Biostetic Instruments,TEXAS BIOSTETIC INSTRUMENTS,1,2015-10-28,2015-10-28,True,False,False,True,Devices
Texinkart Inc.,TEXINKART,1,2026-06-17,2026-06-17,False,True,False,True,Drugs
"Thai Nakorn Patana Co., Ltd,",THAI NAKORN PATANA,1,2024-02-27,2024-02-27,False,True,False,True,Drugs
"Thai Nippon Rubber Industry Co., Ltd.",THAI NIPPON RUBBER INDUSTRY,1,2015-09-14,2015-09-14,True,False,False,True,Devices
That's Natural,THAT S NATURAL,1,2017-10-31,2017-10-31,False,True,False,True,Drugs
The Avalon Effect,AVALON EFFECT,1,2012-11-05,2012-11-05,True,False,False,True,Devices
The Body Bean LLC,BODY BEAN,1,2023-02-06,2023-02-06,False,True,False,True,Drugs
"The CBD Store, LLC",CBD STORE,1,2019-11-22,2019-11-22,False,True,False,True,Drugs
The Center for Fertility & Gynecology,CENTER FOR FERTILITY AND GYNECOLOGY,1,2008-10-09,2008-10-09,False,False,True,True,Biologics
The Compounding Pharmacy,COMPOUNDING PHARMACY,1,2020-06-05,2020-06-05,False,True,False,True,Drugs
"The Compounding Shop, Inc.",COMPOUNDING SHOP,1,2014-08-12,2014-08-12,False,True,False,True,Drugs
"The Fertility Partnership, LLC",FERTILITY PARTNERSHIP,1,2018-05-24,2018-05-24,False,False,True,True,Biologics
The Fluxion,FLUXION,1,2025-12-16,2025-12-16,True,False,False,True,Devices
The Golden Road Kratom,GOLDEN ROAD KRATOM,1,2020-05-15,2020-05-15,False,True,False,True,Drugs
The HCG Institute,HCG INSTITUTE,1,2025-09-09,2025-09-09,False,True,False,True,Drugs
"The Judge Rotenberg Educational Center, Inc.",JUDGE ROTENBERG EDUCATIONAL CENTER,1,2012-12-06,2012-12-06,True,False,False,True,Devices
The Lasik Vision Institute,LASIK VISION INSTITUTE,1,2009-10-09,2009-10-09,True,False,False,True,Devices
"The Lebanon Corporation, Inc.",LEBANON,1,2012-05-17,2012-05-17,True,False,False,True,Devices
"The Magni Group, Inc.",MAGNI,1,2013-07-15,2013-07-15,False,True,False,True,Drugs
The One Minute Miracle Inc.,ONE MINUTE MIRACLE,1,2015-12-11,2015-12-11,False,True,False,True,Drugs
The Peavey Corporation dba Lynn Peavey Co.,PEAVEY LYNN PEAVEY,1,2011-01-24,2011-01-24,True,False,False,True,Devices
The Reynolds Office of Health and Nutrition,REYNOLDS OFFICE OF HEALTH AND NUTRITION,1,2013-08-08,2013-08-08,True,False,False,True,Devices
The Richline Group Inc,RICHLINE,1,2025-08-25,2025-08-25,True,False,False,True,Devices
The Secrets of Eden,SECRETS OF EDEN,1,2009-05-05,2009-05-05,False,True,False,True,Drugs
The See Clear Company,SEE CLEAR,1,2017-02-14,2017-02-14,True,False,False,True,Devices
"The Skin Atelier, Inc.",SKIN ATELIER,1,2019-10-01,2019-10-01,False,True,False,True,Drugs
The Standing Company,STANDING,2,2010-08-20,2013-05-07,True,False,False,True,Devices
The Utopia Group LLC,UTOPIA,1,2014-05-21,2014-05-21,True,False,False,True,Devices
The Washington Hospital IRC,WASHINGTON HOSPITAL IRC,1,2009-02-05,2009-02-05,False,False,True,True,Biologics
The Wellness Pharmacy,WELLNESS PHARMACY,1,2016-03-23,2016-03-23,False,True,False,True,Drugs
"Thea Pharma, Inc.",THEA PHARMA,1,2025-07-09,2025-07-09,False,True,False,True,Drugs
Theoriginalhcgdrogs.com,THEORIGINALHCGDROGS COM,1,2011-11-28,2011-11-28,False,True,False,True,Drugs
"Therasage, LLC.",THERASAGE,1,2009-08-31,2009-08-31,True,False,False,True,Devices
"Thermasolutions, LLC",THERMASOLUTIONS,1,2012-05-07,2012-05-07,True,False,False,True,Devices
Thermavis,THERMAVIS,1,2021-03-04,2021-03-04,True,False,False,True,Devices
Thermedx LLC,THERMEDX,1,2015-04-08,2015-04-08,True,False,False,True,Devices
Thermo Fisher Scientific Cork Limited,THERMO FISHER SCIENTIFIC CORK,1,2014-03-18,2014-03-18,False,True,False,True,Drugs
Thermogram Assessment Services,THERMOGRAM ASSESSMENT SERVICES,1,2016-11-10,2016-11-10,True,False,False,True,Devices
Thermography and Breast Health Center of Idaho,THERMOGRAPHY AND BREAST HEALTH CENTER OF IDAHO,1,2009-10-26,2009-10-26,True,False,False,True,Devices
Thermoteknix System Limited,THERMOTEKNIX SYSTEM,1,2021-03-04,2021-03-04,True,False,False,True,Devices
"Thibiant International, Inc.",THIBIANT,1,2019-03-06,2019-03-06,False,True,False,True,Drugs
"Thomas E. Young, MD, LLC",THOMAS E YOUNG MD,1,2012-04-20,2012-04-20,False,False,True,True,Biologics
"Thomas E. Young, MD, LLC dba Young Medical Spa",THOMAS E YOUNG MD YOUNG MEDICAL,1,2012-04-20,2012-04-20,False,False,True,True,Biologics
Thomas Jefferson University Institutional Review Board,THOMAS JEFFERSON UNIVERSITY INSTITUTIONAL REVIEW BOARD,1,2019-06-24,2019-06-24,False,False,True,True,Biologics
Thomas K Jones MD - Clinical Investigator,THOMAS K JONES MD CLINICAL INVESTIGATOR,1,2009-07-01,2009-07-01,True,False,False,True,Devices
Thomas Meds,THOMAS MEDS,1,2020-09-02,2020-09-02,False,True,False,True,Drugs
"Thomas S. Tooma, M.D.",THOMAS S TOOMA M D,1,2015-11-02,2015-11-02,False,True,False,True,Drugs
Thorn Ford Dental Laboratory LLC,THORN FORD DENTAL LABORATORY,1,2015-06-02,2015-06-02,True,False,False,True,Devices
Thrasio LLC,THRASIO,1,2023-08-18,2023-08-18,False,True,False,True,Drugs
Three Rivers Pharmaceuticals LLC,THREE RIVERS PHARMACEUTICALS,2,2011-03-21,2013-11-18,False,True,False,True,Drugs
"Thriftmaster Global Holdings, Inc.",THRIFTMASTER GLOBAL,1,2022-12-05,2022-12-05,False,True,False,True,Drugs
"Thrive Health and Wellness, LLC, dba Thrive Health Solutions (Colorado)",THRIVE HEALTH AND WELLNESS THRIVE HEALTH SOLUTIONS COLORADO,1,2026-02-09,2026-02-09,False,True,False,True,Drugs
"Thrive Health, LLC",THRIVE HEALTH,1,2025-09-09,2025-09-09,False,True,False,True,Drugs
ThriveLab,THRIVELAB,1,2026-06-08,2026-06-08,False,True,False,True,Drugs
ThyssenKrupp Access Corp,THYSSENKRUPP ACCESS,1,2011-08-23,2011-08-23,True,False,False,True,Devices
"ThyssenKrupp Access Manufacturing, LLC",THYSSENKRUPP ACCESS MANUFACTURING,1,2012-03-27,2012-03-27,True,False,False,True,Devices
"Tianjin Bolang Science-Technology Development Co., Ltd.",TIANJIN BOLANG SCIENCE TECHNOLOGY DEVELOPMENT,1,2021-06-17,2021-06-17,True,False,False,True,Devices
"Tianjin Darentang Jingwanhong Pharmaceutical Co., Ltd.",TIANJIN DARENTANG JINGWANHONG PHARMACEUTICAL,1,2024-10-30,2024-10-30,False,True,False,True,Drugs
"Tianjin New Bay Bioresearch Co., Ltd.",TIANJIN NEW BAY BIORESEARCH,1,2014-07-28,2014-07-28,True,False,False,True,Devices
"Tianjin Zhongan Pharmaceutical Co., Ltd.",TIANJIN ZHONGAN PHARMACEUTICAL,1,2014-06-10,2014-06-10,False,True,False,True,Drugs
Tiber Pharmaceuticals LLC,TIBER PHARMACEUTICALS,1,2009-11-13,2009-11-13,False,True,False,True,Drugs
"Tiller MIND BODY, Inc.",TILLER MIND BODY,1,2015-02-25,2015-02-25,True,False,False,True,Devices
"Time-Cap Laboratories, Inc.",TIME CAP LABORATORIES,1,2009-04-10,2009-04-10,False,True,False,True,Drugs
"Timothy Summers, MD",TIMOTHY SUMMERS MD,1,2010-02-04,2010-02-04,False,True,False,True,Drugs
Timpo Bioengineering Co Ltd,TIMPO BIOENGINEERING,1,2015-07-31,2015-07-31,False,True,False,True,Drugs
"Tinnitus Control, Inc.",TINNITUS CONTROL,1,2010-03-17,2010-03-17,True,False,False,True,Devices
Tismor Health and Wellness Pty Limited,TISMOR HEALTH AND WELLNESS PTY,1,2020-01-15,2020-01-15,False,True,False,True,Drugs
Tissue Bank International/The National Eye Bank Center,TISSUE BANK NATIONAL EYE BANK CENTER,1,2012-11-28,2012-11-28,False,False,True,True,Biologics
"Tissue Transplant Technology, Ltd.",TISSUE TRANSPLANT TECHNOLOGY,1,2018-10-30,2018-10-30,False,False,True,True,Biologics
Titan SARMS LLC,TITAN SARMS,1,2025-12-12,2025-12-12,False,True,False,True,Drugs
Tktx Numb Store,TKTX NUMB STORE,1,2025-02-25,2025-02-25,False,True,False,True,Drugs
Tktx Numbing Cream USA,TKTX NUMBING CREAM,1,2025-02-25,2025-02-25,False,True,False,True,Drugs
Tktx Store,TKTX STORE,1,2025-02-25,2025-02-25,False,True,False,True,Drugs
Tktx USA,TKTX,1,2025-02-25,2025-02-25,False,True,False,True,Drugs
Tlc Eye Care - Lansing,TLC EYE CARE LANSING,1,2009-10-30,2009-10-30,True,False,False,True,Devices
"Toby's Nose Filters, Inc.",TOBY S NOSE FILTERS,1,2010-05-25,2010-05-25,True,False,False,True,Devices
"Tom's of Maine, Inc.",TOM S OF MAINE,1,2024-11-05,2024-11-05,False,True,False,True,Drugs
Tombigbee Healthcare Authority Operating BWWMH,TOMBIGBEE HEALTHCARE AUTHORITY OPERATING BWWMH,1,2011-04-25,2011-04-25,True,False,False,True,Devices
"TomboyX, PBC",TOMBOYX PBC,1,2025-12-16,2025-12-16,True,False,False,True,Devices
Tonic Therapeutic Herb Shop & Elixir Bar,TONIC THERAPEUTIC HERB SHOP AND ELIXIR BAR,1,2020-09-29,2020-09-29,False,True,False,True,Drugs
Tonica Elektronik A/S,TONICA ELEKTRONIK A S,1,2012-11-06,2012-11-06,True,False,False,True,Devices
"Top Surgeons, LLC",TOP SURGEONS,1,2011-12-09,2011-12-09,True,False,False,True,Devices
TopLife International,TOPLIFE,1,2015-10-15,2015-10-15,False,True,False,True,Drugs
Topco Associates LLC,TOPCO ASSOCIATES,1,2013-09-19,2013-09-19,False,True,False,True,Drugs
Topcon Corporation,TOPCON,1,2011-10-12,2011-10-12,True,False,False,True,Devices
"Topspins, Inc.",TOPSPINS,1,2014-11-06,2014-11-06,True,False,False,True,Devices
Tosoh Bioscience Inc,TOSOH BIOSCIENCE,2,2011-01-18,2016-08-05,True,False,False,True,Devices
"Total Pharmacy Services, Inc.",TOTAL PHARMACY SERVICES,1,2014-02-24,2014-02-24,False,True,False,True,Drugs
"Total Thermal Imaging, Inc.",TOTAL THERMAL IMAGING,1,2019-02-22,2019-02-22,True,False,False,True,Devices
Tower Laboratories Ltd.,TOWER LABORATORIES,1,2025-12-23,2025-12-23,False,True,False,True,Drugs
"Toxin Technology, Inc.",TOXIN TECHNOLOGY,1,2011-02-08,2011-02-08,False,True,False,True,Drugs
Toyobo Co. Ltd.,TOYOBO,1,2021-08-19,2021-08-19,False,True,False,True,Drugs
Tra & Accessories,TRA AND ACCESSORIES,1,2011-02-01,2011-02-01,True,False,False,True,Devices
Trans-Missie B.V.,TRANS MISSIE B V,1,2025-12-16,2025-12-16,True,False,False,True,Devices
TransOx Inc.,TRANSOX,1,2015-06-08,2015-06-08,False,True,False,True,Drugs
Transdermal Cap Inc.,TRANSDERMAL CAP,1,2015-08-10,2015-08-10,True,False,False,True,Devices
Trask & Roth Research and Manufacturing,TRASK AND ROTH RESEARCH AND MANUFACTURING,1,2020-10-05,2020-10-05,True,False,False,True,Devices
"Tresmonet Technologies, Inc.",TRESMONET TECHNOLOGIES,1,2021-03-25,2021-03-25,True,False,False,True,Devices
Trew Balance,TREW BALANCE,1,2025-08-25,2025-08-25,False,True,False,True,Drugs
"TreyMed, Inc.",TREYMED,1,2015-01-09,2015-01-09,True,False,False,True,Devices
Tri-Coast Pharmacy,TRI COAST PHARMACY,1,2018-08-20,2018-08-20,False,True,False,True,Drugs
Tri-Med Laboratories Inc,TRI MED LABORATORIES,1,2010-02-23,2010-02-23,False,True,False,True,Drugs
"Tri-Med, Inc. dba Advanced Care Infusion-Shelby",TRI MED ADVANCED CARE INFUSION SHELBY,1,2015-12-18,2015-12-18,False,True,False,True,Drugs
TriMed Inc.,TRIMED,1,2016-06-30,2016-06-30,True,False,False,True,Devices
"Triad Rx, Inc",TRIAD RX,1,2019-02-05,2019-02-05,False,True,False,True,Drugs
Triangle Compounding Pharmacy Inc,TRIANGLE COMPOUNDING PHARMACY,2,2014-01-14,2015-11-02,False,True,False,True,Drugs
"Tricol Biomedical, Inc.",TRICOL BIOMEDICAL,1,2014-05-20,2014-05-20,True,False,False,True,Devices
Trifarma S.p.A.,TRIFARMA S P A,1,2014-07-07,2014-07-07,False,True,False,True,Drugs
"Trilliant Surgical, LLC",TRILLIANT SURGICAL,1,2010-05-03,2010-05-03,True,False,False,True,Devices
"Trilogy Laboratories, LLC",TRILOGY LABORATORIES,1,2020-03-09,2020-03-09,False,True,False,True,Drugs
Trinity Health Michigan Regional IRB #4,TRINITY HEALTH MICHIGAN REGIONAL IRB 4,2,2013-08-01,2015-09-15,True,False,False,True,Devices
Trinity Healthcare Supply LLC,TRINITY HEALTHCARE SUPPLY,1,2026-06-08,2026-06-08,False,True,False,True,Drugs
Trinity Natural Health and Pain Management Inc.,TRINITY NATURAL HEALTH AND PAIN MANAGEMENT,1,2021-04-13,2021-04-13,False,True,False,True,Drugs
Tris Pharma Inc.,TRIS PHARMA,1,2018-03-28,2018-03-28,False,True,False,True,Drugs
Trokamed GmbH,TROKAMED,1,2013-11-22,2013-11-22,True,False,False,True,Devices
"Trone Health Services, Inc.",TRONE HEALTH SERVICES,1,2017-03-22,2017-03-22,False,True,False,True,Drugs
"Tropical Seas, Inc.",TROPICAL SEAS,1,2019-05-15,2019-05-15,False,True,False,True,Drugs
"Tropicosmeticos, S.A. de C.V.",TROPICOSMETICOS S A DE C V,1,2021-08-10,2021-08-10,False,True,False,True,Drugs
Troy Innovative Instruments Inc,TROY INNOVATIVE INSTRUMENTS,1,2015-09-01,2015-09-01,True,False,False,True,Devices
"True Chemical Solutions, LLC",TRUE CHEMICAL SOLUTIONS,1,2021-09-29,2021-09-29,False,True,False,True,Drugs
Trust Labs,TRUST LABS,1,2025-09-09,2025-09-09,False,True,False,True,Drugs
Try Nova,TRY NOVA,1,2025-09-09,2025-09-09,False,True,False,True,Drugs
Tubilux Pharma Spa,TUBILUX PHARMA,1,2017-07-06,2017-07-06,False,True,False,True,Drugs
Turbare Manufacturing,TURBARE MANUFACTURING,1,2025-09-16,2025-09-16,False,True,False,True,Drugs
Turkuaz Saglik Hizmetleri Medikal Temizlik Kim. Ur. San. ve Tic. A.S.,TURKUAZ SAGLIK HIZMETLERI MEDIKAL TEMIZLIK KIM UR SAN VE TIC A S,1,2022-12-29,2022-12-29,True,False,False,True,Devices
"Tuyo Health, Inc.",TUYO HEALTH,1,2025-09-09,2025-09-09,False,True,False,True,Drugs
Tyche Industries Ltd.,TYCHE INDUSTRIES,1,2025-02-06,2025-02-06,False,True,False,True,Drugs
Tyco Healthcare Canada,TYCO HEALTHCARE CANADA,1,2011-02-14,2011-02-14,True,False,False,True,Devices
"Tyrone McCall, M.D.",TYRONE MCCALL M D,1,2023-03-22,2023-03-22,False,True,False,True,Drugs
Tytan Medical Corp. Shanghai,TYTAN MEDICAL SHANGHAI,1,2011-02-18,2011-02-18,True,False,False,True,Devices
"U.S. Continental Marketing, Inc.",U S CONTINENTAL MARKETING,1,2019-05-02,2019-05-02,False,True,False,True,Drugs
"U.S. Infusion, LLC",U S INFUSION,1,2014-11-24,2014-11-24,True,False,False,True,Devices
U.S.A Far Ocean Group Llc,U S A FAR OCEAN,1,2012-10-24,2012-10-24,False,True,False,True,Drugs
UCSF Radiopharmaceutical Facility,UCSF RADIOPHARMACEUTICAL FACILITY,1,2026-04-13,2026-04-13,False,True,False,True,Drugs
"ULTRAtab Laboratories, Inc",ULTRATAB LABORATORIES,1,2022-03-14,2022-03-14,False,True,False,True,Drugs
"ULTRAtab Laboratories, Inc.",ULTRATAB LABORATORIES,1,2022-03-14,2022-03-14,False,True,False,True,Drugs
UMENDRA LIFE SCIENCES PRIVATE LIMITED,UMENDRA LIFE SCIENCES PRIVATE,1,2026-06-02,2026-06-02,False,True,False,True,Drugs
"UNAM, Facultad De Estudios Superiores Cuantitlan",UNAM FACULTAD DE ESTUDIOS SUPERIORES CUANTITLAN,1,2012-03-27,2012-03-27,False,True,False,True,Drugs
UNIUNI JFK,UNIUNI JFK,1,2025-07-29,2025-07-29,False,True,False,True,Drugs
UP Health System Marquette IRB,UP HEALTH SYSTEM MARQUETTE IRB,1,2011-01-18,2011-01-18,True,False,False,True,Devices
UPSY LLC,UPSY,1,2022-03-28,2022-03-28,False,True,False,True,Drugs
UROMATRIX Medical Systems (A Pos-T-Vac Medical Company),UROMATRIX MEDICAL SYSTEMS A POS T VAC MEDICAL,1,2011-04-06,2011-04-06,True,False,False,True,Devices
US Chem Labs,CHEM LABS,1,2024-02-07,2024-02-07,False,True,False,True,Drugs
US Compounding Inc,COMPOUNDING,1,2017-10-10,2017-10-10,False,True,False,True,Drugs
US Specialty Formulations LLC,SPECIALTY FORMULATIONS,2,2016-09-30,2023-07-26,False,True,False,True,Drugs
"US Stem Cell Clinic, LLC",STEM CELL CLINIC,1,2017-08-24,2017-08-24,False,False,True,True,Biologics
"US Vascular, Inc.",VASCULAR,1,2018-06-07,2018-06-07,True,False,False,True,Devices
"USA Medical, LLC",MEDICAL,1,2022-08-03,2022-08-03,True,False,False,True,Devices
USARxMedicine,USARXMEDICINE,1,2020-10-01,2020-10-01,False,True,False,True,Drugs
"USH Diagnostics, Inc.",USH DIAGNOSTICS,1,2021-07-09,2021-07-09,True,False,False,True,Devices
USHIO GERMANY GmbH,USHIO GERMANY,1,2019-12-04,2019-12-04,True,False,False,True,Devices
USV Private Limited,USV PRIVATE,2,2014-02-06,2017-03-10,False,True,False,True,Drugs
UV Flu Technologies Inc.,UV FLU TECHNOLOGIES,1,2010-04-20,2010-04-20,True,False,False,True,Devices
"UVHealth Direct, LLC",UVHEALTH DIRECT,1,2009-06-04,2009-06-04,True,False,False,True,Devices
Ulrich Gmbh & Co. KG,ULRICH AND KG,1,2013-08-15,2013-08-15,True,False,False,True,Devices
Ultimark Products LLC,ULTIMARK PRODUCTS,1,2022-04-13,2022-04-13,False,True,False,True,Drugs
Ultimate Weight Loss Co.,ULTIMATE WEIGHT LOSS,1,2016-04-14,2016-04-14,False,True,False,True,Drugs
Ultra Chem Labs Corp,ULTRA CHEM LABS,1,2022-12-21,2022-12-21,False,True,False,True,Drugs
Ultra Seal Corporation,ULTRA SEAL,1,2022-03-14,2022-03-14,False,True,False,True,Drugs
UltraRad Corporation,ULTRARAD,1,2009-05-29,2009-05-29,True,False,False,True,Devices
"Ultradent Products, Inc.",ULTRADENT PRODUCTS,1,2014-03-17,2014-03-17,True,False,False,True,Devices
"Ultroid Technologies, Inc.",ULTROID TECHNOLOGIES,1,2015-08-27,2015-08-27,True,False,False,True,Devices
"Unetixs Vascular, Inc.",UNETIXS VASCULAR,3,2017-04-25,2026-04-16,True,False,False,True,Devices
Unexo Life Sciences Private Limited,UNEXO LIFE SCIENCES PRIVATE,1,2024-11-06,2024-11-06,False,True,False,True,Drugs
Unimark Remedies Limited,UNIMARK REMEDIES,1,2016-08-12,2016-08-12,False,True,False,True,Drugs
Unimark Remedies Ltd.,UNIMARK REMEDIES,1,2015-09-29,2015-09-29,False,True,False,True,Drugs
"Unimicro Medical Systems (Shenzhen) Co., Ltd.",UNIMICRO MEDICAL SYSTEMS SHENZHEN,1,2022-01-07,2022-01-07,True,False,False,True,Devices
Union Springs Pharmaceuticals,UNION SPRINGS PHARMACEUTICALS,2,2009-05-27,2011-05-23,True,True,False,True,Devices; Drugs
"Union Springs Pharmaceuticals, Llc",UNION SPRINGS PHARMACEUTICALS,1,2011-05-23,2011-05-23,False,True,False,True,Drugs
Union Square Medical Imaging & Mammography,UNION SQUARE MEDICAL IMAGING AND MAMMOGRAPHY,1,2014-08-08,2014-08-08,True,False,False,True,Devices
Unipack LLC,UNIPACK,2,2019-06-06,2025-12-19,False,True,False,True,Drugs
Unisis Corp.,UNISIS,1,2012-09-07,2012-09-07,True,False,False,True,Devices
"Unisource, Inc.",UNISOURCE,1,2010-02-24,2010-02-24,False,True,False,True,Drugs
"Unit Dose Services, LLC",UNIT DOSE SERVICES,1,2022-10-17,2022-10-17,False,True,False,True,Drugs
"United Bio Research, Inc.",UNITED BIO RESEARCH,1,2015-09-14,2015-09-14,True,False,False,True,Devices
"United Contact Lens, Inc.",UNITED CONTACT LENS,2,2011-09-09,2016-11-30,True,False,False,True,Devices
United Exchange Corporation,UNITED EXCHANGE,2,2018-10-29,2019-03-06,False,True,False,True,Drugs
United Pharmacy,UNITED PHARMACY,1,2019-02-11,2019-02-11,False,True,False,True,Drugs
"University Fertility Laboratory, Inc.",UNIVERSITY FERTILITY LABORATORY,1,2019-05-30,2019-05-30,False,False,True,True,Biologics
University Of Colorado Hospital Clinical Laboratory,UNIVERSITY OF COLORADO HOSPITAL CLINICAL LABORATORY,1,2008-12-23,2008-12-23,False,False,True,True,Biologics
"University Rx Specialist, dba University Compounding Pharmacy",UNIVERSITY RX SPECIALIST UNIVERSITY COMPOUNDING PHARMACY,1,2016-09-28,2016-09-28,False,True,False,True,Drugs
University of Berkley,UNIVERSITY OF BERKLEY,1,2013-02-06,2013-02-06,False,False,True,True,Biologics
University of Kentucky,UNIVERSITY OF KENTUCKY,1,2020-03-26,2020-03-26,True,False,False,True,Devices
University of Miami Infertility Center,UNIVERSITY OF MIAMI INFERTILITY CENTER,1,2018-12-03,2018-12-03,False,False,True,True,Biologics
Unknown IMF,UNKNOWN IMF,2,2015-07-31,2016-05-06,False,True,False,True,Drugs
Unomedical Device S.A. de C.V.,UNOMEDICAL DEVICE S A DE C V,1,2026-01-07,2026-01-07,True,False,False,True,Devices
Unomedical s.r.o.,UNOMEDICAL S R O,1,2014-06-24,2014-06-24,True,False,False,True,Devices
UpSpring LLC,UPSPRING,1,2012-04-06,2012-04-06,True,False,False,True,Devices
Urban Electric Power,URBAN ELECTRIC POWER,1,2022-12-27,2022-12-27,False,True,False,True,Drugs
"Uriel Pharmacy, Inc",URIEL PHARMACY,2,2011-08-18,2025-10-21,False,True,False,True,Drugs
Uscom Kft,USCOM KFT,1,2025-07-28,2025-07-28,True,False,False,True,Devices
Usine Rotec Inc,USINE ROTEC,1,2013-01-07,2013-01-07,True,False,False,True,Devices
Utah Cord Bank LLC,UTAH CORD BANK,2,2021-05-11,2021-08-10,False,False,True,True,Biologics
"V-SAB Medical Labs, Inc.",V SAB MEDICAL LABS,1,2013-05-07,2013-05-07,False,True,False,True,Drugs
VBM Medizintechnik GmbH,VBM MEDIZINTECHNIK,1,2010-12-07,2010-12-07,True,False,False,True,Devices
VE Valley Electronics GmbH,VE VALLEY ELECTRONICS,2,2010-12-06,2013-03-01,True,False,False,True,Devices
"VIANT COSTA RICA, S.A.",VIANT COSTA RICA S A,1,2014-07-01,2014-07-01,True,False,False,True,Devices
VIBRANT HEALTH CARE INC,VIBRANT HEALTH CARE,1,2020-11-18,2020-11-18,False,False,True,True,Biologics
VIOS,VIOS,1,2017-07-06,2017-07-06,False,False,True,True,Biologics
VIRGIN SCENT INC,VIRGIN SCENT,1,2022-09-01,2022-09-01,False,True,False,True,Drugs
VITAMINVAPE INC,VITAMINVAPE,1,2021-12-01,2021-12-01,False,True,False,True,Drugs
VITANG TECHNOLOGY LLC,VITANG TECHNOLOGY,1,2023-06-12,2023-06-12,True,False,False,True,Devices
VP Pharmacy Partners LLC,VP PHARMACY PARTNERS,1,2015-12-18,2015-12-18,False,True,False,True,Drugs
VUAB Pharma a.s.,VUAB PHARMA A S,2,2015-05-27,2015-05-27,False,True,False,True,Drugs; Veterinary
"VWR Chemicals, Llc",VWR CHEMICALS,1,2013-02-26,2013-02-26,True,False,False,True,Devices
Vacation Inc.,VACATION,1,2025-08-06,2025-08-06,False,True,False,True,Drugs
Valeant Amsterdam Logistics Center,VALEANT AMSTERDAM LOGISTICS CENTER,1,2012-06-11,2012-06-11,True,False,False,True,Devices
"Valencia Ambulatory Surgery Center, LLC",VALENCIA AMBULATORY SURGERY CENTER,1,2011-12-09,2011-12-09,True,False,False,True,Devices
Valens Molecules Private Limited,VALENS MOLECULES PRIVATE,1,2013-08-02,2013-08-02,False,True,False,True,Drugs
Valgene Incorporated dba Cape Drugs,VALGENE CAPE DRUGS,1,2016-08-12,2016-08-12,False,True,False,True,Drugs
Valley Biosystems,VALLEY BIOSYSTEMS,1,2022-08-03,2022-08-03,False,False,True,True,Biologics
Valley Health/Winchester Medical Center IRB,VALLEY HEALTH WINCHESTER MEDICAL CENTER IRB,1,2013-05-09,2013-05-09,True,False,False,True,Devices
Valley Surgical Center,VALLEY SURGICAL CENTER,1,2011-12-09,2011-12-09,True,False,False,True,Devices
Valor Medical Inc,VALOR MEDICAL,1,2011-03-24,2011-03-24,True,False,False,True,Devices
Vanderveer Center,VANDERVEER CENTER,1,2010-11-18,2010-11-18,False,True,False,True,Drugs
Vann Healthcare Services Inc,VANN HEALTHCARE SERVICES,1,2015-04-29,2015-04-29,False,True,False,True,Drugs
"Vapore, LLC",VAPORE,1,2020-07-30,2020-07-30,False,True,False,True,Drugs
Varigard LLC,VARIGARD,1,2021-12-29,2021-12-29,False,True,False,True,Drugs
VarunKart Group LLC,VARUNKART,1,2025-11-17,2025-11-17,False,True,False,True,Drugs
Vasyl Melnyk,VASYL MELNYK,1,2021-12-21,2021-12-21,False,True,False,True,Drugs
Vaughn H Mancha Jr M D,VAUGHN H MANCHA JR M D,1,2011-02-17,2011-02-17,False,True,False,True,Drugs
"Vaya Pharma, Inc.",VAYA PHARMA,1,2017-05-04,2017-05-04,False,True,False,True,Drugs
Vedic Lifesciences Pvt Ltd,VEDIC LIFESCIENCES,1,2026-03-09,2026-03-09,False,True,False,True,Drugs
Vega Life Sciences,VEGA LIFE SCIENCES,1,2020-06-17,2020-06-17,False,True,False,True,Drugs
Vega Technologies Inc.,VEGA TECHNOLOGIES,2,2011-11-07,2025-02-07,True,False,False,True,Devices
Veganic SKN Limited,VEGANIC SKN,1,2026-02-09,2026-02-09,False,True,False,True,Drugs
Vegewax Candleworx Ltd.,VEGEWAX CANDLEWORX,1,2024-06-14,2024-06-14,False,True,False,True,Drugs
Veinwave Ltd,VEINWAVE,1,2014-05-12,2014-05-12,True,False,False,True,Devices
Velocity Pharma LLC,VELOCITY PHARMA,2,2011-06-24,2024-07-17,False,True,False,True,Drugs; Food/Cosmetics
Veolia Water Treatment & Solutions,VEOLIA WATER TREATMENT AND SOLUTIONS,1,2009-05-20,2009-05-20,True,False,False,True,Devices
"Verde Cosmetic Labs, LLC",VERDE COSMETIC LABS,1,2022-03-31,2022-03-31,False,True,False,True,Drugs
"Verdure Sciences, Inc.",VERDURE SCIENCES,1,2025-11-10,2025-11-10,False,True,False,True,Drugs
"Verichem Laboratories, Inc.",VERICHEM LABORATORIES,2,2010-12-16,2015-02-04,True,False,False,True,Devices
Veronvy,VERONVY,1,2024-12-10,2024-12-10,False,True,False,True,Drugs
"Vertebral Technologies, Inc.",VERTEBRAL TECHNOLOGIES,1,2015-09-04,2015-09-04,True,False,False,True,Devices
"VertiFlex, Inc.",VERTIFLEX,1,2010-07-14,2010-07-14,True,False,False,True,Devices
"Vertical Pharmaceuticals, LLC",VERTICAL PHARMACEUTICALS,2,2010-02-18,2017-05-10,False,True,False,True,Drugs
Vevazz LLC,VEVAZZ,1,2019-12-26,2019-12-26,True,False,False,True,Devices
Vibracare Gmbh,VIBRACARE,1,2015-04-17,2015-04-17,True,False,False,True,Devices
"Vibrant Health Store, LLC",VIBRANT HEALTH STORE,1,2017-04-17,2017-04-17,False,True,False,True,Drugs
Victory Pharma Inc,VICTORY PHARMA,1,2009-11-13,2009-11-13,False,True,False,True,Drugs
"Vida International, Inc.",VIDA,1,2019-05-29,2019-05-29,False,True,False,True,Drugs
"Vidco, Inc.",VIDCO,1,2017-05-05,2017-05-05,True,False,False,True,Devices
Viera Fertility Center,VIERA FERTILITY CENTER,1,2010-01-26,2010-01-26,False,False,True,True,Biologics
Vikshara Trading & Investment Ltd.,VIKSHARA TRADING AND INVESTMENT,1,2017-04-28,2017-04-28,False,True,False,True,Drugs
"Vilex in Tennessee, Inc.",VILEX IN TENNESSEE,1,2018-01-10,2018-01-10,True,False,False,True,Devices
"Village Fertility Pharmacy, Inc.",VILLAGE FERTILITY PHARMACY,1,2014-02-28,2014-02-28,False,True,False,True,Drugs
Village Pharmacy,VILLAGE PHARMACY,1,2017-07-24,2017-07-24,False,True,False,True,Drugs
Vilvet Pharmaceuticals Inc.,VILVET PHARMACEUTICALS,1,2019-02-25,2019-02-25,False,True,False,True,Drugs
"Vincent Medical (Dong Guan) Manufacturing Co., Ltd.",VINCENT MEDICAL DONG GUAN MANUFACTURING,1,2013-09-05,2013-09-05,True,False,False,True,Devices
"Vintage Chemical, Inc.",VINTAGE CHEMICAL,1,2024-03-27,2024-03-27,False,True,False,True,Drugs
Vintage Pharmaceuticals LLC dba Qualitest Pharmaceuticals,VINTAGE PHARMACEUTICALS QUALITEST PHARMACEUTICALS,1,2012-10-02,2012-10-02,False,True,False,True,Drugs
Vipamat SAS,VIPAMAT SAS,1,2011-05-26,2011-05-26,True,False,False,True,Devices
Vipor Chemicals Private Ltd.,VIPOR CHEMICALS PRIVATE,1,2019-01-29,2019-01-29,False,True,False,True,Drugs
Viraban,VIRABAN,1,2009-09-14,2009-09-14,False,True,False,True,Drugs
Viral Defender,VIRAL DEFENDER,1,2009-05-14,2009-05-14,True,False,False,True,Devices
Viraldine LLC,VIRALDINE,1,2022-03-07,2022-03-07,False,True,False,True,Drugs
"Virendra M. Desai, M.D.",VIRENDRA M DESAI M D,1,2009-03-02,2009-03-02,False,True,False,True,Drugs
Virginia Center for Reproductive Medicine,VIRGINIA CENTER FOR REPRODUCTIVE MEDICINE,2,2013-09-10,2019-07-01,False,False,True,True,Biologics
"Virtual Sun, LLC",VIRTUAL SUN,1,2013-10-09,2013-10-09,True,False,False,True,Devices
"Vision Care Holdings, Inc dba The LASIK Vision Institute",VISION CARE LASIK VISION INSTITUTE,1,2010-04-20,2010-04-20,True,False,False,True,Devices
"Vision Pharma, Llc",VISION PHARMA,1,2010-04-29,2010-04-29,False,True,False,True,Drugs
"Vision Precision Holdings, LLC",VISION PRECISION,1,2010-04-20,2010-04-20,True,False,False,True,Devices
Vision RT Ltd,VISION RT,1,2013-08-16,2013-08-16,True,False,False,True,Devices
"Visionary Contact Lens, Inc.",VISIONARY CONTACT LENS,1,2015-04-03,2015-04-03,True,False,False,True,Devices
"Visionary Optics, LLC",VISIONARY OPTICS,1,2009-02-02,2009-02-02,True,False,False,True,Devices
Vista Pharmaceuticals Limited,VISTA PHARMACEUTICALS,2,2015-06-22,2017-07-05,False,True,False,True,Drugs
"Vita Pharmacy, LLC dba Talon Compounding Pharmacy",VITA PHARMACY TALON COMPOUNDING PHARMACY,1,2017-10-03,2017-10-03,False,True,False,True,Drugs
"VitaCig, Inc.",VITACIG,1,2021-12-01,2021-12-01,False,True,False,True,Drugs
"Vitae Enim Vitae Scientific, Inc.",VITAE ENIM VITAE SCIENTIFIC,1,2022-03-17,2022-03-17,False,True,False,True,Drugs
"Vital Care Compounder, Inc",VITAL CARE COMPOUNDER,3,2017-08-09,2023-06-06,False,True,False,True,Drugs
Vital Laboratories Pvt Ltd Plant II,VITAL LABORATORIES PLANT II,1,2017-10-11,2017-10-11,False,True,False,True,Drugs
"Vital Rx, Inc. dba Atlantic Pharmacy and Compounding",VITAL RX ATLANTIC PHARMACY AND COMPOUNDING,1,2018-09-26,2018-09-26,False,True,False,True,Drugs
Vital Silver,VITAL SILVER,1,2020-03-06,2020-03-06,False,True,False,True,Drugs
VitalScientific B.V.,VITALSCIENTIFIC B V,1,2017-09-20,2017-09-20,True,False,False,True,Devices
"Vitalab Pharmacy, Inc. DBA Vasco Rx Specialty Pharmacy",VITALAB PHARMACY VASCO RX SPECIALTY PHARMACY,1,2019-01-10,2019-01-10,False,True,False,True,Drugs
Vitals Rx,VITALS RX,1,2025-09-09,2025-09-09,False,True,False,True,Drugs
Vitastik,VITASTIK,1,2021-12-01,2021-12-01,False,True,False,True,Drugs
"Vitti Labs, LLC",VITTI LABS,1,2022-07-28,2022-07-28,False,False,True,True,Biologics
Viv Health Inc,VIV HEALTH,1,2026-02-20,2026-02-20,False,True,False,True,Drugs
"VivaCeuticals, Inc. dba Regeneca Worldwide",VIVACEUTICALS REGENECA WORLDWIDE,2,2011-05-25,2012-08-28,False,True,False,True,Drugs; Food/Cosmetics
"Vivek K. Reddy, MD",VIVEK K REDDY MD,1,2016-03-04,2016-03-04,True,False,False,True,Devices
Vivera Pharmaceuticals Inc.,VIVERA PHARMACEUTICALS,1,2021-07-26,2021-07-26,True,False,False,True,Devices
"Vivera Pharmaceuticals, Inc.",VIVERA PHARMACEUTICALS,1,2021-07-26,2021-07-26,True,False,False,True,Devices
Vivid-Scientific LLC,VIVID SCIENTIFIC,1,2025-03-03,2025-03-03,False,True,False,True,Drugs
Vivify Holistic Clinic,VIVIFY HOLISTIC CLINIC,1,2020-03-06,2020-03-06,False,True,False,True,Drugs
VivioMD,VIVIOMD,1,2026-06-08,2026-06-08,False,True,False,True,Drugs
"Voss Plastics, Inc.",VOSS PLASTICS,1,2014-11-05,2014-11-05,True,False,False,True,Devices
Vulcon Technologies Inc,VULCON TECHNOLOGIES,1,2010-03-17,2010-03-17,True,False,False,True,Devices
Vygon GmbH & Co. KG,VYGON AND KG,1,2014-08-04,2014-08-04,True,False,False,True,Devices
W & C dba The Apothecary,W AND C APOTHECARY,1,2017-07-20,2017-07-20,False,True,False,True,Drugs
W & R Investments LLC d.b.a. Laser Engineering,W AND R INVESTMENTS D B A LASER ENGINEERING,1,2016-08-05,2016-08-05,True,False,False,True,Devices
"W.S. Badger Company, Inc.",W S BADGER,1,2022-04-12,2022-04-12,False,True,False,True,Drugs
WALLACE CAMERON INTERNATIONAL LIMITED,WALLACE CAMERON,1,2016-09-29,2016-09-29,False,True,False,True,Drugs
WAVi Co.,WAVI,1,2023-10-20,2023-10-20,True,False,False,True,Devices
WAXHEAD SUN DEFENSE COMPANY,WAXHEAD SUN DEFENSE,1,2025-03-12,2025-03-12,False,True,False,True,Drugs
WEB MARKETING,WEB MARKETING,1,2022-08-05,2022-08-05,True,False,False,True,Devices
WEBER MEDICAL GMBH,WEBER MEDICAL,1,2013-05-02,2013-05-02,True,False,False,True,Devices
WHITE LABEL LEAF LLC,WHITE LABEL LEAF,2,2024-07-15,2025-06-25,False,True,False,True,Drugs; Food/Cosmetics
"WHOOP, Inc.",WHOOP,1,2025-07-14,2025-07-14,True,False,False,True,Devices
WHPM Inc.,WHPM,2,2009-03-19,2022-06-30,True,False,False,True,Devices
"WIPRO CONSUMER CARE VIETNAM CO., LTD",WIPRO CONSUMER CARE VIETNAM,1,2023-11-16,2023-11-16,False,True,False,True,Drugs
WISSNER-BOSSERHOFF GMBH,WISSNER BOSSERHOFF,1,2024-08-30,2024-08-30,True,False,False,True,Devices
WORKSWELL SRO,WORKSWELL SRO,1,2021-03-04,2021-03-04,True,False,False,True,Devices
WORLD PACKAGING SOLUTIONS LLC,WORLD PACKAGING SOLUTIONS,1,2021-06-28,2021-06-28,True,False,False,True,Devices
"WUXI JIAJIAN MEDICAL INSTRUMENT CO., LTD",WUXI JIAJIAN MEDICAL INSTRUMENT,1,2013-05-17,2013-05-17,True,False,False,True,Devices
Wacker Leon SL.,WACKER LEON SL,1,2014-06-02,2014-06-02,False,True,False,True,Drugs
"Wakai, Ronald, Ph. D., Clinical Investigator",WAKAI RONALD PH D CLINICAL INVESTIGATOR,1,2014-12-19,2014-12-19,True,False,False,True,Devices
Wake Forest Baptist Health- Blood Bank Hospital,WAKE FOREST BAPTIST HEALTH BLOOD BANK HOSPITAL,1,2010-04-07,2010-04-07,True,False,False,True,Devices
Walfer Corporation dba Wallace Pharmacy,WALFER WALLACE PHARMACY,1,2021-09-16,2021-09-16,False,True,False,True,Drugs
Walgreen Co,WALGREEN,1,2010-09-27,2010-09-27,False,True,False,True,Drugs
Walgreen Company,WALGREEN,2,2023-09-11,2023-09-12,False,True,False,True,Drugs
"WalkMed Technologies, LLC",WALKMED TECHNOLOGIES,2,2010-11-22,2015-11-02,True,False,False,True,Devices
"Wally's Natural Products, Inc.",WALLY S NATURAL PRODUCTS,1,2010-02-17,2010-02-17,True,False,False,True,Devices
Walmart Fulfillment KY1 9074,WALMART FULFILLMENT KY1 9074,3,2022-10-28,2024-07-25,False,True,False,True,Drugs
"Walter's Pharmacy, Inc.",WALTER S PHARMACY,1,2017-01-11,2017-01-11,False,True,False,True,Drugs
"Ward Photonics, LLC",WARD PHOTONICS,1,2014-01-15,2014-01-15,True,False,False,True,Devices
Warrior Labz SARMs,WARRIOR LABZ SARMS,1,2023-06-12,2023-06-12,False,True,False,True,Drugs
"Washington Biotechnology, Inc",WASHINGTON BIOTECHNOLOGY,1,2009-02-17,2009-02-17,False,False,True,True,Biologics
Washington Fertility Center,WASHINGTON FERTILITY CENTER,1,2024-04-30,2024-04-30,False,False,True,True,Biologics
"Washington Homeopathic Products, Inc.",WASHINGTON HOMEOPATHIC PRODUCTS,3,2009-08-25,2020-06-19,False,True,True,True,Biologics; Drugs
WashingtonsLastFrontier.Com,WASHINGTONSLASTFRONTIER COM,1,2020-05-07,2020-05-07,False,True,False,True,Drugs
Wave Miami LLC,WAVE MIAMI,1,2020-01-13,2020-01-13,False,True,False,True,Drugs
Wayne State University Institutional Review Board,WAYNE STATE UNIVERSITY INSTITUTIONAL REVIEW BOARD,1,2010-04-15,2010-04-15,True,False,False,True,Devices
We Pack It All LLC,WE PACK IT ALL,1,2019-05-02,2019-05-02,False,True,False,True,Drugs
Weartech International Inc,WEARTECH,1,2009-09-29,2009-09-29,True,False,False,True,Devices
"Wedgewood Connect, LLC",WEDGEWOOD CONNECT,2,2015-04-14,2016-02-29,False,True,False,True,Drugs
"Wedgewood Village Pharmacy, LLC",WEDGEWOOD VILLAGE PHARMACY,1,2014-02-21,2014-02-21,False,True,False,True,Drugs
Weightcare,WEIGHTCARE,1,2026-02-20,2026-02-20,False,True,False,True,Drugs
"Weiner, Gilbert R.",WEINER GILBERT R,1,2014-07-14,2014-07-14,False,True,False,True,Drugs
"Well Care Discount Pharmacy, LLC",WELL CARE DISCOUNT PHARMACY,1,2017-03-29,2017-03-29,False,True,False,True,Drugs
WellRx LLC,WELLRX,1,2016-09-30,2016-09-30,False,True,False,True,Drugs
Wellness BioSciences,WELLNESS BIOSCIENCES,1,2020-12-22,2020-12-22,False,True,False,True,Drugs
"Wello, Inc.",WELLO,1,2023-11-10,2023-11-10,True,False,False,True,Devices
Wells Pharma of Houston LLC,WELLS PHARMA OF HOUSTON,1,2025-11-07,2025-11-07,False,True,False,True,Drugs
Wells Pharmacy Network LLC,WELLS PHARMACY NETWORK,3,2012-07-09,2014-11-10,False,True,False,True,Drugs
West Coast Nuclear Pharmacy,WEST COAST NUCLEAR PHARMACY,1,2020-10-06,2020-10-06,False,True,False,True,Drugs
Westcoast Radiology,WESTCOAST RADIOLOGY,1,2018-05-24,2018-05-24,True,False,False,True,Devices
Western/Scott Fetzer Company,WESTERN SCOTT FETZER,1,2014-10-10,2014-10-10,True,False,False,True,Devices
"Westlab Pharmacy, Inc. dba Westlab Pharmacy",WESTLAB PHARMACY WESTLAB PHARMACY,1,2019-06-26,2019-06-26,False,True,False,True,Drugs
"Westlake IVF, LLC",WESTLAKE IVF,1,2019-09-30,2019-09-30,False,False,True,True,Biologics
"Westone Laboratories, Inc.",WESTONE LABORATORIES,1,2012-10-23,2012-10-23,True,False,False,True,Devices
"Westwood Laboratories, LLC.",WESTWOOD LABORATORIES,1,2024-04-17,2024-04-17,False,True,False,True,Drugs
Wexford Labs Inc,WEXFORD LABS,1,2013-01-10,2013-01-10,True,False,False,True,Devices
"White Egret, Inc.",WHITE EGRET,1,2010-02-17,2010-02-17,True,False,False,True,Devices
White Forest Solutions,WHITE FOREST SOLUTIONS,1,2012-09-18,2012-09-18,False,True,False,True,Drugs
Whitehall/Div of Acorn Engineering Co,WHITEHALL DIV OF ACORN ENGINEERING,1,2017-07-12,2017-07-12,True,False,False,True,Devices
"Whole Leaf Organics, LLC",WHOLE LEAF ORGANICS,1,2019-11-22,2019-11-22,False,True,False,True,Drugs
Wholesale Peptide,WHOLESALE PEPTIDE,1,2026-06-17,2026-06-17,False,True,False,True,Drugs
Wholistic Health Solutions,WHOLISTIC HEALTH SOLUTIONS,1,2010-02-17,2010-02-17,True,False,False,True,Devices
"Wickimed (Huizhou) Medical Equipment Manufacturing Co., Ltd.",WICKIMED HUIZHOU MEDICAL EQUIPMENT MANUFACTURING,1,2022-01-07,2022-01-07,True,False,False,True,Devices
Wild Arabic Herbs,WILD ARABIC HERBS,1,2026-06-17,2026-06-17,False,True,False,True,Drugs
Wild Child Laboratories Pty Ltd.,WILD CHILD LABORATORIES PTY,1,2019-12-06,2019-12-06,False,True,False,True,Drugs
"William C. Domb, D.M.D., A Professional Corporation",WILLIAM C DOMB D M D A PROFESSIONAL,1,2012-10-25,2012-10-25,True,False,False,True,Devices
"William C. Domb, DMD",WILLIAM C DOMB DMD,1,2015-03-24,2015-03-24,True,False,False,True,Devices
William Wynne,WILLIAM WYNNE,1,2009-11-17,2009-11-17,False,True,False,True,Drugs
Wilson Medicine Company,WILSON MEDICINE,1,2018-09-11,2018-09-11,False,True,False,True,Drugs
Wilson-Cook Medical Inc.,WILSON COOK MEDICAL,1,2011-06-24,2011-06-24,True,False,False,True,Devices
"Winder Laboratories, LLC",WINDER LABORATORIES,2,2019-03-26,2026-01-09,False,True,False,True,Drugs
Windlas Healthcare Private Limited,WINDLAS HEALTHCARE PRIVATE,1,2020-03-10,2020-03-10,False,True,False,True,Drugs
Wintech Medipro LLC,WINTECH MEDIPRO,1,2022-11-16,2022-11-16,True,False,False,True,Devices
Winter Goals,WINTER GOALS,1,2015-03-05,2015-03-05,True,False,False,True,Devices
"Wisconsin Aluminum Foundry Co, Inc.",WISCONSIN ALUMINUM FOUNDRY,1,2011-05-12,2011-05-12,True,False,False,True,Devices
Wisconsin Pharmacal Company,WISCONSIN PHARMACAL,1,2025-08-22,2025-08-22,False,True,False,True,Drugs
Wise Pharmacy,WISE PHARMACY,1,2021-04-15,2021-04-15,False,True,False,True,Drugs
Wise Women's Choice,WISE WOMEN S CHOICE,1,2023-07-20,2023-07-20,False,True,False,True,Drugs
Wizcure Pharmaa Private Limited,WIZCURE PHARMAA PRIVATE,1,2026-06-24,2026-06-24,False,True,False,True,Drugs
Wockhardt Limited,WOCKHARDT,2,2013-07-18,2013-11-25,False,True,False,True,Drugs
"Wockhardt, Ltd.",WOCKHARDT,1,2016-12-23,2016-12-23,False,True,False,True,Drugs
Won Industry Co. LTD,WON INDUSTRY,2,2016-12-05,2019-08-29,True,False,False,True,Devices
Wong Lap Kwong Medicine Company Limited,WONG LAP KWONG MEDICINE,1,2018-01-11,2018-01-11,False,True,False,True,Drugs
"Wonjin Mulsan Co., Ltd.",WONJIN MULSAN,1,2013-07-31,2013-07-31,True,False,False,True,Devices
Woo Young Medical,WOO YOUNG MEDICAL,1,2013-01-14,2013-01-14,True,False,False,True,Devices
Woolfson Eye Institute,WOOLFSON EYE INSTITUTE,1,2012-12-18,2012-12-18,True,False,False,True,Devices
Woori Life & Health,WOORI LIFE AND HEALTH,1,2023-12-28,2023-12-28,False,True,False,True,Drugs
World Health Advanced Technologies Ltd,WORLD HEALTH ADVANCED TECHNOLOGIES,1,2020-06-11,2020-06-11,False,True,False,True,Drugs
"World Health Products, LLC.",WORLD HEALTH PRODUCTS,1,2010-10-12,2010-10-12,False,True,False,True,Drugs
World Perfumes Inc.,WORLD PERFUMES,1,2025-10-29,2025-10-29,False,True,False,True,Drugs
"WraSer Pharmaceuticals, LLC",WRASER PHARMACEUTICALS,1,2009-11-13,2009-11-13,False,True,False,True,Drugs
"Wuhan Chinese Moxibustion Technology Dev. Co., Ltd.",WUHAN CHINESE MOXIBUSTION TECHNOLOGY DEV,1,2017-12-18,2017-12-18,False,True,False,True,Drugs
"Wuhan Lotuxs Technology Co., Ltd.",WUHAN LOTUXS TECHNOLOGY,1,2020-08-18,2020-08-18,True,False,False,True,Devices
"Wuhu Nuowei Chemistry Co., Ltd",WUHU NUOWEI CHEMISTRY,1,2025-02-04,2025-02-04,False,True,False,True,Drugs
Wuxi Kaili Pharmaceutical Company LTD.,WUXI KAILI PHARMACEUTICAL,2,2015-06-22,2015-06-22,False,True,False,True,Drugs
"Wuxi Medical lnstrument Factory Co., Ltd.",WUXI MEDICAL LNSTRUMENT FACTORY,2,2017-09-07,2025-04-04,False,True,False,True,Drugs
Www.sharco.tv / Mike Lyons,WWW SHARCO TV MIKE LYONS,1,2009-12-07,2009-12-07,False,False,True,True,Biologics
Wyeth Lederle S.r.l,WYETH LEDERLE S R L,1,2013-03-27,2013-03-27,False,True,False,True,Drugs
"X TECH CO-PACKERS, LLC",X TECH PACKERS,2,2018-04-06,2019-07-29,False,True,False,True,Drugs; Food/Cosmetics
"X-Ray Support, Inc.",X RAY SUPPORT,1,2011-09-23,2011-09-23,True,False,False,True,Devices
"X12 Co., LTD.",X12,1,2017-03-23,2017-03-23,True,False,False,True,Devices
X2Zero Corporation,X2ZERO,1,2016-12-08,2016-12-08,False,True,False,True,Drugs
"XZeal Technologies, Inc.",XZEAL TECHNOLOGIES,1,2015-02-20,2015-02-20,True,False,False,True,Devices
"Xanacare Technologies, LLC",XANACARE TECHNOLOGIES,1,2014-10-28,2014-10-28,True,False,False,True,Devices
Xanos Holdings Inc,XANOS,1,2009-11-17,2009-11-17,False,True,False,True,Drugs
Xcel Research LLC,XCEL RESEARCH,1,2024-12-10,2024-12-10,False,True,False,True,Drugs
"Xephyr, LLC dba N-Ergetics",XEPHYR N ERGETICS,1,2020-03-06,2020-03-06,False,True,False,True,Drugs
Xi'an Libang Pharmaceutical Co Ltd. API Plant,XI AN LIBANG PHARMACEUTICAL API PLANT,1,2010-01-28,2010-01-28,False,True,False,True,Drugs
"Xi'an Livingbond Nonwoven Products Corp., Ltd.",XI AN LIVINGBOND NONWOVEN PRODUCTS,1,2019-06-10,2019-06-10,False,True,False,True,Drugs
"Xiamen Kang Zhongyuan Biotechnology Co., Ltd.",XIAMEN KANG ZHONGYUAN BIOTECHNOLOGY,1,2026-04-03,2026-04-03,False,True,False,True,Drugs
Xiamen Origin Biotech Co. Ltd.,XIAMEN ORIGIN BIOTECH,1,2016-07-19,2016-07-19,False,True,False,True,Drugs
"Xiamen Wally Bath Manufacture Co., Ltd.",XIAMEN WALLY BATH MANUFACTURE,1,2023-11-15,2023-11-15,False,True,False,True,Drugs
Xiantao Rayxin Medical Products Co. Ltd.,XIANTAO RAYXIN MEDICAL PRODUCTS,1,2012-10-05,2012-10-05,True,False,False,True,Devices
"Xiantao Tongda Non-woven Products Co., Ltd.",XIANTAO TONGDA NON WOVEN PRODUCTS,1,2015-11-25,2015-11-25,True,False,False,True,Devices
"Xinxiang Pharmaceutical Co., Ltd.",XINXIANG PHARMACEUTICAL,1,2016-08-19,2016-08-19,False,True,False,True,Drugs
Xinxiang Tuoxin Pharmaceutical Co. Ltd,XINXIANG TUOXIN PHARMACEUTICAL,1,2016-08-19,2016-08-19,False,True,False,True,Drugs
Xo Biologix,XO BIOLOGIX,1,2024-12-13,2024-12-13,False,False,True,True,Biologics
"Xoran Technologies, LLC",XORAN TECHNOLOGIES,1,2024-12-09,2024-12-09,True,False,False,True,Devices
"Xtreme Tools International, Inc",XTREME TOOLS,1,2025-06-25,2025-06-25,False,True,False,True,Drugs
"Xttrium Laboratories, Inc.",XTTRIUM LABORATORIES,1,2009-05-20,2009-05-20,False,True,False,True,Drugs
Xylo Chem Industries,XYLO CHEM INDUSTRIES,1,2011-11-16,2011-11-16,False,True,False,True,Drugs
"YAHON ENTERPRISE CO., LTD",YAHON ENTERPRISE,1,2024-06-05,2024-06-05,False,True,False,True,Drugs
YANG MING INDUSTRY (ZHEJIANG) LIMITED,YANG MING INDUSTRY ZHEJIANG,1,2012-08-15,2012-08-15,True,False,False,True,Devices
"YANGZHOU YULOU PAPER PRODUCTS CO., LTD",YANGZHOU YULOU PAPER PRODUCTS,1,2025-09-09,2025-09-09,False,True,False,True,Drugs
YARA ELENA DE LA GARZA PEREZ NIETO,YARA ELENA DE LA GARZA PEREZ NIETO,1,2021-02-22,2021-02-22,False,True,False,True,Drugs
Yag Mag Labs Private Limited,YAG MAG LABS PRIVATE,1,2011-09-12,2011-09-12,False,True,False,True,Drugs
"Yale M Cohen, MD",YALE M COHEN MD,1,2011-08-12,2011-08-12,False,True,False,True,Drugs
"YangZhou SuXiang Medical Instrument Co., Ltd.",YANGZHOU SUXIANG MEDICAL INSTRUMENT,1,2024-07-09,2024-07-09,False,True,False,True,Drugs
"Yangzhou H&R Plastic Daily Chemical Co., Ltd.",YANGZHOU H AND R PLASTIC DAILY CHEMICAL,1,2026-03-18,2026-03-18,False,True,False,True,Drugs
"Yangzhou Hengyuan Daily Chemical Plastic Co., Ltd",YANGZHOU HENGYUAN DAILY CHEMICAL PLASTIC,1,2016-09-26,2016-09-26,False,True,False,True,Drugs
"Yangzhou Hongshengding Chemical Co., Ltd.",YANGZHOU HONGSHENGDING CHEMICAL,1,2026-06-15,2026-06-15,False,True,False,True,Drugs
"Yangzhou Sion Commodity Co., Ltd.",YANGZHOU SION COMMODITY,1,2025-03-13,2025-03-13,False,True,False,True,Drugs
"Yibin Lihao Bio-technical Co., Ltd.",YIBIN LIHAO BIO TECHNICAL,1,2020-02-13,2020-02-13,False,True,False,True,Drugs
Yicheng Chemical Corp.,YICHENG CHEMICAL,1,2018-01-02,2018-01-02,False,True,False,True,Drugs
"Yicheng Goto Pharmaceuticals Co., Ltd",YICHENG GOTO PHARMACEUTICALS,1,2018-07-26,2018-07-26,False,True,False,True,Drugs
Yiling Pharmaceutical Ltd.,YILING PHARMACEUTICAL,1,2025-03-27,2025-03-27,False,True,False,True,Drugs
"Yino, Inc. (Trading Company)",YINO TRADING,1,2019-08-12,2019-08-12,False,True,False,True,Drugs
"Youabian, Inc",YOUABIAN,1,2009-03-17,2009-03-17,True,False,False,True,Devices
Young Living Essential Oils LLC,YOUNG LIVING ESSENTIAL OILS,1,2014-09-22,2014-09-22,False,True,False,True,Drugs
"Yuki Gosei Kogyo Co., Ltd.",YUKI GOSEI KOGYO,2,2010-12-09,2018-07-17,False,True,False,True,Drugs
"Yunnan Hande Bio-Tech Co., Ltd.",YUNNAN HANDE BIO TECH,2,2010-10-15,2015-04-06,False,True,False,True,Drugs
"Yusef Manufacturing Laboratories, LLC",YUSEF MANUFACTURING LABORATORIES,2,2017-05-25,2022-02-08,False,True,False,True,Drugs
"Yuxing Biotechnology (Group) Co., Ltd.",YUXING BIOTECHNOLOGY,1,2016-09-15,2016-09-15,False,True,False,True,Drugs
Yuyao Jessie Commodity Co Ltd,YUYAO JESSIE COMMODITY,1,2019-04-18,2019-04-18,False,True,False,True,Drugs
"Yuyao YiJia Daily Chemical Co., Ltd.",YUYAO YIJIA DAILY CHEMICAL,1,2021-01-22,2021-01-22,False,True,False,True,Drugs
"Z-Medica, LLC",Z MEDICA,1,2009-12-03,2009-12-03,True,False,False,True,Devices
Z-SYSTEMS AG,Z SYSTEMS,1,2024-08-02,2024-08-02,True,False,False,True,Devices
ZEN ENTERPRISES LLC,ZEN ENTERPRISES,1,2024-04-18,2024-04-18,False,True,False,True,Drugs
"ZHAO QING LONGDA BIOTECHNOLOGY CO.,LTD",ZHAO QING LONGDA BIOTECHNOLOGY,1,2023-09-18,2023-09-18,False,True,False,True,Drugs
ZHEJIANG XICHEN MEDICAL TECHNOLOGY CO LTD,ZHEJIANG XICHEN MEDICAL TECHNOLOGY,1,2021-06-04,2021-06-04,True,False,False,True,Devices
ZIIP INC,ZIIP,1,2026-05-22,2026-05-22,True,False,False,True,Devices
"ZYTO Technologies, Inc.",ZYTO TECHNOLOGIES,2,2015-05-08,2023-06-21,True,False,False,True,Devices
Zach System S.A.,ZACH SYSTEM S A,1,2009-10-23,2009-10-23,False,True,False,True,Drugs
"Zander Scientific, Inc.",ZANDER SCIENTIFIC,1,2010-10-05,2010-10-05,True,False,False,True,Devices
Zappy Health,ZAPPY HEALTH,1,2026-02-20,2026-02-20,False,True,False,True,Drugs
"Zeller Power Products, LLC",ZELLER POWER PRODUCTS,1,2019-05-09,2019-05-09,True,False,False,True,Devices
Zenzi Pharmaceutical Industries Private Limited,ZENZI PHARMACEUTICAL INDUSTRIES PRIVATE,1,2025-02-13,2025-02-13,False,True,False,True,Drugs
"Zeppessis Reprocessing, LLC",ZEPPESSIS REPROCESSING,1,2013-08-09,2013-08-09,True,False,False,True,Devices
"Zermat Internacional, S.A. de C.V.",ZERMAT INTERNACIONAL S A DE C V,1,2023-04-06,2023-04-06,False,True,False,True,Drugs
Zeuss LLC,ZEUSS,1,2026-02-20,2026-02-20,False,True,False,True,Drugs
Zhang Medical P.C. d/b/a New Hope Fertility Center,ZHANG MEDICAL P C D B A NEW HOPE FERTILITY CENTER,2,2014-11-20,2022-06-28,False,False,True,True,Biologics
"Zhejiang Bangli Medical Products Co., Ltd",ZHEJIANG BANGLI MEDICAL PRODUCTS,1,2017-01-27,2017-01-27,False,True,False,True,Drugs
Zhejiang Biomet Medical Products Co. Ltd.,ZHEJIANG BIOMET MEDICAL PRODUCTS,1,2015-06-03,2015-06-03,True,False,False,True,Devices
"Zhejiang Casing Animal By-Products Co.,Ltd.",ZHEJIANG CASING ANIMAL BY PRODUCTS,1,2011-08-05,2011-08-05,False,True,False,True,Drugs
"Zhejiang Easyclean Daily Chemical Co., Ltd.",ZHEJIANG EASYCLEAN DAILY CHEMICAL,1,2025-05-14,2025-05-14,False,True,False,True,Drugs
Zhejiang Hisoar Pharmaceutical Co. Ltd.,ZHEJIANG HISOAR PHARMACEUTICAL,1,2016-08-11,2016-08-11,False,True,False,True,Drugs
"Zhejiang Hisun Pharmaceutical Co., Ltd.",ZHEJIANG HISUN PHARMACEUTICAL,1,2016-01-04,2016-01-04,False,True,False,True,Drugs
Zhejiang Huahai Pharmaceutical,ZHEJIANG HUAHAI PHARMACEUTICAL,1,2018-11-29,2018-11-29,False,True,False,True,Drugs
"Zhejiang Huahai Pharmaceutical Co., Ltd.",ZHEJIANG HUAHAI PHARMACEUTICAL,1,2025-06-06,2025-06-06,False,True,False,True,Drugs
"Zhejiang Jiuzhou Pharmaceutical Co., Ltd.",ZHEJIANG JIUZHOU PHARMACEUTICAL,2,2014-07-09,2014-07-09,False,True,False,True,Drugs; Veterinary
"Zhejiang Jiuzhou Pharmaceutical Sci-Tech Co., Ltd",ZHEJIANG JIUZHOU PHARMACEUTICAL SCI TECH,1,2017-04-05,2017-04-05,False,True,False,True,Drugs
"Zhejiang Ludao Technology Co., Ltd.",ZHEJIANG LUDAO TECHNOLOGY,1,2018-02-23,2018-02-23,False,True,False,True,Drugs
Zhejiang Medicine Co. Ltd. Xinchang Pharmaceutical Factory,ZHEJIANG MEDICINE XINCHANG PHARMACEUTICAL FACTORY,1,2016-08-04,2016-08-04,False,True,False,True,Drugs
"Zhejiang Qimei Cosmetics Co., Ltd.",ZHEJIANG QIMEI COSMETICS,1,2024-11-08,2024-11-08,False,True,False,True,Drugs
"Zhejiang Tiansong Medical Instrument Co., Ltd",ZHEJIANG TIANSONG MEDICAL INSTRUMENT,1,2014-10-08,2014-10-08,True,False,False,True,Devices
Zhejiang Tianyu Pharmaceutical Co Ltd,ZHEJIANG TIANYU PHARMACEUTICAL,1,2022-08-17,2022-08-17,False,True,False,True,Drugs
"Zhejiang Uniquality Nursing Products Technology Co., Ltd.",ZHEJIANG UNIQUALITY NURSING PRODUCTS TECHNOLOGY,1,2024-11-12,2024-11-12,False,True,False,True,Drugs
Zhejiang Xianju Chemical Pharmaceutical Factory,ZHEJIANG XIANJU CHEMICAL PHARMACEUTICAL FACTORY,1,2012-01-25,2012-01-25,False,True,False,True,Drugs
Zhongshan Mei Tung Electronics Ltd.,ZHONGSHAN MEI TUNG ELECTRONICS,1,2014-10-23,2014-10-23,True,False,False,True,Devices
Zhucheng Haotian Pharm Co. Ltd.,ZHUCHENG HAOTIAN PHARM,1,2012-06-11,2012-06-11,False,True,False,True,Drugs
"Zhuhai Aofute Medical Technology Co., Ltd.",ZHUHAI AOFUTE MEDICAL TECHNOLOGY,1,2020-01-09,2020-01-09,False,True,False,True,Drugs
Zhuhai United Laboratories Co. Ltd.,ZHUHAI UNITED LABORATORIES,1,2018-06-27,2018-06-27,False,True,False,True,Drugs
"Zi Xiu Tang Success, LLC",ZI XIU TANG SUCCESS,1,2013-05-14,2013-05-14,False,True,False,True,Drugs
"Zian Medical, LLC",ZIAN MEDICAL,1,2012-10-10,2012-10-10,True,False,False,True,Devices
Zimmer Manufacturing B.V.,ZIMMER MANUFACTURING B V,1,2012-09-19,2012-09-19,True,False,False,True,Devices
Zions Rx Formulations Services LLC dba Rx Formuations Serv.,ZIONS RX FORMULATIONS SERVICES RX FORMUATIONS SERV,1,2014-08-15,2014-08-15,False,True,False,True,Drugs
Zipmed Mesoone,ZIPMED MESOONE,1,2010-04-05,2010-04-05,False,True,False,True,Drugs
"Zizion Group, LLC",ZIZION,1,2015-03-12,2015-03-12,False,False,True,True,Biologics
Zoll Manufacturing Corp.,ZOLL MANUFACTURING,1,2014-09-23,2014-09-23,True,False,False,True,Devices
Zona Health Inc.,ZONA HEALTH,1,2019-12-06,2019-12-06,True,False,False,True,Devices
Zone Of Natural Remedies,ZONE OF NATURAL REMEDIES,1,2010-05-21,2010-05-21,False,True,False,True,Drugs
"Zyber Pharmaceuticals, Inc",ZYBER PHARMACEUTICALS,1,2009-11-13,2009-11-13,False,True,False,True,Drugs
Zydus Lifesciences Limited,ZYDUS LIFESCIENCES,5,2011-06-21,2026-06-02,False,True,False,True,Drugs
Zyno Medical LLC,ZYNO MEDICAL,2,2016-12-05,2022-07-12,True,False,False,True,Devices
aidaccess.org,AIDACCESS ORG,1,2019-03-08,2019-03-08,False,True,False,True,Drugs
"akyuz, sinan",AKYUZ SINAN,1,2009-11-17,2009-11-17,False,True,False,True,Drugs
antibodiescheck.com,ANTIBODIESCHECK COM,1,2020-06-16,2020-06-16,True,False,False,True,Devices
bB BIOCHEM LABORATORIES INC.,BB BIOCHEM LABORATORIES,1,2018-07-03,2018-07-03,False,True,False,True,Drugs
benjaminmcevoy.com,BENJAMINMCEVOY COM,1,2020-05-14,2020-05-14,False,True,False,True,Drugs
bmhshop,BMHSHOP,1,2021-04-27,2021-04-27,True,False,False,True,Devices
buy-pharma.com,BUY PHARMA COM,1,2013-02-04,2013-02-04,False,True,False,True,Drugs
covidinstanttest.net,COVIDINSTANTTEST NET,1,2021-07-09,2021-07-09,True,False,False,True,Devices
"doTERRA Manufacturing, LLC",DOTERRA MANUFACTURING,1,2014-09-22,2014-09-22,False,True,False,True,Drugs
eDrugstore,EDRUGSTORE,1,2025-09-09,2025-09-09,False,True,False,True,Drugs
"ffrench Pocket Airway, Inc.",FFRENCH POCKET AIRWAY,1,2009-06-05,2009-06-05,True,False,False,True,Devices
genesisultraslim.com,GENESISULTRASLIM COM,1,2021-08-06,2021-08-06,False,True,False,True,Drugs
iSlim LLC,ISLIM,1,2023-05-04,2023-05-04,False,True,False,True,Drugs
iThrive Health,ITHRIVE HEALTH,1,2020-12-10,2020-12-10,False,True,False,True,Drugs
iVu Imaging Corp,IVU IMAGING,1,2010-08-31,2010-08-31,True,False,False,True,Devices
ivisitdoc,IVISITDOC,1,2025-09-09,2025-09-09,False,True,False,True,Drugs
ketaminelab.org,KETAMINELAB ORG,1,2026-06-23,2026-06-23,False,True,False,True,Drugs
kratom spot,KRATOM SPOT,1,2018-05-18,2018-05-18,False,True,False,True,Drugs
maskshell.com,MASKSHELL COM,1,2021-03-11,2021-03-11,True,False,False,True,Devices
myholistichoney.com,MYHOLISTICHONEY COM,1,2025-08-25,2025-08-25,False,True,False,True,Drugs
o.m.t. Oberflachen - und Materialtechnologie Gmbh,O M T OBERFLACHEN UND MATERIALTECHNOLOGIE,1,2014-08-05,2014-08-05,True,False,False,True,Devices
"oBand Centers Westwood, CA",OBAND CENTERS WESTWOOD CA,1,2012-11-02,2012-11-02,True,False,False,True,Devices
onlinepharmacyy.com@proxy.dreamhost.com,ONLINEPHARMACYY COM PROXY DREAMHOST COM,1,2009-11-17,2009-11-17,False,True,False,True,Drugs
organic-beauty-recipes.com,ORGANIC BEAUTY RECIPES COM,1,2020-06-08,2020-06-08,False,True,False,True,Drugs
purecbd.net,PURECBD NET,1,2015-02-26,2015-02-26,False,True,False,True,Drugs
raphe Generics Corp,RAPHE GENERICS,1,2025-01-29,2025-01-29,False,True,False,True,Drugs
secure medical inc,SECURE MEDICAL,1,2013-02-11,2013-02-11,False,True,False,True,Drugs
sun drug store,SUN DRUG STORE,1,2013-02-11,2013-02-11,False,True,False,True,Drugs
tvforever,TVFOREVER,1,2009-11-17,2009-11-17,False,True,False,True,Drugs
voltcandyonline.com,VOLTCANDYONLINE COM,1,2023-04-27,2023-04-27,False,True,False,True,Drugs
www.bestswinefluvaccine.com,WWW BESTSWINEFLUVACCINE COM,1,2009-11-30,2009-11-30,False,False,True,True,Biologics
www.medpure.store,WWW MEDPURE STORE,1,2021-06-02,2021-06-02,False,True,False,True,Drugs
www.novalistintegra.com,WWW NOVALISTINTEGRA COM,1,2009-10-08,2009-10-08,False,False,True,True,Biologics
www.outoftheboxremedies.com,WWW OUTOFTHEBOXREMEDIES COM,1,2020-06-10,2020-06-10,False,True,False,True,Drugs
www.secretsofbetterhealth.com dba My Cosmetic Company,WWW SECRETSOFBETTERHEALTH COM MY COSMETIC,1,2009-12-01,2009-12-01,False,True,False,True,Drugs
www.tob-one.com [Proxy: Fundacion Private Whois],WWW TOB ONE COM PROXY FUNDACION PRIVATE WHOIS,1,2013-07-15,2013-07-15,False,True,False,True,Drugs
ybycmed,YBYCMED,1,2025-09-09,2025-09-09,False,True,False,True,Drugs
