Posted Date,Letter Issue Date,Company Name,Issuing Office,Subject,Response Letter,Closeout Letter,posted_date,letter_issue_date,company_name_clean,device_by_office,device_by_subject,is_device_letter
04/14/2026,04/02/2026,Beauty of Aztlan LLC,Center for Drug Evaluation and Research (CDER),Notice of Unlawful Sale of Unapproved Drugs to United States Consumers Over the Internet,,,2026-04-14,2026-04-02,Beauty of Aztlan LLC,False,False,False
04/14/2026,04/01/2026,Rxgoodusa,Center for Drug Evaluation and Research (CDER),Notice of Unlawful Sale of Unapproved Drugs to United States Consumers Over the Internet,,,2026-04-14,2026-04-01,Rxgoodusa,False,False,False
04/14/2026,04/09/2026,"Medical Products Laboratories, Inc.",Center for Drug Evaluation and Research (CDER),CGMP/Finished Pharmaceuticals/Adulterated/Unapproved New Drug,,,2026-04-14,2026-04-09,"Medical Products Laboratories, Inc.",False,False,False
04/14/2026,04/07/2026,"Smart Vending Services, LLC",Center for Tobacco Products,Family Smoking Prevention and Tobacco Control Act/Adulterated/Misbranded,,,2026-04-14,2026-04-07,"Smart Vending Services, LLC",False,False,False
04/14/2026,03/03/2026,Ocean Group Inc.,Human Foods Program,Seafood HACCP/CGMP for Foods/Adulterated/Insanitary Conditions,,,2026-04-14,2026-03-03,Ocean Group Inc.,False,False,False
04/14/2026,03/18/2026,Schlechter Farms Inc.,Human Foods Program,"CGMP/Food/Prepared, Packed or Held Under Insanitary Conditions/Adulterated",,,2026-04-14,2026-03-18,Schlechter Farms Inc.,False,False,False
04/14/2026,03/03/2026,Barcelona Nut Company Inc.,Human Foods Program,"CGMP/Food/Prepared, Packed or Held Under Insanitary Conditions/Adulterated",,,2026-04-14,2026-03-03,Barcelona Nut Company Inc.,False,False,False
04/14/2026,03/06/2026,Half Hill Farm Inc.,Human Foods Program,Unapproved New Drugs/Misbranded,,,2026-04-14,2026-03-06,Half Hill Farm Inc.,False,False,False
04/14/2026,04/02/2026,Purolea Cosmetics Lab,Center for Drug Evaluation and Research (CDER),CGMP/Finished Pharmaceuticals/Adulterated/Unapproved New Drug,,,2026-04-14,2026-04-02,Purolea Cosmetics Lab,False,False,False
04/14/2026,04/03/2026,mohawksmoke.com,Center for Tobacco Products,Family Smoking Prevention and Tobacco Control Act/Adulterated/Misbranded,,,2026-04-14,2026-04-03,mohawksmoke.com,False,False,False
04/14/2026,04/01/2026,Dry Springs Pharmacy,Center for Drug Evaluation and Research (CDER),Notice of Unlawful Sale of Unapproved and Misbranded Drugs to United States Consumers Over the Internet,,,2026-04-14,2026-04-01,Dry Springs Pharmacy,False,False,False
04/14/2026,04/07/2026,Chemco Corporation,Center for Drug Evaluation and Research (CDER),Finished Pharmaceuticals/Unapproved New Drug/Misbranded/Adulterated,,,2026-04-14,2026-04-07,Chemco Corporation,False,False,False
04/14/2026,04/01/2026,Online Rx Medz,Center for Drug Evaluation and Research (CDER),Notice of Unlawful Sale of Unapproved Drugs to United States Consumers Over the Internet,,,2026-04-14,2026-04-01,Online Rx Medz,False,False,False
04/09/2026,04/01/2026,Pure Indulgence Aesthetics,Center for Drug Evaluation and Research (CDER),Drug Supply Chain Security Act (DSCSA) Violations,,,2026-04-09,2026-04-01,Pure Indulgence Aesthetics,False,False,False
04/07/2026,03/31/2026,Gram Peptides,Center for Drug Evaluation and Research (CDER),Unapproved New Drugs Sold Over the Internet,,,2026-04-07,2026-03-31,Gram Peptides,False,False,False
04/07/2026,03/31/2026,PekCura Labs,Center for Drug Evaluation and Research (CDER),Unapproved New Drugs Sold Over the Internet,,,2026-04-07,2026-03-31,PekCura Labs,False,False,False
04/07/2026,03/27/2026,"Ehsan Sadri, M.D.",Center for Drug Evaluation and Research (CDER),Clinical Investigator,,,2026-04-07,2026-03-27,"Ehsan Sadri, M.D.",False,False,False
04/07/2026,03/31/2026,Lovega LLC dba Pink Pony Peptides,Center for Drug Evaluation and Research (CDER),Unapproved New Drugs Sold Over the Internet,,,2026-04-07,2026-03-31,Lovega LLC dba Pink Pony Peptides,False,False,False
04/07/2026,03/31/2026,"Global Tobacco, LLC",Center for Tobacco Products,Family Smoking Prevention and Tobacco Control Act/Adulterated/Misbranded,,,2026-04-07,2026-03-31,"Global Tobacco, LLC",False,False,False
04/07/2026,03/31/2026,"Guangzhou Huli Technology Co., Ltd. dba Fantasy Face",Center for Drug Evaluation and Research (CDER),Unapproved New Drugs Sold Over the Internet,,,2026-04-07,2026-03-31,"Guangzhou Huli Technology Co., Ltd. dba Fantasy Face",False,False,False
04/07/2026,03/31/2026,Mile High Compounds LLC,Center for Drug Evaluation and Research (CDER),Unapproved New Drugs Sold Over the Internet,,,2026-04-07,2026-03-31,Mile High Compounds LLC,False,False,False
04/07/2026,03/25/2026,"Medline Industries, LP",Center for Devices and Radiological Health,CGMP/QSR/Medical Devices/Adulterated,,,2026-04-07,2026-03-25,"Medline Industries, LP",True,True,True
04/07/2026,03/05/2026,Life Plus Style Gourmet LLC,Office of Inspections and Investigations,Foreign Supplier Verification Program (FSVP),,,2026-04-07,2026-03-05,Life Plus Style Gourmet LLC,False,False,False
04/07/2026,03/31/2026,FormPour,Center for Drug Evaluation and Research (CDER),Unapproved New Drugs Sold Over the Internet,,,2026-04-07,2026-03-31,FormPour,False,False,False
04/07/2026,03/31/2026,Prime Sciences,Center for Drug Evaluation and Research (CDER),Unapproved New Drugs Sold Over the Internet,,,2026-04-07,2026-03-31,Prime Sciences,False,False,False
03/31/2026,03/27/2026,buydeltas.com,Center for Tobacco Products,Family Smoking Prevention and Tobacco Control Act/Adulterated/Misbranded,,,2026-03-31,2026-03-27,buydeltas.com,False,False,False
03/31/2026,03/26/2026,Henan Lvyuan Pharmaceutical Co. Ltd.,Center for Veterinary Medicine,CGMP/API/Adulterated,,,2026-03-31,2026-03-26,Henan Lvyuan Pharmaceutical Co. Ltd.,False,False,False
03/31/2026,03/16/2026,"Microbiological Testing & Consulting, LLC",Center for Drug Evaluation and Research (CDER),CGMP/Finished Pharmaceuticals/Adulterated,,,2026-03-31,2026-03-16,"Microbiological Testing & Consulting, LLC",False,False,False
03/31/2026,11/12/2025,"Physitemp Instruments, LLC",Center for Devices and Radiological Health,CGMP/QSR/Medical Devices/Adulterated,,,2026-03-31,2025-11-12,"Physitemp Instruments, LLC",True,True,True
03/24/2026,02/24/2026,"IsoTis OrthoBiologics, Inc.",Center for Devices and Radiological Health,CGMP/QSR/Medical Devices/Adulterated,,,2026-03-24,2026-02-24,"IsoTis OrthoBiologics, Inc.",True,True,True
03/24/2026,02/26/2026,Longhorn Vaccines and Diagnostics LLC,Center for Devices and Radiological Health,CGMP/QSR/Medical Devices/Adulterated,,,2026-03-24,2026-02-26,Longhorn Vaccines and Diagnostics LLC,True,True,True
03/24/2026,03/17/2026,4U Health,Center for Biologics Evaluation and Research (CBER),Premarket Approval/Adulterated,,,2026-03-24,2026-03-17,4U Health,False,True,True
03/24/2026,03/18/2026,"Yangzhou H&R Plastic Daily Chemical Co., Ltd.",Center for Drug Evaluation and Research (CDER),CGMP/Finished Pharmaceuticals/Adulterated,,,2026-03-24,2026-03-18,"Yangzhou H&R Plastic Daily Chemical Co., Ltd.",False,False,False
03/24/2026,03/20/2026,matesbrand.com,Center for Tobacco Products,Family Smoking Prevention and Tobacco Control Act/Adulterated/Misbranded,,,2026-03-24,2026-03-20,matesbrand.com,False,False,False
03/24/2026,03/13/2026,"ImmunityBio, Inc.",The Office of Prescription Drug Promotion (OPDP),False & Misleading Claims/Misbranded,,,2026-03-24,2026-03-13,"ImmunityBio, Inc.",False,False,False
03/17/2026,03/11/2026,"OraLabs, Inc.",Center for Drug Evaluation and Research (CDER),CGMP/Finished Pharmaceuticals/Adulterated,,,2026-03-17,2026-03-11,"OraLabs, Inc.",False,False,False
03/17/2026,02/24/2026,Trangs Group USA Incorporated,Office of Inspections and Investigations,Foreign Supplier Verification Program (FSVP),,,2026-03-17,2026-02-24,Trangs Group USA Incorporated,False,False,False
03/17/2026,03/04/2026,Citra100mg,Center for Drug Evaluation and Research (CDER),Unapproved New Drugs/Misbranded,,,2026-03-17,2026-03-04,Citra100mg,False,False,False
03/17/2026,12/01/2025,"Apothecary Pharma, LLC",Center for Drug Evaluation and Research (CDER),Compounding Pharmacy/Adulterated Drug Products,,,2026-03-17,2025-12-01,"Apothecary Pharma, LLC",False,False,False
03/17/2026,03/09/2026,Vedic Lifesciences Pvt. Ltd.,Center for Drug Evaluation and Research (CDER),Good Laboratory Practice (GLP) for Nonclinical Laboratory Studies,,,2026-03-17,2026-03-09,Vedic Lifesciences Pvt. Ltd.,False,False,False
03/17/2026,03/06/2026,prilla.com/us,Center for Tobacco Products,Family Smoking Prevention and Tobacco Control Act/Adulterated/Misbranded,,,2026-03-17,2026-03-06,prilla.com/us,False,False,False
03/17/2026,03/12/2026,Patcos Cosmetics Pvt. Ltd.,Center for Drug Evaluation and Research (CDER),Finished Drug Products/Adulterated,,,2026-03-17,2026-03-12,Patcos Cosmetics Pvt. Ltd.,False,False,False
03/17/2026,01/16/2026,Feng Foods Trading Inc.,Office of Inspections and Investigations,Seafood HACCP/CGMP for Foods/Adulterated/Insanitary Conditions,,,2026-03-17,2026-01-16,Feng Foods Trading Inc.,False,False,False
03/17/2026,02/10/2026,A TO Z Distributor Inc,Office of Inspections and Investigations,Foreign Supplier Verification Program (FSVP),,,2026-03-17,2026-02-10,A TO Z Distributor Inc,False,False,False
03/17/2026,03/11/2026,Flowchem Pharma Private Limited,Center for Drug Evaluation and Research (CDER),CGMP/Active Pharmaceutical Ingredient (API)/Adulterated,,,2026-03-17,2026-03-11,Flowchem Pharma Private Limited,False,False,False
03/17/2026,09/03/2025,"Avertix Medical, Inc.",Center for Devices and Radiological Health,CGMP/QSR/Medical Devices/Adulterated,,,2026-03-17,2025-09-03,"Avertix Medical, Inc.",True,True,True
03/10/2026,02/17/2026,Raw Bistro Inc.,Center for Veterinary Medicine,"CGMP/Food for Animals/Prepared, Packed or Held Under Insanitary Conditions/Adulterated",,,2026-03-10,2026-02-17,Raw Bistro Inc.,False,False,False
03/10/2026,03/05/2026,Novo Nordisk Inc.,Center for Drug Evaluation and Research (CDER),Postmarketing Adverse Drug Experience Reporting Requirements,,,2026-03-10,2026-03-05,Novo Nordisk Inc.,False,False,False
03/10/2026,03/05/2026,SSS AUSTAR LLC,Center for Tobacco Products,Family Smoking Prevention and Tobacco Control Act/Adulterated/Misbranded,,,2026-03-10,2026-03-05,SSS AUSTAR LLC,False,False,False
03/10/2026,03/03/2026,Fareva Morton Grove,Center for Drug Evaluation and Research (CDER),CGMP/Finished Pharmaceuticals/Adulterated,,,2026-03-10,2026-03-03,Fareva Morton Grove,False,False,False
03/10/2026,03/02/2026,"NSE Products, Inc. DBA Nu Skin Enterprises, Inc.",Center for Drug Evaluation and Research (CDER),Electronic Drug Registration and Listing System (eDRLS)/Violations,,,2026-03-10,2026-03-02,"NSE Products, Inc. DBA Nu Skin Enterprises, Inc.",False,False,False
03/10/2026,12/19/2025,"Exactech, Inc. dba Advita Ortho",Center for Devices and Radiological Health,CGMP/QSR/Medical Devices/Adulterated,,,2026-03-10,2025-12-19,"Exactech, Inc. dba Advita Ortho",True,True,True
03/10/2026,03/03/2026,Tentamus India Private Limited,Center for Drug Evaluation and Research (CDER),CGMP/Finished Pharmaceuticals/Adulterated,,,2026-03-10,2026-03-03,Tentamus India Private Limited,False,False,False
03/10/2026,02/27/2026,Rio Verde Food Service Inc.,Human Foods Program,Seafood HACCP/CGMP for Foods/Adulterated/Insanitary Conditions,,,2026-03-10,2026-02-27,Rio Verde Food Service Inc.,False,False,False
03/10/2026,03/03/2026,Simtra BioPharma Solutions,Center for Drug Evaluation and Research (CDER),CGMP/Finished Pharmaceuticals/Adulterated,,,2026-03-10,2026-03-03,Simtra BioPharma Solutions,False,False,False
03/10/2026,02/27/2026,thesnuslife.com,Center for Tobacco Products,Family Smoking Prevention and Tobacco Control Act/Adulterated/Misbranded,,,2026-03-10,2026-02-27,thesnuslife.com,False,False,False
03/10/2026,02/27/2026,snushaven.com,Center for Tobacco Products,Family Smoking Prevention and Tobacco Control Act/Adulterated/Misbranded,,,2026-03-10,2026-02-27,snushaven.com,False,False,False
03/10/2026,02/27/2026,idripejuice.com,Center for Tobacco Products,Family Smoking Prevention and Tobacco Control Act/Adulterated/Misbranded,,,2026-03-10,2026-02-27,idripejuice.com,False,False,False
03/10/2026,02/19/2026,El Rey USA Meats & Seafood Inc.,Office of Inspections and Investigations,Seafood HACCP/CGMP for Foods/Adulterated/Insanitary Conditions,,,2026-03-10,2026-02-19,El Rey USA Meats & Seafood Inc.,False,False,False
03/05/2026,02/20/2026,Premium Health Management Inc. dba Premium Health,Center for Drug Evaluation and Research (CDER),False & Misleading Claims/Misbranded (Telehealth),,,2026-03-05,2026-02-20,Premium Health Management Inc. dba Premium Health,False,False,False
03/03/2026,02/20/2026,Bliv Wellness LLC dba Bliv,Center for Drug Evaluation and Research (CDER),False & Misleading Claims/Misbranded (Telehealth),,,2026-03-03,2026-02-20,Bliv Wellness LLC dba Bliv,False,False,False
03/03/2026,02/20/2026,Aspen Aesthetics dba Fifty 410,Center for Drug Evaluation and Research (CDER),False & Misleading Claims/Misbranded (Telehealth),,,2026-03-03,2026-02-20,Aspen Aesthetics dba Fifty 410,False,False,False
03/03/2026,02/20/2026,BluefitMD,Center for Drug Evaluation and Research (CDER),False & Misleading Claims/Misbranded (Telehealth),,,2026-03-03,2026-02-20,BluefitMD,False,False,False
03/03/2026,02/20/2026,Deluxe IV Aesthetics PLLC dba Deluxe IV and Aesthetics,Center for Drug Evaluation and Research (CDER),False & Misleading Claims/Misbranded (Telehealth),,,2026-03-03,2026-02-20,Deluxe IV Aesthetics PLLC dba Deluxe IV and Aesthetics,False,False,False
03/03/2026,02/20/2026,"FitRX, LLC dba FitRx",Center for Drug Evaluation and Research (CDER),False & Misleading Claims/Misbranded (Telehealth),,,2026-03-03,2026-02-20,"FitRX, LLC dba FitRx",False,False,False
03/03/2026,02/20/2026,Genesis Health International Inc. dba Genesis,Center for Drug Evaluation and Research (CDER),False & Misleading Claims/Misbranded (Telehealth),,,2026-03-03,2026-02-20,Genesis Health International Inc. dba Genesis,False,False,False
08/19/2025,08/15/2025,"Meds For Vets, LLC",Center for Veterinary Medicine,Unapproved New Animal Drug/Adulterated/Misbranded,,,2025-08-19,2025-08-15,"Meds For Vets, LLC",False,False,False
06/03/2025,05/27/2025,"Grow Gold Land, Inc.",Office of Inspections and Investigations,Foreign Supplier Verification Program (FSVP),,,2025-06-03,2025-05-27,"Grow Gold Land, Inc.",False,False,False
06/03/2025,03/27/2025,Yiling Pharmaceutical Ltd.,Center for Drug Evaluation and Research (CDER),CGMP/Finished Pharmaceuticals/Adulterated,,,2025-06-03,2025-03-27,Yiling Pharmaceutical Ltd.,False,False,False
06/03/2025,03/25/2025,Latro Inc.,Human Foods Program,Adulterated Human Foods/Misbranded,,,2025-06-03,2025-03-25,Latro Inc.,False,False,False
06/03/2025,05/16/2025,denverelectroniccigarettes.com,Center for Tobacco Products,Family Smoking Prevention and Tobacco Control Act/Adulterated/Misbranded,,,2025-06-03,2025-05-16,denverelectroniccigarettes.com,False,False,False
06/03/2025,04/21/2025,"Amore Produce, LLC",Center for Tobacco Products,Foreign Supplier Verification Program (FSVP),,,2025-06-03,2025-04-21,"Amore Produce, LLC",False,False,False
05/27/2025,12/26/2024,Reunipeche SAS,Human Foods Program,Seafood HACCP/CGMP for Foods/Adulterated,,,2025-05-27,2024-12-26,Reunipeche SAS,False,False,False
05/27/2025,05/05/2025,Sedecal S.A.,Center for Devices and Radiological Health,CGMP/QSR/Medical Devices/Adulterated,,,2025-05-27,2025-05-05,Sedecal S.A.,True,True,True
05/27/2025,05/06/2025,"Wailea Agricultural Group, Inc.",Human Foods Program,"CGMP/Food/Prepared, Packed or Held Under Insanitary Conditions/Adulterated",,,2025-05-27,2025-05-06,"Wailea Agricultural Group, Inc.",False,False,False
05/27/2025,03/31/2025,DRG Instruments GmbH,Center for Devices and Radiological Health,Investigational Device Exemptions (IDE)/Premarket Approval Application (PMA) Adulterated Device,,,2025-05-27,2025-03-31,DRG Instruments GmbH,True,True,True
05/27/2025,12/23/2024,Rey de los Camarones S. A.,Human Foods Program,Seafood HACCP/CGMP for Foods/Adulterated,,,2025-05-27,2024-12-23,Rey de los Camarones S. A.,False,False,False
05/27/2025,05/02/2025,San Juan Produce LLC,Office of Inspections and Investigations,Foreign Supplier Verification Program (FSVP),,,2025-05-27,2025-05-02,San Juan Produce LLC,False,False,False
05/27/2025,05/16/2025,vapordna.com,Center for Tobacco Products,Family Smoking Prevention and Tobacco Control Act/Adulterated/Misbranded,,,2025-05-27,2025-05-16,vapordna.com,False,False,False
05/27/2025,05/22/2025,Kure CBD & Vape,Center for Tobacco Products,Family Smoking Prevention and Tobacco Control Act/Adulterated/Misbranded,,,2025-05-27,2025-05-22,Kure CBD & Vape,False,False,False
05/27/2025,05/22/2025,Artisan Vapor Company,Center for Tobacco Products,Family Smoking Prevention and Tobacco Control Act/Adulterated/Misbranded,,,2025-05-27,2025-05-22,Artisan Vapor Company,False,False,False
05/27/2025,05/13/2025,"AACE Pharmaceuticals, Inc.",Center for Drug Evaluation and Research (CDER),CGMP/Finished Pharmaceuticals/Adulterated,,,2025-05-27,2025-05-13,"AACE Pharmaceuticals, Inc.",False,False,False
05/27/2025,05/15/2025,"Black Note, Inc.",Center for Tobacco Products,Family Smoking Prevention and Tobacco Control Act/Adulterated/Misbranded,,,2025-05-27,2025-05-15,"Black Note, Inc.",False,False,False
05/27/2025,05/06/2025,"Shenzhen Hengkaifeng Commerce and Trade Co., Ltd",Center for Drug Evaluation and Research (CDER),Failure to List/Misbranded,,,2025-05-27,2025-05-06,"Shenzhen Hengkaifeng Commerce and Trade Co., Ltd",False,False,False
05/27/2025,12/20/2024,Golden Grains Bakery,Human Foods Program,CGMP/Hazard Analysis/Risk-Based Preventive Controls for Food/Adulterated,,,2025-05-27,2024-12-20,Golden Grains Bakery,False,False,False
05/27/2025,05/16/2025,vaporhatch.com,Center for Tobacco Products,Family Smoking Prevention and Tobacco Control Act/Adulterated/Misbranded,,,2025-05-27,2025-05-16,vaporhatch.com,False,False,False
05/21/2025,05/09/2025,Kabe Labortechnik GmbH,Center for Devices and Radiological Health,CGMP/QSR/Medical Devices/Adulterated,,,2025-05-21,2025-05-09,Kabe Labortechnik GmbH,True,True,True
05/21/2025,12/26/2024,"Baldwin Richardson Foods Pennsauken, LLC",Human Foods Program,Low Acid Canned Food Regulation/Adulterated,,,2025-05-21,2024-12-26,"Baldwin Richardson Foods Pennsauken, LLC",False,False,False
05/20/2025,09/30/2024,Dalai Biotech Company Ltd,Human Foods Program,Low Acid Canned Food Regulation/Adulterated,,,2025-05-20,2024-09-30,Dalai Biotech Company Ltd,False,False,False
05/20/2025,11/06/2024,"Eden F&C Co., Ltd",Human Foods Program,Seafood HACCP/CGMP for Foods/Adulterated/Insanitary Conditions,,02/19/2026,2025-05-20,2024-11-06,"Eden F&C Co., Ltd",False,False,False
05/20/2025,05/09/2025,"NeuroSync, Inc.",Center for Devices and Radiological Health,CGMP/QSR/Medical Devices/Adulterated,,,2025-05-20,2025-05-09,"NeuroSync, Inc.",True,True,True
05/20/2025,05/08/2025,"Microspecialties, LLC",Center for Devices and Radiological Health,CGMP/QSR/Medical Devices/Adulterated,,,2025-05-20,2025-05-08,"Microspecialties, LLC",True,True,True
05/20/2025,12/16/2024,Skye Biologics Holdings LLC,Center for Biologics Evaluation and Research (CBER),"Deviations/CFR/Regulations for Human Cells, Tissues & Cellular Products (HCT/Ps)",,,2025-05-20,2024-12-16,Skye Biologics Holdings LLC,False,False,False
05/20/2025,03/24/2025,"United Health Products, Inc.",Center for Devices and Radiological Health,Bioresearch Monitoring Program/Institutional Review Board (IRB),,,2025-05-20,2025-03-24,"United Health Products, Inc.",True,False,True
05/20/2025,10/22/2024,"Chongqing Tianrun Food Development Co., Ltd",Human Foods Program,Low Acid Canned Food Regulation/Adulterated,,,2025-05-20,2024-10-22,"Chongqing Tianrun Food Development Co., Ltd",False,False,False
05/20/2025,11/01/2024,"Yeshua Bendito, C.A.",Human Foods Program,Seafood HACCP/CGMP for Foods/Adulterated/Insanitary Conditions,,06/23/2025,2025-05-20,2024-11-01,"Yeshua Bendito, C.A.",False,False,False
05/20/2025,11/18/2024,Breadbox Co.,Human Foods Program,Seafood HACCP/CGMP for Foods/Adulterated/Insanitary Conditions,,,2025-05-20,2024-11-18,Breadbox Co.,False,False,False
05/20/2025,04/15/2025,Gluten Free Remedies LLC,Human Foods Program,Dietary Supplement/Misbranded,,,2025-05-20,2025-04-15,Gluten Free Remedies LLC,False,False,False
05/20/2025,05/08/2025,Product Society LLC,Center for Drug Evaluation and Research (CDER),CGMP/Finished Pharmaceuticals/Adulterated,,,2025-05-20,2025-05-08,Product Society LLC,False,False,False
05/20/2025,05/09/2025,ejuice-online.com,Center for Tobacco Products,Family Smoking Prevention and Tobacco Control Act/Adulterated/Misbranded,,,2025-05-20,2025-05-09,ejuice-online.com,False,False,False
05/20/2025,05/09/2025,lostmary.com,Center for Tobacco Products,Family Smoking Prevention and Tobacco Control Act/Adulterated/Misbranded,,,2025-05-20,2025-05-09,lostmary.com,False,False,False
05/20/2025,04/01/2025,NWL Netherlands Services B.V.,Center for Drug Evaluation and Research (CDER),CGMP/Finished Pharmaceuticals/Adulterated,,,2025-05-20,2025-04-01,NWL Netherlands Services B.V.,False,False,False
05/20/2025,05/05/2025,"Supreme Rejuvenation, LLC",Center for Biologics Evaluation and Research,Unapproved New Drugs/Misbranded,,,2025-05-20,2025-05-05,"Supreme Rejuvenation, LLC",False,False,False
05/20/2025,05/08/2025,FishMoxFishFlex/Simple Pet Health LLC,Center for Veterinary Medicine,Unapproved New Animal Drug/Misbranded,,,2025-05-20,2025-05-08,FishMoxFishFlex/Simple Pet Health LLC,False,False,False
05/20/2025,04/04/2025,"Wuxi Medical Instrument Factory Co., Ltd.",Center for Drug Evaluation and Research (CDER),CGMP/Finished Pharmaceuticals/Adulterated,,,2025-05-20,2025-04-04,"Wuxi Medical Instrument Factory Co., Ltd.",False,False,False
05/16/2025,05/15/2025,"ECIGRUSA LLC, d/b/a Worldwide Vape Distribution",Center for Tobacco Products,Family Smoking Prevention and Tobacco Control Act/Adulterated/Misbranded,,,2025-05-16,2025-05-15,"ECIGRUSA LLC, d/b/a Worldwide Vape Distribution",False,False,False
05/16/2025,05/15/2025,Wise Guys Vapes,Center for Tobacco Products,Family Smoking Prevention and Tobacco Control Act/Adulterated/Misbranded,,,2025-05-16,2025-05-15,Wise Guys Vapes,False,False,False
05/16/2025,05/15/2025,Madvapes Vape Shop,Center for Tobacco Products,Family Smoking Prevention and Tobacco Control Act/Adulterated/Misbranded,,,2025-05-16,2025-05-15,Madvapes Vape Shop,False,False,False
05/16/2025,05/15/2025,Kure CBD & Vape,Center for Tobacco Products,Family Smoking Prevention and Tobacco Control Act/Adulterated/Misbranded,,,2025-05-16,2025-05-15,Kure CBD & Vape,False,False,False
05/16/2025,05/15/2025,Kure CBD & Vape,Center for Tobacco Products,Family Smoking Prevention and Tobacco Control Act/Adulterated/Misbranded,,,2025-05-16,2025-05-15,Kure CBD & Vape,False,False,False
05/13/2025,03/25/2025,BioAsia Worldwide Sdn Bhd,Center for Drug Evaluation and Research (CDER),CGMP/Finished Pharmaceuticals/Adulterated,,,2025-05-13,2025-03-25,BioAsia Worldwide Sdn Bhd,False,False,False
05/13/2025,05/07/2025,Excelvision Fareva,Center for Drug Evaluation and Research (CDER),CGMP/Finished Pharmaceuticals/Adulterated,,,2025-05-13,2025-05-07,Excelvision Fareva,False,False,False
05/13/2025,04/02/2025,"Taizhou Jingshang Cosmetics Technology Co., Ltd.",Center for Drug Evaluation and Research (CDER),CGMP/Finished Pharmaceuticals/Adulterated,,,2025-05-13,2025-04-02,"Taizhou Jingshang Cosmetics Technology Co., Ltd.",False,False,False
03/04/2025,02/25/2025,TKTX Numbing Cream USA,Center for Drug Evaluation and Research (CDER),Unapproved New Drugs/Misbranded/OTC,,,2025-03-04,2025-02-25,TKTX Numbing Cream USA,False,False,False
03/04/2025,02/26/2025,Granules India Limited,Center for Drug Evaluation and Research (CDER),CGMP/Finished Pharmaceuticals/Adulterated,,,2025-03-04,2025-02-26,Granules India Limited,False,False,False
03/04/2025,03/04/2025,"ProRx, LLC",Center for Drug Evaluation and Research (CDER),Compounding Pharmacy/Adulterated Drug Products,,,2025-03-04,2025-03-04,"ProRx, LLC",False,False,False
03/04/2025,02/25/2025,TKTX Store,Center for Drug Evaluation and Research (CDER),Unapproved New Drugs/Misbranded/OTC,,,2025-03-04,2025-02-25,TKTX Store,False,False,False
03/04/2025,02/25/2025,TKTX Numb Store,Center for Drug Evaluation and Research (CDER),Unapproved New Drug and Misbranded/OTC,,,2025-03-04,2025-02-25,TKTX Numb Store,False,False,False
03/04/2025,11/05/2024,Mariscos Procesados - CAMPRESA - S.A.,Human Foods Program,Seafood HACCP/CGMP for Foods/Adulterated,,03/04/2025,2025-03-04,2024-11-05,Mariscos Procesados - CAMPRESA - S.A.,False,False,False
03/04/2025,02/25/2025,TKTX USA,Center for Drug Evaluation and Research (CDER),Unapproved New Drugs/Misbranded/OTC,,,2025-03-04,2025-02-25,TKTX USA,False,False,False
03/04/2025,02/11/2025,"Chem-Tech, Ltd.",Center for Drug Evaluation and Research (CDER),CGMP/Finished Pharmaceuticals/Adulterated,,,2025-03-04,2025-02-11,"Chem-Tech, Ltd.",False,False,False
02/28/2025,02/27/2025,The Vapor Club LLC,Center for Tobacco Products,Family Smoking Prevention and Tobacco Control Act/Adulterated/Misbranded,,,2025-02-28,2025-02-27,The Vapor Club LLC,False,False,False
02/28/2025,02/27/2025,Elk River Vapor Shop,Center for Tobacco Products,Family Smoking Prevention and Tobacco Control Act/Adulterated/Misbranded,,,2025-02-28,2025-02-27,Elk River Vapor Shop,False,False,False
02/25/2025,02/21/2025,"Loveli Design, LLC d/b/a Alice in Vapeland",Center for Tobacco Products,Family Smoking Prevention and Tobacco Control Act/Adulterated/Misbranded,,,2025-02-25,2025-02-21,"Loveli Design, LLC d/b/a Alice in Vapeland",False,False,False
02/25/2025,01/27/2025,Garcia Fresh Vegetables LLC,Division of Southwest Imports,Foreign Supplier Verification Program (FSVP),,,2025-02-25,2025-01-27,Garcia Fresh Vegetables LLC,False,False,False
02/25/2025,02/14/2025,"Sperm Bank, Inc. dba Fertility Center of California",Center for Biologics Evaluation and Research (CBER),"Deviations/CFR/Regulations for Human Cells, Tissues & Cellular Products (HCT/Ps)",,02/19/2026,2025-02-25,2025-02-14,"Sperm Bank, Inc. dba Fertility Center of California",False,False,False
02/25/2025,01/14/2025,Radhaswamy Inc. dba Raja Foods LLC,Division of Northeast Imports,Foreign Supplier Verification Program (FSVP),,,2025-02-25,2025-01-14,Radhaswamy Inc. dba Raja Foods LLC,False,False,False
02/18/2025,01/29/2025,"AmWiner & Raphe Holdings, LLC  dba rapheGenerics Corp",Center for Drug Evaluation and Research (CDER),CGMP/Finished Pharmaceuticals/Adulterated,,,2025-02-18,2025-01-29,"AmWiner & Raphe Holdings, LLC dba rapheGenerics Corp",False,False,False
02/18/2025,02/06/2025,Tyche Industries Ltd,Center for Drug Evaluation and Research (CDER),CGMP/Active Pharmaceutical Ingredient (API)/Adulterated,,,2025-02-18,2025-02-06,Tyche Industries Ltd,False,False,False
02/18/2025,02/13/2025,Zenzi Pharmaceutical Industries Pvt. Ltd.,Center for Drug Evaluation and Research (CDER),Refusal to Provide Access to and Copying of Records,,,2025-02-18,2025-02-13,Zenzi Pharmaceutical Industries Pvt. Ltd.,False,False,False
02/18/2025,01/21/2025,"Robbins Instruments, LLC","""ORP: Office of Regulatory Programs, Office of Product Evaluation and Quality""",Medical Device/Misbranded/Unapproved Device/Quality System Regulation,,,2025-02-18,2025-01-21,"Robbins Instruments, LLC",False,True,True
02/18/2025,02/14/2025,Route 66 Vapor,Center for Tobacco Products,Family Smoking Prevention and Tobacco Control Act/Adulterated/Misbranded,,,2025-02-18,2025-02-14,Route 66 Vapor,False,False,False
02/18/2025,02/14/2025,Steep Slope Vape Supply,Center for Tobacco Products,Family Smoking Prevention and Tobacco Control Act/Adulterated/Misbranded,,,2025-02-18,2025-02-14,Steep Slope Vape Supply,False,False,False
02/18/2025,02/14/2025,Smoke and Vape Inc d/b/a Backdoor Smoke Shop,Center for Tobacco Products,Family Smoking Prevention and Tobacco Control Act/Adulterated/Misbranded,,,2025-02-18,2025-02-14,Smoke and Vape Inc d/b/a Backdoor Smoke Shop,False,False,False
02/18/2025,02/14/2025,"Walker Enterprises, LLC d/b/a MaddCatt Vapor",Center for Tobacco Products,Family Smoking Prevention and Tobacco Control Act/Adulterated/Misbranded,,,2025-02-18,2025-02-14,"Walker Enterprises, LLC d/b/a MaddCatt Vapor",False,False,False
02/18/2025,02/14/2025,A-Z Tobacco Inc d/b/a A-Z Tobacco and Vapor,Center for Tobacco Products,Family Smoking Prevention and Tobacco Control Act/Adulterated/Misbranded,,,2025-02-18,2025-02-14,A-Z Tobacco Inc d/b/a A-Z Tobacco and Vapor,False,False,False
02/18/2025,02/10/2025,ABR Laboratory LLC,Center for Drug Evaluation and Research (CDER),CGMP/Finished Pharmaceutical/Adulterated,,,2025-02-18,2025-02-10,ABR Laboratory LLC,False,False,False
02/18/2025,02/05/2025,Jagsonpal Pharmaceuticals Limited,Center for Drug Evaluation and Research (CDER),CGMP/Finished Pharmaceutical/Adulterated,,,2025-02-18,2025-02-05,Jagsonpal Pharmaceuticals Limited,False,False,False
02/18/2025,02/10/2025,Marshalls Traditional Healthcare CC,Center for Drug Evaluation and Research (CDER),CGMP/Finished Pharmaceutical/Adulterated,,,2025-02-18,2025-02-10,Marshalls Traditional Healthcare CC,False,False,False
02/14/2025,02/14/2025,Gorilla Vapes of East Brunswick,Center for Tobacco Products,Family Smoking Prevention and Tobacco Control Act/Adulterated/Misbranded,,,2025-02-14,2025-02-14,Gorilla Vapes of East Brunswick,False,False,False
02/11/2025,02/05/2025,"Chengdu Innovation Pharmaceutical Co., Ltd.",Center for Drug Evaluation and Research (CDER),CGMP/Active Pharmaceutical Ingredient (API)/Adulterated,,,2025-02-11,2025-02-05,"Chengdu Innovation Pharmaceutical Co., Ltd.",False,False,False
02/11/2025,01/30/2025,Strukmyer LLC dba Strukmyer Medical,Center for Drug Evaluation and Research (CDER),CGMP/Finished Pharmaceuticals/Adulterated,,,2025-02-11,2025-01-30,Strukmyer LLC dba Strukmyer Medical,False,False,False
02/11/2025,02/04/2025,"ISOThrive, Inc.",Center for Drug Evaluation and Research (CDER),Clinical Investigator,,,2025-02-11,2025-02-04,"ISOThrive, Inc.",False,False,False
02/11/2025,02/04/2025,"Wuhu Nuowei Chemistry Co., Ltd.",Center for Drug Evaluation and Research (CDER),CGMP/Active Pharmaceutical Ingredient (API)/Adulterated,,,2025-02-11,2025-02-04,"Wuhu Nuowei Chemistry Co., Ltd.",False,False,False
02/04/2025,01/13/2025,"Talla Imports, LLC",Office of Inspections and Investigations,Foreign Supplier Verification Program (FSVP),,,2025-02-04,2025-01-13,"Talla Imports, LLC",False,False,False
02/04/2025,01/23/2025,Center for Instrumental Analysis of China Pharmaceutical University,Center for Drug Evaluation and Research (CDER),CGMP/Active Pharmaceutical Ingredient (API)/Adulterated,,,2025-02-04,2025-01-23,Center for Instrumental Analysis of China Pharmaceutical University,False,False,False
02/04/2025,01/27/2025,"Imperial Palace Commodity -Dongguan- Co., Ltd.",Center for Drug Evaluation and Research (CDER),CGMP/Finished Pharmaceuticals/Adulterated,,,2025-02-04,2025-01-27,"Imperial Palace Commodity -Dongguan- Co., Ltd.",False,False,False
02/04/2025,01/28/2025,"Shantou Kangjie Daily Chemical Industry Co., Ltd",Center for Drug Evaluation and Research (CDER),CGMP/Finished Pharmaceuticals/Adulterated,,,2025-02-04,2025-01-28,"Shantou Kangjie Daily Chemical Industry Co., Ltd",False,False,False
02/04/2025,01/17/2025,BioStem Life Sciences,Center for Biologics Evaluation and Research (CBER),"Deviations/CFR/Regulations for Human Cells, Tissues & Cellular Products (HCT/Ps)",,,2025-02-04,2025-01-17,BioStem Life Sciences,False,False,False
02/04/2025,12/19/2024,"Fagron Compounding Services, LLC dba Fagron Sterile Service",Center for Drug Evaluation and Research (CDER),Compounding Pharmacy/Adulterated Drug Products,,,2025-02-04,2024-12-19,"Fagron Compounding Services, LLC dba Fagron Sterile Service",False,False,False
02/04/2025,01/16/2025,Global Calcium Pvt. Limited,Center for Drug Evaluation and Research (CDER),CGMP/Active Pharmaceutical Ingredient (API)/Adulterated,,,2025-02-04,2025-01-16,Global Calcium Pvt. Limited,False,False,False
01/28/2025,12/30/2024,Evolutionary Biologics Inc.,Center for Biologics Evaluation and Research,"Deviations/CFR/Regulations for Human Cells, Tissues & Cellular Products (HCT/Ps)",,,2025-01-28,2024-12-30,Evolutionary Biologics Inc.,False,False,False
01/28/2025,01/17/2025,"Chara Biologics, Inc.",Center for Biologics Evaluation and Research (CBER),CGMP/Deviations/Biologics License Application (BLA),,,2025-01-28,2025-01-17,"Chara Biologics, Inc.",False,False,False
01/28/2025,01/16/2025,"Mihon Corp. d/b/a VitalityVita and Boulla, LLC",Center for Drug Evaluation and Research (CDER),Unapproved New Drugs/Misbranded,,,2025-01-28,2025-01-16,"Mihon Corp. d/b/a VitalityVita and Boulla, LLC",False,False,False
01/28/2025,01/21/2025,Kardesler Ucan Yaglar Sanayi Anonim Sirketi,Center for Drug Evaluation and Research (CDER),CGMP/Finished Pharmaceutical/Adulterated,,,2025-01-28,2025-01-21,Kardesler Ucan Yaglar Sanayi Anonim Sirketi,False,False,False
01/21/2025,11/26/2024,Duong Ha Processing Trading Seafood Company Limited,Human Foods Program,Seafood HACCP/CGMP for Foods/Adulterated,,,2025-01-21,2024-11-26,Duong Ha Processing Trading Seafood Company Limited,False,False,False
01/21/2025,01/08/2025,"Atlanta Supersource, Inc.",Center for Drug Evaluation and Research (CDER),CGMP/Finished Pharmaceuticals/Adulterated,,,2025-01-21,2025-01-08,"Atlanta Supersource, Inc.",False,False,False
01/21/2025,12/18/2024,Premium Fresh Growers LLC,Division of Southwest Imports,Foreign Supplier Verification Program (FSVP),,,2025-01-21,2024-12-18,Premium Fresh Growers LLC,False,False,False
01/21/2025,01/15/2025,Sanofi,Center for Drug Evaluation and Research (CDER),CGMP/Active Pharmaceutical Ingredient (API)/Adulterated,,,2025-01-21,2025-01-15,Sanofi,False,False,False
01/21/2025,12/23/2024,Nyumbani Hakuna Matata LLC,Division of Northern Border Imports,Seafood HACCP/CGMP for Foods/Adulterated/Insanitary Conditions,,,2025-01-21,2024-12-23,Nyumbani Hakuna Matata LLC,False,False,False
01/21/2025,01/13/2025,www.weightcrunchshop.com,Center for Drug Evaluation and Research (CDER),Unlawful Sale of Unapproved and Misbranded Drugs to United States Consumers Over the Internet,,,2025-01-21,2025-01-13,www.weightcrunchshop.com,False,False,False
01/21/2025,11/13/2024,"Western Innovations, Inc.",Human Foods Program,CGMP/Dietary Supplement/Adulterated,,,2025-01-21,2024-11-13,"Western Innovations, Inc.",False,False,False
01/21/2025,12/18/2024,"COFISA - Conservas de Peixe da Figueira, S.A.",Human Foods Program,Seafood HACCP/CGMP for Foods/Adulterated/Insanitary Conditions,,,2025-01-21,2024-12-18,"COFISA - Conservas de Peixe da Figueira, S.A.",False,False,False
01/21/2025,09/30/2024,"Miyajima Shoyu Co., Ltd.",Center for Food Safety and Applied Nutrition,Acidified Foods/Emergency Permit Control/Adulterated,,,2025-01-21,2024-09-30,"Miyajima Shoyu Co., Ltd.",False,False,False
01/21/2025,12/12/2024,INCELL Corporation LLC,Center for Biologics Evaluation and Research (CBER),CGMP/Finished Pharmaceuticals/Unapproved New Drug/Misbranded/Adulterated,,,2025-01-21,2024-12-12,INCELL Corporation LLC,False,False,False
01/21/2025,11/14/2024,"Salt City Baking Company, LLC",Human Foods Program,"CGMP/Food/Prepared, Packed or Held Under Insanitary Conditions/Adulterated",,,2025-01-21,2024-11-14,"Salt City Baking Company, LLC",False,False,False
01/15/2025,01/08/2025,"Midwest Goods Inc., d/b/a Midwest Distribution and Midwest Distribution Illinois",Center for Tobacco Products,Family Smoking Prevention and Tobacco Control Act/Adulterated/Misbranded,,,2025-01-15,2025-01-08,"Midwest Goods Inc., d/b/a Midwest Distribution and Midwest Distribution Illinois",False,False,False
01/14/2025,12/19/2024,Integra LifeSciences Corporation,Center for Devices and Radiological Health,CGMP/QSR/Medical Devices/Adulterated,,,2025-01-14,2024-12-19,Integra LifeSciences Corporation,True,True,True
01/14/2025,12/23/2024,By George Food Specialties Inc.,Division of Northern Border Imports,Foreign Supplier Verification Program (FSVP),,,2025-01-14,2024-12-23,By George Food Specialties Inc.,False,False,False
01/14/2025,12/09/2024,"Xoran Technologies, LLC",Center for Devices and Radiological Health,CGMP/QSR/Medical Devices/Adulterated/Misbranded,,,2025-01-14,2024-12-09,"Xoran Technologies, LLC",True,True,True
01/14/2025,12/18/2024,"Hologic, Inc.",Center for Devices and Radiological Health,CGMP/QSR/Medical Devices/Adulterated/Misbranded,,,2025-01-14,2024-12-18,"Hologic, Inc.",True,True,True
01/14/2025,12/09/2024,"Phillips Precision, Inc.",Center for Devices and Radiological Health,CGMP/QSR/Medical Devices/Adulterated,,,2025-01-14,2024-12-09,"Phillips Precision, Inc.",True,True,True
01/14/2025,12/06/2024,Randox Laboratories Limited,Center for Devices and Radiological Health,CGMP/QSR/Medical Devices/Adulterated,,,2025-01-14,2024-12-06,Randox Laboratories Limited,True,True,True
01/10/2025,01/08/2025,"Reedhill Ventures LLC, d/b/a Vape On",Center for Tobacco Products,Family Smoking Prevention and Tobacco Control Act/Adulterated/Misbranded,,,2025-01-10,2025-01-08,"Reedhill Ventures LLC, d/b/a Vape On",False,False,False
01/09/2025,01/07/2025,"Elite Brothers, LLC",Center for Tobacco Products,Family Smoking Prevention and Tobacco Control Act/Adulterated/Misbranded,,,2025-01-09,2025-01-07,"Elite Brothers, LLC",False,False,False
01/08/2025,01/08/2025,Ecig Charleston LLC,Center for Tobacco Products,Family Smoking Prevention and Tobacco Control Act/Adulterated/Misbranded,,,2025-01-08,2025-01-08,Ecig Charleston LLC,False,False,False
01/07/2025,12/04/2024,Candymar Produce Inc,Division of Southwest Imports,Foreign Supplier Verification Program (FSVP),,,2025-01-07,2024-12-04,Candymar Produce Inc,False,False,False
01/07/2025,11/12/2024,Veterinary Select Formula dba Allergic Pet,Center for Veterinary Medicine,New Animal Drug/Adulterated,,,2025-01-07,2024-11-12,Veterinary Select Formula dba Allergic Pet,False,False,False
01/07/2025,11/12/2024,"Energetic Essences, LLC dba Pet Essences",Center for Veterinary Medicine,New Animal Drug/Adulterated,,,2025-01-07,2024-11-12,"Energetic Essences, LLC dba Pet Essences",False,False,False
01/07/2025,11/12/2024,Nutrition Strength Ltd.,Center for Veterinary Medicine,New Animal Drug/Adulterated,,,2025-01-07,2024-11-12,Nutrition Strength Ltd.,False,False,False
01/07/2025,11/12/2024,Evolution Pets LLC,Center for Veterinary Medicine,New Animal Drug/Adulterated,,,2025-01-07,2024-11-12,Evolution Pets LLC,False,False,False
01/07/2025,12/12/2024,"XO Biologix, LLC",Center for Biologics Evaluation and Research (CBER),Unapproved New Drugs/Adulterated,,,2025-01-07,2024-12-12,"XO Biologix, LLC",False,False,False
01/07/2025,12/16/2024,Indoco Remedies Limited,Center for Drug Evaluation and Research (CDER),CGMP/Finished Pharmaceuticals/Adulterated,,,2025-01-07,2024-12-16,Indoco Remedies Limited,False,False,False
01/07/2025,11/12/2024,Intermarket Industries Inc. dba Doc Ackerman Pet Products,Center for Veterinary Medicine,New Animal Drug/Adulterated,,,2025-01-07,2024-11-12,Intermarket Industries Inc. dba Doc Ackerman Pet Products,False,False,False
01/07/2025,11/12/2024,HDFrenchies LLC dba Bully Baum,Center for Veterinary Medicine,New Animal Drug/Adulterated,,,2025-01-07,2024-11-12,HDFrenchies LLC dba Bully Baum,False,False,False
12/31/2024,12/18/2024,Bhargava Phytolab Private Limited,Center for Drug Evaluation and Research (CDER),CGMP/Finished Pharmaceutical/API/Adulterated,,,2024-12-31,2024-12-18,Bhargava Phytolab Private Limited,False,False,False
12/24/2024,12/17/2024,Brands International Corporation,Center for Drug Evaluation and Research (CDER),CGMP/Finished Pharmaceutical/Adulterated/Refusal to Allow Inspection,,,2024-12-24,2024-12-17,Brands International Corporation,False,False,False
12/24/2024,10/28/2024,Rontis Hellas S.A.,Center for Devices and Radiological Health,CGMP/QSR/Medical Devices/Adulterated,,03/12/2026,2024-12-24,2024-10-28,Rontis Hellas S.A.,True,True,True
12/24/2024,12/18/2024,"Sombra Cosmetics, Inc.",Center for Drug Evaluation and Research (CDER),CGMP/Finished Pharmaceuticals/Adulterated,,,2024-12-24,2024-12-18,"Sombra Cosmetics, Inc.",False,False,False
12/24/2024,12/19/2024,"Viatris, Inc.",Center for Drug Evaluation and Research (CDER),CGMP/Finished Pharmaceuticals/Adulterated,,,2024-12-24,2024-12-19,"Viatris, Inc.",False,False,False
12/24/2024,12/17/2024,Akron Formulations India Private Limited,Center for Drug Evaluation and Research (CDER),CGMP/Finished Pharmaceutical/Adulterated,,,2024-12-24,2024-12-17,Akron Formulations India Private Limited,False,False,False
12/24/2024,12/17/2024,Anne’s Daye Ltd dba Tampon Innovations,Center for Devices and Radiological Health,Investigational Device Exemptions (IDE)/Premarket Approval Application (PMA) Adulterated Device,,,2024-12-24,2024-12-17,Anne’s Daye Ltd dba Tampon Innovations,True,True,True
12/20/2024,12/18/2024,"E-liquid Brands, LLC",Center for Tobacco Products,Family Smoking Prevention and Tobacco Control Act/Adulterated/Misbranded,,,2024-12-20,2024-12-18,"E-liquid Brands, LLC",False,False,False
12/19/2024,12/18/2024,Vapezilla LLC,Center for Tobacco Products,Family Smoking Prevention and Tobacco Control Act/Adulterated/Misbranded,,,2024-12-19,2024-12-18,Vapezilla LLC,False,False,False
12/19/2024,12/19/2024,JBRANDS LLC,Center for Tobacco Products,Family Smoking Prevention and Tobacco Control Act/Adulterated/Misbranded,,,2024-12-19,2024-12-19,JBRANDS LLC,False,False,False
12/19/2024,12/18/2024,Chris Brown Vapes,Center for Tobacco Products,Family Smoking Prevention and Tobacco Control Act/Adulterated/Misbranded,,,2024-12-19,2024-12-18,Chris Brown Vapes,False,False,False
12/19/2024,12/18/2024,SJ Trading LTD d/b/a Cloud Chasers Club,Center for Tobacco Products,Family Smoking Prevention and Tobacco Control Act/Adulterated/Misbranded,,,2024-12-19,2024-12-18,SJ Trading LTD d/b/a Cloud Chasers Club,False,False,False
12/19/2024,12/18/2024,DK Global Enterprises LLC d/b/a I Love Vape LLC / Matrix Wholesaler LLC,Center for Tobacco Products,Family Smoking Prevention and Tobacco Control Act/Adulterated/Misbranded,,,2024-12-19,2024-12-18,DK Global Enterprises LLC d/b/a I Love Vape LLC / Matrix Wholesaler LLC,False,False,False
12/19/2024,12/18/2024,Shindler Distribution Inc. d/b/a VapoRush,Center for Tobacco Products,Family Smoking Prevention and Tobacco Control Act/Adulterated/Misbranded,,,2024-12-19,2024-12-18,Shindler Distribution Inc. d/b/a VapoRush,False,False,False
12/19/2024,12/18/2024,Vape Mania,Center for Tobacco Products,Family Smoking Prevention and Tobacco Control Act/Adulterated/Misbranded,,,2024-12-19,2024-12-18,Vape Mania,False,False,False
12/19/2024,12/18/2024,Jai Guruji LLC d/b/a Vape Marley,Center for Tobacco Products,Family Smoking Prevention and Tobacco Control Act/Adulterated/Misbranded,,,2024-12-19,2024-12-18,Jai Guruji LLC d/b/a Vape Marley,False,False,False
12/19/2024,12/18/2024,Elite Vapes,Center for Tobacco Products,Family Smoking Prevention and Tobacco Control Act/Adulterated/Misbranded,,,2024-12-19,2024-12-18,Elite Vapes,False,False,False
12/17/2024,12/10/2024,Veronvy,Center for Drug Evaluation and Research (CDER),Unapproved New Drugs/Misbranded,,,2024-12-17,2024-12-10,Veronvy,False,False,False
11/19/2024,11/07/2024,Originitalia SRL,Center for Drug Evaluation and Research (CDER),CGMP/Finished Pharmaceuticals/Adulterated,,,2024-11-19,2024-11-07,Originitalia SRL,False,False,False
11/19/2024,11/01/2024,"Frontier Biologics, LLC",Center for Biologics Evaluation and Research,Unapproved New Drug/Unlicensed Biological Product Violations,,,2024-11-19,2024-11-01,"Frontier Biologics, LLC",False,False,False
11/12/2024,11/07/2024,"Zhejiang Qimei Cosmetics Co., Ltd.",Center for Drug Evaluation and Research (CDER),CGMP/Finished Pharmaceuticals/Adulterated,,,2024-11-12,2024-11-07,"Zhejiang Qimei Cosmetics Co., Ltd.",False,False,False
11/12/2024,11/01/2024,"Owens & Minor, Inc. dba American Contract Systems, Inc.",Center for Devices and Radiological Health,CGMP/QSR/Medical Devices/Adulterated,,,2024-11-12,2024-11-01,"Owens & Minor, Inc. dba American Contract Systems, Inc.",True,True,True
11/12/2024,11/05/2024,Multaler et Cie SAS,Center for Drug Evaluation and Research (CDER),CGMP/Finished Pharmaceuticals/Adulterated/Unapproved New Drug,,,2024-11-12,2024-11-05,Multaler et Cie SAS,False,False,False
11/12/2024,05/31/2024,"Rongcheng Jiayuan Food Co., Ltd",Center for Food Safety and Applied Nutrition (CFSAN),Seafood HACCP/CGMP for Foods/Adulterated/Insanitary Conditions,,11/15/2024,2024-11-12,2024-05-31,"Rongcheng Jiayuan Food Co., Ltd",False,False,False
11/08/2024,11/06/2024,Daddy’s Vapor Distro Inc.,Center for Tobacco Products,Family Smoking Prevention and Tobacco Control Act/Adulterated/Misbranded,,,2024-11-08,2024-11-06,Daddy’s Vapor Distro Inc.,False,False,False
11/08/2024,09/10/2024,Micro-X Ltd.,Center for Devices and Radiological Health,CGMP/QSR/Medical Devices/Adulterated,,,2024-11-08,2024-09-10,Micro-X Ltd.,True,True,True
11/08/2024,10/18/2024,Rolence Ent. Inc.,Center for Devices and Radiological Health,CGMP/QSR/Medical Devices/Adulterated,,,2024-11-08,2024-10-18,Rolence Ent. Inc.,True,True,True
11/06/2024,11/04/2024,"Global Source Distribution, LLC",Center for Tobacco Products,Family Smoking Prevention and Tobacco Control Act/Adulterated/Misbranded,,,2024-11-06,2024-11-04,"Global Source Distribution, LLC",False,False,False
11/05/2024,10/24/2024,Fancy Drops Beauty LLC,Center for Drug Evaluation and Research (CDER),Unapproved New Drugs/Misbranded,,,2024-11-05,2024-10-24,Fancy Drops Beauty LLC,False,False,False
11/05/2024,10/29/2024,Armstrong County Memorial Hospital,Center for Drug Evaluation and Research (CDER),Institutional Review Board (IRB),,,2024-11-05,2024-10-29,Armstrong County Memorial Hospital,False,False,False
11/05/2024,10/10/2024,"Analytical Food Laboratories, Inc.",Center for Drug Evaluation and Research (CDER),CGMP/Finished Pharmaceuticals/Adulterated,,,2024-11-05,2024-10-10,"Analytical Food Laboratories, Inc.",False,False,False
11/05/2024,10/22/2024,"Ardent Animal Health, LLC",Center for Veterinary Medicine,Unapproved New Animal Drug Products,,,2024-11-05,2024-10-22,"Ardent Animal Health, LLC",False,False,False
11/05/2024,06/03/2024,"Top Health Manufacturing, LLC",Division of Human and Animal Food Operations West IV,CGMP/Dietary Supplement/Adulterated,,,2024-11-05,2024-06-03,"Top Health Manufacturing, LLC",False,False,False
10/31/2024,10/31/2024,Liquid Nics LLC,Center for Tobacco Products,Family Smoking Prevention and Tobacco Control Act/Adulterated/Misbranded,,,2024-10-31,2024-10-31,Liquid Nics LLC,False,False,False
10/31/2024,10/24/2024,"Modern Smoking Solutions, LLC",Center for Tobacco Products,Family Smoking Prevention and Tobacco Control Act/Adulterated/Misbranded,,,2024-10-31,2024-10-24,"Modern Smoking Solutions, LLC",False,False,False
10/30/2024,10/29/2024,"eCig Distributors, Inc. d/b/a eJuices.com",Center for Tobacco Products,Family Smoking Prevention and Tobacco Control Act/Adulterated/Misbranded,,,2024-10-30,2024-10-29,"eCig Distributors, Inc. d/b/a eJuices.com",False,False,False
10/30/2024,10/29/2024,Packs Pod,Center for Tobacco Products,Family Smoking Prevention and Tobacco Control Act/Adulterated/Misbranded,,,2024-10-30,2024-10-29,Packs Pod,False,False,False
10/30/2024,10/30/2024,"BFL Metal Products Co., LTD",Center for Tobacco Products,Family Smoking Prevention and Tobacco Control Act/Adulterated/Misbranded,,,2024-10-30,2024-10-30,"BFL Metal Products Co., LTD",False,False,False
10/30/2024,10/29/2024,Funny Vapes,Center for Tobacco Products,Family Smoking Prevention and Tobacco Control Act/Adulterated/Misbranded,,,2024-10-30,2024-10-29,Funny Vapes,False,False,False
10/30/2024,10/29/2024,Morevaping,Center for Tobacco Products,Family Smoking Prevention and Tobacco Control Act/Adulterated/Misbranded,,,2024-10-30,2024-10-29,Morevaping,False,False,False
10/30/2024,10/29/2024,North Disposable,Center for Tobacco Products,Family Smoking Prevention and Tobacco Control Act/Adulterated/Misbranded,,,2024-10-30,2024-10-29,North Disposable,False,False,False
10/30/2024,10/29/2024,Nexus Smoke,Center for Tobacco Products,Family Smoking Prevention and Tobacco Control Act/Adulterated/Misbranded,,,2024-10-30,2024-10-29,Nexus Smoke,False,False,False
10/30/2024,10/29/2024,CSVAPE.COM LLC,Center for Tobacco Products,Family Smoking Prevention and Tobacco Control Act/Adulterated/Misbranded,,,2024-10-30,2024-10-29,CSVAPE.COM LLC,False,False,False
10/30/2024,10/29/2024,Vapes and Such,Center for Tobacco Products,Family Smoking Prevention and Tobacco Control Act/Adulterated/Misbranded,,,2024-10-30,2024-10-29,Vapes and Such,False,False,False
10/30/2024,10/29/2024,"Green Rush, LLC d/b/a XHALE CITY",Center for Tobacco Products,Family Smoking Prevention and Tobacco Control Act/Adulterated/Misbranded,,,2024-10-30,2024-10-29,"Green Rush, LLC d/b/a XHALE CITY",False,False,False
10/29/2024,10/23/2024,MedOffice Saglik Endustri Anonim Sirketi,Center for Drug Evaluation and Research (CDER),CGMP/Finished Pharmaceuticals/Adulterated,,,2024-10-29,2024-10-23,MedOffice Saglik Endustri Anonim Sirketi,False,False,False
10/29/2024,10/01/2024,Paso Real Produce LLC,Division of Southwest Imports,Foreign Supplier Verification Program (FSVP),,,2024-10-29,2024-10-01,Paso Real Produce LLC,False,False,False
10/29/2024,10/10/2024,Future Best Trading Inc.,Division of West Coast Imports,Foreign Supplier Verification Program (FSVP),,,2024-10-29,2024-10-10,Future Best Trading Inc.,False,False,False
10/29/2024,10/21/2024,"Choice All Natural, Inc. dba Om Botanical",Center for Drug Evaluation and Research (CDER),CGMP/Finished Pharmaceuticals/Adulterated,,,2024-10-29,2024-10-21,"Choice All Natural, Inc. dba Om Botanical",False,False,False
10/22/2024,10/09/2024,"OKC Vapes, LLC",Center for Tobacco Products,Family Smoking Prevention and Tobacco Control Act/Adulterated/Misbranded,,,2024-10-22,2024-10-09,"OKC Vapes, LLC",False,False,False
10/22/2024,10/01/2024,"Pinnacle Transplant Technologies, LLC",Center for Biologics Evaluation and Research (CBER),"Deviations/CFR/Regulations for Human Cells, Tissues & Cellular Products (HCT/Ps)",,,2024-10-22,2024-10-01,"Pinnacle Transplant Technologies, LLC",False,False,False
10/22/2024,10/11/2024,"Blackfly Investments, LLC dba Molecular® Testing Labs",Center for Biologics Evaluation and Research (CBER),Investigational Device Exemptions (IDE)/Premarket Approval Application (PMA),,,2024-10-22,2024-10-11,"Blackfly Investments, LLC dba Molecular® Testing Labs",False,True,True
10/22/2024,10/10/2024,Soliteint Kozmetikai KFT,Center for Drug Evaluation and Research (CDER),CGMP/Finished Pharmaceuticals/Adulterated,,,2024-10-22,2024-10-10,Soliteint Kozmetikai KFT,False,False,False
10/22/2024,10/02/2024,Omni Lens Pvt. Ltd.,Center for Drug Evaluation and Research (CDER),CGMP/Finished Pharmaceuticals/Adulterated/Misbranded/Failure to Register,,,2024-10-22,2024-10-02,Omni Lens Pvt. Ltd.,False,False,False
10/22/2024,10/09/2024,Central Vapors and Central Vapors LLC,Center for Tobacco Products,Family Smoking Prevention and Tobacco Control Act/Adulterated/Misbranded,,,2024-10-22,2024-10-09,Central Vapors and Central Vapors LLC,False,False,False
10/22/2024,10/01/2024,"Amnio Technology, LLC",Center for Biologics Evaluation and Research (CBER),"Deviations/CFR/Regulations for Human Cells, Tissues & Cellular Products (HCT/Ps)",,,2024-10-22,2024-10-01,"Amnio Technology, LLC",False,False,False
10/22/2024,04/02/2024,Stokes Healthcare Inc. dba Epicur Pharma,Division of Pharmaceutical Quality Operations I,Compounding Pharmacy/Adulterated Drug Products,,,2024-10-22,2024-04-02,Stokes Healthcare Inc. dba Epicur Pharma,False,False,False
10/22/2024,10/17/2024,Diora Kimya Sanayi ve Ticaret Limited Sirketi,Center for Drug Evaluation and Research (CDER),CGMP/Finished Pharmaceuticals/Adulterated/Misbranded/Failure to Register,,,2024-10-22,2024-10-17,Diora Kimya Sanayi ve Ticaret Limited Sirketi,False,False,False
09/27/2024,09/25/2024,Southeast Distro Inc.,Center for Tobacco Products,Family Smoking Prevention and Tobacco Control Act/Adulterated/Misbranded,,,2024-09-27,2024-09-25,Southeast Distro Inc.,False,False,False
09/24/2024,09/20/2024,"Azurity Pharmaceuticals, Inc.",Center for Drug Evaluation and Research (CDER),CGMP/Finished Pharmaceuticals/Adulterated/Unapproved New Drug,,03/03/2026,2024-09-24,2024-09-20,"Azurity Pharmaceuticals, Inc.",False,False,False
09/24/2024,04/25/2024,Brewing Market Coffee,Division of Human and Animal Food Operations West IV,Acidified Foods/Emergency Permit Control/Adulterated,,12/16/2025,2024-09-24,2024-04-25,Brewing Market Coffee,False,False,False
09/24/2024,09/12/2024,Nomida.biz,Center for Drug Evaluation and Research (CDER),Unapproved New Drugs/Misbranded,,,2024-09-24,2024-09-12,Nomida.biz,False,False,False
09/24/2024,08/06/2024,"Wittman Pharma, Inc.",Division of Pharmaceutical Quality Operations II,CGMP/Finished Pharmaceuticals/Adulterated,,,2024-09-24,2024-08-06,"Wittman Pharma, Inc.",False,False,False
09/24/2024,07/24/2024,"Aerosol and Liquid Packaging, Inc.",Division of Pharmaceutical Quality Operations I,CGMP/Finished Pharmaceuticals/Adulterated,,,2024-09-24,2024-07-24,"Aerosol and Liquid Packaging, Inc.",False,False,False
09/24/2024,07/24/2024,Warbucks Seafood NY LLC,Division of Northeast Imports,Foreign Supplier Verification Program (FSVP),,04/17/2025,2024-09-24,2024-07-24,Warbucks Seafood NY LLC,False,False,False
09/24/2024,08/15/2024,"Accupack Midwest, Inc.",Division of Pharmaceutical Quality Operations III,CGMP/Finished Pharmaceuticals/Adulterated,,,2024-09-24,2024-08-15,"Accupack Midwest, Inc.",False,False,False
09/24/2024,08/13/2024,"Restorative Botanicals, LLC",Division of Human and Animal Food Operations West IV,CGMP/Dietary Supplement/Adulterated,,,2024-09-24,2024-08-13,"Restorative Botanicals, LLC",False,False,False
09/17/2024,08/12/2024,"Greco Gas, Inc.",Office of Pharmaceutical Quality,CGMP/Finished Pharmaceuticals/Adulterated,,,2024-09-17,2024-08-12,"Greco Gas, Inc.",False,False,False
09/17/2024,09/10/2024,Aromas Para El Alma S.A.,Center for Drug Evaluation and Research (CDER),CGMP/Finished Pharmaceuticals/Adulterated/Unapproved New Drug/Misbranded,,,2024-09-17,2024-09-10,Aromas Para El Alma S.A.,False,False,False
09/17/2024,03/21/2024,"St. Louis Calco, LLC",Division of Human and Animal Food Operations West II,Food/Prepared Packed or Held Under Insanitary Conditions/Adulterated,,,2024-09-17,2024-03-21,"St. Louis Calco, LLC",False,False,False
09/17/2024,07/17/2024,"TJA Health, LLC",Division of Pharmaceutical Quality Operations III,CGMP/Finished Pharmaceuticals/Adulterated,,,2024-09-17,2024-07-17,"TJA Health, LLC",False,False,False
09/17/2024,09/09/2024,EnviroServe Chemicals & Cleaners Ltd.,Center for Drug Evaluation and Research (CDER),CGMP/Finished Pharmaceuticals/Adulterated/Unapproved New Drug/Misbranded,,,2024-09-17,2024-09-09,EnviroServe Chemicals & Cleaners Ltd.,False,False,False
09/16/2024,09/12/2024,Exotic Wholesale LLC,Center for Tobacco Products,Family Smoking Prevention and Tobacco Control Act/Adulterated/Misbranded,,,2024-09-16,2024-09-12,Exotic Wholesale LLC,False,False,False
09/13/2024,09/12/2024,"Bugatti Vape, LLC",Center for Tobacco Products,Family Smoking Prevention and Tobacco Control Act/Adulterated/Misbranded,,,2024-09-13,2024-09-12,"Bugatti Vape, LLC",False,False,False
09/13/2024,09/12/2024,Sweet TSV 1 d/b/a Sweet Vape Shop,Center for Tobacco Products,Family Smoking Prevention and Tobacco Control Act/Adulterated/Misbranded,,,2024-09-13,2024-09-12,Sweet TSV 1 d/b/a Sweet Vape Shop,False,False,False
09/13/2024,09/12/2024,MR FOG d/b/a MR FOG Officials,Center for Tobacco Products,Family Smoking Prevention and Tobacco Control Act/Adulterated/Misbranded,,,2024-09-13,2024-09-12,MR FOG d/b/a MR FOG Officials,False,False,False
09/13/2024,09/12/2024,Mr Fog Switch,Center for Tobacco Products,Family Smoking Prevention and Tobacco Control Act/Adulterated/Misbranded,,,2024-09-13,2024-09-12,Mr Fog Switch,False,False,False
09/13/2024,09/12/2024,SS Vape Brands Inc. d/b/a Monster Vape Labs d/b/a The Monster Group,Center for Tobacco Products,Family Smoking Prevention and Tobacco Control Act/Adulterated/Misbranded,,,2024-09-13,2024-09-12,SS Vape Brands Inc. d/b/a Monster Vape Labs d/b/a The Monster Group,False,False,False
09/13/2024,09/12/2024,Mery Vape,Center for Tobacco Products,Family Smoking Prevention and Tobacco Control Act/Adulterated/Misbranded,,,2024-09-13,2024-09-12,Mery Vape,False,False,False
09/13/2024,09/12/2024,Shenzhen Greensound High-Tech Co. Ltd. d/b/a ENVA,Center for Tobacco Products,Family Smoking Prevention and Tobacco Control Act/Adulterated/Misbranded,,,2024-09-13,2024-09-12,Shenzhen Greensound High-Tech Co. Ltd. d/b/a ENVA,False,False,False
09/13/2024,09/12/2024,Breeze Smoke Official,Center for Tobacco Products,Family Smoking Prevention and Tobacco Control Act/Adulterated/Misbranded,,,2024-09-13,2024-09-12,Breeze Smoke Official,False,False,False
09/13/2024,09/12/2024,"Beard Management Inc. d/b/a Beard Vape Co. d/b/a Lucky Bar Holdings, d/b/a Fifty Bar",Center for Tobacco Products,Family Smoking Prevention and Tobacco Control Act/Adulterated/Misbranded,,,2024-09-13,2024-09-12,"Beard Management Inc. d/b/a Beard Vape Co. d/b/a Lucky Bar Holdings, d/b/a Fifty Bar",False,False,False
09/13/2024,09/12/2024,Quad Life USA Inc.,Center for Tobacco Products,Family Smoking Prevention and Tobacco Control Act/Adulterated/Misbranded,,,2024-09-13,2024-09-12,Quad Life USA Inc.,False,False,False
09/13/2024,09/12/2024,"FUNCOOL Technology Co., Limited d/b/a RAZ Vape",Center for Tobacco Products,Family Smoking Prevention and Tobacco Control Act/Adulterated/Misbranded,,,2024-09-13,2024-09-12,"FUNCOOL Technology Co., Limited d/b/a RAZ Vape",False,False,False
09/11/2024,09/10/2024,Sanitation & Environmental Technology Institute dba SDWH,Center for Devices and Radiological Health,Investigational Device Exemptions (IDE)/Premarket Approval Application (PMA),,,2024-09-11,2024-09-10,Sanitation & Environmental Technology Institute dba SDWH,True,True,True
09/11/2024,09/10/2024,"Mid-Link Testing Company, Ltd",Center for Devices and Radiological Health,Investigational Device Exemptions (IDE)/Premarket Approval Application (PMA),,,2024-09-11,2024-09-10,"Mid-Link Testing Company, Ltd",True,True,True
09/10/2024,09/05/2024,Master Sales LLC,Center for Tobacco Products,Family Smoking Prevention and Tobacco Control Act/Adulterated/Misbranded,,,2024-09-10,2024-09-05,Master Sales LLC,False,False,False
09/10/2024,08/29/2024,Zydus Lifesciences Limited,Center for Drug Evaluation and Research (CDER),CGMP/Finished Pharmaceuticals/Adulterated,,12/16/2025,2024-09-10,2024-08-29,Zydus Lifesciences Limited,False,False,False
09/10/2024,08/13/2024,"Optikem International, Inc.",Center for Devices and Radiological Health,CGMP/QSR/Medical Devices/Adulterated,,,2024-09-10,2024-08-13,"Optikem International, Inc.",True,True,True
09/10/2024,08/30/2024,"Root Bioscience Brands, LLC dba Naternal",Center for Drug Evaluation and Research (CDER),Unapproved New Drugs/Misbranded,,,2024-09-10,2024-08-30,"Root Bioscience Brands, LLC dba Naternal",False,False,False
09/10/2024,09/03/2024,Avaria Health & Beauty Corp.,Center for Drug Evaluation and Research (CDER),CGMP/Finished Pharmaceuticals/Adulterated,,,2024-09-10,2024-09-03,Avaria Health & Beauty Corp.,False,False,False
09/10/2024,08/29/2024,Orean Personal Care Ltd.,Center for Drug Evaluation and Research (CDER),CGMP/Finished Pharmaceuticals/Adulterated,,,2024-09-10,2024-08-29,Orean Personal Care Ltd.,False,False,False
09/10/2024,08/22/2024,California Veterinary Supply,Center for Veterinary Medicine,Unapproved Medically Important Antimicrobials Marketed for Use in Non-food Minor Species,,,2024-09-10,2024-08-22,California Veterinary Supply,False,False,False
09/06/2024,08/16/2024,"Regenerative Processing Plant, LLC",Center for Biologics Evaluation and Research,CGMP/Finished Pharmaceuticals/Adulterated,,,2024-09-06,2024-08-16,"Regenerative Processing Plant, LLC",False,False,False
09/03/2024,08/19/2024,Kaylaan LLC,Division of Pharmaceutical Quality Operations I,CGMP/Finished Pharmaceuticals/Adulterated,,,2024-09-03,2024-08-19,Kaylaan LLC,False,False,False
09/03/2024,08/01/2024,Dasada Group LLC,Division of Southwest Imports,Foreign Supplier Verification Program (FSVP),,,2024-09-03,2024-08-01,Dasada Group LLC,False,False,False
09/03/2024,08/16/2024,EBCREATE Store,Center for Tobacco Products,Family Smoking Prevention and Tobacco Control Act/Adulterated/Misbranded,,,2024-09-03,2024-08-16,EBCREATE Store,False,False,False
09/03/2024,08/27/2024,Everymarket Inc.,Center for Drug Evaluation and Research (CDER),Unapproved New Drugs/Misbranded,,,2024-09-03,2024-08-27,Everymarket Inc.,False,False,False
09/03/2024,08/27/2024,SoloVital,Center for Drug Evaluation and Research (CDER),Unapproved New Drugs/Misbranded,,,2024-09-03,2024-08-27,SoloVital,False,False,False
09/03/2024,08/27/2024,MexHealth LLC d/b/a Al Natural E-Shop,Center for Drug Evaluation and Research (CDER),Unapproved New Drugs/Misbranded,,,2024-09-03,2024-08-27,MexHealth LLC d/b/a Al Natural E-Shop,False,False,False
09/03/2024,08/13/2024,Waiakea Bottling Inc.,Division of Human and Animal Food Operations West V,CGMP/Processing & Bottling of Bottled Drinking Water Regulations/Adulterated,,,2024-09-03,2024-08-13,Waiakea Bottling Inc.,False,False,False
09/03/2024,08/20/2024,"Mother Stem Institute, Corp.",Center for Biologics Evaluation and Research (CBER),"Deviations/CFR/Regulations for Human Cells, Tissues & Cellular Products (HCT/Ps)",,,2024-09-03,2024-08-20,"Mother Stem Institute, Corp.",False,False,False
09/03/2024,08/20/2024,"Julio R. Flamini, M.D./Clinical Integrative Research Center of Atlanta",Center for Drug Evaluation and Research (CDER),Clinical Investigator,,,2024-09-03,2024-08-20,"Julio R. Flamini, M.D./Clinical Integrative Research Center of Atlanta",False,False,False
09/03/2024,08/14/2024,"Graceleigh, Inc. dba Sammy’s Milk",Division of Human and Animal Food Operations West V,Food Labeling/Misbranded,,,2024-09-03,2024-08-14,"Graceleigh, Inc. dba Sammy’s Milk",False,False,False
09/03/2024,08/22/2024,Parallel Direct LLC d/b/a The Magic Mist,Center for Tobacco Products,Family Smoking Prevention and Tobacco Control Act/Adulterated/Misbranded,,,2024-09-03,2024-08-22,Parallel Direct LLC d/b/a The Magic Mist,False,False,False
08/30/2024,08/29/2024,Good Karma Cigar LLC,Center for Tobacco Products,Family Smoking Prevention and Tobacco Control Act/Adulterated/Misbranded,,,2024-08-30,2024-08-29,Good Karma Cigar LLC,False,False,False
08/29/2024,08/29/2024,Vape On LLC d/b/a Imperial Vapor Co.,Center for Tobacco Products,Family Smoking Prevention and Tobacco Control Act/Adulterated/Misbranded,,,2024-08-29,2024-08-29,Vape On LLC d/b/a Imperial Vapor Co.,False,False,False
08/29/2024,08/29/2024,"Favorite Daughter, LLC d/b/a Phoenix Vapor Shop",Center for Tobacco Products,Family Smoking Prevention and Tobacco Control Act/Adulterated/Misbranded,,,2024-08-29,2024-08-29,"Favorite Daughter, LLC d/b/a Phoenix Vapor Shop",False,False,False
08/28/2024,08/08/2024,Shenzhen Moyeah Intelligent Life Technology Co.,Center for Devices and Radiological Health,Investigational Device Exemptions (IDE)/Premarket Approval Application (PMA) Adulterated Device,,,2024-08-28,2024-08-08,Shenzhen Moyeah Intelligent Life Technology Co.,True,True,True
08/28/2024,08/07/2024,LEEL Tech,Center for Devices and Radiological Health,Investigational Device Exemptions (IDE)/Premarket Approval Application (PMA) Adulterated Device,,,2024-08-28,2024-08-07,LEEL Tech,True,True,True
08/28/2024,08/07/2024,"Natures Pillows, Inc. and Top Dog Direct, LLC",Center for Devices and Radiological Health,Investigational Device Exemptions (IDE)/Premarket Approval Application (PMA) Adulterated Device,,,2024-08-28,2024-08-07,"Natures Pillows, Inc. and Top Dog Direct, LLC",True,True,True
08/28/2024,08/07/2024,Adventure Innovations LLC,Center for Devices and Radiological Health,Investigational Device Exemptions (IDE)/Premarket Approval Application (PMA) Adulterated Device,,,2024-08-28,2024-08-07,Adventure Innovations LLC,True,True,True
08/27/2024,08/07/2024,J. Moniz Company Inc.,Division of Northeast Imports,Seafood HACCP/CGMP for Foods/Adulterated/Insanitary Conditions,,,2024-08-27,2024-08-07,J. Moniz Company Inc.,False,False,False
08/27/2024,08/16/2024,"Apollo Future Technology, Inc.",Center for Tobacco Products,Family Smoking Prevention and Tobacco Control Act/Adulterated/Misbranded,,,2024-08-27,2024-08-16,"Apollo Future Technology, Inc.",False,False,False
08/27/2024,06/28/2024,"Berkeley Biologics, LLC, previously operating as Elutia, Inc. – Orthobiologics Business Unit, formerly Aziyo Biologics, Inc.",Center for Biologics Evaluation and Research (CBER),"Deviations/CFR/Regulations for Human Cells, Tissues & Cellular Products (HCT/Ps)",,,2024-08-27,2024-06-28,"Berkeley Biologics, LLC, previously operating as Elutia, Inc. – Orthobiologics Business Unit, formerly Aziyo Biologics, Inc.",False,False,False
08/27/2024,07/29/2024,1 Stop Chicken Health Shop,Center for Veterinary Medicine,Unapproved New Animal Drug Products,,,2024-08-27,2024-07-29,1 Stop Chicken Health Shop,False,False,False
08/27/2024,08/16/2024,"V3Beyond, Inc. d/b/a Beyond Vape",Center for Tobacco Products,Family Smoking Prevention and Tobacco Control Act/Adulterated/Misbranded,,,2024-08-27,2024-08-16,"V3Beyond, Inc. d/b/a Beyond Vape",False,False,False
08/27/2024,08/05/2024,Anglo Freight USA Inc.,Division of Northern Border Imports,Foreign Supplier Verification Program (FSVP),,,2024-08-27,2024-08-05,Anglo Freight USA Inc.,False,False,False
08/27/2024,08/16/2024,"Turning Point Brands, Inc. d/b/a VaporFi",Center for Tobacco Products,Family Smoking Prevention and Tobacco Control Act/Adulterated/Misbranded,,,2024-08-27,2024-08-16,"Turning Point Brands, Inc. d/b/a VaporFi",False,False,False
07/02/2024,06/24/2024,Ozempen.com,Center for Drug Evaluation and Research | CDER,Unlawful Sale of Unapproved and Misbranded Drugs to United States Consumers Over the Internet,,,2024-07-02,2024-06-24,Ozempen.com,False,False,False
05/28/2024,12/04/2023,Ostar Beauty Sci-Tech Co Ltd.,"OHT4: Office of Surgical and Infection Control Devices, Office of Product Evaluation and Quality",Investigational Device Exemptions (IDE)/Premarket Approval Application (PMA) Adulterated Device,,,2024-05-28,2023-12-04,Ostar Beauty Sci-Tech Co Ltd.,True,True,True
05/28/2024,05/13/2024,Aruba Aloe Balm N.V.,Center for Drug Evaluation and Research | CDER,CGMP/Finished Pharmaceuticals/Adulterated/Misbranded,,,2024-05-28,2024-05-13,Aruba Aloe Balm N.V.,False,False,False
05/28/2024,04/30/2024,Ward Smelling Salts,Center for Drug Evaluation and Research | CDER,Finished Pharmaceuticals/Unapproved New Drug/Misbranded,,,2024-05-28,2024-04-30,Ward Smelling Salts,False,False,False
05/28/2024,05/09/2024,"Biomic Sciences, LLC dba ION Intelligence of Nature",Division of Human and Animal Food Operations East II,CGMP/Finished Pharmaceuticals/Adulterated,,,2024-05-28,2024-05-09,"Biomic Sciences, LLC dba ION Intelligence of Nature",False,False,False
05/28/2024,04/05/2024,"Safari Stem Cell, LLC",Division of Biological Products Operations II,CGMP/Finished Pharmaceuticals/Adulterated/Unapproved New Drug,,,2024-05-28,2024-04-05,"Safari Stem Cell, LLC",False,False,False
05/28/2024,05/14/2024,Genpro Imports & Export Inc.,Division of West Coast Imports,Foreign Supplier Verification Program (FSVP),,,2024-05-28,2024-05-14,Genpro Imports & Export Inc.,False,False,False
05/21/2024,11/29/2023,"Litehouse, Inc.",Office of Human and Animal Food Operations Division East 6,CGMP Food Labeling/Allergen/Misbranded,,,2024-05-21,2023-11-29,"Litehouse, Inc.",False,False,False
05/21/2024,04/22/2024,"Cookies-n-Milk, LLC",Division of Human and Animal Food West III Compliance Branch (HAFW3-CB),CGMP/Packaging/Misbranded,,,2024-05-21,2024-04-22,"Cookies-n-Milk, LLC",False,False,False
05/21/2024,03/25/2024,"Central Admixture Pharmacy Services, Inc.",Division of Pharmaceutical Quality Operations IV,CGMP/Drug Products/Adulterated,,,2024-05-21,2024-03-25,"Central Admixture Pharmacy Services, Inc.",False,False,False
05/21/2024,04/30/2024,"Akan Biosciences, Inc.",Office of Biological Products Operations – Division I,"CGMP/Regulations for Human Cells, Tissues & Cellular Products (HCT/Ps)",,,2024-05-21,2024-04-30,"Akan Biosciences, Inc.",False,False,False
05/21/2024,04/01/2024,"Seatex, LLC",Division of Pharmaceutical Quality Operations II,CGMP/Finished Pharmaceuticals/Adulterated,,,2024-05-21,2024-04-01,"Seatex, LLC",False,False,False
05/21/2024,02/27/2024,"Meditco, Inc. D.B.A. Phoenicia Specialty Foods",Division of Southwest Imports,FSVP/Human and Animal Foods,,,2024-05-21,2024-02-27,"Meditco, Inc. D.B.A. Phoenicia Specialty Foods",False,False,False
05/21/2024,04/22/2024,"Rash Catering Services, LLC",Division of Southwest Imports,FSVP/Seafood HACCP,,,2024-05-21,2024-04-22,"Rash Catering Services, LLC",False,False,False
05/21/2024,05/16/2024,Swity d.o.o.,Center for Food Safety and Applied Nutrition,Acidified Foods/Emergency Permit Control/Adulterated/Misbranded,,06/03/2025,2024-05-21,2024-05-16,Swity d.o.o.,False,False,False
05/14/2024,03/19/2024,"JX Restaurants, Inc.",Division of Human and Animal Food Operations West II,"CGMP/Food/Prepared, Packed or Held Under Insanitary Conditions/Adulterated/L. monocytogenes",,,2024-05-14,2024-03-19,"JX Restaurants, Inc.",False,False,False
05/14/2024,04/17/2024,Ocean Group Inc.,Division of Human and Animal Food Operations West V,Seafood HACCP/CGMP for Foods/Adulterated/Insanitary Conditions,,,2024-05-14,2024-04-17,Ocean Group Inc.,False,False,False
05/14/2024,03/27/2024,Vintage Chemical Inc.,Division of Pharmaceutical Quality Operations III,CGMP/Finished Pharmaceuticals/Adulterated,,,2024-05-14,2024-03-27,Vintage Chemical Inc.,False,False,False
05/14/2024,03/29/2024,"Central Admixture Pharmacy Services, Inc.",Division of Pharmaceutical Quality Operations I,CGMP/Drug Products/Adulterated,,,2024-05-14,2024-03-29,"Central Admixture Pharmacy Services, Inc.",False,False,False
05/14/2024,04/15/2024,Cohere Beauty,Division of Pharmaceutical Quality Operations IV,CGMP/Finished Pharmaceuticals/Adulterated,,,2024-05-14,2024-04-15,Cohere Beauty,False,False,False
05/14/2024,04/30/2024,Washington Fertility Center,Division of Biological Products Operations I,"Deviations/CFR/Regulations for Human Cells, Tissues & Cellular Products (HCT/Ps)",,,2024-05-14,2024-04-30,Washington Fertility Center,False,False,False
05/14/2024,04/17/2024,Westwood Laboratories LLC,Division of Pharmaceutical Quality Operations IV,CGMP/Finished Pharmaceuticals/Adulterated,,,2024-05-14,2024-04-17,Westwood Laboratories LLC,False,False,False
05/14/2024,05/03/2024,"Natuzen Co., Ltd.",Center for Drug Evaluation and Research | CDER,CGMP/Finished Pharmaceuticals/Adulterated,,03/11/2025,2024-05-14,2024-05-03,"Natuzen Co., Ltd.",False,False,False
05/14/2024,04/01/2024,"Seatex, LLC",Division of Pharmaceutical Quality Operations II,CGMP/Finished Pharmaceuticals/Adulterated,,,2024-05-14,2024-04-01,"Seatex, LLC",False,False,False
05/14/2024,03/29/2024,Coombe Castle International Ltd.,Center for Food Safety and Applied Nutrition (CFSAN),Low Acid Canned Food Regulation/Adulterated,,,2024-05-14,2024-03-29,Coombe Castle International Ltd.,False,False,False
05/14/2024,03/01/2024,"Carbon Fire, LLC",Center for Food Safety and Applied Nutrition (CFSAN),Dietary Supplement/Adulterated,,,2024-05-14,2024-03-01,"Carbon Fire, LLC",False,False,False
05/14/2024,04/17/2024,Blue Caribbean Foods Inc.,Center for Food Safety and Applied Nutrition (CFSAN),Seafood HACCP/CGMP for Foods/Adulterated,,,2024-05-14,2024-04-17,Blue Caribbean Foods Inc.,False,False,False
05/14/2024,04/30/2024,Grupo Quimico SRL,Center for Drug Evaluation and Research | CDER,CGMP/Finished Pharmaceuticals/Adulterated,,,2024-05-14,2024-04-30,Grupo Quimico SRL,False,False,False
05/14/2024,04/04/2024,"Hacienda Mexican Foods, LLC",Division of Human and Animal Food Operations East VI,"CGMP/Food/Prepared, Packed or Held Under Insanitary Conditions/Adulterated",,,2024-05-14,2024-04-04,"Hacienda Mexican Foods, LLC",False,False,False
05/14/2024,04/17/2024,"G.N.R. Group Co., LTD.",Center for Food Safety and Applied Nutrition (CFSAN),Juice/HACCP/Adulterated,,,2024-05-14,2024-04-17,"G.N.R. Group Co., LTD.",False,False,False
05/14/2024,04/23/2024,Ng Zheng Inc. DBA Kwan Sang Noodle Company,Division of Human and Animal Food Operations West IV,"CGMP/Food/Prepared, Packed or Held Under Insanitary Conditions/Adulterated",,,2024-05-14,2024-04-23,Ng Zheng Inc. DBA Kwan Sang Noodle Company,False,False,False
05/14/2024,04/25/2024,California Bread Co.,Division of Human and Animal Food Operations West V,Food Labeling/Misbranded,,,2024-05-14,2024-04-25,California Bread Co.,False,False,False
05/13/2024,05/13/2024,"SZ Vape LLC, d/b/a Vype Vapor",Center for Tobacco Products,Family Smoking Prevention and Tobacco Control Act/Adulterated/Misbranded,,,2024-05-13,2024-05-13,"SZ Vape LLC, d/b/a Vype Vapor",False,False,False
05/13/2024,05/09/2024,"Cue Health, Inc.",Center for Devices and Radiological Health,CGMP/QSR/Medical Devices/Adulterated,,,2024-05-13,2024-05-09,"Cue Health, Inc.",True,True,True
05/07/2024,03/21/2024,"Augustine Temperature Management, LLC",Center for Devices and Radiological Health,Medical Device Reporting/Misbranded,,,2024-05-07,2024-03-21,"Augustine Temperature Management, LLC",True,True,True
05/07/2024,04/03/2024,Bioptimal International,"""OHT2: Office of Cardiovascular Devices, Office of Product Evaluation and Quality""",CGMP/QSR/Medical Devices/Adulterated,,,2024-05-07,2024-04-03,Bioptimal International,True,True,True
05/07/2024,04/24/2024,"Sheng Kee of California, Inc dba Sheng Kee Bakery",Center for Food Safety and Applied Nutrition (CFSAN),"CGMP/Food/Prepared, Packed or Held Under Insanitary Conditions/Adulterated",,,2024-05-07,2024-04-24,"Sheng Kee of California, Inc dba Sheng Kee Bakery",False,False,False
05/07/2024,04/30/2024,Global Cosmetics Company Limited,Center for Drug Evaluation and Research | CDER,CGMP/Finished Pharmaceuticals/Adulterated,,,2024-05-07,2024-04-30,Global Cosmetics Company Limited,False,False,False
05/07/2024,02/22/2024,Always Fresco LLC,Division of Southwest Imports,Foreign Supplier Verification Program (FSVP),,,2024-05-07,2024-02-22,Always Fresco LLC,False,False,False
05/07/2024,03/25/2024,Juquilita Mexican Imports LLC,Division of West Coast Imports,Foreign Supplier Verification Program (FSVP),,,2024-05-07,2024-03-25,Juquilita Mexican Imports LLC,False,False,False
05/07/2024,04/23/2024,"ISPE Produce, Inc.",Division of Southwest Imports,Foreign Supplier Verification Program (FSVP),,,2024-05-07,2024-04-23,"ISPE Produce, Inc.",False,False,False
05/07/2024,05/02/2024,"Kevin R. Bender, M.D./DBC Research Corporation",Center for Drug Evaluation and Research | CDER,Clinical Investigator,,,2024-05-07,2024-05-02,"Kevin R. Bender, M.D./DBC Research Corporation",False,False,False
05/07/2024,04/18/2024,"APG SEVEN, INC",Division of Human and Animal Food Operations East IV,New Drug/Misbranded,,,2024-05-07,2024-04-18,"APG SEVEN, INC",False,False,False
05/07/2024,02/09/2024,"Hunan Gagazui Food Co., Ltd.",Center for Food Safety and Applied Nutrition (CFSAN),Low Acid Canned Food Regulation/Adulterated,,05/13/2024,2024-05-07,2024-02-09,"Hunan Gagazui Food Co., Ltd.",False,False,False
05/07/2024,05/07/2024,Caribbean Cloud Dot Com d/b/a Gorilla Vapes of Philadelphia,Center for Tobacco Products,Family Smoking Prevention and Tobacco Control Act/Adulterated/Misbranded,,,2024-05-07,2024-05-07,Caribbean Cloud Dot Com d/b/a Gorilla Vapes of Philadelphia,False,False,False
05/07/2024,03/21/2024,"Jolca, S.A.",Center for Food Safety and Applied Nutrition (CFSAN),Seafood HACCP/CGMP for Foods/Adulterated,,,2024-05-07,2024-03-21,"Jolca, S.A.",False,False,False
05/07/2024,04/17/2024,"Pingdingshan Tianjing Plant Albumen Co., Ltd.",Center for Food Safety and Applied Nutrition (CFSAN),"CGMP/Food/Prepared, Packed or Held Under Insanitary Conditions/Adulterated",,,2024-05-07,2024-04-17,"Pingdingshan Tianjing Plant Albumen Co., Ltd.",False,False,False
05/01/2024,04/30/2024,Lulu’s Mini Market LLC dba Rubii Smoke Shop,Center for Tobacco Products,Family Smoking Prevention and Tobacco Control Act/Adulterated/Misbranded,,,2024-05-01,2024-04-30,Lulu’s Mini Market LLC dba Rubii Smoke Shop,False,False,False
05/01/2024,04/30/2024,Vape4Less,Center for Tobacco Products,Family Smoking Prevention and Tobacco Control Act/Adulterated/Misbranded,,,2024-05-01,2024-04-30,Vape4Less,False,False,False
05/01/2024,04/30/2024,"Lake June Business, Inc. d/b/a ZennVapes Wholesale and Distribution",Center for Tobacco Products,Family Smoking Prevention and Tobacco Control Act/Adulterated/Misbranded,,,2024-05-01,2024-04-30,"Lake June Business, Inc. d/b/a ZennVapes Wholesale and Distribution",False,False,False
05/01/2024,04/30/2024,"GlenVape, Inc",Center for Tobacco Products,Family Smoking Prevention and Tobacco Control Act/Adulterated/Misbranded,,,2024-05-01,2024-04-30,"GlenVape, Inc",False,False,False
05/01/2024,04/30/2024,PWJ Mart Corp d/b/a Puff Joy,Center for Tobacco Products,Family Smoking Prevention and Tobacco Control Act/Adulterated/Misbranded,,,2024-05-01,2024-04-30,PWJ Mart Corp d/b/a Puff Joy,False,False,False
05/01/2024,04/30/2024,Smok City Inc. dba SmokCity,Center for Tobacco Products,Family Smoking Prevention and Tobacco Control Act/Adulterated/Misbranded,,,2024-05-01,2024-04-30,Smok City Inc. dba SmokCity,False,False,False
05/01/2024,04/30/2024,Star Distribution Inc. d/b/a Vape Star USA,Center for Tobacco Products,Family Smoking Prevention and Tobacco Control Act/Adulterated/Misbranded,,,2024-05-01,2024-04-30,Star Distribution Inc. d/b/a Vape Star USA,False,False,False
05/01/2024,04/30/2024,VapeNico,Center for Tobacco Products,Family Smoking Prevention and Tobacco Control Act/Adulterated/Misbranded,,,2024-05-01,2024-04-30,VapeNico,False,False,False
05/01/2024,04/30/2024,"First Class Distribution, LLC d/b/a EJuice Store",Center for Tobacco Products,Family Smoking Prevention and Tobacco Control Act/Adulterated/Misbranded,,,2024-05-01,2024-04-30,"First Class Distribution, LLC d/b/a EJuice Store",False,False,False
05/01/2024,04/30/2024,Vape Juice Depot,Center for Tobacco Products,Family Smoking Prevention and Tobacco Control Act/Adulterated/Misbranded,,,2024-05-01,2024-04-30,Vape Juice Depot,False,False,False
05/01/2024,04/30/2024,HighFi Vape,Center for Tobacco Products,Family Smoking Prevention and Tobacco Control Act/Adulterated/Misbranded,,,2024-05-01,2024-04-30,HighFi Vape,False,False,False
05/01/2024,04/30/2024,JuiceFly LLC,Center for Tobacco Products,Family Smoking Prevention and Tobacco Control Act/Adulterated/Misbranded,,,2024-05-01,2024-04-30,JuiceFly LLC,False,False,False
05/01/2024,04/30/2024,Podlix LLC dba Podlix Vape,Center for Tobacco Products,Family Smoking Prevention and Tobacco Control Act/Adulterated/Misbranded,,,2024-05-01,2024-04-30,Podlix LLC dba Podlix Vape,False,False,False
05/01/2024,04/30/2024,RPF Swedish Holdings LLC d/b/a Puffsee,Center for Tobacco Products,Family Smoking Prevention and Tobacco Control Act/Adulterated/Misbranded,,,2024-05-01,2024-04-30,RPF Swedish Holdings LLC d/b/a Puffsee,False,False,False
04/30/2024,09/29/2023,Spectrum Medical Ltd,"""OHT2: Office of Cardiovascular Devices, Office of Product Evaluation and Quality""",CGMP/QSR/Medical Devices/Adulterated,,,2024-04-30,2023-09-29,Spectrum Medical Ltd,True,True,True
04/30/2024,04/24/2024,www.dashpct.com,Center for Drug Evaluation and Research | CDER,Unlawful Sale of Unapproved and Misbranded Drugs to United States Consumers Over the Internet,,,2024-04-30,2024-04-24,www.dashpct.com,False,False,False
04/30/2024,05/11/2023,Future Diagnostics Solutions B.V.,Center for Devices and Radiological Health,CGMP/QSR/Medical Devices/Adulterated,,,2024-04-30,2023-05-11,Future Diagnostics Solutions B.V.,True,True,True
04/30/2024,04/17/2024,"Pinnacle Labs of Tennessee, LLC dba Pinnacle BioLabs",Center for Devices and Radiological Health,Medical Device/Misbranded,,,2024-04-30,2024-04-17,"Pinnacle Labs of Tennessee, LLC dba Pinnacle BioLabs",True,True,True
04/30/2024,01/08/2024,"Korean Food, Inc.",Division of Human and Animal Food Operations West III,"CGMP/Food/Prepared, Packed or Held Under Insanitary Conditions/Misbranded",,09/27/2024,2024-04-30,2024-01-08,"Korean Food, Inc.",False,False,False
04/30/2024,02/01/2024,"Hi-Pro Feeds, LLC",Division of Human and Animal Food Operations West III,CGMP/Medicated Feeds/Adulterated,,08/30/2024,2024-04-30,2024-02-01,"Hi-Pro Feeds, LLC",False,False,False
04/30/2024,09/19/2023,P.T. Sankei Medical Industries,Center for Devices and Radiological Health,CGMP/QSR/Medical Devices/Adulterated,,,2024-04-30,2023-09-19,P.T. Sankei Medical Industries,True,True,True
04/25/2024,04/24/2024,Cardinal Health,Center for Devices and Radiological Health,CGMP/QSR/Medical Devices/PMA/Adulterated/Misbranded,,,2024-04-25,2024-04-24,Cardinal Health,True,True,True
04/23/2024,02/23/2024,Royal Philips,Center for Devices and Radiological Health,CGMP/QSR/Medical Devices/Adulterated,,,2024-04-23,2024-02-23,Royal Philips,True,True,True
04/23/2024,04/18/2024,Dr Sankunni’s Ayurvedic Research Foundation Private Ltd.,Center for Drug Evaluation and Research | CDER,Failure to Register and List,,,2024-04-23,2024-04-18,Dr Sankunni’s Ayurvedic Research Foundation Private Ltd.,False,False,False
04/23/2024,04/18/2024,Zen Enterprises LLC,Center for Drug Evaluation and Research | CDER,Failure to Register and List,,09/17/2024,2024-04-23,2024-04-18,Zen Enterprises LLC,False,False,False
04/18/2024,04/18/2024,Ram Goods LLC,Center for Tobacco Products,Family Smoking Prevention and Tobacco Control Act/Adulterated/Misbranded,,,2024-04-18,2024-04-18,Ram Goods LLC,False,False,False
04/16/2024,03/01/2024,La Sucursal Produce Inc.,Division of West Coast Imports,Foreign Supplier Verification Program (FSVP),,,2024-04-16,2024-03-01,La Sucursal Produce Inc.,False,False,False
04/16/2024,04/08/2024,Natco Pharma Limited,Center for Drug Evaluation and Research | CDER,CGMP/Finished Pharmaceuticals/Adulterated,,09/29/2025,2024-04-16,2024-04-08,Natco Pharma Limited,False,False,False
04/16/2024,11/22/2023,Euro USA Inc,Division of Human and Animal Food Operations East V,Seafood HACCP/CGMP for Foods/Adulterated/Insanitary Conditions,,09/23/2024,2024-04-16,2023-11-22,Euro USA Inc,False,False,False
04/16/2024,01/29/2024,Soulaire Corporation,Center for Devices and Radiological Health,Investigational Device Exemptions (IDE)/Premarket Approval Application (PMA) Adulterated Device,,,2024-04-16,2024-01-29,Soulaire Corporation,True,True,True
04/16/2024,04/11/2024,"C&T Dream Co., Ltd.",Center for Drug Evaluation and Research | CDER,CGMP/Finished Pharmaceuticals/Adulterated,,,2024-04-16,2024-04-11,"C&T Dream Co., Ltd.",False,False,False
04/16/2024,04/09/2024,"Lipari Foods Operating Company, LLC",Division of Human and Animal Food Operations East VI,Food Labeling/Misbranded,,10/02/2024,2024-04-16,2024-04-09,"Lipari Foods Operating Company, LLC",False,False,False
04/16/2024,04/03/2024,EPD International S.R.O.,Center for Tobacco Products,Family Smoking Prevention and Tobacco Control Act/Adulterated/Misbranded,,,2024-04-16,2024-04-03,EPD International S.R.O.,False,False,False
04/16/2024,03/13/2024,Master Paints & Chemicals Corp.,Division of Pharmaceutical Quality Operations II,CGMP/Finished Pharmaceuticals/Adulterated,,,2024-04-16,2024-03-13,Master Paints & Chemicals Corp.,False,False,False
04/16/2024,11/01/2023,Appleton City Feed Service LLC,Division of Human and Animal Food Operations West II,CGMP/Medicated Feeds/Adulterated,,,2024-04-16,2023-11-01,Appleton City Feed Service LLC,False,False,False
04/16/2024,04/05/2024,Kai’s Virgin Vapor,Center for Tobacco Products,Family Smoking Prevention and Tobacco Control Act/Adulterated/Misbranded,,,2024-04-16,2024-04-05,Kai’s Virgin Vapor,False,False,False
04/12/2024,04/12/2024,Vape Dojo Corporate Headquarters,Center for Tobacco Products,Family Smoking Prevention and Tobacco Control Act/Adulterated/Misbranded,,,2024-04-12,2024-04-12,Vape Dojo Corporate Headquarters,False,False,False
04/12/2024,04/04/2024,Ecig Charleston LLC,Center for Tobacco Products,Family Smoking Prevention and Tobacco Control Act/Adulterated/Misbranded,,,2024-04-12,2024-04-04,Ecig Charleston LLC,False,False,False
04/09/2024,03/22/2024,Antaria Pty. Ltd.,Center for Drug Evaluation and Research | CDER,CGMP/Active Pharmaceutical Ingredient (API)/Adulterated,,,2024-04-09,2024-03-22,Antaria Pty. Ltd.,False,False,False
04/09/2024,03/28/2024,Kilitch Healthcare India Limited,Center for Drug Evaluation and Research | CDER,CGMP/Finished Pharmaceutical/Adulterated,,,2024-04-09,2024-03-28,Kilitch Healthcare India Limited,False,False,False
04/09/2024,04/04/2024,Ecig Charleston LLC,Center for Tobacco Products,Family Smoking Prevention and Tobacco Control Act/Adulterated/Misbranded,,,2024-04-09,2024-04-04,Ecig Charleston LLC,False,False,False
04/09/2024,04/03/2024,Jiangsu Meifan Biotechnology Co. Ltd.,Center for Drug Evaluation and Research | CDER,CGMP/Finished Pharmaceuticals/Adulterated,,,2024-04-09,2024-04-03,Jiangsu Meifan Biotechnology Co. Ltd.,False,False,False
04/09/2024,04/03/2024,"FirstCham Co., Ltd.",Center for Drug Evaluation and Research | CDER,CGMP/Finished Pharmaceuticals/Adulterated/Misbranded,,,2024-04-09,2024-04-03,"FirstCham Co., Ltd.",False,False,False
04/09/2024,04/01/2024,"New India Bazar, Inc.",Division of West Coast Imports,Foreign Supplier Verification Program (FSVP),,,2024-04-09,2024-04-01,"New India Bazar, Inc.",False,False,False
04/04/2024,04/03/2024,EPD International S.R.O.,Center for Tobacco Products,Family Smoking Prevention and Tobacco Control Act/Adulterated/Misbranded,,,2024-04-04,2024-04-03,EPD International S.R.O.,False,False,False
04/04/2024,04/03/2024,Invicta Sweden AB,Center for Tobacco Products,Family Smoking Prevention and Tobacco Control Act/Adulterated/Misbranded,,,2024-04-04,2024-04-03,Invicta Sweden AB,False,False,False
04/04/2024,04/03/2024,Twinroll Service AB,Center for Tobacco Products,Family Smoking Prevention and Tobacco Control Act/Adulterated/Misbranded,,,2024-04-04,2024-04-03,Twinroll Service AB,False,False,False
04/02/2024,03/21/2024,"Agena Bioscience, Inc.",Center for Devices and Radiological Health,Medical Device/Adulterated/Misbranded/Lacks PMA and/or 510(k),,,2024-04-02,2024-03-21,"Agena Bioscience, Inc.",True,True,True
04/02/2024,02/09/2024,"Zoet Poultry, Inc.",Division of Human and Animal Food Operations East VI,PHS Act/Shell Egg Regulation/Adulterated,,07/15/2025,2024-04-02,2024-02-09,"Zoet Poultry, Inc.",False,False,False
04/02/2024,03/21/2024,Betone S.A. de C.V.,Center for Drug Evaluation and Research | CDER,CGMP/Finished Pharmaceuticals/Adulterated,,,2024-04-02,2024-03-21,Betone S.A. de C.V.,False,False,False
04/02/2024,03/27/2024,Bodywell Natural Skin Care Inc.,Center for Drug Evaluation and Research | CDER,CGMP/Finished Pharmaceuticals/Adulterated/Unapproved New Drug,,,2024-04-02,2024-03-27,Bodywell Natural Skin Care Inc.,False,False,False
04/02/2024,11/29/2023,"Regal Health Food International, Inc.",Division of Human and Animal Food Operations East VI,Food Labeling/Misbranded,,,2024-04-02,2023-11-29,"Regal Health Food International, Inc.",False,False,False
04/02/2024,12/05/2023,"Ambaya Gold Health Products, LLC",Division of Human and Animal Food Operations West IV,Unapproved New Drugs/Misbranded,,,2024-04-02,2023-12-05,"Ambaya Gold Health Products, LLC",False,False,False
04/02/2024,03/15/2024,Beckman Coulter Inc.,Division of Medical Device and Radiological Health Operations Central,CGMP/QSR/Medical Devices/Adulterated,,04/10/2025,2024-04-02,2024-03-15,Beckman Coulter Inc.,False,True,True
04/02/2024,03/04/2024,"Living Tree Community Foods, Inc.",Division of Human and Animal Food Operations West V,"CGMP/Food/Prepared, Packed or Held Under Insanitary Conditions/Adulterated",,,2024-04-02,2024-03-04,"Living Tree Community Foods, Inc.",False,False,False
03/26/2024,03/25/2024,"SeeNext Venture, Ltd.",Center for Drug Evaluation and Research | CDER,Finished Pharmaceuticals/Unapproved New Drug/Misbranded,,,2024-03-26,2024-03-25,"SeeNext Venture, Ltd.",False,False,False
03/26/2024,10/13/2023,"ReNovo, Inc. DBA Provision Device Reprocessing Solutions",Center for Devices and Radiological Health,CGMP/QSR/Medical Devices/Adulterated,,,2024-03-26,2023-10-13,"ReNovo, Inc. DBA Provision Device Reprocessing Solutions",True,True,True
03/26/2024,03/19/2024,Ammonia Sport Inc.,Center for Drug Evaluation and Research | CDER,Finished Pharmaceuticals/Unapproved New Drug/Misbranded,,,2024-03-26,2024-03-19,Ammonia Sport Inc.,False,False,False
03/26/2024,03/18/2024,"Deqing Jiarou Daily Chemical Co., Ltd.",Center for Drug Evaluation and Research | CDER,CGMP/Finished Pharmaceuticals/Adulterated,,,2024-03-26,2024-03-18,"Deqing Jiarou Daily Chemical Co., Ltd.",False,False,False
03/26/2024,03/25/2024,Indelicare DBA INKEEZE,Center for Drug Evaluation and Research | CDER,Finished Pharmaceuticals/Unapproved New Drug/Misbranded,,,2024-03-26,2024-03-25,Indelicare DBA INKEEZE,False,False,False
03/26/2024,03/25/2024,TKTX Company,Center for Drug Evaluation and Research | CDER,Finished Pharmaceuticals/Unapproved New Drug/Misbranded,,,2024-03-26,2024-03-25,TKTX Company,False,False,False
03/26/2024,03/21/2024,"Bret R. Rutherford, M.D.",Center for Drug Evaluation and Research | CDER,Clinical Investigator (Sponsor) ,,,2024-03-26,2024-03-21,"Bret R. Rutherford, M.D.",False,False,False
03/26/2024,03/25/2024,"Dermal Source, Inc.",Center for Drug Evaluation and Research | CDER,Finished Pharmaceuticals/Unapproved New Drug/Misbranded,,,2024-03-26,2024-03-25,"Dermal Source, Inc.",False,False,False
03/26/2024,03/21/2024,New York State Psychiatric Institute IRB,Center for Drug Evaluation and Research | CDER,Institutional Review Board (IRB),,,2024-03-26,2024-03-21,New York State Psychiatric Institute IRB,False,False,False
03/26/2024,03/25/2024,Tattoo Numbing Cream Co.,Center for Drug Evaluation and Research | CDER,Finished Pharmaceuticals/Unapproved New Drug/Misbranded,,,2024-03-26,2024-03-25,Tattoo Numbing Cream Co.,False,False,False
03/26/2024,03/14/2024,F1 Foods Inc. D/B/A Flavor First Foods Inc.,Division of Human and Animal Food Operations East I,Seafood HACCP/CGMP for Foods/Adulterated/Insanitary Conditions,,,2024-03-26,2024-03-14,F1 Foods Inc. D/B/A Flavor First Foods Inc.,False,False,False
03/26/2024,02/22/2024,"Higley Industries, Inc.",Division of Pharmaceutical Quality Operations III,CGMP/Finished Pharmaceuticals/Adulterated,,,2024-03-26,2024-02-22,"Higley Industries, Inc.",False,False,False
03/26/2024,03/25/2024,"Sky Bank Media, LLC dba Painless Tattoo Cream Co.",Center for Drug Evaluation and Research | CDER,Finished Pharmaceuticals/Unapproved New Drug/Misbranded,,,2024-03-26,2024-03-25,"Sky Bank Media, LLC dba Painless Tattoo Cream Co.",False,False,False
03/21/2024,03/21/2024,"Wagco Distribution, Inc.",Center for Tobacco Products,Family Smoking Prevention and Tobacco Control Act/Adulterated/Misbranded,,,2024-03-21,2024-03-21,"Wagco Distribution, Inc.",False,False,False
03/19/2024,03/18/2024,"Sol-Millennium Medical, Inc.",Division of Medical Device and Radiological Health Operations Central,Investigational Device Exemptions (IDE)/Premarket Approval Application (PMA) Adulterated Device,,01/05/2026,2024-03-19,2024-03-18,"Sol-Millennium Medical, Inc.",False,True,True
03/19/2024,03/18/2024,"Jiangsu Shenli Medical Production Co., Ltd.",Center for Devices and Radiological Health,CGMP/QSR/Medical Devices/PMA/Adulterated/Misbranded,,,2024-03-19,2024-03-18,"Jiangsu Shenli Medical Production Co., Ltd.",True,True,True
03/19/2024,03/13/2024,Skull Smash LLC,Center for Drug Evaluation and Research | CDER,Finished Pharmaceuticals/Unapproved New Drug/Misbranded,,,2024-03-19,2024-03-13,Skull Smash LLC,False,False,False
03/19/2024,03/18/2024,"Medline Industries, LP",Center for Devices and Radiological Health,CGMP/QSR/Medical Devices/PMA/Adulterated/Misbranded,,,2024-03-19,2024-03-18,"Medline Industries, LP",True,True,True
03/14/2024,03/14/2024,My Vapor Den DBA Nu Age Smoke & Vape,Center for Tobacco Products,Family Smoking Prevention and Tobacco Control Act/Adulterated/Misbranded,,,2024-03-14,2024-03-14,My Vapor Den DBA Nu Age Smoke & Vape,False,False,False
03/12/2024,01/19/2024,"Exactech, Inc.",Center for Devices and Radiological Health,CGMP/QSR/Medical Devices/Adulterated,,,2024-03-12,2024-01-19,"Exactech, Inc.",True,True,True
03/12/2024,02/09/2024,Human Microbes,Center for Biologics Evaluation and Research (CBER),CGMP/Deviations/Biologics License Application (BLA),,,2024-03-12,2024-02-09,Human Microbes,False,False,False
03/12/2024,03/08/2024,"Spirochaete Research Labs, LLC aka Scitus Laboratory Products",Center for Drug Evaluation and Research | CDER,Unapproved New Drugs/Misbranded,,,2024-03-12,2024-03-08,"Spirochaete Research Labs, LLC aka Scitus Laboratory Products",False,False,False
03/12/2024,03/01/2024,Boehringer Ingelheim Animal Health USA,Center for Veterinary Medicine,False & Misleading Claims/Misbranded,,10/02/2024,2024-03-12,2024-03-01,Boehringer Ingelheim Animal Health USA,False,False,False
03/12/2024,01/26/2024,"Nobles Medical Technology II, Inc.",Center for Devices and Radiological Health,Investigational Review Board (IRB),,,2024-03-12,2024-01-26,"Nobles Medical Technology II, Inc.",True,False,True
03/08/2024,03/07/2024,Better Vapes LLC,Center for Tobacco Products,Family Smoking Prevention and Tobacco Control Act/Adulterated/Misbranded,,,2024-03-08,2024-03-07,Better Vapes LLC,False,False,False
03/07/2024,03/07/2024,"FLVRS US, Inc.",Center for Tobacco Products,Family Smoking Prevention and Tobacco Control Act/Adulterated/Misbranded,,,2024-03-07,2024-03-07,"FLVRS US, Inc.",False,False,False
03/06/2024,03/06/2024,Vaping Studio Inc,Center for Tobacco Products,Family Smoking Prevention and Tobacco Control Act/Adulterated/Misbranded,,,2024-03-06,2024-03-06,Vaping Studio Inc,False,False,False
03/05/2024,01/30/2024,"Barsotti Juice Company, Inc.",Division of Human and Animal Food Operations West V,Juice HACCP/CGMP for Foods/Adulterated/Insanitary Conditions,,09/23/2024,2024-03-05,2024-01-30,"Barsotti Juice Company, Inc.",False,False,False
03/05/2024,08/28/2023,Gilster-Mary Lee Corporation,Division of Human and Animal Food Operations East VI,Food Labeling/Misbranded,,,2024-03-05,2023-08-28,Gilster-Mary Lee Corporation,False,False,False
03/05/2024,02/22/2024,"Innovative Formulations, LLC dba Insane Labz",Center for Drug Evaluation and Research | CDER,Finished Pharmaceuticals/Unapproved New Drug/Misbranded,,,2024-03-05,2024-02-22,"Innovative Formulations, LLC dba Insane Labz",False,False,False
03/05/2024,02/27/2024,"Thai Nakorn Patana Co., Ltd.",Center for Drug Evaluation and Research | CDER,CGMP/Finished Pharmaceuticals/Adulterated,,,2024-03-05,2024-02-27,"Thai Nakorn Patana Co., Ltd.",False,False,False
03/05/2024,11/03/2023,"Trang Thuy Seafood Co., LTD",Center for Food Safety and Applied Nutrition (CFSAN),Seafood HACCP/CGMP for Foods/Adulterated/Insanitary Conditions,,03/06/2024,2024-03-05,2023-11-03,"Trang Thuy Seafood Co., LTD",False,False,False
03/05/2024,01/25/2024,"Colgin, Inc.",Division of Pharmaceutical Quality Operations II,CGMP/Finished Pharmaceuticals/Adulterated,,,2024-03-05,2024-01-25,"Colgin, Inc.",False,False,False
03/05/2024,02/15/2024,"Dream Wholesale, Inc",Division of Northern Border Imports,Foreign Supplier Verification Program (FSVP),,,2024-03-05,2024-02-15,"Dream Wholesale, Inc",False,False,False
03/05/2024,02/28/2024,Native Salts LLC,Center for Drug Evaluation and Research | CDER,Finished Pharmaceuticals/Unapproved New Drug/Misbranded,,,2024-03-05,2024-02-28,Native Salts LLC,False,False,False
03/05/2024,06/15/2023,"Healthtex Distributors, Inc.",Division of Human and Animal Food Operations East IV,"CGMP/Manufacturing, Packaging, Labeling, or Holding Operations for Dietary Supplements/Adulterated",,03/06/2024,2024-03-05,2023-06-15,"Healthtex Distributors, Inc.",False,False,False
03/05/2024,02/09/2024,ivsupplyclinic.com,Center for Drug Evaluation and Research | CDER,Unlawful Sale of Unapproved and Misbranded Drugs to United States Consumers Over the Internet,,,2024-03-05,2024-02-09,ivsupplyclinic.com,False,False,False
03/05/2024,01/26/2024,Agila Corporation dba Woody’s Pet Food Deli,Division of Human and Animal Food Operations West I,CGMP/Hazard Analysis/Risk-Based Preventive Controls for Food for Animals (PCAF)/Adulterated,,,2024-03-05,2024-01-26,Agila Corporation dba Woody’s Pet Food Deli,False,False,False
03/05/2024,01/29/2024,"Knickerbocker 365, Inc.",Division of Human and Animal Food Operations East VI,Food Labeling/Misbranded,,,2024-03-05,2024-01-29,"Knickerbocker 365, Inc.",False,False,False
03/05/2024,02/15/2024,"Bell International Laboratories, Inc.",Division of Pharmaceutical Quality Operations III,CGMP/Finished Pharmaceuticals/Adulterated,,03/12/2026,2024-03-05,2024-02-15,"Bell International Laboratories, Inc.",False,False,False
03/05/2024,01/04/2024,Fresenius Kabi AG,Center for Devices and Radiological Health,CGMP/QSR/Medical Devices/Adulterated,,,2024-03-05,2024-01-04,Fresenius Kabi AG,True,True,True
03/05/2024,02/29/2024,"Cosmetic Specialty Labs, Inc.",Division of Pharmaceutical Quality Operations II,CGMP/Finished Pharmaceuticals/Adulterated,,,2024-03-05,2024-02-29,"Cosmetic Specialty Labs, Inc.",False,False,False
02/29/2024,02/29/2024,The Vape Zone LLC,Center for Tobacco Products,Family Smoking Prevention and Tobacco Control Act/Adulterated/Misbranded,,,2024-02-29,2024-02-29,The Vape Zone LLC,False,False,False
02/28/2024,02/27/2024,Vape Papa,Center for Tobacco Products,Family Smoking Prevention and Tobacco Control Act/Adulterated/Misbranded,,,2024-02-28,2024-02-27,Vape Papa,False,False,False
02/28/2024,02/27/2024,"Vapemoreinc.com, Inc.",Center for Tobacco Products,Family Smoking Prevention and Tobacco Control Act/Adulterated/Misbranded,,,2024-02-28,2024-02-27,"Vapemoreinc.com, Inc.",False,False,False
02/28/2024,02/27/2024,Vapemarkdown.com,Center for Tobacco Products,Family Smoking Prevention and Tobacco Control Act/Adulterated/Misbranded,,,2024-02-28,2024-02-27,Vapemarkdown.com,False,False,False
02/28/2024,02/27/2024,"Cencal Vape, Inc.",Center for Tobacco Products,Family Smoking Prevention and Tobacco Control Act/Adulterated/Misbranded,,,2024-02-28,2024-02-27,"Cencal Vape, Inc.",False,False,False
02/28/2024,02/27/2024,Relevant Vapes,Center for Tobacco Products,Family Smoking Prevention and Tobacco Control Act/Adulterated/Misbranded,,,2024-02-28,2024-02-27,Relevant Vapes,False,False,False
02/27/2024,02/14/2024,Amman Pharmaceutical Industries,Center for Drug Evaluation and Research | CDER,CGMP/Finished Pharmaceuticals/Adulterated,,,2024-02-27,2024-02-14,Amman Pharmaceutical Industries,False,False,False
02/27/2024,02/13/2024,Delsam Pharma LLC,Division of Pharmaceutical Quality Operations I,CGMP/Finished Pharmaceuticals/Adulterated,,,2024-02-27,2024-02-13,Delsam Pharma LLC,False,False,False
02/27/2024,02/13/2024,EzriCare LLC,Division of Pharmaceutical Quality Operations I,CGMP/Finished Pharmaceuticals/Adulterated,,,2024-02-27,2024-02-13,EzriCare LLC,False,False,False
02/27/2024,02/16/2024,"Nu Distributions, LLC d/b/a Vapeszn",Center for Tobacco Products,Family Smoking Prevention and Tobacco Control Act/Adulterated/Misbranded,,,2024-02-27,2024-02-16,"Nu Distributions, LLC d/b/a Vapeszn",False,False,False
02/27/2024,02/15/2024,LightEyez Limited,Center for Drug Evaluation and Research | CDER,CGMP/Finished Pharmaceuticals/Adulterated/Unapproved New Drug,,,2024-02-27,2024-02-15,LightEyez Limited,False,False,False
02/22/2024,02/22/2024,VapeHub Incorporated d/b/a VapeHub,Center for Tobacco Products,Family Smoking Prevention and Tobacco Control Act/Adulterated/Misbranded,,,2024-02-22,2024-02-22,VapeHub Incorporated d/b/a VapeHub,False,False,False
02/20/2024,02/05/2024,Sichuan Deebio Pharmaceutical Co. Ltd.,Center for Drug Evaluation and Research | CDER,CGMP/Active Pharmaceutical Ingredient (API)/Adulterated,,,2024-02-20,2024-02-05,Sichuan Deebio Pharmaceutical Co. Ltd.,False,False,False
02/20/2024,02/13/2024,Salvacion USA Inc.,Center for Drug Evaluation and Research | CDER,Unapproved New Drugs/Misbranded,,,2024-02-20,2024-02-13,Salvacion USA Inc.,False,False,False
02/15/2024,02/15/2024,Vixen Vapors LLC d/b/a Vixen Vapors Pantego,Center for Tobacco Products,Family Smoking Prevention and Tobacco Control Act/Adulterated/Misbranded,,,2024-02-15,2024-02-15,Vixen Vapors LLC d/b/a Vixen Vapors Pantego,False,False,False
02/13/2024,12/21/2023,Curtis Jacquot dba Pacific BioLogic Co.,Division of Human and Animal Food Operations West V,"CGMP/Manufacturing, Packaging, Labeling, or Holding Operations for Dietary Supplements/Adulterated",,,2024-02-13,2023-12-21,Curtis Jacquot dba Pacific BioLogic Co.,False,False,False
02/13/2024,12/15/2023,Iowa Egg Company Inc.,Division of Human and Animal Food Operations West II,PHS Act/Shell Egg Regulation/Adulterated,,,2024-02-13,2023-12-15,Iowa Egg Company Inc.,False,False,False
02/13/2024,01/26/2024,"Lucky K.T. Co., Inc.",Division of Human and Animal Food Operations West V,"CGMP/Manufacturing, Packing or Holding Human Food/Adulterated/Insanitary Conditions",,,2024-02-13,2024-01-26,"Lucky K.T. Co., Inc.",False,False,False
02/13/2024,01/31/2024,Barkey GmbH & Co. KG,Center for Biologics Evaluation and Research (CBER),Investigational Device Exemptions (IDE)/Premarket Approval Application (PMA),,08/05/2024,2024-02-13,2024-01-31,Barkey GmbH & Co. KG,False,True,True
02/13/2024,02/07/2024,Synthetix Inc. DBA Helix Chemical Supply,Center for Drug Evaluation and Research | CDER,Unapproved New Drugs/Misbranded,,,2024-02-13,2024-02-07,Synthetix Inc. DBA Helix Chemical Supply,False,False,False
02/13/2024,02/06/2024,Global Life Technologies Corp.,Center for Drug Evaluation and Research | CDER,Unapproved New Drugs/Misbranded,,,2024-02-13,2024-02-06,Global Life Technologies Corp.,False,False,False
02/13/2024,02/07/2024,US Chem Labs,Center for Drug Evaluation and Research | CDER,CGMP/Finished Pharmaceuticals/Adulterated,,,2024-02-13,2024-02-07,US Chem Labs,False,False,False
02/13/2024,02/05/2024,Ningbo Poplar Daily-Use,Center for Drug Evaluation and Research | CDER,CGMP/Finished Pharmaceuticals/Adulterated,,,2024-02-13,2024-02-05,Ningbo Poplar Daily-Use,False,False,False
02/13/2024,01/26/2024,"QuVa Pharma, Inc.",Division of Pharmaceutical Quality Operations I,Compounding Pharmacy/Adulterated Drug Products,,,2024-02-13,2024-01-26,"QuVa Pharma, Inc.",False,False,False
02/13/2024,08/14/2023,"Battle Creek Co-op/CHS, LLC dba Progressive Nutrition",Division of Human and Animal Food Operations West II,CGMP/Hazard Analysis/Risk-Based Preventive Controls for Food for Animals (PCAF)/Adulterated,,,2024-02-13,2023-08-14,"Battle Creek Co-op/CHS, LLC dba Progressive Nutrition",False,False,False
02/13/2024,09/07/2023,"Perfection Bakeries Inc., dba Aunt Millie’s Bakeries",Division of Human and Animal Food Operations East VI,"CGMP/Food/Prepared, Packed or Held Under Insanitary Conditions/Adulterated",,03/25/2024,2024-02-13,2023-09-07,"Perfection Bakeries Inc., dba Aunt Millie’s Bakeries",False,False,False
02/13/2024,02/01/2024,Madhu Instruments Private Limited,Center for Drug Evaluation and Research | CDER,CGMP/Finished Pharmaceuticals/Adulterated,,,2024-02-13,2024-02-01,Madhu Instruments Private Limited,False,False,False
02/13/2024,10/18/2023,"Indian Groceries and Spices, Inc.",Division of Northern Border Imports,Foreign Supplier Verification Program (FSVP),,,2024-02-13,2023-10-18,"Indian Groceries and Spices, Inc.",False,False,False
02/08/2024,02/08/2024,R. Melton Enterprises LLC dba North Georgia Vapor,Center for Tobacco Products,Family Smoking Prevention and Tobacco Control Act/Adulterated/Misbranded,,,2024-02-08,2024-02-08,R. Melton Enterprises LLC dba North Georgia Vapor,False,False,False
02/08/2024,02/08/2024,LA-ROYAL INC,Center for Tobacco Products,Family Smoking Prevention and Tobacco Control Act/Adulterated/Misbranded,,,2024-02-08,2024-02-08,LA-ROYAL INC,False,False,False
02/06/2024,01/31/2024,Les Importations Herbasanté Inc.,Center for Drug Evaluation and Research | CDER,CGMP/Finished Pharmaceuticals/Adulterated,,,2024-02-06,2024-01-31,Les Importations Herbasanté Inc.,False,False,False
02/06/2024,02/02/2024,"Ehy Holdings, LLC",Center for Drug Evaluation and Research | CDER,Failure to Register and List,,,2024-02-06,2024-02-02,"Ehy Holdings, LLC",False,False,False
02/06/2024,02/01/2024,Vape Texas LLC d/b/a Vape Texas Conroe,Center for Tobacco Products,Family Smoking Prevention and Tobacco Control Act/Adulterated/Misbranded,,,2024-02-06,2024-02-01,Vape Texas LLC d/b/a Vape Texas Conroe,False,False,False
02/06/2024,11/17/2023,"Nantong Furuida Packaging Products Co., Ltd.",Center for Drug Evaluation and Research | CDER,CGMP/Finished Pharmaceuticals/Adulterated,,,2024-02-06,2023-11-17,"Nantong Furuida Packaging Products Co., Ltd.",False,False,False
02/06/2024,01/30/2024,"Inmar Supply Chain Solutions, LLC",Division of Human and Animal Food Operations West III,"CGMP/Manufacturing, Packing or Holding Human Food/Adulterated/Insanitary Conditions",,11/04/2024,2024-02-06,2024-01-30,"Inmar Supply Chain Solutions, LLC",False,False,False
02/01/2024,01/31/2024,SK Investment Inc d/b/a SK Novelty Wholesale,Center for Tobacco Products,Family Smoking Prevention and Tobacco Control Act/Adulterated/Misbranded,,,2024-02-01,2024-01-31,SK Investment Inc d/b/a SK Novelty Wholesale,False,False,False
02/01/2024,01/31/2024,My Vpro,Center for Tobacco Products,Family Smoking Prevention and Tobacco Control Act/Adulterated/Misbranded,,,2024-02-01,2024-01-31,My Vpro,False,False,False
02/01/2024,01/31/2024,Vapingfly,Center for Tobacco Products,Family Smoking Prevention and Tobacco Control Act/Adulterated/Misbranded,,,2024-02-01,2024-01-31,Vapingfly,False,False,False
02/01/2024,01/31/2024,Cheap MistHub,Center for Tobacco Products,Family Smoking Prevention and Tobacco Control Act/Adulterated/Misbranded,,,2024-02-01,2024-01-31,Cheap MistHub,False,False,False
02/01/2024,01/31/2024,Avalanche Distribution LLC d/b/a Avalanche Vapes,Center for Tobacco Products,Family Smoking Prevention and Tobacco Control Act/Adulterated/Misbranded,,,2024-02-01,2024-01-31,Avalanche Distribution LLC d/b/a Avalanche Vapes,False,False,False
02/01/2024,01/31/2024,General Vape,Center for Tobacco Products,Family Smoking Prevention and Tobacco Control Act/Adulterated/Misbranded,,,2024-02-01,2024-01-31,General Vape,False,False,False
02/01/2024,01/31/2024,Midnight Vapors Corp.,Center for Tobacco Products,Family Smoking Prevention and Tobacco Control Act/Adulterated/Misbranded,,,2024-02-01,2024-01-31,Midnight Vapors Corp.,False,False,False
02/01/2024,01/31/2024,Hashtag Smoke Shop LLC,Center for Tobacco Products,Family Smoking Prevention and Tobacco Control Act/Adulterated/Misbranded,,,2024-02-01,2024-01-31,Hashtag Smoke Shop LLC,False,False,False
02/01/2024,01/31/2024,AT Vapors LLC,Center for Tobacco Products,Family Smoking Prevention and Tobacco Control Act/Adulterated/Misbranded,,,2024-02-01,2024-01-31,AT Vapors LLC,False,False,False
02/01/2024,01/31/2024,Distinctive USA LLC,Center for Tobacco Products,Family Smoking Prevention and Tobacco Control Act/Adulterated/Misbranded,,,2024-02-01,2024-01-31,Distinctive USA LLC,False,False,False
02/01/2024,01/31/2024,Getsmoke,Center for Tobacco Products,Family Smoking Prevention and Tobacco Control Act/Adulterated/Misbranded,,,2024-02-01,2024-01-31,Getsmoke,False,False,False
02/01/2024,01/31/2024,Fly High Smoke Shop,Center for Tobacco Products,Family Smoking Prevention and Tobacco Control Act/Adulterated/Misbranded,,,2024-02-01,2024-01-31,Fly High Smoke Shop,False,False,False
02/01/2024,01/31/2024,J.A.V.S Corp d/b/a Buitrago Cigars d/b/a Buitrago Vape Shop,Center for Tobacco Products,Family Smoking Prevention and Tobacco Control Act/Adulterated/Misbranded,,,2024-02-01,2024-01-31,J.A.V.S Corp d/b/a Buitrago Cigars d/b/a Buitrago Vape Shop,False,False,False
02/01/2024,01/31/2024,Nico Choice LLC,Center for Tobacco Products,Family Smoking Prevention and Tobacco Control Act/Adulterated/Misbranded,,,2024-02-01,2024-01-31,Nico Choice LLC,False,False,False
01/30/2024,01/26/2024,S & J International Enterprises Public Company Limited,Center for Drug Evaluation and Research | CDER,CGMP/Finished Pharmaceuticals/Adulterated,,,2024-01-30,2024-01-26,S & J International Enterprises Public Company Limited,False,False,False
01/30/2024,11/08/2023,Cavevi Naturals LLC,Division of Southwest Imports,Foreign Supplier Verification Program (FSVP),,,2024-01-30,2023-11-08,Cavevi Naturals LLC,False,False,False
01/30/2024,01/08/2024,Grace Supply Inc.,Division of Southwest Imports,Foreign Supplier Verification Program (FSVP),,,2024-01-30,2024-01-08,Grace Supply Inc.,False,False,False
12/13/2023,12/12/2023,Vape Closeouts,Center for Tobacco Products,Family Smoking Prevention and Tobacco Control Act/Adulterated/Misbranded,,,2023-12-13,2023-12-12,Vape Closeouts,False,False,False
12/13/2023,12/12/2023,"District Vape Supply, LLC d/b/a VapeMasterz",Center for Tobacco Products,Family Smoking Prevention and Tobacco Control Act/Adulterated/Misbranded,,,2023-12-13,2023-12-12,"District Vape Supply, LLC d/b/a VapeMasterz",False,False,False
12/13/2023,12/12/2023,Vape Hoop,Center for Tobacco Products,Family Smoking Prevention and Tobacco Control Act/Adulterated/Misbranded,,,2023-12-13,2023-12-12,Vape Hoop,False,False,False
12/13/2023,12/12/2023,Stone Retail LLC,Center for Tobacco Products,Family Smoking Prevention and Tobacco Control Act/Adulterated/Misbranded,,,2023-12-13,2023-12-12,Stone Retail LLC,False,False,False
12/13/2023,12/12/2023,"NFV, LLC d/b/a NFDVapes and Nic Fix Doctor",Center for Tobacco Products,Family Smoking Prevention and Tobacco Control Act/Adulterated/Misbranded,,,2023-12-13,2023-12-12,"NFV, LLC d/b/a NFDVapes and Nic Fix Doctor",False,False,False
12/13/2023,12/12/2023,Huff Vape LLC d/b/a Huff Vape,Center for Tobacco Products,Family Smoking Prevention and Tobacco Control Act/Adulterated/Misbranded,,,2023-12-13,2023-12-12,Huff Vape LLC d/b/a Huff Vape,False,False,False
12/12/2023,05/22/2023,"Nutra Blend, LLC subsidiary of Land O’Lakes",Division of Human and Animal Food Operations West II,CGMP/Medicated Feeds/Adulterated,,,2023-12-12,2023-05-22,"Nutra Blend, LLC subsidiary of Land O’Lakes",False,False,False
12/12/2023,12/07/2023,"Novid Group, Inc.",Center for Drug Evaluation and Research | CDER,CGMP/Finished Pharmaceuticals/Adulterated/Misbranded,,,2023-12-12,2023-12-07,"Novid Group, Inc.",False,False,False
12/12/2023,12/01/2023,"ZOVOO Technology Co., Ltd. Shenzhen",Center for Tobacco Products,Family Smoking Prevention and Tobacco Control Act/Adulterated/Misbranded,,,2023-12-12,2023-12-01,"ZOVOO Technology Co., Ltd. Shenzhen",False,False,False
12/12/2023,12/01/2023,"K & C Aitken, LLC dba Elysian Labs Distribution, Inc.",Center for Tobacco Products,Family Smoking Prevention and Tobacco Control Act/Adulterated/Misbranded,,,2023-12-12,2023-12-01,"K & C Aitken, LLC dba Elysian Labs Distribution, Inc.",False,False,False
12/07/2023,12/07/2023,Mountain Oak Vapors LLC,Center for Tobacco Products,Family Smoking Prevention and Tobacco Control Act/Adulterated/Misbranded,,,2023-12-07,2023-12-07,Mountain Oak Vapors LLC,False,False,False
12/05/2023,09/28/2023,"GCHNC LLC dba Hemp XR/Gate City Hemp dba Hemp XR/Allaziya Enterprises, LLC dba Hemp XR",Center for Food Safety and Applied Nutrition (CFSAN),Premarket Approval/Adulterated,,,2023-12-05,2023-09-28,"GCHNC LLC dba Hemp XR/Gate City Hemp dba Hemp XR/Allaziya Enterprises, LLC dba Hemp XR",False,True,True
12/05/2023,12/01/2023,Belmont Eyecare LLC,Center for Drug Evaluation and Research | CDER,Finished Pharmaceuticals/Unapproved New Drug,,,2023-12-05,2023-12-01,Belmont Eyecare LLC,False,False,False
11/30/2023,11/30/2023,"HiggyCigs, LLC d/b/a Viral Vapes",Center for Tobacco Products,Family Smoking Prevention and Tobacco Control Act/Adulterated/Misbranded,,,2023-11-30,2023-11-30,"HiggyCigs, LLC d/b/a Viral Vapes",False,False,False
11/30/2023,11/30/2023,HiggyCigs LLC d/b/a Viral Vapes,Center for Tobacco Products,Family Smoking Prevention and Tobacco Control Act/Adulterated/Misbranded,,,2023-11-30,2023-11-30,HiggyCigs LLC d/b/a Viral Vapes,False,False,False
11/30/2023,11/30/2023,"HiggyCigs, LLC d/b/a Viral Vapes",Center for Tobacco Products,Family Smoking Prevention and Tobacco Control Act/Adulterated/Misbranded,,,2023-11-30,2023-11-30,"HiggyCigs, LLC d/b/a Viral Vapes",False,False,False
11/28/2023,11/21/2023,"Shenzhen IJOY Technology Co., LTD.",Center for Tobacco Products,Family Smoking Prevention and Tobacco Control Act/Adulterated/Misbranded,,,2023-11-28,2023-11-21,"Shenzhen IJOY Technology Co., LTD.",False,False,False
11/28/2023,11/21/2023,Intas Pharmaceuticals Limited,Center for Drug Evaluation and Research | CDER,CGMP/Finished Pharmaceuticals/Adulterated,,,2023-11-28,2023-11-21,Intas Pharmaceuticals Limited,False,False,False
11/28/2023,11/22/2023,Dr. Berne’s Whole Health Products,Center for Drug Evaluation and Research | CDER,CGMP/Finished Pharmaceuticals/Adulterated/Unapproved New Drug,,,2023-11-28,2023-11-22,Dr. Berne’s Whole Health Products,False,False,False
11/28/2023,11/21/2023,"Shenzhen FreeMax Technology Co., Ltd. d/b/a FreeMaxVape",Center for Tobacco Products,Family Smoking Prevention and Tobacco Control Act/Adulterated/Misbranded,,,2023-11-28,2023-11-21,"Shenzhen FreeMax Technology Co., Ltd. d/b/a FreeMaxVape",False,False,False
11/21/2023,11/17/2023,AmLion Toothpaste Mfg. Sdn. Bhd.,Center for Drug Evaluation and Research | CDER,CGMP/Finished Pharmaceuticals/Adulterated,,,2023-11-21,2023-11-17,AmLion Toothpaste Mfg. Sdn. Bhd.,False,False,False
11/21/2023,11/17/2023,Cipla Limited,Center for Drug Evaluation and Research | CDER,CGMP/Finished Pharmaceuticals/Adulterated,,,2023-11-21,2023-11-17,Cipla Limited,False,False,False
11/21/2023,11/08/2023,"Melanie M. Hoppers, M.D./Physicians Quality Care",Center for Drug Evaluation and Research | CDER,Clinical Investigator,,,2023-11-21,2023-11-08,"Melanie M. Hoppers, M.D./Physicians Quality Care",False,False,False
11/21/2023,10/26/2023,"Brenntag Great Lakes, LLC",Division of Pharmaceutical Quality Operations III,CGMP/Finished Pharmaceuticals/Adulterated,,,2023-11-21,2023-10-26,"Brenntag Great Lakes, LLC",False,False,False
11/21/2023,11/09/2023,"Wan-Gee Foods, Inc.",Division of Human and Animal Food Operations West II,"CGMP/Manufacturing, Packing or Holding Human Food/Adulterated/Insanitary Conditions",,,2023-11-21,2023-11-09,"Wan-Gee Foods, Inc.",False,False,False
11/21/2023,11/08/2023,National Chemical Laboratories,Office of Pharmaceutical Quality Operations,CGMP/Finished Pharmaceuticals/Adulterated,,,2023-11-21,2023-11-08,National Chemical Laboratories,False,False,False
11/21/2023,09/20/2023,Raven Route,Center for Tobacco Products,Family Smoking Prevention and Tobacco Control Act/Adulterated/Misbranded,,,2023-11-21,2023-09-20,Raven Route,False,False,False
11/21/2023,11/08/2023,www.directpharmashop.net,Center for Drug Evaluation and Research | CDER,Unlawful Sale of Unapproved and Misbranded Drugs to United States Consumers Over the Internet,,,2023-11-21,2023-11-08,www.directpharmashop.net,False,False,False
11/21/2023,11/16/2023,"Discover Health, LLC d/b/a Discover CBD and Strain Snobs",Center for Drug Evaluation and Research | CDER,Finished Pharmaceuticals/Unapproved New Drugs/Animal Drugs/Human Foods/Animal Foods/Adulterated/Misbranded,,,2023-11-21,2023-11-16,"Discover Health, LLC d/b/a Discover CBD and Strain Snobs",False,False,False
11/21/2023,11/15/2023,"Xiamen Wally Bath Manufacture Co., Ltd.",Center for Drug Evaluation and Research | CDER,CGMP/Finished Pharmaceuticals/Adulterated,,,2023-11-21,2023-11-15,"Xiamen Wally Bath Manufacture Co., Ltd.",False,False,False
11/21/2023,10/20/2023,Elemental Herbs Inc. d/b/a ALL good,Division of Pharmaceutical Quality Operations IV,CGMP/Finished Pharmaceuticals/Adulterated,,,2023-11-21,2023-10-20,Elemental Herbs Inc. d/b/a ALL good,False,False,False
11/21/2023,11/16/2023,Cerci Kozmetik Ve Otel Ekipmanlari Pazarlama Ic Ve Dis Ticaret Limited Sirketi,Center for Drug Evaluation and Research | CDER,CGMP/Finished Pharmaceuticals/Adulterated,,,2023-11-21,2023-11-16,Cerci Kozmetik Ve Otel Ekipmanlari Pazarlama Ic Ve Dis Ticaret Limited Sirketi,False,False,False
11/17/2023,11/16/2023,Vapor Rage LLC,Center for Tobacco Products,Family Smoking Prevention and Tobacco Control Act/Adulterated/Misbranded,,,2023-11-17,2023-11-16,Vapor Rage LLC,False,False,False
11/16/2023,11/16/2023,Vapeify,Center for Tobacco Products,Family Smoking Prevention and Tobacco Control Act/Adulterated/Misbranded,,,2023-11-16,2023-11-16,Vapeify,False,False,False
11/16/2023,11/16/2023,"Prestige 22, Inc. d/b/a The Vapers World",Center for Tobacco Products,Family Smoking Prevention and Tobacco Control Act/Adulterated/Misbranded,,,2023-11-16,2023-11-16,"Prestige 22, Inc. d/b/a The Vapers World",False,False,False
11/16/2023,11/16/2023,Pamirs Group Limited d/b/a VapeCig Wholesale,Center for Tobacco Products,Family Smoking Prevention and Tobacco Control Act/Adulterated/Misbranded,,,2023-11-16,2023-11-16,Pamirs Group Limited d/b/a VapeCig Wholesale,False,False,False
11/16/2023,11/16/2023,Lingkey Co. Ltd. d/b/a Vape Hammer,Center for Tobacco Products,Family Smoking Prevention and Tobacco Control Act/Adulterated/Misbranded,,,2023-11-16,2023-11-16,Lingkey Co. Ltd. d/b/a Vape Hammer,False,False,False
11/16/2023,11/16/2023,Tyler Wholesale Supply LLC d/b/a BBW Supply,Center for Tobacco Products,Family Smoking Prevention and Tobacco Control Act/Adulterated/Misbranded,,,2023-11-16,2023-11-16,Tyler Wholesale Supply LLC d/b/a BBW Supply,False,False,False
11/16/2023,11/16/2023,Dispo Mode,Center for Tobacco Products,Family Smoking Prevention and Tobacco Control Act/Adulterated/Misbranded,,,2023-11-16,2023-11-16,Dispo Mode,False,False,False
11/16/2023,11/16/2023,"Hubbly Bubbly LLC, d/b/a Trifecta Tobacco",Center for Tobacco Products,Family Smoking Prevention and Tobacco Control Act/Adulterated/Misbranded,,,2023-11-16,2023-11-16,"Hubbly Bubbly LLC, d/b/a Trifecta Tobacco",False,False,False
11/16/2023,11/16/2023,Sweis Global LLC,Center for Tobacco Products,Family Smoking Prevention and Tobacco Control Act/Adulterated/Misbranded,,,2023-11-16,2023-11-16,Sweis Global LLC,False,False,False
11/16/2023,11/16/2023,Ohm Centric Coils LLC,Center for Tobacco Products,Family Smoking Prevention and Tobacco Control Act/Adulterated/Misbranded,,,2023-11-16,2023-11-16,Ohm Centric Coils LLC,False,False,False
11/16/2023,11/16/2023,Vape Wholesale USA,Center for Tobacco Products,Family Smoking Prevention and Tobacco Control Act/Adulterated/Misbranded,,,2023-11-16,2023-11-16,Vape Wholesale USA,False,False,False
11/14/2023,10/20/2023,Global Pharma Healthcare Private Limited,Center for Drug Evaluation and Research | CDER,CGMP/Finished Pharmaceuticals/Adulterated/Misbranded,,,2023-11-14,2023-10-20,Global Pharma Healthcare Private Limited,False,False,False
11/14/2023,11/08/2023,Wello Inc.,Center for Devices and Radiological Health,CGMP/QSR/Medical Devices/Misbranded,,10/28/2024,2023-11-14,2023-11-08,Wello Inc.,True,True,True
11/14/2023,10/18/2023,Natural Relief Inc.,Division of Human and Animal Food Operations East V,Unapproved New Drugs/Misbranded,,,2023-11-14,2023-10-18,Natural Relief Inc.,False,False,False
11/14/2023,11/13/2023,"Amazon.com, Inc.",Center for Drug Evaluation and Research | CDER,Unapproved New Drugs/Misbranded,,,2023-11-14,2023-11-13,"Amazon.com, Inc.",False,False,False
11/14/2023,06/01/2023,Ming Fai Industrial Co LTD,Center for Devices and Radiological Health,CGMP/QSR/Medical Devices/Adulterated,,,2023-11-14,2023-06-01,Ming Fai Industrial Co LTD,True,True,True
11/14/2023,10/12/2023,"American Distribution and Manufacturing Co., LLC",Division of Northern Border Imports,Foreign Supplier Verification Program (FSVP),,,2023-11-14,2023-10-12,"American Distribution and Manufacturing Co., LLC",False,False,False
11/14/2023,11/06/2023,Saruhan Kimya Ve Temizlik Urunleri Sanayi Ticaret Anonim Sirketi Corlu Subesi,Center for Drug Evaluation and Research | CDER,CGMP/Finished Pharmaceuticals/Adulterated,,,2023-11-14,2023-11-06,Saruhan Kimya Ve Temizlik Urunleri Sanayi Ticaret Anonim Sirketi Corlu Subesi,False,False,False
11/09/2023,11/08/2023,VapeOtine,Center for Tobacco Products,Family Smoking Prevention and Tobacco Control Act/Adulterated/Misbranded,,,2023-11-09,2023-11-08,VapeOtine,False,False,False
11/09/2023,11/08/2023,Top Notch Smoke Shop LLC,Center for Tobacco Products,Family Smoking Prevention and Tobacco Control Act/Adulterated/Misbranded,,,2023-11-09,2023-11-08,Top Notch Smoke Shop LLC,False,False,False
11/09/2023,11/08/2023,Vaporama,Center for Tobacco Products,Family Smoking Prevention and Tobacco Control Act/Adulterated/Misbranded,,,2023-11-09,2023-11-08,Vaporama,False,False,False
11/09/2023,11/08/2023,"Online Guru, LLC d/b/a Vapor Puffs",Center for Tobacco Products,Family Smoking Prevention and Tobacco Control Act/Adulterated/Misbranded,,,2023-11-09,2023-11-08,"Online Guru, LLC d/b/a Vapor Puffs",False,False,False
11/09/2023,11/08/2023,"Vapor Authority, Inc.",Center for Tobacco Products,Family Smoking Prevention and Tobacco Control Act/Adulterated/Misbranded,,,2023-11-09,2023-11-08,"Vapor Authority, Inc.",False,False,False
11/09/2023,11/09/2023,Dieselbycg-Hometown Vape Lounge,Center for Tobacco Products,Family Smoking Prevention and Tobacco Control Act/Adulterated/Misbranded,,,2023-11-09,2023-11-09,Dieselbycg-Hometown Vape Lounge,False,False,False
11/09/2023,11/09/2023,Toe Toe Inc d/b/a Juana Vape,Center for Tobacco Products,Family Smoking Prevention and Tobacco Control Act/Adulterated/Misbranded,,,2023-11-09,2023-11-09,Toe Toe Inc d/b/a Juana Vape,False,False,False
11/09/2023,11/08/2023,"Golden Leaf, LLC d/b/a Golden Leaf Shop",Center for Tobacco Products,Family Smoking Prevention and Tobacco Control Act/Adulterated/Misbranded,,,2023-11-09,2023-11-08,"Golden Leaf, LLC d/b/a Golden Leaf Shop",False,False,False
11/09/2023,11/08/2023,The Vape Spot,Center for Tobacco Products,Family Smoking Prevention and Tobacco Control Act/Adulterated/Misbranded,,,2023-11-09,2023-11-08,The Vape Spot,False,False,False
11/07/2023,10/30/2023,"Dexterity Health, LLC DBA Zazzee Naturals",Center for Drug Evaluation and Research | CDER,Finished Pharmaceuticals/Unapproved New Drug,,,2023-11-07,2023-10-30,"Dexterity Health, LLC DBA Zazzee Naturals",False,False,False
11/07/2023,10/23/2023,ADM Animal Nutrition,Division of Human and Animal Food Operations East VI,CGMP/Animal Food/Adulterated,,08/12/2025,2023-11-07,2023-10-23,ADM Animal Nutrition,False,False,False
11/07/2023,11/07/2023,"Nic Nac Naturals, LLC",Center for Tobacco Products,Family Smoking Prevention and Tobacco Control Act/Adulterated/Misbranded,,,2023-11-07,2023-11-07,"Nic Nac Naturals, LLC",False,False,False
11/07/2023,09/01/2023,"InnoMark, Inc.",Division of Human and Animal Food Operations West IV,CGMP/Dietary Supplement/Misbranded,,,2023-11-07,2023-09-01,"InnoMark, Inc.",False,False,False
11/07/2023,08/04/2023,Biorica International Corp.,Center for Food Safety and Applied Nutrition (CFSAN),New Drug/Misbranded,,04/17/2024,2023-11-07,2023-08-04,Biorica International Corp.,False,False,False
11/07/2023,10/31/2023,Acrostak Schweiz AG,Center for Devices and Radiological Health,CGMP/QSR/Medical Devices/Adulterated,,,2023-11-07,2023-10-31,Acrostak Schweiz AG,True,True,True
11/02/2023,11/02/2023,Jams Vaporium,Center for Tobacco Products,Family Smoking Prevention and Tobacco Control Act/Adulterated/Misbranded,,,2023-11-02,2023-11-02,Jams Vaporium,False,False,False
11/02/2023,11/02/2023,8OHM1 d/b/a Digital Smoke,Center for Tobacco Products,Family Smoking Prevention and Tobacco Control Act/Adulterated/Misbranded,,,2023-11-02,2023-11-02,8OHM1 d/b/a Digital Smoke,False,False,False
11/02/2023,11/02/2023,Wolfe Trading Company LLC d/b/a East Coast Vapors,Center for Tobacco Products,Family Smoking Prevention and Tobacco Control Act/Adulterated/Misbranded,,,2023-11-02,2023-11-02,Wolfe Trading Company LLC d/b/a East Coast Vapors,False,False,False
11/02/2023,11/02/2023,Velvet Vapor,Center for Tobacco Products,Family Smoking Prevention and Tobacco Control Act/Adulterated/Misbranded,,,2023-11-02,2023-11-02,Velvet Vapor,False,False,False
11/02/2023,11/02/2023,HomeTown Vapor,Center for Tobacco Products,Family Smoking Prevention and Tobacco Control Act/Adulterated/Misbranded,,,2023-11-02,2023-11-02,HomeTown Vapor,False,False,False
10/31/2023,10/20/2023,"Samm Solutions, Inc., d.b.a. BTS Research",Center for Drug Evaluation and Research | CDER,Good Laboratory Practice (GLP) for Nonclinical Laboratory Studies,,,2023-10-31,2023-10-20,"Samm Solutions, Inc., d.b.a. BTS Research",False,False,False
10/31/2023,10/20/2023,"Maria W. Greenwald, M.D.",Center for Drug Evaluation and Research | CDER,Clinical Investigator,,,2023-10-31,2023-10-20,"Maria W. Greenwald, M.D.",False,False,False
10/31/2023,03/30/2023,"ALI Pharmaceutical Manufacturing, LLC",Division of Pharmaceutical Quality Operations III,CGMP/Active Pharmaceutical Ingredient (API)/Adulterated,,,2023-10-31,2023-03-30,"ALI Pharmaceutical Manufacturing, LLC",False,False,False
10/31/2023,10/20/2023,WAVi Co.,Division of Medical Device and Radiological Health Operations West,Investigational Device Exemptions (IDE)/Premarket Approval Application (PMA) Adulterated Device,,03/03/2026,2023-10-31,2023-10-20,WAVi Co.,False,True,True
10/26/2023,10/26/2023,Cajun Vapes LLC,Center for Tobacco Products,Family Smoking Prevention and Tobacco Control Act/Adulterated/Misbranded,,,2023-10-26,2023-10-26,Cajun Vapes LLC,False,False,False
10/26/2023,10/26/2023,"FF Vapors, LLC",Center for Tobacco Products,Family Smoking Prevention and Tobacco Control Act/Adulterated/Misbranded,,,2023-10-26,2023-10-26,"FF Vapors, LLC",False,False,False
10/26/2023,10/26/2023,Trippy Drips LLC,Center for Tobacco Products,Family Smoking Prevention and Tobacco Control Act/Adulterated/Misbranded,,,2023-10-26,2023-10-26,Trippy Drips LLC,False,False,False
10/25/2023,10/24/2023,Abbott Laboratories,Center for Biologics Evaluation and Research (CBER),Dietary Supplement/Adulterated,,01/21/2025,2023-10-25,2023-10-24,Abbott Laboratories,False,False,False
10/24/2023,10/04/2023,"Embryll Life Sciences, Inc.",Center for Veterinary Medicine,Unapproved New Animal Drug/Adulterated,,,2023-10-24,2023-10-04,"Embryll Life Sciences, Inc.",False,False,False
10/24/2023,10/05/2023,Golden Natural Products,Division of Northeast Imports,Foreign Supplier Verification Program (FSVP),,,2023-10-24,2023-10-05,Golden Natural Products,False,False,False
10/24/2023,08/21/2023,"Suther Feeds, Inc.",Division of Human and Animal Food Operations West II,CGMP/Medicated Feeds/Adulterated,,03/12/2024,2023-10-24,2023-08-21,"Suther Feeds, Inc.",False,False,False
10/20/2023,10/20/2023,The Juice Bar,Center for Tobacco Products,Family Smoking Prevention and Tobacco Control Act/Adulterated/Misbranded,,,2023-10-20,2023-10-20,The Juice Bar,False,False,False
10/20/2023,10/19/2023,Vegas Vapor Emporium,Center for Tobacco Products,Family Smoking Prevention and Tobacco Control Act/Adulterated/Misbranded,,,2023-10-20,2023-10-19,Vegas Vapor Emporium,False,False,False
10/20/2023,10/19/2023,The Vapery LLC d/b/a the Vapery,Center for Tobacco Products,Family Smoking Prevention and Tobacco Control Act/Adulterated/Misbranded,,,2023-10-20,2023-10-19,The Vapery LLC d/b/a the Vapery,False,False,False
10/20/2023,10/19/2023,Great Vapes,Center for Tobacco Products,Family Smoking Prevention and Tobacco Control Act/Adulterated/Misbranded,,,2023-10-20,2023-10-19,Great Vapes,False,False,False
10/19/2023,10/19/2023,"KL Labs, LLC, d/b/a Known Distro",Center for Tobacco Products,Family Smoking Prevention and Tobacco Control Act/Adulterated/Misbranded,,,2023-10-19,2023-10-19,"KL Labs, LLC, d/b/a Known Distro",False,False,False
10/17/2023,10/05/2023,"Lathem Family Farms, Inc.",Division of Human and Animal Food Operations East III,Food/Egg/Prepared Packed or Held Under Insanitary Conditions/Adulterated,,05/01/2024,2023-10-17,2023-10-05,"Lathem Family Farms, Inc.",False,False,False
10/17/2023,09/19/2023,"Hygienic Labs, LLC",Center for Drug Evaluation and Research | CDER,Refusal to Provide Access to and Copying of Records,,,2023-10-17,2023-09-19,"Hygienic Labs, LLC",False,False,False
10/17/2023,10/04/2023,"Handock Cosmetics Co., Ltd.",Center for Drug Evaluation and Research | CDER,CGMP/Finished Pharmaceuticals/Adulterated/Misbranded/Failure to Register/Unapproved New Drug,,,2023-10-17,2023-10-04,"Handock Cosmetics Co., Ltd.",False,False,False
10/13/2023,10/12/2023,"IOC Marketing, LLC d/b/a eCig Source",Center for Tobacco Products,Family Smoking Prevention and Tobacco Control Act/Adulterated/Misbranded,,,2023-10-13,2023-10-12,"IOC Marketing, LLC d/b/a eCig Source",False,False,False
10/12/2023,10/12/2023,Caribbean Cloud Dot Com d/b/a Gorilla Vapes of Forest,Center for Tobacco Products,Family Smoking Prevention and Tobacco Control Act/Adulterated/Misbranded,,,2023-10-12,2023-10-12,Caribbean Cloud Dot Com d/b/a Gorilla Vapes of Forest,False,False,False
10/12/2023,10/12/2023,JP Ventures LLC dba iVape,Center for Tobacco Products,Family Smoking Prevention and Tobacco Control Act/Adulterated/Misbranded,,,2023-10-12,2023-10-12,JP Ventures LLC dba iVape,False,False,False
10/12/2023,10/12/2023,"Born Blessed Enterprises, LLC d/b/a One Stop Vape Shop",Center for Tobacco Products,Family Smoking Prevention and Tobacco Control Act/Adulterated/Misbranded,,,2023-10-12,2023-10-12,"Born Blessed Enterprises, LLC d/b/a One Stop Vape Shop",False,False,False
10/10/2023,08/07/2023,Ikal LLC,Division of Southwest Imports,Foreign Supplier Verification Program (FSVP),,,2023-10-10,2023-08-07,Ikal LLC,False,False,False
10/10/2023,09/08/2023,Shantaba LLC,Division of Southwest Imports,Foreign Supplier Verification Program (FSVP),,,2023-10-10,2023-09-08,Shantaba LLC,False,False,False
10/10/2023,09/29/2023,www.alphamedstore.com,Center for Drug Evaluation and Research | CDER,Finished Pharmaceuticals/Unapproved New Drug/Misbranded,,,2023-10-10,2023-09-29,www.alphamedstore.com,False,False,False
10/10/2023,10/02/2023,"Seoul Cosmetics Co., Ltd.",Center for Drug Evaluation and Research | CDER,CGMP/Finished Pharmaceuticals/Unapproved New Drug/Misbranded/Adulterated,,,2023-10-10,2023-10-02,"Seoul Cosmetics Co., Ltd.",False,False,False
10/10/2023,08/24/2023,Tijuana’s Produce Inc.,Division of West Coast Imports,Foreign Supplier Verification Program (FSVP),,,2023-10-10,2023-08-24,Tijuana’s Produce Inc.,False,False,False
10/10/2023,09/26/2023,"Antonio E. Blanco, M.D./Vista Health Research, LLC",Center for Drug Evaluation and Research | CDER,Clinical Investigator,,,2023-10-10,2023-09-26,"Antonio E. Blanco, M.D./Vista Health Research, LLC",False,False,False
10/10/2023,10/02/2023,www.gorillahealing.com,Center for Drug Evaluation and Research | CDER,Finished Pharmaceuticals/Unapproved New Drug/Misbranded,,,2023-10-10,2023-10-02,www.gorillahealing.com,False,False,False
10/10/2023,09/29/2023,Kari-Fresh LLC,Division of Southwest Imports,Foreign Supplier Verification Program (FSVP),,,2023-10-10,2023-09-29,Kari-Fresh LLC,False,False,False
10/10/2023,10/02/2023,www.semaspace.com,Center for Drug Evaluation and Research | CDER,Finished Pharmaceuticals/Unapproved New Drug/Misbranded,,,2023-10-10,2023-10-02,www.semaspace.com,False,False,False
08/29/2023,08/03/2023,K.C. Pharmaceuticals Inc.,Division of Pharmaceutical Quality Operations IV,CGMP/Finished Pharmaceuticals/Adulterated,,,2023-08-29,2023-08-03,K.C. Pharmaceuticals Inc.,False,False,False
08/29/2023,08/10/2023,"Tesla BioHealing, Inc.",Division of Medical Device and Radiological Health Operations East,Medical Device/Adulterated/Misbranded/Lacks PMA and/or 510(k),,,2023-08-29,2023-08-10,"Tesla BioHealing, Inc.",False,True,True
08/29/2023,05/03/2023,Cosmax NBT USA,Division of Human and Animal Food Operations West III,CGMP/Dietary Supplement/Adulterated/Misbranded,,12/05/2023,2023-08-29,2023-05-03,Cosmax NBT USA,False,False,False
08/29/2023,08/11/2023,Cosmobeauti Laboratories & Manufacturing Inc.,Center for Drug Evaluation and Research | CDER,CGMP/Finished Pharmaceuticals/Adulterated,,,2023-08-29,2023-08-11,Cosmobeauti Laboratories & Manufacturing Inc.,False,False,False
08/29/2023,08/16/2023,"Essential Research, LLC",Center for Veterinary Medicine,Unapproved New Animal Drug Products,,,2023-08-29,2023-08-16,"Essential Research, LLC",False,False,False
08/29/2023,06/26/2023,"Amor Nino Foods, Inc.",Division of Human and Animal Food Operations West V,Seafood HACCP/CGMP for Foods/Adulterated/Insanitary Conditions,,,2023-08-29,2023-06-26,"Amor Nino Foods, Inc.",False,False,False
08/29/2023,08/15/2023,Gadal Laboratories Inc.,Division of Pharmaceutical Quality Operations II,CGMP/Finished Pharmaceuticals/Adulterated,,,2023-08-29,2023-08-15,Gadal Laboratories Inc.,False,False,False
08/29/2023,04/17/2023,Victory Trading Company Inc.,Division of Human and Animal Food Operations East I,"CGMP/Food/Prepared, Packed or Held Under Insanitary Conditions/Adulterated",,,2023-08-29,2023-04-17,Victory Trading Company Inc.,False,False,False
08/24/2023,08/24/2023,Lizard Juice LLC d/b/a New Age Distribution,Center for Tobacco Products,Family Smoking Prevention and Tobacco Control Act/Adulterated/Misbranded,,,2023-08-24,2023-08-24,Lizard Juice LLC d/b/a New Age Distribution,False,False,False
08/24/2023,08/24/2023,"Preferred Vapor Manufacturing & Distribution, LLC d/b/a Preferred Vapor Vape Shop & Lounge",Center for Tobacco Products,Family Smoking Prevention and Tobacco Control Act/Adulterated/Misbranded,,,2023-08-24,2023-08-24,"Preferred Vapor Manufacturing & Distribution, LLC d/b/a Preferred Vapor Vape Shop & Lounge",False,False,False
08/24/2023,08/24/2023,WTech Enterprises LLC d/b/a Good Vibes Vapor,Center for Tobacco Products,Family Smoking Prevention and Tobacco Control Act/Adulterated/Misbranded,,,2023-08-24,2023-08-24,WTech Enterprises LLC d/b/a Good Vibes Vapor,False,False,False
08/23/2023,08/23/2023,Mini Cup Vape,Center for Tobacco Products,Family Smoking Prevention and Tobacco Control Act/Adulterated/Misbranded,,,2023-08-23,2023-08-23,Mini Cup Vape,False,False,False
08/23/2023,08/23/2023,Spongebob Vape,Center for Tobacco Products,Family Smoking Prevention and Tobacco Control Act/Adulterated/Misbranded,,,2023-08-23,2023-08-23,Spongebob Vape,False,False,False
08/23/2023,08/23/2023,Finest Ounce Vape Store d/b/a Finest Ounce Vape Malaysia,Center for Tobacco Products,Family Smoking Prevention and Tobacco Control Act/Adulterated/Misbranded,,,2023-08-23,2023-08-23,Finest Ounce Vape Store d/b/a Finest Ounce Vape Malaysia,False,False,False
08/23/2023,08/23/2023,Mochivap,Center for Tobacco Products,Family Smoking Prevention and Tobacco Control Act/Adulterated/Misbranded,,,2023-08-23,2023-08-23,Mochivap,False,False,False
08/23/2023,08/23/2023,Vape123,Center for Tobacco Products,Family Smoking Prevention and Tobacco Control Act/Adulterated/Misbranded,,,2023-08-23,2023-08-23,Vape123,False,False,False
08/23/2023,08/23/2023,The Juice Machine,Center for Tobacco Products,Family Smoking Prevention and Tobacco Control Act/Adulterated/Misbranded,,,2023-08-23,2023-08-23,The Juice Machine,False,False,False
08/23/2023,08/23/2023,Vapesstores.com,Center for Tobacco Products,Family Smoking Prevention and Tobacco Control Act/Adulterated/Misbranded,,,2023-08-23,2023-08-23,Vapesstores.com,False,False,False
08/23/2023,08/23/2023,Titan Star Resources Sdn Bhd. d/b/a Vape Vandal Ltd.,Center for Tobacco Products,Family Smoking Prevention and Tobacco Control Act/Adulterated/Misbranded,,,2023-08-23,2023-08-23,Titan Star Resources Sdn Bhd. d/b/a Vape Vandal Ltd.,False,False,False
08/23/2023,08/23/2023,Vapestore.to,Center for Tobacco Products,Family Smoking Prevention and Tobacco Control Act/Adulterated/Misbranded,,,2023-08-23,2023-08-23,Vapestore.to,False,False,False
08/23/2023,08/23/2023,Disposable Vapes Wholesale,Center for Tobacco Products,Family Smoking Prevention and Tobacco Control Act/Adulterated/Misbranded,,,2023-08-23,2023-08-23,Disposable Vapes Wholesale,False,False,False
08/23/2023,08/23/2023,Best Vapes Store,Center for Tobacco Products,Family Smoking Prevention and Tobacco Control Act/Adulterated/Misbranded,,,2023-08-23,2023-08-23,Best Vapes Store,False,False,False
08/23/2023,08/23/2023,Venture Concepts Group LLC d/b/a High Light Vape Co.,Center for Tobacco Products,Family Smoking Prevention and Tobacco Control Act/Adulterated/Misbranded,,,2023-08-23,2023-08-23,Venture Concepts Group LLC d/b/a High Light Vape Co.,False,False,False
08/23/2023,08/23/2023,"Apex Vape, Inc",Center for Tobacco Products,Family Smoking Prevention and Tobacco Control Act/Adulterated/Misbranded,,,2023-08-23,2023-08-23,"Apex Vape, Inc",False,False,False
08/23/2023,08/23/2023,StrikesUSA,Center for Tobacco Products,Family Smoking Prevention and Tobacco Control Act/Adulterated/Misbranded,,,2023-08-23,2023-08-23,StrikesUSA,False,False,False
08/23/2023,08/23/2023,VR Products I LLC d/b/a eJuiceDB,Center for Tobacco Products,Family Smoking Prevention and Tobacco Control Act/Adulterated/Misbranded,,,2023-08-23,2023-08-23,VR Products I LLC d/b/a eJuiceDB,False,False,False
08/23/2023,08/23/2023,Viper Vapor LLC d/b/a Viper Vapor Kelso LLC,Center for Tobacco Products,Family Smoking Prevention and Tobacco Control Act/Adulterated/Misbranded,,,2023-08-23,2023-08-23,Viper Vapor LLC d/b/a Viper Vapor Kelso LLC,False,False,False
08/22/2023,03/16/2023,Sol-ti Inc.,Division of Human and Animal Food Operations West V,Juice HACCP/CGMP for Foods/Adulterated/Insanitary Conditions,,,2023-08-22,2023-03-16,Sol-ti Inc.,False,False,False
08/22/2023,08/16/2023,"King Systems Corp. dba Ambu, Inc.",Center for Devices and Radiological Health,CGMP/QSR/Medical Devices/PMA/Adulterated/Misbranded,,06/16/2025,2023-08-22,2023-08-16,"King Systems Corp. dba Ambu, Inc.",True,True,True
08/22/2023,08/14/2023,"K. Boeun Pharmaceutical Co., Ltd.",Center for Drug Evaluation and Research | CDER,CGMP/Finished Pharmaceuticals/Adulterated,,,2023-08-22,2023-08-14,"K. Boeun Pharmaceutical Co., Ltd.",False,False,False
08/22/2023,08/18/2023,"MolluscumRx, Inc.",Center for Drug Evaluation and Research | CDER,Unapproved New Drugs/Misbranded,,,2023-08-22,2023-08-18,"MolluscumRx, Inc.",False,False,False
08/22/2023,08/08/2023,"Angela M. Stupi, M.D.",Center for Drug Evaluation and Research | CDER,Clinical Investigator,,,2023-08-22,2023-08-08,"Angela M. Stupi, M.D.",False,False,False
08/22/2023,08/18/2023,"Thrasio, LLC D/B/A ZymaDerm",Center for Drug Evaluation and Research | CDER,Unapproved New Drugs/Misbranded,,,2023-08-22,2023-08-18,"Thrasio, LLC D/B/A ZymaDerm",False,False,False
08/22/2023,06/26/2023,Lone Pine Farm,Division of Human and Animal Food Operations West II,PHS Act/Shell Egg Regulation/Adulterated,,03/17/2026,2023-08-22,2023-06-26,Lone Pine Farm,False,False,False
08/22/2023,05/25/2023,"Eco Food Distribution, LLC",Division of Northern Border Imports,Foreign Supplier Verification Program (FSVP),,,2023-08-22,2023-05-25,"Eco Food Distribution, LLC",False,False,False
08/22/2023,06/12/2023,Moises Gardea,Division of Southwest Imports,Foreign Supplier Verification Program (FSVP),,,2023-08-22,2023-06-12,Moises Gardea,False,False,False
08/22/2023,05/31/2023,Knobbe Cattle Company Inc.,Division of Human and Animal Food Operations West II,Illegal Drug Residue Animal Tissue/Adulterated,,01/19/2024,2023-08-22,2023-05-31,Knobbe Cattle Company Inc.,False,False,False
08/22/2023,08/18/2023,Molluscumaway LLC,Center for Drug Evaluation and Research | CDER,Unapproved New Drugs/Misbranded,,,2023-08-22,2023-08-18,Molluscumaway LLC,False,False,False
08/22/2023,05/18/2023,"Seafood Brothers Inc., DBA G & L Seafood Inc.",Division of West Coast Imports,Seafood HACCP/CGMP for Foods/Adulterated/Insanitary Conditions,,,2023-08-22,2023-05-18,"Seafood Brothers Inc., DBA G & L Seafood Inc.",False,False,False
08/22/2023,08/08/2023,Source-Omega LLC,Division of Human and Animal Food Operations East V,New Drug/Misbranded,,,2023-08-22,2023-08-08,Source-Omega LLC,False,False,False
08/22/2023,08/08/2023,International Laboratories Corp. Ltd.,Center for Drug Evaluation and Research | CDER,CGMP/Finished Pharmaceuticals/Adulterated,,,2023-08-22,2023-08-08,International Laboratories Corp. Ltd.,False,False,False
08/22/2023,08/15/2023,"FVD Produce, LLC",Division of Southwest Imports,Foreign Supplier Verification Program (FSVP),,,2023-08-22,2023-08-15,"FVD Produce, LLC",False,False,False
08/22/2023,08/18/2023,"Amazon.com, Inc",Center for Drug Evaluation and Research | CDER,Unapproved New Drugs/Misbranded,,,2023-08-22,2023-08-18,"Amazon.com, Inc",False,False,False
08/22/2023,08/18/2023,"Walmart, Inc",Center for Drug Evaluation and Research | CDER,Unapproved New Drugs/Misbranded,,,2023-08-22,2023-08-18,"Walmart, Inc",False,False,False
08/22/2023,08/18/2023,"Nature’s Innovation, Inc.",Center for Drug Evaluation and Research | CDER,Unapproved New Drugs/Misbranded,,,2023-08-22,2023-08-18,"Nature’s Innovation, Inc.",False,False,False
08/17/2023,08/17/2023,Wise Vice LLC dba Wise Vice Vapors,Center for Tobacco Products,Family Smoking Prevention and Tobacco Control Act/Adulterated/Misbranded,,,2023-08-17,2023-08-17,Wise Vice LLC dba Wise Vice Vapors,False,False,False
08/17/2023,08/17/2023,Vaper Generation LLC,Center for Tobacco Products,Family Smoking Prevention and Tobacco Control Act/Adulterated/Misbranded,,,2023-08-17,2023-08-17,Vaper Generation LLC,False,False,False
08/15/2023,04/07/2023,STPCA Inc. dba Sun Ten Laboratories,Division of Human and Animal Food Operations West V,Unapproved New Drugs/Misbranded,,,2023-08-15,2023-04-07,STPCA Inc. dba Sun Ten Laboratories,False,False,False
08/15/2023,08/09/2023,"ALVA-AMCO Pharmacal Companies, LLC",Office of Unapproved Drugs and Labeling Compliance,Unapproved New Drugs/Misbranded,,,2023-08-15,2023-08-09,"ALVA-AMCO Pharmacal Companies, LLC",False,False,False
08/15/2023,06/02/2023,"Hekma Center, LLC",Center for Food Safety and Applied Nutrition (CFSAN),New Drugs/Dietary Supplements/Food Labeling/Misbranded,,,2023-08-15,2023-06-02,"Hekma Center, LLC",False,False,False
08/15/2023,08/09/2023,CalmCo LLC previously named Ketomi LLC,Center for Drug Evaluation and Research | CDER,Unapproved New Drugs/Misbranded,,,2023-08-15,2023-08-09,CalmCo LLC previously named Ketomi LLC,False,False,False
08/15/2023,08/15/2023,"Nubilus Vapor, LLC",Center for Tobacco Products,Family Smoking Prevention and Tobacco Control Act/Adulterated/Misbranded,,,2023-08-15,2023-08-15,"Nubilus Vapor, LLC",False,False,False
08/01/2023,06/01/2023,RenatiLabs Inc.,Division of Biological Products Operations I,"Deviations/CFR/Regulations for Human Cells, Tissues & Cellular Products (HCT/Ps)",,,2023-08-01,2023-06-01,RenatiLabs Inc.,False,False,False
07/25/2023,07/24/2023,"BC Food LA, LLC, DBA B & C Food Co.",Division of West Coast Imports,Foreign Supplier Verification Program (FSVP),,,2023-07-25,2023-07-24,"BC Food LA, LLC, DBA B & C Food Co.",False,False,False
07/25/2023,07/21/2023,Biosensors Interventional Technologies Pte Ltd,"OHT2: Office of Cardiovascular Devices, Office of Product Evaluation and Quality",Medical Device Reporting/Misbranded,,,2023-07-25,2023-07-21,Biosensors Interventional Technologies Pte Ltd,True,True,True
07/11/2023,07/06/2023,C K Frozen Fish and Food Inc.,Division of Northeast Imports,Foreign Supplier Verification Program (FSVP),,,2023-07-11,2023-07-06,C K Frozen Fish and Food Inc.,False,False,False
06/20/2023,06/12/2023,"Lacteos Mi Chalatenango, Inc.",Division of Northern Border Imports,Foreign Supplier Verification Program (FSVP),,,2023-06-20,2023-06-12,"Lacteos Mi Chalatenango, Inc.",False,False,False
06/06/2023,05/26/2023,ImprimisRx NJ,Division of Pharmaceutical Quality Operations I,Compounding Pharmacy/Adulterated Drug Products,,,2023-06-06,2023-05-26,ImprimisRx NJ,False,False,False
03/28/2023,03/24/2023,Liberty Fruit Co. Inc. DBA Carol’s Cuts,Division of Human and Animal Food Operations West II,Juice HACCP/CGMP for Foods/Adulterated/Insanitary Conditions,,,2023-03-28,2023-03-24,Liberty Fruit Co. Inc. DBA Carol’s Cuts,False,False,False
02/14/2023,02/10/2023,"American Chinese Natural Herbs, Inc.",Office of Human and Animal Food Operations West Division 3,"CGMP/Manufacturing, Packaging, Labeling, or Holding Operations for Dietary Supplements/Adulterated",,,2023-02-14,2023-02-10,"American Chinese Natural Herbs, Inc.",False,False,False
02/14/2023,02/08/2023,"Cutera, Inc.",Center for Devices and Radiological Health,Investigational Device Exemptions (IDE)/Premarket Approval Application (PMA) Adulterated Device,,10/18/2024,2023-02-14,2023-02-08,"Cutera, Inc.",True,True,True
01/31/2023,01/30/2023,Fei Fah Medical Manufacturing Pte. Ltd.,Center for Drug Evaluation and Research | CDER,CGMP/Finished Pharmaceuticals/Adulterated,,,2023-01-31,2023-01-30,Fei Fah Medical Manufacturing Pte. Ltd.,False,False,False
01/31/2023,01/27/2023,"Kobayashi Healthcare International, Inc.",Office of Pharmaceutical Quality,CGMP/Finished Pharmaceuticals/Adulterated,,,2023-01-31,2023-01-27,"Kobayashi Healthcare International, Inc.",False,False,False
01/10/2023,12/29/2022,Turkuaz Sağlik Hizmetleri Medikal Temizlik Kimyasa,Center for Devices and Radiological Health,CGMP/QSR/Medical Devices/Adulterated,,07/21/2025,2023-01-10,2022-12-29,Turkuaz Sağlik Hizmetleri Medikal Temizlik Kimyasa,True,True,True
05/17/2022,05/09/2022,Yakamoz Sirke Ferm Urunleri Gida Tas San Ve Tic Ltd STI,Center for Food Safety and Applied Nutrition (CFSAN),Juice/HACCP/Adulterated,,,2022-05-17,2022-05-09,Yakamoz Sirke Ferm Urunleri Gida Tas San Ve Tic Ltd STI,False,False,False
02/15/2022,02/04/2022,Victory Vapor Inc.,Center for Tobacco Products,Family Smoking Prevention and Tobacco Control Act/Adulterated/Misbranded,,,2022-02-15,2022-02-04,Victory Vapor Inc.,False,False,False
02/15/2022,02/03/2022,"GreenSmartLiving, Inc.",Center for Tobacco Products,Family Smoking Prevention and Tobacco Control Act/Adulterated/Misbranded,,,2022-02-15,2022-02-03,"GreenSmartLiving, Inc.",False,False,False
02/15/2022,02/02/2022,Indiana Chem-Port,Center for Drug Evaluation and Research | CDER,CGMP/Active Pharmaceutical Ingredient (API)/Adulterated,,,2022-02-15,2022-02-02,Indiana Chem-Port,False,False,False
02/15/2022,02/03/2022,"ECI Pharmaceuticals, LLC",Center for Drug Evaluation and Research | CDER,Failure to Register and List,,,2022-02-15,2022-02-03,"ECI Pharmaceuticals, LLC",False,False,False
02/15/2022,02/03/2022,Pharmacy2Home/LandiCom Holding LTD,Center for Drug Evaluation and Research | CDER,Unapproved and Misbranded Products Related to Coronavirus Disease 2019 (COVID-19),,,2022-02-15,2022-02-03,Pharmacy2Home/LandiCom Holding LTD,False,False,False
02/09/2022,02/09/2022,Einstein Vapes LLC,Center for Tobacco Products,Family Smoking Prevention and Tobacco Control Act/Adulterated/Misbranded,,,2022-02-09,2022-02-09,Einstein Vapes LLC,False,False,False
02/09/2022,02/09/2022,Emerald's Triangle LLC,Center for Tobacco Products,Family Smoking Prevention and Tobacco Control Act/Adulterated/Misbranded,,,2022-02-09,2022-02-09,Emerald's Triangle LLC,False,False,False
02/09/2022,02/09/2022,E-Cig Innovation,Center for Tobacco Products,Family Smoking Prevention and Tobacco Control Act/Adulterated/Misbranded,,,2022-02-09,2022-02-09,E-Cig Innovation,False,False,False
02/09/2022,02/09/2022,Wise Guys Vapes,Center for Tobacco Products,Family Smoking Prevention and Tobacco Control Act/Adulterated/Misbranded,,,2022-02-09,2022-02-09,Wise Guys Vapes,False,False,False
02/08/2022,02/01/2022,"New Earth Healing Essentials, LLC d/b/a 5D Full Disclosure",Center for Drug Evaluation and Research | CDER,Unapproved New Drugs/Misbranded,,,2022-02-08,2022-02-01,"New Earth Healing Essentials, LLC d/b/a 5D Full Disclosure",False,False,False
02/08/2022,01/26/2022,Innoveix Pharmaceuticals Inc,"Office of Pharmaceutical Quality Operations, Division II",Compounding Pharmacy/Adulterated Drug Products,,,2022-02-08,2022-01-26,Innoveix Pharmaceuticals Inc,False,False,False
02/08/2022,01/04/2022,Bakery Project Inc. dba Delano Bakery,Office of Human and Animal Food- West Division II,"CGMP/Food/Prepared, Packed or Held Under Insanitary Conditions/Adulterated",,,2022-02-08,2022-01-04,Bakery Project Inc. dba Delano Bakery,False,False,False
02/03/2022,02/03/2022,Hookies and Bookies,Center for Tobacco Products,Family Smoking Prevention and Tobacco Control Act/Adulterated/Misbranded,,,2022-02-03,2022-02-03,Hookies and Bookies,False,False,False
02/01/2022,12/07/2021,OFP Ingredients LLC,Division of Human and Animal Food Operations West I,"CGMP/Food/Prepared, Packed or Held Under Insanitary Conditions/Adulterated",,,2022-02-01,2021-12-07,OFP Ingredients LLC,False,False,False
02/01/2022,12/08/2021,VHRK Food Inc.,Division of Northern Border Imports,Foreign Supplier Verification Program (FSVP),,,2022-02-01,2021-12-08,VHRK Food Inc.,False,False,False
02/01/2022,12/09/2021,Ding Tea Balboa,Division of Southwest Imports,Foreign Supplier Verification Program (FSVP),,,2022-02-01,2021-12-09,Ding Tea Balboa,False,False,False
02/01/2022,01/25/2022,Fantasia Distribution Inc.,Center for Tobacco Products,Family Smoking Prevention and Tobacco Control Act/Adulterated/Misbranded,,,2022-02-01,2022-01-25,Fantasia Distribution Inc.,False,False,False
02/01/2022,01/27/2022,"5,000 Years Foods, Inc.","Office of Human and Animal Food Operations, East Division VI","CGMP/Food/Prepared, Packed or Held Under Insanitary Conditions/Adulterated",,01/23/2026,2022-02-01,2022-01-27,"5,000 Years Foods, Inc.",False,False,False
02/01/2022,01/14/2022,Picket Fence Creamery LLC,Division of Human and Animal Food Operations West II,Food Labeling/Misbranded,,07/18/2022,2022-02-01,2022-01-14,Picket Fence Creamery LLC,False,False,False
02/01/2022,09/15/2021,"D&C Seafood, Inc",Division of Human and Animal Food Operations East V,Seafood HACCP/CGMP for Foods/Adulterated/Insanitary Conditions,,,2022-02-01,2021-09-15,"D&C Seafood, Inc",False,False,False
02/01/2022,01/28/2022,"Vapor Candy, LLC d/b/a The Vape Stop",Center for Tobacco Products,Family Smoking Prevention and Tobacco Control Act/Adulterated/Misbranded,,07/14/2022,2022-02-01,2022-01-28,"Vapor Candy, LLC d/b/a The Vape Stop",False,False,False
02/01/2022,01/21/2022,Chain Vapez LLC,Center for Tobacco Products,Family Smoking Prevention and Tobacco Control Act/Adulterated/Misbranded,,,2022-02-01,2022-01-21,Chain Vapez LLC,False,False,False
02/01/2022,10/22/2021,"Applied Health Solutions, Inc.",Office of Human and Animal Food Operations - Division IV West,New Drug/Misbranded,,,2022-02-01,2021-10-22,"Applied Health Solutions, Inc.",False,False,False
02/01/2022,01/07/2022,"Molino Enterprises One, Inc.",Division of Northeast Imports,Foreign Supplier Verification Program (FSVP),,,2022-02-01,2022-01-07,"Molino Enterprises One, Inc.",False,False,False
02/01/2022,12/20/2021,"Frozen Wheels, LLC",Division of Pharmaceutical Quality Operations II,Drug Product/Adulterated,,,2022-02-01,2021-12-20,"Frozen Wheels, LLC",False,False,False
01/31/2022,01/31/2022,JDVapour LLC d/b/a McVapour E-Cig’s & Novelties,Center for Tobacco Products,Family Smoking Prevention and Tobacco Control Act/Adulterated/Misbranded,,,2022-01-31,2022-01-31,JDVapour LLC d/b/a McVapour E-Cig’s & Novelties,False,False,False
01/31/2022,01/31/2022,Blackbeard Vapor LLC,Center for Tobacco Products,Family Smoking Prevention and Tobacco Control Act/Adulterated/Misbranded,,,2022-01-31,2022-01-31,Blackbeard Vapor LLC,False,False,False
01/31/2022,01/31/2022,Blackbeard Vapor LLC,Center for Tobacco Products,Family Smoking Prevention and Tobacco Control Act/Adulterated/Misbranded,,,2022-01-31,2022-01-31,Blackbeard Vapor LLC,False,False,False
01/27/2022,01/27/2022,HotHead Vapor,Center for Tobacco Products,Family Smoking Prevention and Tobacco Control Act/Adulterated/Misbranded,,,2022-01-27,2022-01-27,HotHead Vapor,False,False,False
01/27/2022,01/27/2022,Texas Tobacco Barn LLC d/b/a TX VapeBarn,Center for Tobacco Products,Family Smoking Prevention and Tobacco Control Act/Adulterated/Misbranded,,,2022-01-27,2022-01-27,Texas Tobacco Barn LLC d/b/a TX VapeBarn,False,False,False
01/25/2022,01/18/2022,CES LLC,Center for Drug Evaluation and Research | CDER,Drug Product/Misbranded,,,2022-01-25,2022-01-18,CES LLC,False,False,False
01/25/2022,01/25/2022,"D & J Vapors, LLC-Horse Cave",Center for Tobacco Products,Family Smoking Prevention and Tobacco Control Act/Adulterated/Misbranded,,,2022-01-25,2022-01-25,"D & J Vapors, LLC-Horse Cave",False,False,False
01/25/2022,01/10/2022,"Onofrio's Fresh Cut, Inc.",Office of Human and Animal Food Operations - East Division 1,"CGMP Food/Prepared, Packed or Held Under Insanitary Conditions/Adulterated",,07/15/2024,2022-01-25,2022-01-10,"Onofrio's Fresh Cut, Inc.",False,False,False
01/25/2022,01/14/2022,Global Vapery LLC and Infinite Vapor LLC,Center for Tobacco Products,Family Smoking Prevention and Tobacco Control Act/Adulterated/Misbranded,,,2022-01-25,2022-01-14,Global Vapery LLC and Infinite Vapor LLC,False,False,False
01/25/2022,01/21/2022,"Yuni Wholesale, Inc. d/b/a Blow Disposables",Center for Tobacco Products,Family Smoking Prevention and Tobacco Control Act/Adulterated/Misbranded,,,2022-01-25,2022-01-21,"Yuni Wholesale, Inc. d/b/a Blow Disposables",False,False,False
01/25/2022,01/06/2022,"Concord Farms, Inc.",Division of West Coast Imports,Foreign Supplier Verification Program (FSVP),,,2022-01-25,2022-01-06,"Concord Farms, Inc.",False,False,False
01/25/2022,12/29/2021,Health Plus Inc.,Division of Pharmaceutical Quality Operations IV,CGMP/Finished Pharmaceuticals/Adulterated,,,2022-01-25,2021-12-29,Health Plus Inc.,False,False,False
01/25/2022,01/21/2022,"SAS Technologies, Inc d/b/a Save A Smoker",Center for Tobacco Products,Family Smoking Prevention and Tobacco Control Act/Adulterated/Misbranded,,,2022-01-25,2022-01-21,"SAS Technologies, Inc d/b/a Save A Smoker",False,False,False
01/25/2022,01/12/2022,Aurobindo Pharmaceutical Limited,Center for Drug Evaluation and Research | CDER,CGMP/Active Pharmaceutical Ingredient (API)/Adulterated,,11/17/2025,2022-01-25,2022-01-12,Aurobindo Pharmaceutical Limited,False,False,False
01/25/2022,01/25/2022,Go Vapor LLC,Center for Tobacco Products,Family Smoking Prevention and Tobacco Control Act/Adulterated/Misbranded,,,2022-01-25,2022-01-25,Go Vapor LLC,False,False,False
01/20/2022,01/20/2022,Go Vapor LLC,Center for Tobacco Products,Family Smoking Prevention and Tobacco Control Act/Adulterated/Misbranded,,,2022-01-20,2022-01-20,Go Vapor LLC,False,False,False
01/20/2022,01/20/2022,Vaping Zone,Center for Tobacco Products,Family Smoking Prevention and Tobacco Control Act/Adulterated/Misbranded,,,2022-01-20,2022-01-20,Vaping Zone,False,False,False
01/18/2022,09/20/2021,"Apothecary Health Solutions/Right Value Drug Stores, LLC dba Carie Boyd's Prescription Shop","Office of Pharmaceutical Quality Operations, Division II",Compounding Pharmacy/Adulterated Drug Products,,,2022-01-18,2021-09-20,"Apothecary Health Solutions/Right Value Drug Stores, LLC dba Carie Boyd's Prescription Shop",False,False,False
01/18/2022,10/21/2021,"Green Food Ingredients, LLC",Division of Northern Border Imports,Foreign Supplier Verification Program (FSVP),,,2022-01-18,2021-10-21,"Green Food Ingredients, LLC",False,False,False
01/18/2022,01/07/2022,"Professional Disposables International, Inc.",Division of Pharmaceutical Quality Operations I,CGMP/Finished Pharmaceuticals/Adulterated,,12/12/2024,2022-01-18,2022-01-07,"Professional Disposables International, Inc.",False,False,False
01/18/2022,01/18/2022,"Edora Solutions, Inc d/b/a JoJo Vapes Brookville",Center for Tobacco Products,Family Smoking Prevention and Tobacco Control Act/Adulterated/Misbranded,,,2022-01-18,2022-01-18,"Edora Solutions, Inc d/b/a JoJo Vapes Brookville",False,False,False
01/18/2022,01/11/2022,"Rocky Mountain Ecigs, LLC",Center for Tobacco Products,Family Smoking Prevention and Tobacco Control Act/Adulterated/Misbranded,,,2022-01-18,2022-01-11,"Rocky Mountain Ecigs, LLC",False,False,False
01/18/2022,01/05/2022,HK Produce Group Inc. DBA Y2S Trading Inc.,Division of Northeast Imports,Foreign Supplier Verification Program (FSVP),,,2022-01-18,2022-01-05,HK Produce Group Inc. DBA Y2S Trading Inc.,False,False,False
01/18/2022,01/06/2022,"Cosmo Bio Co., Ltd.",Center for Drug Evaluation and Research | CDER,CGMP/Finished Pharmaceuticals/Adulterated/Misbranded,,,2022-01-18,2022-01-06,"Cosmo Bio Co., Ltd.",False,False,False
01/18/2022,12/16/2021,Foundation Vapor LLC,Center for Tobacco Products,Family Smoking Prevention and Tobacco Control Act/Adulterated/Misbranded,,,2022-01-18,2021-12-16,Foundation Vapor LLC,False,False,False
01/18/2022,11/18/2021,GeroNova Research Inc.,Office of Human and Animal Food Operations - West Division 5,Internet Marketing of Unapproved and Misbranded Drugs,,,2022-01-18,2021-11-18,GeroNova Research Inc.,False,False,False
01/18/2022,12/29/2021,Genesis Partnership Company SA,Center for Drug Evaluation and Research | CDER,Drug Product/Misbranded,,,2022-01-18,2021-12-29,Genesis Partnership Company SA,False,False,False
01/18/2022,12/21/2021,"Sunstar Americas, Inc.",Office of Medical Devices and Radiological Health Operations Div. 2 Central,CGMP/QSR/Medical Devices/Adulterated,,,2022-01-18,2021-12-21,"Sunstar Americas, Inc.",True,True,True
01/13/2022,01/13/2022,Go Vapor LLC,Center for Tobacco Products,Family Smoking Prevention and Tobacco Control Act/Adulterated/Misbranded,,,2022-01-13,2022-01-13,Go Vapor LLC,False,False,False
01/12/2022,01/12/2022,Buku Vapor LLC,Center for Tobacco Products,Family Smoking Prevention and Tobacco Control Act/Adulterated/Misbranded,,09/09/2024,2022-01-12,2022-01-12,Buku Vapor LLC,False,False,False
01/12/2022,01/12/2022,Smoke Euphoria Inc d/b/a Euphoria Vapor Outlet,Center for Tobacco Products,Family Smoking Prevention and Tobacco Control Act/Adulterated/Misbranded,,,2022-01-12,2022-01-12,Smoke Euphoria Inc d/b/a Euphoria Vapor Outlet,False,False,False
01/12/2022,01/12/2022,Singing Hawk LLC d/b/a Sin City Vapor II,Center for Tobacco Products,Family Smoking Prevention and Tobacco Control Act/Adulterated/Misbranded,,,2022-01-12,2022-01-12,Singing Hawk LLC d/b/a Sin City Vapor II,False,False,False
01/11/2022,11/23/2021,"Hubei Kangzheng Pharmaceutical Co., Ltd.",Center for Drug Evaluation and Research | CDER,CGMP/Finished Pharmaceuticals/Adulterated,,,2022-01-11,2021-11-23,"Hubei Kangzheng Pharmaceutical Co., Ltd.",False,False,False
01/11/2022,01/07/2022,Etomic LLC d/b/a Rogue Liquids,Center for Tobacco Products,Family Smoking Prevention and Tobacco Control Act/Adulterated/Misbranded,,,2022-01-11,2022-01-07,Etomic LLC d/b/a Rogue Liquids,False,False,False
01/11/2022,12/06/2021,Tropic Trading Co.,Division of Southwest Imports,Foreign Supplier Verification Program (FSVP),,,2022-01-11,2021-12-06,Tropic Trading Co.,False,False,False
01/11/2022,12/15/2021,International Golden Foods Inc,Office of Human and Animal Food Operations East-VI,"CGMP/Food/Prepared, Packed or Held Under Insanitary Conditions/Adulterated",,06/15/2023,2022-01-11,2021-12-15,International Golden Foods Inc,False,False,False
01/11/2022,12/15/2021,10 Days Inc d/b/a Pod Juice,Center for Tobacco Products,Family Smoking Prevention and Tobacco Control Act/Adulterated/Misbranded,,,2022-01-11,2021-12-15,10 Days Inc d/b/a Pod Juice,False,False,False
01/11/2022,12/17/2021,"Greenwood Ice Cream, LLC",Office of Human and Animal Food Operations – East Division 3,"CGMP/Food/Prepared, Packed or Held Under Insanitary Conditions/Adulterated",,,2022-01-11,2021-12-17,"Greenwood Ice Cream, LLC",False,False,False
01/11/2022,12/23/2021,"Aroma Imports, Inc.",Division of Northern Border Imports,Foreign Supplier Verification Program (FSVP),,,2022-01-11,2021-12-23,"Aroma Imports, Inc.",False,False,False
01/11/2022,01/03/2022,"Pure Ground Ingredients, Inc.",Division of Human and Animal Food Operations West V,"CGMP/Food/Prepared, Packed or Held Under Insanitary Conditions/Adulterated",,,2022-01-11,2022-01-03,"Pure Ground Ingredients, Inc.",False,False,False
01/11/2022,12/03/2021,Wadina Distribution LLC dba Gost Vapor,Center for Tobacco Products,Family Smoking Prevention and Tobacco Control Act/Adulterated/Misbranded,,,2022-01-11,2021-12-03,Wadina Distribution LLC dba Gost Vapor,False,False,False
01/06/2022,01/06/2022,South Coast Vapor Company,Center for Tobacco Products,Family Smoking Prevention and Tobacco Control Act/Adulterated/Misbranded,,,2022-01-06,2022-01-06,South Coast Vapor Company,False,False,False
01/06/2022,01/06/2022,"Dr. Vape It, LLC",Center for Tobacco Products,Family Smoking Prevention and Tobacco Control Act/Adulterated/Misbranded,,,2022-01-06,2022-01-06,"Dr. Vape It, LLC",False,False,False
12/28/2021,12/15/2021,"Spartan Chemical Company, Inc.",Division of Pharmaceutical Quality Operations III,CGMP/Finished Pharmaceuticals/Adulterated,,,2021-12-28,2021-12-15,"Spartan Chemical Company, Inc.",False,False,False
12/28/2021,11/24/2021,"DSAART, LLC. dba Alpha Aesthetics",Center for Devices and Radiological Health,CGMP/QSR/Manufacture/Packing/Storage/Installation/Adulterated,,,2021-12-28,2021-11-24,"DSAART, LLC. dba Alpha Aesthetics",True,True,True
12/28/2021,12/21/2021,Lady Boss Vapor Inc.,Center for Tobacco Products,Family Smoking Prevention and Tobacco Control Act/Adulterated/Misbranded,,,2021-12-28,2021-12-21,Lady Boss Vapor Inc.,False,False,False
12/28/2021,12/09/2021,"Medtronic, Inc.",Center for Devices and Radiological Health,CGMP/QSR/Medical Devices/Adulterated,,04/28/2023,2021-12-28,2021-12-09,"Medtronic, Inc.",True,True,True
12/28/2021,12/20/2021,"Cosmic Fog Vapors Operating Company, LLC",Center for Tobacco Products,Family Smoking Prevention and Tobacco Control Act/Adulterated/Misbranded,,06/22/2022,2021-12-28,2021-12-20,"Cosmic Fog Vapors Operating Company, LLC",False,False,False
12/27/2021,12/27/2021,Bogart Enterprises LLC d/b/a The Vapor Shop,Center for Tobacco Products,Family Smoking Prevention and Tobacco Control Act/Adulterated/Misbranded,,,2021-12-27,2021-12-27,Bogart Enterprises LLC d/b/a The Vapor Shop,False,False,False
12/21/2021,12/13/2021,The Famous Lartigue Seafood,Office of Human and Animal Food Operations-East 5,Seafood HACCP/CGMP for Foods/Adulterated/Insanitary Conditions,,,2021-12-21,2021-12-13,The Famous Lartigue Seafood,False,False,False
12/21/2021,12/01/2021,"DermaCare Biosciences, LTD.",Center for Devices and Radiological Health,Adulterated and Misbranded Products Related to Coronavirus Disease 2019 (COVID-19),,,2021-12-21,2021-12-01,"DermaCare Biosciences, LTD.",True,False,True
12/21/2021,12/14/2021,Guangdong Kemei Pharmaceutical Technology Co. Ltd.,Center for Drug Evaluation and Research | CDER,CGMP/Finished Pharmaceuticals/Unapproved New Drug/Misbranded/Adulterated,,,2021-12-21,2021-12-14,Guangdong Kemei Pharmaceutical Technology Co. Ltd.,False,False,False
12/21/2021,12/09/2021,Wholly Liquid Nutritional Supplements LLC,Office of Human and Animal Food Operations East – Division 1,New Drug/Misbranded,,,2021-12-21,2021-12-09,Wholly Liquid Nutritional Supplements LLC,False,False,False
12/21/2021,12/10/2021,Propaganda E-Liquid LLC,Center for Tobacco Products,Family Smoking Prevention and Tobacco Control Act/Adulterated/Misbranded,,,2021-12-21,2021-12-10,Propaganda E-Liquid LLC,False,False,False
12/21/2021,12/10/2021,Vape Daugz LLC,Center for Tobacco Products,Family Smoking Prevention and Tobacco Control Act/Adulterated/Misbranded,,,2021-12-21,2021-12-10,Vape Daugz LLC,False,False,False
12/21/2021,11/22/2021,"Sarita's Tortilla Factory, Inc",Office of Human and Animal Food Operations West Division 3,"CGMP/Food/Prepared, Packed or Held Under Insanitary Conditions/Adulterated",,12/07/2022,2021-12-21,2021-11-22,"Sarita's Tortilla Factory, Inc",False,False,False
12/21/2021,12/07/2021,"Guangzhou Shiruoni Cosmetics Co., Ltd",Center for Drug Evaluation and Research | CDER,CGMP/Finished Pharmaceuticals/Adulterated/Misbranded,,,2021-12-21,2021-12-07,"Guangzhou Shiruoni Cosmetics Co., Ltd",False,False,False
12/21/2021,12/15/2021,Maquiladora Miniara SA de CV,Center for Drug Evaluation and Research | CDER,CGMP/Finished Pharmaceuticals/Adulterated/Unapproved New Drug,,,2021-12-21,2021-12-15,Maquiladora Miniara SA de CV,False,False,False
12/21/2021,12/03/2021,Westside Vapor / Vapor Station,Center for Tobacco Products,Family Smoking Prevention and Tobacco Control Act/Adulterated/Misbranded,,,2021-12-21,2021-12-03,Westside Vapor / Vapor Station,False,False,False
12/21/2021,12/15/2021,Malicious Liquids Inc.,Center for Tobacco Products,Family Smoking Prevention and Tobacco Control Act/Adulterated/Misbranded,,,2021-12-21,2021-12-15,Malicious Liquids Inc.,False,False,False
12/21/2021,11/08/2021,Banner Smoked Fish Inc.,Office of Human and Animal Food Operations East – Division 1,Seafood HACCP/CGMP for Foods/Adulterated/Insanitary Conditions,,,2021-12-21,2021-11-08,Banner Smoked Fish Inc.,False,False,False
12/17/2021,12/17/2021,"Liquid Vapor Lounge, LLC",Center for Tobacco Products,Family Smoking Prevention and Tobacco Control Act/Adulterated/Misbranded,,,2021-12-17,2021-12-17,"Liquid Vapor Lounge, LLC",False,False,False
12/17/2021,12/16/2021,Massive Vapor,Center for Tobacco Products,Family Smoking Prevention and Tobacco Control Act/Adulterated/Misbranded,,,2021-12-17,2021-12-16,Massive Vapor,False,False,False
12/16/2021,12/16/2021,"Absolute Vapor Lounge, LLC",Center for Tobacco Products,Family Smoking Prevention and Tobacco Control Act/Adulterated/Misbranded,,,2021-12-16,2021-12-16,"Absolute Vapor Lounge, LLC",False,False,False
12/16/2021,12/16/2021,Kokomo Pure Vapors LLC,Center for Tobacco Products,Family Smoking Prevention and Tobacco Control Act/Adulterated/Misbranded,,,2021-12-16,2021-12-16,Kokomo Pure Vapors LLC,False,False,False
12/16/2021,12/16/2021,Lynda's Legacy LLC,Center for Tobacco Products,Family Smoking Prevention and Tobacco Control Act/Adulterated/Misbranded,,,2021-12-16,2021-12-16,Lynda's Legacy LLC,False,False,False
12/16/2021,12/16/2021,The Vape Bar LLC d/b/a The Vape and More LLC,Center for Tobacco Products,Family Smoking Prevention and Tobacco Control Act/Adulterated/Misbranded,,09/09/2024,2021-12-16,2021-12-16,The Vape Bar LLC d/b/a The Vape and More LLC,False,False,False
12/16/2021,12/16/2021,Vapor Tek USA LLC,Center for Tobacco Products,Family Smoking Prevention and Tobacco Control Act/Adulterated/Misbranded,,,2021-12-16,2021-12-16,Vapor Tek USA LLC,False,False,False
12/15/2021,12/15/2021,Vape MD,Center for Tobacco Products,Family Smoking Prevention and Tobacco Control Act/Adulterated/Misbranded,,,2021-12-15,2021-12-15,Vape MD,False,False,False
12/15/2021,12/15/2021,Kuegel Enterprise LLC d/b/a America's Choice E-Cigarettes,Center for Tobacco Products,Family Smoking Prevention and Tobacco Control Act/Adulterated/Misbranded,,,2021-12-15,2021-12-15,Kuegel Enterprise LLC d/b/a America's Choice E-Cigarettes,False,False,False
12/15/2021,12/15/2021,CloudXVapes Plus LLC d/b/a CloudXVapes,Center for Tobacco Products,Family Smoking Prevention and Tobacco Control Act/Adulterated/Misbranded,,,2021-12-15,2021-12-15,CloudXVapes Plus LLC d/b/a CloudXVapes,False,False,False
12/14/2021,11/29/2021,Sanitor Corporation,Division of Pharmaceutical Quality Operations IV,CGMP/Finished Pharmaceuticals/Adulterated,,,2021-12-14,2021-11-29,Sanitor Corporation,False,False,False
12/14/2021,11/30/2021,Dental Technologies Inc.,Division of Pharmaceutical Quality Operations III,CGMP/QSR/Medical Devices/Adulterated,,,2021-12-14,2021-11-30,Dental Technologies Inc.,False,True,True
12/14/2021,11/23/2021,DeVilbiss Healthcare LLC,Office of Medical Device and Radiological Health Operations (Division 1),Medical Device Reporting/Misbranded,,10/30/2024,2021-12-14,2021-11-23,DeVilbiss Healthcare LLC,True,True,True
12/14/2021,12/15/2021,Cooper Institute,Office of Biological Products Operations – Division 2,"Deviations/CFR/Regulations for Human Cells, Tissues & Cellular Products (HCT/Ps)",,,2021-12-14,2021-12-15,Cooper Institute,False,False,False
12/14/2021,10/22/2021,ITC Global Trading Inc.,Division of Southwest Imports Compliance Branch,Foreign Supplier Verification Program (FSVP),,,2021-12-14,2021-10-22,ITC Global Trading Inc.,False,False,False
12/09/2021,12/09/2021,"Jayde's Vapor Lounge, Inc",Center for Tobacco Products,Family Smoking Prevention and Tobacco Control Act/Adulterated/Misbranded,,,2021-12-09,2021-12-09,"Jayde's Vapor Lounge, Inc",False,False,False
12/09/2021,12/09/2021,Jayde’s Vapor Lounge,Center for Tobacco Products,Family Smoking Prevention and Tobacco Control Act/Adulterated/Misbranded,,09/13/2024,2021-12-09,2021-12-09,Jayde’s Vapor Lounge,False,False,False
12/09/2021,12/09/2021,Vapor Nuvola,Center for Tobacco Products,Family Smoking Prevention and Tobacco Control Act/Adulterated/Misbranded,,,2021-12-09,2021-12-09,Vapor Nuvola,False,False,False
12/09/2021,12/09/2021,Victory Vapor,Center for Tobacco Products,Family Smoking Prevention and Tobacco Control Act/Adulterated/Misbranded,,09/20/2024,2021-12-09,2021-12-09,Victory Vapor,False,False,False
12/07/2021,12/01/2021,"Sabra Dipping Company, LLC",Division of Human and Animal Food Operations East II,"CGMP/Food/Prepared, Packed or Held Under Insanitary Conditions/Adulterated",,09/20/2022,2021-12-07,2021-12-01,"Sabra Dipping Company, LLC",False,False,False
12/07/2021,07/27/2021,"Roal Produce, Inc",Division of Southwest Imports,Foreign Supplier Verification Program (FSVP),,,2021-12-07,2021-07-27,"Roal Produce, Inc",False,False,False
12/07/2021,12/01/2021,"VitaCig, Inc.",Center for Drug Evaluation and Research | CDER,Unapproved New Drugs/Misbranded,,,2021-12-07,2021-12-01,"VitaCig, Inc.",False,False,False
12/07/2021,12/07/2021,You Suck Vapes,Center for Tobacco Products,Family Smoking Prevention and Tobacco Control Act/Adulterated/Misbranded,,,2021-12-07,2021-12-07,You Suck Vapes,False,False,False
12/07/2021,10/21/2021,Golden Medal Mushroom Inc.,Division of West Coast Imports,Foreign Supplier Verification Program (FSVP),,,2021-12-07,2021-10-21,Golden Medal Mushroom Inc.,False,False,False
12/07/2021,11/09/2021,"Synaptent, LLC",Office of Human and Animal Food Operations-East 6,New Drug/Misbranded,02/01/2022,,2021-12-07,2021-11-09,"Synaptent, LLC",False,False,False
12/07/2021,11/23/2021,"Induction Therapies, LLC",Center for Devices and Radiological Health,Investigational Device Exemptions (IDE)/Premarket Approval Application (PMA) Adulterated Device,,11/08/2022,2021-12-07,2021-11-23,"Induction Therapies, LLC",True,True,True
12/07/2021,12/01/2021,"VitaStik, Inc.",Center for Drug Evaluation and Research | CDER,Unapproved New Drugs/Misbranded,,,2021-12-07,2021-12-01,"VitaStik, Inc.",False,False,False
12/07/2021,12/01/2021,"Vitamin Vape, Inc.",Center for Drug Evaluation and Research | CDER,Unapproved New Drugs/Misbranded,,,2021-12-07,2021-12-01,"Vitamin Vape, Inc.",False,False,False
12/07/2021,11/19/2021,Vape Craft Inc.,Center for Tobacco Products,Family Smoking Prevention and Tobacco Control Act/Adulterated/Misbranded,,,2021-12-07,2021-11-19,Vape Craft Inc.,False,False,False
12/07/2021,12/01/2021,"Eagle Energy USA, Inc.",Center for Drug Evaluation and Research | CDER,Unapproved New Drugs/Misbranded,,,2021-12-07,2021-12-01,"Eagle Energy USA, Inc.",False,False,False
12/07/2021,12/02/2021,Rip It Vapors,Center for Tobacco Products,Family Smoking Prevention and Tobacco Control Act/Adulterated/Misbranded,,,2021-12-07,2021-12-02,Rip It Vapors,False,False,False
12/07/2021,12/01/2021,"NV Nutrition, LLC",Center for Drug Evaluation and Research | CDER,Unapproved New Drugs/Misbranded,,,2021-12-07,2021-12-01,"NV Nutrition, LLC",False,False,False
12/06/2021,12/06/2021,Honest Living Vape Shoppe & Apothecary,Center for Tobacco Products,Family Smoking Prevention and Tobacco Control Act/Adulterated/Misbranded,,,2021-12-06,2021-12-06,Honest Living Vape Shoppe & Apothecary,False,False,False
12/01/2021,12/01/2021,E Cig Zone Inc,Center for Tobacco Products,Family Smoking Prevention and Tobacco Control Act/Adulterated/Misbranded,,,2021-12-01,2021-12-01,E Cig Zone Inc,False,False,False
12/01/2021,12/01/2021,Yogi's Vape Lounge,Center for Tobacco Products,Family Smoking Prevention and Tobacco Control Act/Adulterated/Misbranded,,,2021-12-01,2021-12-01,Yogi's Vape Lounge,False,False,False
11/30/2021,11/30/2021,KC Vape LLC,Center for Tobacco Products,Family Smoking Prevention and Tobacco Control Act/Adulterated/Misbranded,,,2021-11-30,2021-11-30,KC Vape LLC,False,False,False
11/30/2021,11/30/2021,Desert Vapors LLC,Center for Tobacco Products,Family Smoking Prevention and Tobacco Control Act/Adulterated/Misbranded,,,2021-11-30,2021-11-30,Desert Vapors LLC,False,False,False
11/30/2021,11/29/2021,"The Zen Vaper E-Liquids, LLC",Center for Tobacco Products,Family Smoking Prevention and Tobacco Control Act/Adulterated/Misbranded,,,2021-11-30,2021-11-29,"The Zen Vaper E-Liquids, LLC",False,False,False
11/30/2021,11/18/2021,Saffron Health Sciences,Division of Human and Animal Food Operations East II,New Drug/Misbranded,,02/15/2022,2021-11-30,2021-11-18,Saffron Health Sciences,False,False,False
11/30/2021,11/24/2021,"Verdict Brands, LLC d/b/a Verdict Vapors, LLC",Center for Tobacco Products,Family Smoking Prevention and Tobacco Control Act/Adulterated/Misbranded,,,2021-11-30,2021-11-24,"Verdict Brands, LLC d/b/a Verdict Vapors, LLC",False,False,False
11/30/2021,11/18/2021,Invacare Corporation,Center for Devices and Radiological Health,CGMP/QSR/Medical Devices/Adulterated,,08/24/2023,2021-11-30,2021-11-18,Invacare Corporation,True,True,True
11/30/2021,11/19/2021,"Jai Mundi, Inc. dba Kai’s Virgin Vapor",Center for Tobacco Products,Family Smoking Prevention and Tobacco Control Act/Adulterated/Misbranded,,,2021-11-30,2021-11-19,"Jai Mundi, Inc. dba Kai’s Virgin Vapor",False,False,False
11/30/2021,10/25/2021,"Maribel's Sweets, Inc.",Office of Human and Animal Food Operations - East Division 1,"CGMP/Food/Prepared, Packed or Held Under Insanitary Conditions/Adulterated",,03/20/2025,2021-11-30,2021-10-25,"Maribel's Sweets, Inc.",False,False,False
11/30/2021,11/19/2021,Vape N Juice,Center for Tobacco Products,Family Smoking Prevention and Tobacco Control Act/Adulterated/Misbranded,,,2021-11-30,2021-11-19,Vape N Juice,False,False,False
11/30/2021,05/12/2021,McElroy Imports,Division of Northeast Imports,Foreign Supplier Verification Program (FSVP),,,2021-11-30,2021-05-12,McElroy Imports,False,False,False
11/30/2021,11/30/2021,Tampa Vapor Inc.,Center for Tobacco Products,Family Smoking Prevention and Tobacco Control Act/Adulterated/Misbranded,,,2021-11-30,2021-11-30,Tampa Vapor Inc.,False,False,False
11/23/2021,09/07/2021,"Selected Food & Beverage, Inc.",Division of Southwest Imports,Foreign Supplier Verification Program (FSVP),,,2021-11-23,2021-09-07,"Selected Food & Beverage, Inc.",False,False,False
11/23/2021,10/19/2021,Bella Rosa Distribution Inc,Division of Northern Border Imports,Foreign Supplier Verification Program (FSVP),,,2021-11-23,2021-10-19,Bella Rosa Distribution Inc,False,False,False
11/23/2021,10/01/2021,"BN Trading, Inc.",Division of Northern Border Imports,Foreign Supplier Verification Program (FSVP),,,2021-11-23,2021-10-01,"BN Trading, Inc.",False,False,False
11/23/2021,09/24/2021,Chameleon Beverage Co. Inc. dba Chameleon Sanitizer Corporation,Division of Pharmaceutical Quality Operations IV,CGMP/Finished Pharmaceuticals/Adulterated,,,2021-11-23,2021-09-24,Chameleon Beverage Co. Inc. dba Chameleon Sanitizer Corporation,False,False,False
11/23/2021,10/01/2021,Smiths Medical ASD Inc.,Center for Devices and Radiological Health,Medical Device Reporting/Misbranded,,,2021-11-23,2021-10-01,Smiths Medical ASD Inc.,True,True,True
11/23/2021,11/10/2021,California Terra Garden Inc.,Division of West Coast Imports,Foreign Supplier Verification Program (FSVP),,,2021-11-23,2021-11-10,California Terra Garden Inc.,False,False,False
11/23/2021,11/15/2021,Surgenex LLC,Office of Biological Products Operations – Division 2,"Deviations/CFR/Regulations for Human Cells, Tissues & Cellular Products (HCT/Ps)",,09/29/2023,2021-11-23,2021-11-15,Surgenex LLC,False,False,False
11/19/2021,11/19/2021,"UIS Manufacturing, LLC d/b/a UIS Vapes",Center for Tobacco Products,Family Smoking Prevention and Tobacco Control Act/Adulterated/Misbranded,,,2021-11-19,2021-11-19,"UIS Manufacturing, LLC d/b/a UIS Vapes",False,False,False
11/19/2021,11/19/2021,Boss Vapes,Center for Tobacco Products,Family Smoking Prevention and Tobacco Control Act/Adulterated/Misbranded,,,2021-11-19,2021-11-19,Boss Vapes,False,False,False
11/18/2021,11/18/2021,E-Cig Vape Lounge LLP,Center for Tobacco Products,Family Smoking Prevention and Tobacco Control Act/Adulterated/Misbranded,,,2021-11-18,2021-11-18,E-Cig Vape Lounge LLP,False,False,False
11/17/2021,11/17/2021,"DFW Vapor Holdings Inc. d/b/a Vapor Lakes, Inc.",Center for Tobacco Products,Family Smoking Prevention and Tobacco Control Act/Adulterated/Misbranded,,,2021-11-17,2021-11-17,"DFW Vapor Holdings Inc. d/b/a Vapor Lakes, Inc.",False,False,False
11/17/2021,11/17/2021,Shop Vapes Inc.,Center for Tobacco Products,Family Smoking Prevention and Tobacco Control Act/Adulterated/Misbranded,,,2021-11-17,2021-11-17,Shop Vapes Inc.,False,False,False
11/16/2021,11/10/2021,"Advanced Nutriceuticals, LLC dba The Guyer Institute of Molecular Medicine",Division of Pharmaceutical Quality Operations Division III,Compounding Pharmacy/Adulterated Drug Products,,03/17/2026,2021-11-16,2021-11-10,"Advanced Nutriceuticals, LLC dba The Guyer Institute of Molecular Medicine",False,False,False
11/16/2021,07/22/2021,Matthew 7:25 Inc dba Thrive Pharmacy,"Office of Pharmaceutical Quality Operations, Division II",Compounding Pharmacy/Adulterated Drug Products,,,2021-11-16,2021-07-22,Matthew 7:25 Inc dba Thrive Pharmacy,False,False,False
11/16/2021,11/10/2021,Vape Hut Inc,Center for Tobacco Products,Family Smoking Prevention and Tobacco Control Act/Adulterated/Misbranded,,,2021-11-16,2021-11-10,Vape Hut Inc,False,False,False
11/16/2021,10/15/2021,JD's Market Inc.,Division of West Coast Imports,Foreign Supplier Verification Program (FSVP),,,2021-11-16,2021-10-15,JD's Market Inc.,False,False,False
11/16/2021,11/08/2021,Global Sanitizers LLC,Division of Pharmaceutical Quality Operations IV,CGMP/Finished Pharmaceuticals/Adulterated,,,2021-11-16,2021-11-08,Global Sanitizers LLC,False,False,False
11/16/2021,11/05/2021,Simply Vapour LLC dba Simply Vapour,Center for Tobacco Products,Family Smoking Prevention and Tobacco Control Act/Adulterated/Misbranded,,,2021-11-16,2021-11-05,Simply Vapour LLC dba Simply Vapour,False,False,False
11/10/2021,11/10/2021,Wyoming Vapor Company,Center for Tobacco Products,Family Smoking Prevention and Tobacco Control Act/Adulterated/Misbranded,,,2021-11-10,2021-11-10,Wyoming Vapor Company,False,False,False
11/09/2021,10/20/2021,Bartlett Cooperative Association Bartlett Feed Mill,Office of Human and Animal Foods West Division II,CGMP/Medicated Feeds/Adulterated,,,2021-11-09,2021-10-20,Bartlett Cooperative Association Bartlett Feed Mill,False,False,False
11/09/2021,11/04/2021,Bionateo Sp. z.o.o.,Center for Drug Evaluation and Research | CDER,CGMP/Finished Pharmaceuticals/Unapproved New Drug/Misbranded/Adulterated,,,2021-11-09,2021-11-04,Bionateo Sp. z.o.o.,False,False,False
11/09/2021,10/20/2021,Fitsum Ghebremichael Amare,Division of West Coast Imports,Foreign Supplier Verification Program (FSVP),,,2021-11-09,2021-10-20,Fitsum Ghebremichael Amare,False,False,False
11/09/2021,08/26/2021,"Infusion Options, Inc.",Division of Pharmaceutical Quality Operations I,Compounding Pharmacy/Adulterated Drug Products,,,2021-11-09,2021-08-26,"Infusion Options, Inc.",False,False,False
11/09/2021,09/15/2021,Lewiston Feed & Produce Company,Office of Human and Animal Foods – West Division,CGMP/Medicated Feeds/Adulterated,,07/14/2022,2021-11-09,2021-09-15,Lewiston Feed & Produce Company,False,False,False
11/09/2021,11/09/2021,"Kloc Vapor, LLC d/b/a The Vapor Edge",Center for Tobacco Products,Family Smoking Prevention and Tobacco Control Act/Adulterated/Misbranded,,,2021-11-09,2021-11-09,"Kloc Vapor, LLC d/b/a The Vapor Edge",False,False,False
11/09/2021,11/09/2021,13 Vapor Co LLC,Center for Tobacco Products,Family Smoking Prevention and Tobacco Control Act/Adulterated/Misbranded,,,2021-11-09,2021-11-09,13 Vapor Co LLC,False,False,False
11/09/2021,11/09/2021,"Shijin Vapor, LLC",Center for Tobacco Products,Family Smoking Prevention and Tobacco Control Act/Adulterated/Misbranded,,09/17/2024,2021-11-09,2021-11-09,"Shijin Vapor, LLC",False,False,False
11/09/2021,11/09/2021,Badfish Drip Co,Center for Tobacco Products,Family Smoking Prevention and Tobacco Control Act/Adulterated/Misbranded,,,2021-11-09,2021-11-09,Badfish Drip Co,False,False,False
11/09/2021,11/09/2021,Drippers Vape Lounge,Center for Tobacco Products,Family Smoking Prevention and Tobacco Control Act/Adulterated/Misbranded,,,2021-11-09,2021-11-09,Drippers Vape Lounge,False,False,False
11/09/2021,08/17/2021,"Adamson Analytical Laboratories, Inc.",Division of Pharmaceutical Quality Operations IV,CGMP/Finished Pharmaceuticals/Adulterated,,,2021-11-09,2021-08-17,"Adamson Analytical Laboratories, Inc.",False,False,False
11/09/2021,11/05/2021,Vapor Plus OK LLC,Center for Tobacco Products,Family Smoking Prevention and Tobacco Control Act/Adulterated/Misbranded,,,2021-11-09,2021-11-05,Vapor Plus OK LLC,False,False,False
11/09/2021,10/29/2021,"Cyberliquids, LLC",Center for Tobacco Products,Family Smoking Prevention and Tobacco Control Act/Adulterated/Misbranded,,,2021-11-09,2021-10-29,"Cyberliquids, LLC",False,False,False
11/09/2021,11/05/2021,10057223 Canada Inc. dba Maddog Juice,Center for Tobacco Products,Family Smoking Prevention and Tobacco Control Act/Adulterated/Misbranded,,06/24/2022,2021-11-09,2021-11-05,10057223 Canada Inc. dba Maddog Juice,False,False,False
11/09/2021,10/13/2021,Quicksilver Scientific,Office of Human and Animal Food Operations Division West 4,New Drug/Misbranded,,10/03/2024,2021-11-09,2021-10-13,Quicksilver Scientific,False,False,False
11/09/2021,10/29/2021,Mom and Pop Vapor Shop,Center for Tobacco Products,Family Smoking Prevention and Tobacco Control Act/Adulterated/Misbranded,,,2021-11-09,2021-10-29,Mom and Pop Vapor Shop,False,False,False
11/02/2021,10/22/2021,"DongBang Cosmetics Co., Ltd.",Center for Drug Evaluation and Research | CDER,CGMP/Finished Pharmaceuticals/Unapproved New Drug/Misbranded/Adulterated,,,2021-11-02,2021-10-22,"DongBang Cosmetics Co., Ltd.",False,False,False
11/02/2021,09/15/2021,"Dulces La Mejor, LLC",Southwest Imports,Foreign Supplier Verification Program (FSVP),,,2021-11-02,2021-09-15,"Dulces La Mejor, LLC",False,False,False
11/02/2021,10/20/2021,CellEra LLC,Office of Medical Device and Radiological Health Division 1 – East,CGMP/QSR/Medical Devices/Adulterated,,07/25/2022,2021-11-02,2021-10-20,CellEra LLC,True,True,True
11/02/2021,10/29/2021,"21 Century Smoking, Inc.",Center for Tobacco Products,Family Smoking Prevention and Tobacco Control Act/Adulterated/Misbranded,,,2021-11-02,2021-10-29,"21 Century Smoking, Inc.",False,False,False
11/02/2021,10/29/2021,"The Vape Lounge, Inc. d/b/a The Vape Lounge 760",Center for Tobacco Products,Family Smoking Prevention and Tobacco Control Act/Adulterated/Misbranded,,,2021-11-02,2021-10-29,"The Vape Lounge, Inc. d/b/a The Vape Lounge 760",False,False,False
11/02/2021,10/19/2021,Jule's Foods,Office of Human and Animal Food Operations- West Division 5,"CGMP Food/Prepared, Packed or Held Under Insanitary Conditions/Adulterated  ",,,2021-11-02,2021-10-19,Jule's Foods,False,False,False
11/02/2021,10/21/2021,Dominant Nutrition LLC formerly 8 Weeks Out Labs,Office of Human and Animal Foods West,Dietary Supplement/Adulterated,,,2021-11-02,2021-10-21,Dominant Nutrition LLC formerly 8 Weeks Out Labs,False,False,False
11/02/2021,10/22/2021,Custom Vapor Blends LLC,Center for Tobacco Products,Family Smoking Prevention and Tobacco Control Act/Adulterated/Misbranded,,,2021-11-02,2021-10-22,Custom Vapor Blends LLC,False,False,False
10/29/2021,10/29/2021,Electric Smoke Vapor House,Center for Tobacco Products,Family Smoking Prevention and Tobacco Control Act/Adulterated/Misbranded,,,2021-10-29,2021-10-29,Electric Smoke Vapor House,False,False,False
10/28/2021,10/28/2021,Victorious Vapors LLC,Center for Tobacco Products,Family Smoking Prevention and Tobacco Control Act/Adulterated/Misbranded,,,2021-10-28,2021-10-28,Victorious Vapors LLC,False,False,False
10/28/2021,10/28/2021,HRE Investments LLC d/b/a Vaporifics,Center for Tobacco Products,Family Smoking Prevention and Tobacco Control Act/Adulterated/Misbranded,,,2021-10-28,2021-10-28,HRE Investments LLC d/b/a Vaporifics,False,False,False
10/28/2021,10/28/2021,HRE Investments LLC d/b/a Vaporifics,Center for Tobacco Products,Family Smoking Prevention and Tobacco Control Act/Adulterated/Misbranded,,,2021-10-28,2021-10-28,HRE Investments LLC d/b/a Vaporifics,False,False,False
10/28/2021,10/28/2021,HRE Investments LLC d/b/a Vaporifics,Center for Tobacco Products,Family Smoking Prevention and Tobacco Control Act/Adulterated/Misbranded,,,2021-10-28,2021-10-28,HRE Investments LLC d/b/a Vaporifics,False,False,False
10/26/2021,10/14/2021,"New Green Nutrition, Inc.",Center for Drug Evaluation and Research | CDER,Finished Pharmaceuticals/Unapproved New Drug/Misbranded,,,2021-10-26,2021-10-14,"New Green Nutrition, Inc.",False,False,False
10/26/2021,10/15/2021,Flair Products LLC/Flair Vapor LLC,Center for Tobacco Products,Family Smoking Prevention and Tobacco Control Act/Adulterated/Misbranded,,,2021-10-26,2021-10-15,Flair Products LLC/Flair Vapor LLC,False,False,False
10/26/2021,10/14/2021,"Joseph A. Zadra, M.D.",Center for Drug Evaluation and Research | CDER,Clinical Investigator,,,2021-10-26,2021-10-14,"Joseph A. Zadra, M.D.",False,False,False
10/26/2021,10/15/2021,"Empower Clinic Services, LLC dba Empower Pharmacy","Office of Pharmaceutical Quality Operations, Division II",Compounding Pharmacy/Adulterated Drug Products,,,2021-10-26,2021-10-15,"Empower Clinic Services, LLC dba Empower Pharmacy",False,False,False
10/26/2021,10/20/2021,Northland Vapor Company,Center for Tobacco Products,Family Smoking Prevention and Tobacco Control Act/Adulterated/Misbranded,,,2021-10-26,2021-10-20,Northland Vapor Company,False,False,False
10/26/2021,10/22/2021,"Juice Roll Upz, Inc.",Center for Tobacco Products,Family Smoking Prevention and Tobacco Control Act/Adulterated/Misbranded,,,2021-10-26,2021-10-22,"Juice Roll Upz, Inc.",False,False,False
10/26/2021,10/13/2021,Organa International Corp.,Office of Human and Animal Food Operations Division West 4,Unapproved New Drugs/Misbranded,,10/04/2024,2021-10-26,2021-10-13,Organa International Corp.,False,False,False
10/26/2021,10/19/2021,Vertigo Vapor Inc. d/b/a Baton Vapor,Center for Tobacco Products,Family Smoking Prevention and Tobacco Control Act/Adulterated/Misbranded,,,2021-10-26,2021-10-19,Vertigo Vapor Inc. d/b/a Baton Vapor,False,False,False
10/26/2021,09/03/2021,Databazaar.com,Center for Devices and Radiological Health,Adulterated and Misbranded Products Related to Coronavirus Disease 2019,,,2021-10-26,2021-09-03,Databazaar.com,True,False,True
10/26/2021,10/05/2021,"Owlet Baby Care, Inc.",Center for Devices and Radiological Health,Investigational Device Exemptions (IDE)/Premarket Approval Application (PMA) Adulterated Device,,06/28/2024,2021-10-26,2021-10-05,"Owlet Baby Care, Inc.",True,True,True
10/26/2021,10/18/2021,Za Imports Inc,Center for Tobacco Products,Family Smoking Prevention and Tobacco Control Act/Adulterated/Misbranded,,,2021-10-26,2021-10-18,Za Imports Inc,False,False,False
10/26/2021,10/15/2021,Vapor Rage LLC,Center for Tobacco Products,Family Smoking Prevention and Tobacco Control Act/Adulterated/Misbranded,,,2021-10-26,2021-10-15,Vapor Rage LLC,False,False,False
10/22/2021,10/22/2021,Vapor Source Inc.,Center for Tobacco Products,Family Smoking Prevention and Tobacco Control Act/Adulterated/Misbranded,,,2021-10-22,2021-10-22,Vapor Source Inc.,False,False,False
10/21/2021,10/21/2021,"MJ Asset Holdings, LLC d/b/a Marco's Vapor",Center for Tobacco Products,Family Smoking Prevention and Tobacco Control Act/Adulterated/Misbranded,,,2021-10-21,2021-10-21,"MJ Asset Holdings, LLC d/b/a Marco's Vapor",False,False,False
10/19/2021,09/30/2021,"Marcus Research Laboratory, Inc.",Division of Pharmaceutical Quality Operations III,CGMP/Active Pharmaceutical Ingredient (API)/Adulterated,,10/04/2024,2021-10-19,2021-09-30,"Marcus Research Laboratory, Inc.",False,False,False
10/19/2021,09/21/2021,"Sircle Laboratories, LLC","Office of Pharmaceutical Quality Operations, Division II",CGMP/Finished Pharmaceuticals/Adulterated,,,2021-10-19,2021-09-21,"Sircle Laboratories, LLC",False,False,False
10/19/2021,05/06/2021,"Lauren R. Klein, MD, M.S.",Center for Drug Evaluation and Research | CDER,Failure to obtain Investigational New Drug Applications,,,2021-10-19,2021-05-06,"Lauren R. Klein, MD, M.S.",False,False,False
10/19/2021,09/17/2021,"Magnolia Medical Technologies, Inc.","Office of Medical Devices and Radiological Health, Division 3",CGMP/QSR/Medical Devices/Adulterated,,05/18/2022,2021-10-19,2021-09-17,"Magnolia Medical Technologies, Inc.",True,True,True
10/19/2021,10/19/2021,DENTON VAPE SHOPPE,Center for Tobacco Products,Family Smoking Prevention and Tobacco Control Act/Adulterated/Misbranded,,09/11/2024,2021-10-19,2021-10-19,DENTON VAPE SHOPPE,False,False,False
10/19/2021,05/05/2021,"Jon B. Cole, MD",Center for Drug Evaluation and Research | CDER,Failure to obtain Investigational New Drug Applications,,,2021-10-19,2021-05-05,"Jon B. Cole, MD",False,False,False
10/19/2021,10/19/2021,HotHead Vapor,Center for Tobacco Products,Family Smoking Prevention and Tobacco Control Act/Adulterated/Misbranded,,,2021-10-19,2021-10-19,HotHead Vapor,False,False,False
10/19/2021,09/22/2021,The Camel Milk Co. LLC dba Camel Culture,Office of Human and Animal Foods Operations – Division West 4,New Drug/Misbranded,,,2021-10-19,2021-09-22,The Camel Milk Co. LLC dba Camel Culture,False,False,False
10/19/2021,10/19/2021,E-Cig Mania LLC,Center for Tobacco Products,Family Smoking Prevention and Tobacco Control Act/Adulterated/Misbranded,,,2021-10-19,2021-10-19,E-Cig Mania LLC,False,False,False
10/19/2021,10/08/2021,"AriBio H&B Co., Ltd.",Center for Drug Evaluation and Research | CDER,CGMP/Finished Pharmaceuticals/Adulterated/Misbranded,,,2021-10-19,2021-10-08,"AriBio H&B Co., Ltd.",False,False,False
10/15/2021,10/15/2021,JJDS E Cigarettes LLC d/b/a TKO Vapor Overstock Ecigs & More,Center for Tobacco Products,Family Smoking Prevention and Tobacco Control Act/Adulterated/Misbranded,,09/13/2024,2021-10-15,2021-10-15,JJDS E Cigarettes LLC d/b/a TKO Vapor Overstock Ecigs & More,False,False,False
10/15/2021,10/15/2021,Black Hills Vapors LLC,Center for Tobacco Products,Family Smoking Prevention and Tobacco Control Act/Adulterated/Misbranded,,,2021-10-15,2021-10-15,Black Hills Vapors LLC,False,False,False
10/12/2021,09/30/2021,Missouri Analytical Laboratories Inc,Division of Pharmaceutical Quality Operations III,CGMP/Active Pharmaceutical Ingredient (API)/Adulterated,,10/15/2024,2021-10-12,2021-09-30,Missouri Analytical Laboratories Inc,False,False,False
10/12/2021,10/12/2021,Bootstrap Runners LLC d/b/a Sinister Liquids,Center for Tobacco Products,Family Smoking Prevention and Tobacco Control Act/Adulterated/Misbranded,,,2021-10-12,2021-10-12,Bootstrap Runners LLC d/b/a Sinister Liquids,False,False,False
10/12/2021,09/29/2021,HealthMEDS Inc.,Center for Drug Evaluation and Research | CDER,Failure to permit access to or copying of records,,,2021-10-12,2021-09-29,HealthMEDS Inc.,False,False,False
10/12/2021,10/12/2021,"DNA Distributors, Inc.",Center for Tobacco Products,Family Smoking Prevention and Tobacco Control Act/Adulterated/Misbranded,,,2021-10-12,2021-10-12,"DNA Distributors, Inc.",False,False,False
10/12/2021,10/01/2021,Kim Nhung Marketplace Inc,Division of West Coast Imports,Foreign Supplier Verification Program (FSVP),,,2021-10-12,2021-10-01,Kim Nhung Marketplace Inc,False,False,False
10/12/2021,09/30/2021,"RAAS Nutritionals, LLC/Rare Antibody Antigen Supply, Inc.",Center for Drug Evaluation and Research | CDER,Bioresearch Monitoring Program/IRB,,,2021-10-12,2021-09-30,"RAAS Nutritionals, LLC/Rare Antibody Antigen Supply, Inc.",False,False,False
10/12/2021,10/07/2021,"Notarika, S.A. de C.V.",Center for Drug Evaluation and Research | CDER,CGMP/Finished Pharmaceuticals/Unapproved New Drug/Misbranded/Adulterated,,,2021-10-12,2021-10-07,"Notarika, S.A. de C.V.",False,False,False
10/12/2021,09/30/2021,"GuangZhou YouXing Cosmetic Co., Ltd",Center for Drug Evaluation and Research | CDER,CGMP/Finished Pharmaceuticals/Unapproved New Drug/Misbranded/Adulterated,,,2021-10-12,2021-09-30,"GuangZhou YouXing Cosmetic Co., Ltd",False,False,False
10/07/2021,10/07/2021,Sadboy LLC,Center for Tobacco Products,Family Smoking Prevention and Tobacco Control Act/Adulterated/Misbranded,,,2021-10-07,2021-10-07,Sadboy LLC,False,False,False
10/07/2021,10/07/2021,"Pink Spot Vapors, Inc",Center for Tobacco Products,Family Smoking Prevention and Tobacco Control Act/Adulterated/Misbranded,,,2021-10-07,2021-10-07,"Pink Spot Vapors, Inc",False,False,False
10/07/2021,10/07/2021,The Vape-It Store,Center for Tobacco Products,Family Smoking Prevention and Tobacco Control Act/Adulterated/Misbranded,,,2021-10-07,2021-10-07,The Vape-It Store,False,False,False
10/07/2021,10/07/2021,Great American Vapes Bossier City,Center for Tobacco Products,Family Smoking Prevention and Tobacco Control Act/Adulterated/Misbranded,,09/13/2024,2021-10-07,2021-10-07,Great American Vapes Bossier City,False,False,False
10/07/2021,10/07/2021,J-Vapor LLC dba North Shore Vapor,Center for Tobacco Products,Family Smoking Prevention and Tobacco Control Act/Adulterated/Misbranded,,,2021-10-07,2021-10-07,J-Vapor LLC dba North Shore Vapor,False,False,False
10/07/2021,10/07/2021,The Plume Room LLC,Center for Tobacco Products,Family Smoking Prevention and Tobacco Control Act/Adulterated/Misbranded,,,2021-10-07,2021-10-07,The Plume Room LLC,False,False,False
10/07/2021,10/07/2021,Hotspot Vapes,Center for Tobacco Products,Family Smoking Prevention and Tobacco Control Act/Adulterated/Misbranded,,,2021-10-07,2021-10-07,Hotspot Vapes,False,False,False
10/07/2021,10/07/2021,"The Vaping Tiger, LLC",Center for Tobacco Products,Family Smoking Prevention and Tobacco Control Act/Adulterated/Misbranded,,,2021-10-07,2021-10-07,"The Vaping Tiger, LLC",False,False,False
10/07/2021,10/07/2021,Perfect Vape LLC,Center for Tobacco Products,Family Smoking Prevention and Tobacco Control Act/Adulterated/Misbranded,,,2021-10-07,2021-10-07,Perfect Vape LLC,False,False,False
10/07/2021,10/07/2021,Vapor Lab - Cleburne,Center for Tobacco Products,Family Smoking Prevention and Tobacco Control Act/Adulterated/Misbranded,,,2021-10-07,2021-10-07,Vapor Lab - Cleburne,False,False,False
10/07/2021,10/07/2021,JOCOR Enterprises LLC d/b/a VOLCANO eCigs,Center for Tobacco Products,Family Smoking Prevention and Tobacco Control Act/Adulterated/Misbranded,,,2021-10-07,2021-10-07,JOCOR Enterprises LLC d/b/a VOLCANO eCigs,False,False,False
10/07/2021,10/07/2021,Liquid Nics LLC,Center for Tobacco Products,Family Smoking Prevention and Tobacco Control Act/Adulterated/Misbranded,,,2021-10-07,2021-10-07,Liquid Nics LLC,False,False,False
10/07/2021,10/07/2021,JMJL Global LLC,Center for Tobacco Products,Family Smoking Prevention and Tobacco Control Act/Adulterated/Misbranded,,,2021-10-07,2021-10-07,JMJL Global LLC,False,False,False
10/07/2021,10/07/2021,BAM Group LLC d/b/a VapEscape,Center for Tobacco Products,Family Smoking Prevention and Tobacco Control Act/Adulterated/Misbranded,,,2021-10-07,2021-10-07,BAM Group LLC d/b/a VapEscape,False,False,False
10/07/2021,10/07/2021,Atomic Vapor,Center for Tobacco Products,Family Smoking Prevention and Tobacco Control Act/Adulterated/Misbranded,,,2021-10-07,2021-10-07,Atomic Vapor,False,False,False
10/07/2021,10/07/2021,Sir Vapes-A-Lot LLC,Center for Tobacco Products,Family Smoking Prevention and Tobacco Control Act/Adulterated/Misbranded,,,2021-10-07,2021-10-07,Sir Vapes-A-Lot LLC,False,False,False
10/07/2021,10/07/2021,Sabor Vapors LLC,Center for Tobacco Products,Family Smoking Prevention and Tobacco Control Act/Adulterated/Misbranded,,,2021-10-07,2021-10-07,Sabor Vapors LLC,False,False,False
10/07/2021,10/07/2021,Vapor Lab,Center for Tobacco Products,Family Smoking Prevention and Tobacco Control Act/Adulterated/Misbranded,,,2021-10-07,2021-10-07,Vapor Lab,False,False,False
10/07/2021,10/07/2021,Custom Vapors LLC,Center for Tobacco Products,Family Smoking Prevention and Tobacco Control Act/Adulterated/Misbranded,,,2021-10-07,2021-10-07,Custom Vapors LLC,False,False,False
10/07/2021,10/07/2021,Great American Vapes Shreveport,Center for Tobacco Products,Family Smoking Prevention and Tobacco Control Act/Adulterated/Misbranded,,,2021-10-07,2021-10-07,Great American Vapes Shreveport,False,False,False
10/07/2021,10/07/2021,9 South Vapes,Center for Tobacco Products,Family Smoking Prevention and Tobacco Control Act/Adulterated/Misbranded,,,2021-10-07,2021-10-07,9 South Vapes,False,False,False
10/07/2021,10/07/2021,Gothic Vapor LLC,Center for Tobacco Products,Family Smoking Prevention and Tobacco Control Act/Adulterated/Misbranded,,,2021-10-07,2021-10-07,Gothic Vapor LLC,False,False,False
10/07/2021,10/07/2021,"Dominant Vapor, LLC",Center for Tobacco Products,Family Smoking Prevention and Tobacco Control Act/Adulterated/Misbranded,,,2021-10-07,2021-10-07,"Dominant Vapor, LLC",False,False,False
10/07/2021,10/07/2021,ATL Vaping Inc.,Center for Tobacco Products,Family Smoking Prevention and Tobacco Control Act/Adulterated/Misbranded,,,2021-10-07,2021-10-07,ATL Vaping Inc.,False,False,False
10/07/2021,10/07/2021,Imperial Vapors LLC,Center for Tobacco Products,Family Smoking Prevention and Tobacco Control Act/Adulterated/Misbranded,,,2021-10-07,2021-10-07,Imperial Vapors LLC,False,False,False
10/07/2021,10/07/2021,"Planet of the Vapes, LLC",Center for Tobacco Products,Family Smoking Prevention and Tobacco Control Act/Adulterated/Misbranded,,,2021-10-07,2021-10-07,"Planet of the Vapes, LLC",False,False,False
10/07/2021,10/07/2021,Illumivaption Inc. d/b/a Nashville Vapor,Center for Tobacco Products,Family Smoking Prevention and Tobacco Control Act/Adulterated/Misbranded,,07/14/2022,2021-10-07,2021-10-07,Illumivaption Inc. d/b/a Nashville Vapor,False,False,False
10/07/2021,10/07/2021,Local Legends Distribution LLC,Center for Tobacco Products,Family Smoking Prevention and Tobacco Control Act/Adulterated/Misbranded,,06/24/2022,2021-10-07,2021-10-07,Local Legends Distribution LLC,False,False,False
10/05/2021,09/20/2021,"ICA Health, LLC/Future Formulations, LLC",Office of Human and Animal Foods Operations – Division West 4,New Drug/Misbranded,,10/24/2023,2021-10-05,2021-09-20,"ICA Health, LLC/Future Formulations, LLC",False,False,False
10/05/2021,09/22/2021,Ardil Comercial S.R.L.,Center for Drug Evaluation and Research | CDER,CGMP/Finished Pharmaceuticals/Unapproved New Drug/Misbranded/Adulterated,,,2021-10-05,2021-09-22,Ardil Comercial S.R.L.,False,False,False
10/05/2021,02/02/2021,Marci Beauty LLC,Center for Devices and Radiological Health,Investigational Device Exemptions (IDE)/Premarket Approval Application (PMA) Adulterated Device,,,2021-10-05,2021-02-02,Marci Beauty LLC,True,True,True
10/05/2021,09/17/2021,Walfer Corporation dba The Medicine Shoppe Pharmacy,"Office of Pharmaceutical Quality Operations, Division II",Compounding Pharmacy/Adulterated Drug Products,,09/26/2022,2021-10-05,2021-09-17,Walfer Corporation dba The Medicine Shoppe Pharmacy,False,False,False
10/05/2021,09/29/2021,Healthy Foods & Nutrition Lab de Mexico S.A. de C.V.,Center for Drug Evaluation and Research | CDER,Unapproved New Drugs/Misbranded,,,2021-10-05,2021-09-29,Healthy Foods & Nutrition Lab de Mexico S.A. de C.V.,False,False,False
10/05/2021,09/30/2021,"Limpo Quimicos, SA de CV",Center for Drug Evaluation and Research | CDER,CGMP/Finished Pharmaceuticals/Unapproved New Drug/Misbranded/Adulterated,,,2021-10-05,2021-09-30,"Limpo Quimicos, SA de CV",False,False,False
10/05/2021,09/29/2021,"True Chemical Solutions, LLC",Center for Drug Evaluation and Research | CDER,Failure to Permit Access to or Copying of Records,,,2021-10-05,2021-09-29,"True Chemical Solutions, LLC",False,False,False
10/05/2021,08/09/2021,Pairon Solutions LLC,Center for Devices and Radiological Health,Investigational Device Exemptions (IDE)/Premarket Approval Application (PMA) Adulterated Device,,,2021-10-05,2021-08-09,Pairon Solutions LLC,True,True,True
09/30/2021,09/28/2021,"Strategia Project Management, Inc.",Center for Drug Evaluation and Research | CDER,Unapproved New Drug Products Related to Coronavirus Disease 2019 (COVID-19),,,2021-09-30,2021-09-28,"Strategia Project Management, Inc.",False,False,False
09/28/2021,09/22/2021,Supplement Science Corp. d/b/a Condemned Labz,Office of Human and Animal Food Operations East – Division 1,Unapproved New Drugs/Misbranded,,,2021-09-28,2021-09-22,Supplement Science Corp. d/b/a Condemned Labz,False,False,False
09/28/2021,08/06/2021,Blue Poppy Enterprises Inc,Division of Human and Animal Food Operations West VI,New Drug/Misbranded,,,2021-09-28,2021-08-06,Blue Poppy Enterprises Inc,False,False,False
09/28/2021,09/10/2021,"Holographic Health, Inc.",Division of Human and Animal Food Operations East V,New Drug/Misbranded,,,2021-09-28,2021-09-10,"Holographic Health, Inc.",False,False,False
09/27/2021,09/27/2021,Kings of Vapor,Center for Tobacco Products,Family Smoking Prevention and Tobacco Control Act/Adulterated/Misbranded,,,2021-09-27,2021-09-27,Kings of Vapor,False,False,False
09/21/2021,09/15/2021,"Nanomateriales Químicos Avanzados, S.A. de C.V.",Center for Drug Evaluation and Research | CDER,CGMP/Finished Pharmaceuticals/Unapproved New Drug/Misbranded/Adulterated,,,2021-09-21,2021-09-15,"Nanomateriales Químicos Avanzados, S.A. de C.V.",False,False,False
09/21/2021,06/29/2021,"FMT Services, LLC",Center for Food Safety and Applied Nutrition (CFSAN),Foreign Supplier Verification Program (FSVP),,,2021-09-21,2021-06-29,"FMT Services, LLC",False,False,False
09/21/2021,09/13/2021,Furley Bioextracts SDN BHD,Center for Drug Evaluation and Research | CDER,CGMP/Finished Pharmaceuticals/Unapproved New Drug/Misbranded/Adulterated,,,2021-09-21,2021-09-13,Furley Bioextracts SDN BHD,False,False,False
09/21/2021,09/15/2021,Laboratorio Pharma International SRL,Center for Drug Evaluation and Research | CDER,CGMP/Finished Pharmaceuticals/Unapproved New Drug/Misbranded/Adulterated,,,2021-09-21,2021-09-15,Laboratorio Pharma International SRL,False,False,False
09/21/2021,08/26/2021,"Fibromyalgia Treatment Group - FTG, LLC",Division of Human and Animal Food Operations West VI,New Drug/Misbranded,,,2021-09-21,2021-08-26,"Fibromyalgia Treatment Group - FTG, LLC",False,False,False
09/14/2021,07/20/2021,Brilliant Enterprises LLC,Office of Human and Animal Food Operations Division- East 6,Unapproved New Drugs/Misbranded,,12/14/2021,2021-09-14,2021-07-20,Brilliant Enterprises LLC,False,False,False
09/14/2021,08/31/2021,New York Nutrition Company / American Metabolix,Division of Human and Animal Food Operations West III,Unapproved New Drugs/Misbranded,,,2021-09-14,2021-08-31,New York Nutrition Company / American Metabolix,False,False,False
09/14/2021,09/07/2021,"McDaniel Water, LLC",Center for Drug Evaluation and Research | CDER,Unapproved New Drugs/Misbranded,,,2021-09-14,2021-09-07,"McDaniel Water, LLC",False,False,False
09/14/2021,09/02/2021,Weidenhamer and Morin Enterprises LLC d/b/a Liquivape,Center for Tobacco Products,Family Smoking Prevention and Tobacco Control Act/Adulterated/Misbranded,,,2021-09-14,2021-09-02,Weidenhamer and Morin Enterprises LLC d/b/a Liquivape,False,False,False
09/14/2021,09/08/2021,Chula Vista Imports Ltd.,Division of Northern Border Imports,Foreign Supplier Verification Program (FSVP),,02/24/2023,2021-09-14,2021-09-08,Chula Vista Imports Ltd.,False,False,False
09/09/2021,09/07/2021,"Holistic Healer & Wellness Center, Inc.",Center for Food Safety and Applied Nutrition (CFSAN),Unapproved New Drugs/Misbranded,,03/21/2022,2021-09-09,2021-09-07,"Holistic Healer & Wellness Center, Inc.",False,False,False
09/09/2021,09/07/2021,"Lysulin, Inc.",Center for Food Safety and Applied Nutrition (CFSAN),Unapproved New Drugs/Misbranded,,06/24/2022,2021-09-09,2021-09-07,"Lysulin, Inc.",False,False,False
09/09/2021,09/07/2021,Ar-Rahman Pharm LLC,Center for Food Safety and Applied Nutrition (CFSAN),Unapproved New Drugs/Misbranded,,03/21/2022,2021-09-09,2021-09-07,Ar-Rahman Pharm LLC,False,False,False
09/09/2021,09/07/2021,"Aceva, LLC",Center for Food Safety and Applied Nutrition (CFSAN),Unapproved New Drugs/Misbranded,,11/10/2021,2021-09-09,2021-09-07,"Aceva, LLC",False,False,False
09/09/2021,09/07/2021,"Radhanite, LLC d/b/a Curalife Ltd",Center for Food Safety and Applied Nutrition (CFSAN),Unapproved New Drugs/Misbranded,,03/23/2022,2021-09-09,2021-09-07,"Radhanite, LLC d/b/a Curalife Ltd",False,False,False
09/09/2021,09/07/2021,Live Good Inc.,Center for Food Safety and Applied Nutrition (CFSAN),Unapproved New Drugs/Misbranded,,,2021-09-09,2021-09-07,Live Good Inc.,False,False,False
09/09/2021,09/07/2021,Metamune Inc,Center for Food Safety and Applied Nutrition (CFSAN),Unapproved New Drugs/Misbranded,,03/15/2022,2021-09-09,2021-09-07,Metamune Inc,False,False,False
09/09/2021,09/07/2021,Nuturna International LLC,Center for Food Safety and Applied Nutrition (CFSAN),Unapproved New Drugs/Misbranded,,02/02/2022,2021-09-09,2021-09-07,Nuturna International LLC,False,False,False
09/09/2021,09/07/2021,Phytag Labs,Center for Food Safety and Applied Nutrition (CFSAN),Unapproved New Drugs/Misbranded,,,2021-09-09,2021-09-07,Phytag Labs,False,False,False
09/09/2021,09/07/2021,Pharmaganics LLC,Center for Food Safety and Applied Nutrition (CFSAN),Unapproved New Drugs/Misbranded,,12/18/2022,2021-09-09,2021-09-07,Pharmaganics LLC,False,False,False
09/07/2021,08/16/2021,Akshar Sales LLC,Division of West Coast Imports,Foreign Supplier Verification Program (FSVP),,,2021-09-07,2021-08-16,Akshar Sales LLC,False,False,False
09/07/2021,08/27/2021,"Flawless Labs, Inc. d/b/a Flawless Vape Shop",Center for Tobacco Products,Family Smoking Prevention and Tobacco Control Act/Adulterated/Misbranded,,,2021-09-07,2021-08-27,"Flawless Labs, Inc. d/b/a Flawless Vape Shop",False,False,False
09/07/2021,08/27/2021,"Seditious Vapours, LLC d/b/a Butt Out Labs",Center for Tobacco Products,Family Smoking Prevention and Tobacco Control Act/Adulterated/Misbranded,,,2021-09-07,2021-08-27,"Seditious Vapours, LLC d/b/a Butt Out Labs",False,False,False
09/07/2021,08/04/2021,Garden Fresh Market,Division of Northern Border Imports,Foreign Supplier Verification Program (FSVP),,,2021-09-07,2021-08-04,Garden Fresh Market,False,False,False
09/07/2021,08/31/2021,"Kaleidoscope Custom Vapor Lounge, LLC",Center for Tobacco Products,Family Smoking Prevention and Tobacco Control Act/Adulterated/Misbranded,,,2021-09-07,2021-08-31,"Kaleidoscope Custom Vapor Lounge, LLC",False,False,False
09/07/2021,09/01/2021,Vapor Boss,Center for Tobacco Products,Family Smoking Prevention and Tobacco Control Act/Adulterated/Misbranded,,,2021-09-07,2021-09-01,Vapor Boss,False,False,False
09/07/2021,08/06/2021,Genesis Nutrition Ultra Slim dba Genesis Ultra Slim,"Office of Pharmaceutical Quality Operations, Division II",Unapproved New Drugs/Misbranded,,,2021-09-07,2021-08-06,Genesis Nutrition Ultra Slim dba Genesis Ultra Slim,False,False,False
09/07/2021,09/07/2021,"iSmoke, LLC d/b/a iSmoke Vapor Gallery",Center for Tobacco Products,Family Smoking Prevention and Tobacco Control Act/Adulterated/Misbranded,,,2021-09-07,2021-09-07,"iSmoke, LLC d/b/a iSmoke Vapor Gallery",False,False,False
09/07/2021,09/07/2021,"CloudT3n, LLC d/b/a The Cloud",Center for Tobacco Products,Family Smoking Prevention and Tobacco Control Act/Adulterated/Misbranded,,,2021-09-07,2021-09-07,"CloudT3n, LLC d/b/a The Cloud",False,False,False
09/07/2021,09/07/2021,"E-Cig Central, LLC",Center for Tobacco Products,Family Smoking Prevention and Tobacco Control Act/Adulterated/Misbranded,,,2021-09-07,2021-09-07,"E-Cig Central, LLC",False,False,False
08/17/2021,08/13/2021,MadTown Vapor LLC,Center for Tobacco Products,Family Smoking Prevention and Tobacco Control Act/Adulterated/Misbranded,,,2021-08-17,2021-08-13,MadTown Vapor LLC,False,False,False
08/17/2021,08/10/2021,Tropicosmeticos SA de CV,Center for Drug Evaluation and Research,Finished Pharmaceuticals/Unapproved New Drug/Misbranded,,,2021-08-17,2021-08-10,Tropicosmeticos SA de CV,False,False,False
08/17/2021,07/29/2021,1st Phorm LLC,Office of Human and Animal Food West Division II,Unapproved New Drugs/Misbranded,,02/15/2022,2021-08-17,2021-07-29,1st Phorm LLC,False,False,False
08/17/2021,07/16/2021,"Transu Investment Group, LLC",Division of Southwest Imports,Foreign Supplier Verification Program (FSVP),,,2021-08-17,2021-07-16,"Transu Investment Group, LLC",False,False,False
08/17/2021,08/03/2021,Productos Bredy USA LLC,Division of Southwest Imports,Foreign Supplier Verification Program (FSVP),,,2021-08-17,2021-08-03,Productos Bredy USA LLC,False,False,False
08/17/2021,07/22/2021,YemenUSA Inc.,Division of Northern Border Imports,Foreign Supplier Verification Program (FSVP),,02/24/2023,2021-08-17,2021-07-22,YemenUSA Inc.,False,False,False
08/17/2021,08/06/2021,Maitland Labs of Central Florida,"Office of Pharmaceutical Quality Operations, Division II",Compounding Pharmacy/Adulterated Drug Products,,,2021-08-17,2021-08-06,Maitland Labs of Central Florida,False,False,False
08/17/2021,08/10/2021,Utah Cord Bank LLC dba Utah Cell Bank,Office of Biological Products Operations - Division 2,"Deviations/CFR/Regulations for Human Cells, Tissues & Cellular Products (HCT/Ps)",,,2021-08-17,2021-08-10,Utah Cord Bank LLC dba Utah Cell Bank,False,False,False
08/16/2021,08/16/2021,Vape King Inc.,Center for Tobacco Products,Family Smoking Prevention and Tobacco Control Act/Adulterated/Misbranded,,,2021-08-16,2021-08-16,Vape King Inc.,False,False,False
08/16/2021,08/16/2021,Vape King Inc.,Center for Tobacco Products,Family Smoking Prevention and Tobacco Control Act/Adulterated/Misbranded,,,2021-08-16,2021-08-16,Vape King Inc.,False,False,False
08/12/2021,08/12/2021,"D&C Beckley, Inc d/b/a Kickin’ Ash Vapors",Center for Tobacco Products,Family Smoking Prevention and Tobacco Control Act/Adulterated/Misbranded,,,2021-08-12,2021-08-12,"D&C Beckley, Inc d/b/a Kickin’ Ash Vapors",False,False,False
08/12/2021,08/12/2021,"D & C Beckley, Inc d/b/a Kickin’ Ash Vapors",Center for Tobacco Products,Family Smoking Prevention and Tobacco Control Act/Adulterated/Misbranded,,,2021-08-12,2021-08-12,"D & C Beckley, Inc d/b/a Kickin’ Ash Vapors",False,False,False
08/11/2021,08/10/2021,Secret of the Islands,Center for Drug Evaluation and Research,Unapproved and Misbranded Products Related to Coronavirus Disease 2019 (COVID-19),,,2021-08-11,2021-08-10,Secret of the Islands,False,False,False
08/10/2021,08/10/2021,Vaperz Cedar Park,Center for Tobacco Products,Family Smoking Prevention and Tobacco Control Act/Adulterated/Misbranded,,09/20/2024,2021-08-10,2021-08-10,Vaperz Cedar Park,False,False,False
08/10/2021,07/20/2021,Chill6,Office of Human and Animal Food Operations East – Division 1,Unapproved New Drugs/Misbranded,,,2021-08-10,2021-07-20,Chill6,False,False,False
08/10/2021,07/13/2021,"Sayar Food Market, Inc.",Division of Northeast Imports,Foreign Supplier Verification Program (FSVP),,,2021-08-10,2021-07-13,"Sayar Food Market, Inc.",False,False,False
08/10/2021,07/26/2021,"Vivera Pharmaceuticals, Inc.",Center for Devices and Radiological Health,Adulterated and Misbranded Products Related to Coronavirus Disease 2019 (COVID-19),,,2021-08-10,2021-07-26,"Vivera Pharmaceuticals, Inc.",True,False,True
08/10/2021,07/09/2021,"USH Diagnostics, Inc./covidinstanttest.net",Center for Devices and Radiological Health,Adulterated and Misbranded Products Related to Coronavirus Disease 2019 (COVID-19),,,2021-08-10,2021-07-09,"USH Diagnostics, Inc./covidinstanttest.net",True,False,True
08/10/2021,07/26/2021,"Vivera Pharmaceuticals, Inc.",Center for Devices and Radiological Health,Adulterated and Misbranded Products Related to Coronavirus Disease 2019 (COVID-19),,,2021-08-10,2021-07-26,"Vivera Pharmaceuticals, Inc.",True,False,True
08/10/2021,08/06/2021,Nuvo Silver Inc.,Center for Tobacco Products,Family Smoking Prevention and Tobacco Control Act/Adulterated/Misbranded,,,2021-08-10,2021-08-06,Nuvo Silver Inc.,False,False,False
08/10/2021,07/08/2021,"3RD Day Nutraceuticals, LLC",Office of Human and Animal Food Operations East – Division 1,New Drug/Misbranded,,,2021-08-10,2021-07-08,"3RD Day Nutraceuticals, LLC",False,False,False
08/10/2021,08/06/2021,Ballistic Vape,Center for Tobacco Products,Family Smoking Prevention and Tobacco Control Act/Adulterated/Misbranded,,,2021-08-10,2021-08-06,Ballistic Vape,False,False,False
08/10/2021,07/29/2021,"Lepu Medical Technology -Beijing- Co., Ltd.",Center for Devices and Radiological Health,Adulterated and Misbranded Products Related to Coronavirus Disease 2019 (COVID-19),,,2021-08-10,2021-07-29,"Lepu Medical Technology -Beijing- Co., Ltd.",True,False,True
08/10/2021,07/09/2021,Biopolygen Corp.,Center for Devices and Radiological Health,Adulterated and Misbranded Products Related to Coronavirus Disease 2019 (COVID-19),,,2021-08-10,2021-07-09,Biopolygen Corp.,True,False,True
08/10/2021,07/27/2021,"Sanit Technologies, LLC dba Durisan","Office of Pharmaceutical Quality Operations, Division II",CGMP/Finished Pharmaceuticals/Adulterated,,,2021-08-10,2021-07-27,"Sanit Technologies, LLC dba Durisan",False,False,False
08/10/2021,07/02/2021,Captain's Cloth LLC,Center for Devices and Radiological Health,Investigational Device Exemptions (IDE)/Premarket Approval Application (PMA),,10/07/2021,2021-08-10,2021-07-02,Captain's Cloth LLC,True,True,True
08/10/2021,07/12/2021,Acme Smoked Fish Corp.,Office of Human and Animal Food Operations - East Division 1,Seafood HACCP/CGMP for Foods/Adulterated/Insanitary Conditions,,,2021-08-10,2021-07-12,Acme Smoked Fish Corp.,False,False,False
08/10/2021,08/04/2021,BBC Group Limited,Center for Drug Evaluation and Research,CGMP/Finished Pharmaceuticals/Unapproved New Drug/Misbranded,,,2021-08-10,2021-08-04,BBC Group Limited,False,False,False
08/05/2021,08/05/2021,Staccato Ventures LLC d/b/a Carolina Vape Kings,Center for Tobacco Products,Family Smoking Prevention and Tobacco Control Act/Adulterated/Misbranded,,,2021-08-05,2021-08-05,Staccato Ventures LLC d/b/a Carolina Vape Kings,False,False,False
08/05/2021,08/05/2021,Staccato Ventures LLC d/b/a Carolina Vape Kings,Center for Tobacco Products,Family Smoking Prevention and Tobacco Control Act/Adulterated/Misbranded,,,2021-08-05,2021-08-05,Staccato Ventures LLC d/b/a Carolina Vape Kings,False,False,False
08/04/2021,07/28/2021,"Dr. Thomas Polucki Upper Cervical Chiropractic, Inc.",Center for Food Safety and Applied Nutrition,Unapproved and Misbranded Products Related to Coronavirus Disease 2019 (COVID-19),,,2021-08-04,2021-07-28,"Dr. Thomas Polucki Upper Cervical Chiropractic, Inc.",False,False,False
08/04/2021,08/03/2021,Blue Willow Biologics,Center for Drug Evaluation and Research,Unapproved New Drug Products Related to Coronavirus Disease 2019 (COVID-19),,,2021-08-04,2021-08-03,Blue Willow Biologics,False,False,False
08/03/2021,06/30/2021,Green City Distribution,Division of Northern Border Imports,Foreign Supplier Verification Program (FSVP),,,2021-08-03,2021-06-30,Green City Distribution,False,False,False
08/03/2021,07/20/2021,"2m Associates, Inc.",Division of Northeast Imports,Foreign Supplier Verification Program (FSVP),,04/19/2022,2021-08-03,2021-07-20,"2m Associates, Inc.",False,False,False
08/03/2021,07/29/2021,Farmakeio Outsourcing LLC,"Office of Pharmaceutical Quality Operations, Division II",Compounding Pharmacy/Adulterated Drug Products,,,2021-08-03,2021-07-29,Farmakeio Outsourcing LLC,False,False,False
08/03/2021,07/06/2021,Syntec Pharma Corp,Office of Pharmaceutical Quality Operations Division I,CGMP/Active Pharmaceutical Ingredient (API)/Adulterated,,,2021-08-03,2021-07-06,Syntec Pharma Corp,False,False,False
07/30/2021,07/30/2021,The Vapor Hutt,Center for Tobacco Products,Family Smoking Prevention and Tobacco Control Act/Adulterated/Misbranded,,,2021-07-30,2021-07-30,The Vapor Hutt,False,False,False
07/30/2021,07/30/2021,Bradley Jaramillo LLC d/b/a Trinity Vapor Lounge,Center for Tobacco Products,Family Smoking Prevention and Tobacco Control Act/Adulterated/Misbranded,,,2021-07-30,2021-07-30,Bradley Jaramillo LLC d/b/a Trinity Vapor Lounge,False,False,False
07/29/2021,07/22/2021,"MB Solutions, LLC/BioSpectrum CBD",Center for Drug Evaluation and Research,Unapproved New Drugs/Misbranded/Cannabidiol (CBD) Products,,,2021-07-29,2021-07-22,"MB Solutions, LLC/BioSpectrum CBD",False,False,False
07/29/2021,07/20/2021,rxmedkart.com,Center for Drug Evaluation and Research,Unapproved and Misbranded Products Related to Coronavirus Disease 2019 (COVID-19),,,2021-07-29,2021-07-20,rxmedkart.com,False,False,False
07/28/2021,07/28/2021,"Visible Vapors, LLC",Center for Tobacco Products,Family Smoking Prevention and Tobacco Control Act/Adulterated/Misbranded,,06/07/2022,2021-07-28,2021-07-28,"Visible Vapors, LLC",False,False,False
07/27/2021,07/15/2021,"Sck Zeta Dis Ticaret, Pazarlama Ltd.",Center for Drug Evaluation and Research,Finished Pharmaceuticals/Unapproved New Drug/Misbranded/Adulterated,,,2021-07-27,2021-07-15,"Sck Zeta Dis Ticaret, Pazarlama Ltd.",False,False,False
07/27/2021,07/12/2021,Mario Hidalgo DBA Distribuidora de Productos Alimenticios El Paisita,Division of Southwest Imports,Foreign Supplier Verification Program (FSVP),,02/01/2022,2021-07-27,2021-07-12,Mario Hidalgo DBA Distribuidora de Productos Alimenticios El Paisita,False,False,False
07/27/2021,06/08/2021,South Florida Import & Export Corp,Center for Tobacco Products,Family Smoking Prevention and Tobacco Control Act/Adulterated/Misbranded,,,2021-07-27,2021-06-08,South Florida Import & Export Corp,False,False,False
07/23/2021,07/23/2021,Trekker Vapors LLP,Center for Tobacco Products,Family Smoking Prevention and Tobacco Control Act/Adulterated/Misbranded,,,2021-07-23,2021-07-23,Trekker Vapors LLP,False,False,False
07/23/2021,07/23/2021,Vapor Amor,Center for Tobacco Products,Family Smoking Prevention and Tobacco Control Act/Adulterated/Misbranded,,,2021-07-23,2021-07-23,Vapor Amor,False,False,False
04/27/2021,04/20/2021,Proper Nutrition Inc.,Human and Animal Food Division II East,New Drug/Misbranded,,11/10/2021,2021-04-27,2021-04-20,Proper Nutrition Inc.,False,False,False
03/30/2021,03/25/2021,Global Trade Bridge Corporation,Division of Northeast Imports,Foreign Supplier Verification Program (FSVP),,,2021-03-30,2021-03-25,Global Trade Bridge Corporation,False,False,False
