gvkey,year,event_type,n_events,n_recall_class_i,n_recall_class_ii,n_recall_class_iii,n_mdr_tier_a,n_mdr_tier_b,company_name_compustat,sic,costat,cik
1078,1992,adverse_event,18,,,,17.0,1.0,ABBOTT LABORATORIES,3845.0,A,1800.0
1078,1993,adverse_event,31,,,,30.0,1.0,ABBOTT LABORATORIES,3845.0,A,1800.0
1078,1994,adverse_event,153,,,,151.0,2.0,ABBOTT LABORATORIES,3845.0,A,1800.0
1078,1995,adverse_event,103,,,,103.0,0.0,ABBOTT LABORATORIES,3845.0,A,1800.0
1078,1996,adverse_event,279,,,,272.0,7.0,ABBOTT LABORATORIES,3845.0,A,1800.0
1078,1997,adverse_event,640,,,,610.0,30.0,ABBOTT LABORATORIES,3845.0,A,1800.0
1078,1998,adverse_event,610,,,,586.0,24.0,ABBOTT LABORATORIES,3845.0,A,1800.0
1078,1999,adverse_event,670,,,,644.0,26.0,ABBOTT LABORATORIES,3845.0,A,1800.0
1078,2000,adverse_event,807,,,,775.0,32.0,ABBOTT LABORATORIES,3845.0,A,1800.0
1078,2000,recall,1,0.0,0.0,0.0,,,ABBOTT LABORATORIES,3845.0,A,1800.0
1078,2001,adverse_event,1018,,,,997.0,21.0,ABBOTT LABORATORIES,3845.0,A,1800.0
1078,2001,recall,3,0.0,0.0,0.0,,,ABBOTT LABORATORIES,3845.0,A,1800.0
1078,2002,adverse_event,1095,,,,1065.0,30.0,ABBOTT LABORATORIES,3845.0,A,1800.0
1078,2002,recall,7,0.0,0.0,0.0,,,ABBOTT LABORATORIES,3845.0,A,1800.0
1078,2003,adverse_event,1449,,,,1412.0,37.0,ABBOTT LABORATORIES,3845.0,A,1800.0
1078,2003,recall,67,0.0,0.0,0.0,,,ABBOTT LABORATORIES,3845.0,A,1800.0
1078,2004,adverse_event,522,,,,481.0,41.0,ABBOTT LABORATORIES,3845.0,A,1800.0
1078,2004,recall,26,0.0,0.0,0.0,,,ABBOTT LABORATORIES,3845.0,A,1800.0
1078,2005,adverse_event,105,,,,80.0,25.0,ABBOTT LABORATORIES,3845.0,A,1800.0
1078,2005,recall,14,0.0,0.0,0.0,,,ABBOTT LABORATORIES,3845.0,A,1800.0
1078,2006,adverse_event,156,,,,115.0,41.0,ABBOTT LABORATORIES,3845.0,A,1800.0
1078,2006,recall,13,0.0,0.0,0.0,,,ABBOTT LABORATORIES,3845.0,A,1800.0
1078,2007,adverse_event,389,,,,340.0,49.0,ABBOTT LABORATORIES,3845.0,A,1800.0
1078,2007,recall,49,0.0,0.0,0.0,,,ABBOTT LABORATORIES,3845.0,A,1800.0
1078,2008,adverse_event,541,,,,532.0,9.0,ABBOTT LABORATORIES,3845.0,A,1800.0
1078,2008,recall,20,0.0,0.0,0.0,,,ABBOTT LABORATORIES,3845.0,A,1800.0
1078,2009,adverse_event,1274,,,,1272.0,2.0,ABBOTT LABORATORIES,3845.0,A,1800.0
1078,2009,recall,25,0.0,0.0,0.0,,,ABBOTT LABORATORIES,3845.0,A,1800.0
1078,2010,adverse_event,608,,,,604.0,4.0,ABBOTT LABORATORIES,3845.0,A,1800.0
1078,2010,recall,14,0.0,0.0,0.0,,,ABBOTT LABORATORIES,3845.0,A,1800.0
1078,2011,adverse_event,469,,,,467.0,2.0,ABBOTT LABORATORIES,3845.0,A,1800.0
1078,2011,recall,12,0.0,0.0,0.0,,,ABBOTT LABORATORIES,3845.0,A,1800.0
1078,2012,adverse_event,2145,,,,2143.0,2.0,ABBOTT LABORATORIES,3845.0,A,1800.0
1078,2012,recall,5,0.0,4.0,0.0,,,ABBOTT LABORATORIES,3845.0,A,1800.0
1078,2013,adverse_event,447,,,,446.0,1.0,ABBOTT LABORATORIES,3845.0,A,1800.0
1078,2013,recall,1,0.0,1.0,0.0,,,ABBOTT LABORATORIES,3845.0,A,1800.0
1078,2014,adverse_event,253,,,,253.0,0.0,ABBOTT LABORATORIES,3845.0,A,1800.0
1078,2014,recall,5,0.0,5.0,0.0,,,ABBOTT LABORATORIES,3845.0,A,1800.0
1078,2015,adverse_event,59,,,,59.0,0.0,ABBOTT LABORATORIES,3845.0,A,1800.0
1078,2015,recall,4,0.0,4.0,0.0,,,ABBOTT LABORATORIES,3845.0,A,1800.0
1078,2016,adverse_event,140,,,,139.0,1.0,ABBOTT LABORATORIES,3845.0,A,1800.0
1078,2016,recall,3,0.0,3.0,0.0,,,ABBOTT LABORATORIES,3845.0,A,1800.0
1078,2017,adverse_event,224,,,,221.0,3.0,ABBOTT LABORATORIES,3845.0,A,1800.0
1078,2017,recall,7,0.0,7.0,0.0,,,ABBOTT LABORATORIES,3845.0,A,1800.0
1078,2018,adverse_event,202,,,,189.0,13.0,ABBOTT LABORATORIES,3845.0,A,1800.0
1078,2018,recall,16,0.0,16.0,0.0,,,ABBOTT LABORATORIES,3845.0,A,1800.0
1078,2019,adverse_event,264,,,,245.0,19.0,ABBOTT LABORATORIES,3845.0,A,1800.0
1078,2019,recall,16,0.0,5.0,11.0,,,ABBOTT LABORATORIES,3845.0,A,1800.0
1078,2020,adverse_event,588,,,,319.0,269.0,ABBOTT LABORATORIES,3845.0,A,1800.0
1078,2020,recall,4,0.0,1.0,3.0,,,ABBOTT LABORATORIES,3845.0,A,1800.0
1078,2021,adverse_event,675,,,,660.0,15.0,ABBOTT LABORATORIES,3845.0,A,1800.0
1078,2021,recall,8,0.0,8.0,0.0,,,ABBOTT LABORATORIES,3845.0,A,1800.0
1078,2022,adverse_event,790,,,,785.0,5.0,ABBOTT LABORATORIES,3845.0,A,1800.0
1078,2022,recall,7,0.0,6.0,1.0,,,ABBOTT LABORATORIES,3845.0,A,1800.0
1078,2023,adverse_event,857,,,,840.0,17.0,ABBOTT LABORATORIES,3845.0,A,1800.0
1078,2023,recall,5,0.0,5.0,0.0,,,ABBOTT LABORATORIES,3845.0,A,1800.0
1078,2024,adverse_event,920,,,,907.0,13.0,ABBOTT LABORATORIES,3845.0,A,1800.0
1078,2024,recall,2,0.0,2.0,0.0,,,ABBOTT LABORATORIES,3845.0,A,1800.0
1078,2025,adverse_event,922,,,,905.0,17.0,ABBOTT LABORATORIES,3845.0,A,1800.0
1078,2025,recall,7,0.0,7.0,0.0,,,ABBOTT LABORATORIES,3845.0,A,1800.0
1104,1996,adverse_event,1,,,,0.0,1.0,ACME UNITED CORP,3842.0,A,2098.0
1104,1998,adverse_event,1,,,,0.0,1.0,ACME UNITED CORP,3842.0,A,2098.0
1602,2007,adverse_event,1,,,,1.0,0.0,AMGEN INC,2836.0,A,318154.0
1602,2012,adverse_event,1,,,,1.0,0.0,AMGEN INC,2836.0,A,318154.0
1602,2015,adverse_event,2,,,,2.0,0.0,AMGEN INC,2836.0,A,318154.0
1602,2017,adverse_event,2,,,,2.0,0.0,AMGEN INC,2836.0,A,318154.0
1602,2018,adverse_event,1,,,,1.0,0.0,AMGEN INC,2836.0,A,318154.0
1602,2019,adverse_event,4,,,,4.0,0.0,AMGEN INC,2836.0,A,318154.0
1602,2020,adverse_event,1,,,,1.0,0.0,AMGEN INC,2836.0,A,318154.0
1602,2021,adverse_event,5,,,,5.0,0.0,AMGEN INC,2836.0,A,318154.0
1602,2022,adverse_event,2,,,,2.0,0.0,AMGEN INC,2836.0,A,318154.0
1602,2023,adverse_event,5,,,,5.0,0.0,AMGEN INC,2836.0,A,318154.0
1602,2024,adverse_event,5,,,,5.0,0.0,AMGEN INC,2836.0,A,318154.0
1602,2025,adverse_event,4,,,,4.0,0.0,AMGEN INC,2836.0,A,318154.0
2044,1992,adverse_event,14,,,,10.0,4.0,BARD (C.R.) INC,3841.0,I,9892.0
2044,1993,adverse_event,16,,,,12.0,4.0,BARD (C.R.) INC,3841.0,I,9892.0
2044,1994,adverse_event,43,,,,42.0,1.0,BARD (C.R.) INC,3841.0,I,9892.0
2044,1995,adverse_event,32,,,,30.0,2.0,BARD (C.R.) INC,3841.0,I,9892.0
2044,1996,adverse_event,65,,,,58.0,7.0,BARD (C.R.) INC,3841.0,I,9892.0
2044,1997,adverse_event,161,,,,101.0,60.0,BARD (C.R.) INC,3841.0,I,9892.0
2044,1998,adverse_event,117,,,,62.0,55.0,BARD (C.R.) INC,3841.0,I,9892.0
2044,1999,adverse_event,108,,,,94.0,14.0,BARD (C.R.) INC,3841.0,I,9892.0
2044,2000,adverse_event,197,,,,150.0,47.0,BARD (C.R.) INC,3841.0,I,9892.0
2044,2001,adverse_event,205,,,,94.0,111.0,BARD (C.R.) INC,3841.0,I,9892.0
2044,2002,adverse_event,182,,,,105.0,77.0,BARD (C.R.) INC,3841.0,I,9892.0
2044,2003,adverse_event,133,,,,62.0,71.0,BARD (C.R.) INC,3841.0,I,9892.0
2044,2004,adverse_event,280,,,,107.0,173.0,BARD (C.R.) INC,3841.0,I,9892.0
2044,2005,adverse_event,441,,,,180.0,261.0,BARD (C.R.) INC,3841.0,I,9892.0
2044,2006,adverse_event,603,,,,250.0,353.0,BARD (C.R.) INC,3841.0,I,9892.0
2044,2007,adverse_event,425,,,,121.0,304.0,BARD (C.R.) INC,3841.0,I,9892.0
2044,2008,adverse_event,512,,,,109.0,403.0,BARD (C.R.) INC,3841.0,I,9892.0
2044,2008,recall,45,0.0,0.0,0.0,,,BARD (C.R.) INC,3841.0,I,9892.0
2044,2009,adverse_event,556,,,,136.0,420.0,BARD (C.R.) INC,3841.0,I,9892.0
2044,2009,recall,5,0.0,0.0,0.0,,,BARD (C.R.) INC,3841.0,I,9892.0
2044,2010,adverse_event,554,,,,161.0,393.0,BARD (C.R.) INC,3841.0,I,9892.0
2044,2011,adverse_event,814,,,,412.0,402.0,BARD (C.R.) INC,3841.0,I,9892.0
2044,2012,adverse_event,1209,,,,150.0,1059.0,BARD (C.R.) INC,3841.0,I,9892.0
2044,2013,adverse_event,6763,,,,838.0,5925.0,BARD (C.R.) INC,3841.0,I,9892.0
2044,2014,adverse_event,416,,,,105.0,311.0,BARD (C.R.) INC,3841.0,I,9892.0
2044,2014,recall,1,0.0,1.0,0.0,,,BARD (C.R.) INC,3841.0,I,9892.0
2044,2015,adverse_event,273,,,,80.0,193.0,BARD (C.R.) INC,3841.0,I,9892.0
2044,2015,recall,13,0.0,12.0,1.0,,,BARD (C.R.) INC,3841.0,I,9892.0
2044,2016,adverse_event,607,,,,88.0,519.0,BARD (C.R.) INC,3841.0,I,9892.0
2044,2016,recall,19,0.0,16.0,3.0,,,BARD (C.R.) INC,3841.0,I,9892.0
2111,1992,adverse_event,6,,,,6.0,0.0,BECTON DICKINSON & CO,3841.0,A,10795.0
2111,1993,adverse_event,16,,,,15.0,1.0,BECTON DICKINSON & CO,3841.0,A,10795.0
2111,1994,adverse_event,106,,,,105.0,1.0,BECTON DICKINSON & CO,3841.0,A,10795.0
2111,1995,adverse_event,51,,,,51.0,0.0,BECTON DICKINSON & CO,3841.0,A,10795.0
2111,1996,adverse_event,68,,,,68.0,0.0,BECTON DICKINSON & CO,3841.0,A,10795.0
2111,1997,adverse_event,30,,,,29.0,1.0,BECTON DICKINSON & CO,3841.0,A,10795.0
2111,1998,adverse_event,34,,,,31.0,3.0,BECTON DICKINSON & CO,3841.0,A,10795.0
2111,1999,adverse_event,61,,,,56.0,5.0,BECTON DICKINSON & CO,3841.0,A,10795.0
2111,2000,adverse_event,77,,,,75.0,2.0,BECTON DICKINSON & CO,3841.0,A,10795.0
2111,2001,adverse_event,39,,,,38.0,1.0,BECTON DICKINSON & CO,3841.0,A,10795.0
2111,2002,adverse_event,28,,,,28.0,0.0,BECTON DICKINSON & CO,3841.0,A,10795.0
2111,2002,recall,2,0.0,0.0,0.0,,,BECTON DICKINSON & CO,3841.0,A,10795.0
2111,2003,adverse_event,19,,,,18.0,1.0,BECTON DICKINSON & CO,3841.0,A,10795.0
2111,2003,recall,6,0.0,0.0,0.0,,,BECTON DICKINSON & CO,3841.0,A,10795.0
2111,2004,adverse_event,28,,,,26.0,2.0,BECTON DICKINSON & CO,3841.0,A,10795.0
2111,2004,recall,19,0.0,0.0,0.0,,,BECTON DICKINSON & CO,3841.0,A,10795.0
2111,2005,adverse_event,14,,,,14.0,0.0,BECTON DICKINSON & CO,3841.0,A,10795.0
2111,2005,recall,22,0.0,0.0,0.0,,,BECTON DICKINSON & CO,3841.0,A,10795.0
2111,2006,adverse_event,8,,,,8.0,0.0,BECTON DICKINSON & CO,3841.0,A,10795.0
2111,2006,recall,21,0.0,0.0,0.0,,,BECTON DICKINSON & CO,3841.0,A,10795.0
2111,2007,adverse_event,25,,,,24.0,1.0,BECTON DICKINSON & CO,3841.0,A,10795.0
2111,2007,recall,21,0.0,0.0,0.0,,,BECTON DICKINSON & CO,3841.0,A,10795.0
2111,2008,adverse_event,11,,,,10.0,1.0,BECTON DICKINSON & CO,3841.0,A,10795.0
2111,2008,recall,7,0.0,0.0,0.0,,,BECTON DICKINSON & CO,3841.0,A,10795.0
2111,2009,adverse_event,13,,,,13.0,0.0,BECTON DICKINSON & CO,3841.0,A,10795.0
2111,2009,recall,17,0.0,0.0,0.0,,,BECTON DICKINSON & CO,3841.0,A,10795.0
2111,2009,warning_letter,1,,,,,,BECTON DICKINSON & CO,3841.0,A,10795.0
2111,2010,adverse_event,9,,,,8.0,1.0,BECTON DICKINSON & CO,3841.0,A,10795.0
2111,2010,recall,11,0.0,0.0,0.0,,,BECTON DICKINSON & CO,3841.0,A,10795.0
2111,2011,adverse_event,38,,,,37.0,1.0,BECTON DICKINSON & CO,3841.0,A,10795.0
2111,2011,recall,7,0.0,0.0,0.0,,,BECTON DICKINSON & CO,3841.0,A,10795.0
2111,2012,adverse_event,19,,,,18.0,1.0,BECTON DICKINSON & CO,3841.0,A,10795.0
2111,2012,recall,3,0.0,2.0,1.0,,,BECTON DICKINSON & CO,3841.0,A,10795.0
2111,2013,adverse_event,26,,,,24.0,2.0,BECTON DICKINSON & CO,3841.0,A,10795.0
2111,2013,recall,6,0.0,5.0,1.0,,,BECTON DICKINSON & CO,3841.0,A,10795.0
2111,2014,adverse_event,41,,,,40.0,1.0,BECTON DICKINSON & CO,3841.0,A,10795.0
2111,2014,recall,4,0.0,4.0,0.0,,,BECTON DICKINSON & CO,3841.0,A,10795.0
2111,2015,adverse_event,60,,,,50.0,10.0,BECTON DICKINSON & CO,3841.0,A,10795.0
2111,2015,recall,10,0.0,8.0,2.0,,,BECTON DICKINSON & CO,3841.0,A,10795.0
2111,2016,adverse_event,203,,,,135.0,68.0,BECTON DICKINSON & CO,3841.0,A,10795.0
2111,2016,recall,16,0.0,16.0,0.0,,,BECTON DICKINSON & CO,3841.0,A,10795.0
2111,2017,adverse_event,2702,,,,875.0,1827.0,BECTON DICKINSON & CO,3841.0,A,10795.0
2111,2017,recall,15,0.0,14.0,1.0,,,BECTON DICKINSON & CO,3841.0,A,10795.0
2111,2018,adverse_event,9974,,,,4626.0,5348.0,BECTON DICKINSON & CO,3841.0,A,10795.0
2111,2018,recall,23,4.0,19.0,0.0,,,BECTON DICKINSON & CO,3841.0,A,10795.0
2111,2018,warning_letter,1,,,,,,BECTON DICKINSON & CO,3841.0,A,10795.0
2111,2019,adverse_event,8392,,,,2421.0,5971.0,BECTON DICKINSON & CO,3841.0,A,10795.0
2111,2019,recall,67,2.0,65.0,0.0,,,BECTON DICKINSON & CO,3841.0,A,10795.0
2111,2020,adverse_event,6934,,,,2173.0,4761.0,BECTON DICKINSON & CO,3841.0,A,10795.0
2111,2020,recall,44,0.0,44.0,0.0,,,BECTON DICKINSON & CO,3841.0,A,10795.0
2111,2021,adverse_event,7824,,,,1875.0,5949.0,BECTON DICKINSON & CO,3841.0,A,10795.0
2111,2021,recall,5,0.0,5.0,0.0,,,BECTON DICKINSON & CO,3841.0,A,10795.0
2111,2022,adverse_event,6922,,,,1757.0,5165.0,BECTON DICKINSON & CO,3841.0,A,10795.0
2111,2022,recall,18,0.0,17.0,1.0,,,BECTON DICKINSON & CO,3841.0,A,10795.0
2111,2023,adverse_event,7480,,,,1605.0,5875.0,BECTON DICKINSON & CO,3841.0,A,10795.0
2111,2023,recall,16,0.0,16.0,0.0,,,BECTON DICKINSON & CO,3841.0,A,10795.0
2111,2024,adverse_event,6550,,,,485.0,6065.0,BECTON DICKINSON & CO,3841.0,A,10795.0
2111,2024,recall,53,0.0,53.0,0.0,,,BECTON DICKINSON & CO,3841.0,A,10795.0
2111,2025,adverse_event,12838,,,,400.0,12438.0,BECTON DICKINSON & CO,3841.0,A,10795.0
2111,2025,recall,11,0.0,11.0,0.0,,,BECTON DICKINSON & CO,3841.0,A,10795.0
2220,1994,adverse_event,1,,,,1.0,0.0,BIO-RAD LABORATORIES INC,3826.0,A,12208.0
2220,2001,adverse_event,6,,,,6.0,0.0,BIO-RAD LABORATORIES INC,3826.0,A,12208.0
2220,2002,adverse_event,5,,,,4.0,1.0,BIO-RAD LABORATORIES INC,3826.0,A,12208.0
2220,2003,adverse_event,3,,,,3.0,0.0,BIO-RAD LABORATORIES INC,3826.0,A,12208.0
2220,2003,recall,1,0.0,0.0,0.0,,,BIO-RAD LABORATORIES INC,3826.0,A,12208.0
2220,2004,adverse_event,3,,,,3.0,0.0,BIO-RAD LABORATORIES INC,3826.0,A,12208.0
2220,2004,recall,1,0.0,0.0,0.0,,,BIO-RAD LABORATORIES INC,3826.0,A,12208.0
2220,2005,adverse_event,4,,,,4.0,0.0,BIO-RAD LABORATORIES INC,3826.0,A,12208.0
2220,2005,recall,1,0.0,0.0,0.0,,,BIO-RAD LABORATORIES INC,3826.0,A,12208.0
2220,2006,adverse_event,2,,,,2.0,0.0,BIO-RAD LABORATORIES INC,3826.0,A,12208.0
2220,2006,recall,1,0.0,0.0,0.0,,,BIO-RAD LABORATORIES INC,3826.0,A,12208.0
2220,2007,adverse_event,5,,,,5.0,0.0,BIO-RAD LABORATORIES INC,3826.0,A,12208.0
2220,2007,recall,7,0.0,0.0,0.0,,,BIO-RAD LABORATORIES INC,3826.0,A,12208.0
2220,2008,adverse_event,7,,,,7.0,0.0,BIO-RAD LABORATORIES INC,3826.0,A,12208.0
2220,2008,recall,10,0.0,0.0,0.0,,,BIO-RAD LABORATORIES INC,3826.0,A,12208.0
2220,2009,adverse_event,10,,,,10.0,0.0,BIO-RAD LABORATORIES INC,3826.0,A,12208.0
2220,2009,recall,8,0.0,0.0,0.0,,,BIO-RAD LABORATORIES INC,3826.0,A,12208.0
2220,2010,adverse_event,8,,,,6.0,2.0,BIO-RAD LABORATORIES INC,3826.0,A,12208.0
2220,2010,recall,19,0.0,0.0,0.0,,,BIO-RAD LABORATORIES INC,3826.0,A,12208.0
2220,2011,adverse_event,8,,,,8.0,0.0,BIO-RAD LABORATORIES INC,3826.0,A,12208.0
2220,2011,recall,16,0.0,0.0,0.0,,,BIO-RAD LABORATORIES INC,3826.0,A,12208.0
2220,2012,adverse_event,3,,,,3.0,0.0,BIO-RAD LABORATORIES INC,3826.0,A,12208.0
2220,2012,recall,1,0.0,1.0,0.0,,,BIO-RAD LABORATORIES INC,3826.0,A,12208.0
2220,2013,adverse_event,5,,,,5.0,0.0,BIO-RAD LABORATORIES INC,3826.0,A,12208.0
2220,2013,recall,3,0.0,0.0,3.0,,,BIO-RAD LABORATORIES INC,3826.0,A,12208.0
2220,2014,adverse_event,6,,,,6.0,0.0,BIO-RAD LABORATORIES INC,3826.0,A,12208.0
2220,2014,recall,2,0.0,2.0,0.0,,,BIO-RAD LABORATORIES INC,3826.0,A,12208.0
2220,2015,adverse_event,11,,,,11.0,0.0,BIO-RAD LABORATORIES INC,3826.0,A,12208.0
2220,2015,recall,3,0.0,2.0,1.0,,,BIO-RAD LABORATORIES INC,3826.0,A,12208.0
2220,2015,warning_letter,1,,,,,,BIO-RAD LABORATORIES INC,3826.0,A,12208.0
2220,2016,adverse_event,3,,,,3.0,0.0,BIO-RAD LABORATORIES INC,3826.0,A,12208.0
2220,2017,adverse_event,6,,,,6.0,0.0,BIO-RAD LABORATORIES INC,3826.0,A,12208.0
2220,2018,adverse_event,12,,,,12.0,0.0,BIO-RAD LABORATORIES INC,3826.0,A,12208.0
2220,2018,recall,3,0.0,3.0,0.0,,,BIO-RAD LABORATORIES INC,3826.0,A,12208.0
2220,2019,adverse_event,4,,,,4.0,0.0,BIO-RAD LABORATORIES INC,3826.0,A,12208.0
2220,2019,recall,2,0.0,2.0,0.0,,,BIO-RAD LABORATORIES INC,3826.0,A,12208.0
2220,2020,adverse_event,9,,,,9.0,0.0,BIO-RAD LABORATORIES INC,3826.0,A,12208.0
2220,2020,recall,1,0.0,1.0,0.0,,,BIO-RAD LABORATORIES INC,3826.0,A,12208.0
2220,2021,adverse_event,4,,,,4.0,0.0,BIO-RAD LABORATORIES INC,3826.0,A,12208.0
2220,2021,recall,2,0.0,2.0,0.0,,,BIO-RAD LABORATORIES INC,3826.0,A,12208.0
2220,2022,adverse_event,2,,,,2.0,0.0,BIO-RAD LABORATORIES INC,3826.0,A,12208.0
2220,2022,recall,5,0.0,5.0,0.0,,,BIO-RAD LABORATORIES INC,3826.0,A,12208.0
2220,2023,adverse_event,4,,,,4.0,0.0,BIO-RAD LABORATORIES INC,3826.0,A,12208.0
2220,2023,recall,3,0.0,3.0,0.0,,,BIO-RAD LABORATORIES INC,3826.0,A,12208.0
2220,2024,recall,1,0.0,1.0,0.0,,,BIO-RAD LABORATORIES INC,3826.0,A,12208.0
2220,2025,adverse_event,11,,,,11.0,0.0,BIO-RAD LABORATORIES INC,3826.0,A,12208.0
2220,2025,recall,1,0.0,1.0,0.0,,,BIO-RAD LABORATORIES INC,3826.0,A,12208.0
2230,1992,adverse_event,5,,,,5.0,0.0,BIOMET INC,3842.0,I,351346.0
2230,1993,adverse_event,1,,,,1.0,0.0,BIOMET INC,3842.0,I,351346.0
2230,1994,adverse_event,14,,,,14.0,0.0,BIOMET INC,3842.0,I,351346.0
2230,1995,adverse_event,16,,,,16.0,0.0,BIOMET INC,3842.0,I,351346.0
2230,1996,adverse_event,55,,,,54.0,1.0,BIOMET INC,3842.0,I,351346.0
2230,1997,adverse_event,131,,,,128.0,3.0,BIOMET INC,3842.0,I,351346.0
2230,1998,adverse_event,118,,,,118.0,0.0,BIOMET INC,3842.0,I,351346.0
2230,1999,adverse_event,148,,,,147.0,1.0,BIOMET INC,3842.0,I,351346.0
2230,2000,adverse_event,119,,,,119.0,0.0,BIOMET INC,3842.0,I,351346.0
2230,2001,adverse_event,167,,,,161.0,6.0,BIOMET INC,3842.0,I,351346.0
2230,2002,adverse_event,226,,,,214.0,12.0,BIOMET INC,3842.0,I,351346.0
2230,2003,adverse_event,195,,,,184.0,11.0,BIOMET INC,3842.0,I,351346.0
2230,2003,recall,11,0.0,0.0,0.0,,,BIOMET INC,3842.0,I,351346.0
2230,2004,adverse_event,167,,,,151.0,16.0,BIOMET INC,3842.0,I,351346.0
2230,2004,recall,3,0.0,0.0,0.0,,,BIOMET INC,3842.0,I,351346.0
2230,2005,adverse_event,136,,,,119.0,17.0,BIOMET INC,3842.0,I,351346.0
2230,2005,recall,12,0.0,0.0,0.0,,,BIOMET INC,3842.0,I,351346.0
2230,2006,adverse_event,134,,,,126.0,8.0,BIOMET INC,3842.0,I,351346.0
2403,1994,adverse_event,1,,,,1.0,0.0,BRISTOL-MYERS SQUIBB CO,2834.0,A,14272.0
2403,1995,adverse_event,1,,,,1.0,0.0,BRISTOL-MYERS SQUIBB CO,2834.0,A,14272.0
2403,1996,adverse_event,2,,,,2.0,0.0,BRISTOL-MYERS SQUIBB CO,2834.0,A,14272.0
2403,2000,adverse_event,1,,,,1.0,0.0,BRISTOL-MYERS SQUIBB CO,2834.0,A,14272.0
2403,2001,adverse_event,1,,,,1.0,0.0,BRISTOL-MYERS SQUIBB CO,2834.0,A,14272.0
2403,2002,adverse_event,2,,,,1.0,1.0,BRISTOL-MYERS SQUIBB CO,2834.0,A,14272.0
2403,2004,adverse_event,1,,,,1.0,0.0,BRISTOL-MYERS SQUIBB CO,2834.0,A,14272.0
2403,2005,adverse_event,1,,,,1.0,0.0,BRISTOL-MYERS SQUIBB CO,2834.0,A,14272.0
2403,2006,adverse_event,1,,,,0.0,1.0,BRISTOL-MYERS SQUIBB CO,2834.0,A,14272.0
2403,2008,adverse_event,1,,,,1.0,0.0,BRISTOL-MYERS SQUIBB CO,2834.0,A,14272.0
2403,2011,adverse_event,2,,,,2.0,0.0,BRISTOL-MYERS SQUIBB CO,2834.0,A,14272.0
2403,2014,adverse_event,1,,,,1.0,0.0,BRISTOL-MYERS SQUIBB CO,2834.0,A,14272.0
2403,2017,adverse_event,2,,,,2.0,0.0,BRISTOL-MYERS SQUIBB CO,2834.0,A,14272.0
2403,2019,adverse_event,1,,,,1.0,0.0,BRISTOL-MYERS SQUIBB CO,2834.0,A,14272.0
2751,2002,adverse_event,5,,,,5.0,0.0,CARDINAL HEALTH INC,5122.0,A,721371.0
2751,2002,recall,1,0.0,0.0,0.0,,,CARDINAL HEALTH INC,5122.0,A,721371.0
2751,2003,adverse_event,162,,,,150.0,12.0,CARDINAL HEALTH INC,5122.0,A,721371.0
2751,2003,recall,9,0.0,0.0,0.0,,,CARDINAL HEALTH INC,5122.0,A,721371.0
2751,2004,adverse_event,179,,,,156.0,23.0,CARDINAL HEALTH INC,5122.0,A,721371.0
2751,2004,recall,3,0.0,0.0,0.0,,,CARDINAL HEALTH INC,5122.0,A,721371.0
2751,2005,adverse_event,210,,,,196.0,14.0,CARDINAL HEALTH INC,5122.0,A,721371.0
2751,2005,recall,2,0.0,0.0,0.0,,,CARDINAL HEALTH INC,5122.0,A,721371.0
2751,2006,adverse_event,248,,,,200.0,48.0,CARDINAL HEALTH INC,5122.0,A,721371.0
2751,2006,recall,5,0.0,0.0,0.0,,,CARDINAL HEALTH INC,5122.0,A,721371.0
2751,2007,adverse_event,348,,,,207.0,141.0,CARDINAL HEALTH INC,5122.0,A,721371.0
2751,2007,recall,1,0.0,0.0,0.0,,,CARDINAL HEALTH INC,5122.0,A,721371.0
2751,2008,adverse_event,896,,,,176.0,720.0,CARDINAL HEALTH INC,5122.0,A,721371.0
2751,2008,recall,5,0.0,0.0,0.0,,,CARDINAL HEALTH INC,5122.0,A,721371.0
2751,2009,adverse_event,958,,,,177.0,781.0,CARDINAL HEALTH INC,5122.0,A,721371.0
2751,2009,recall,9,0.0,0.0,0.0,,,CARDINAL HEALTH INC,5122.0,A,721371.0
2751,2010,adverse_event,120,,,,115.0,5.0,CARDINAL HEALTH INC,5122.0,A,721371.0
2751,2010,recall,11,0.0,0.0,0.0,,,CARDINAL HEALTH INC,5122.0,A,721371.0
2751,2011,adverse_event,124,,,,122.0,2.0,CARDINAL HEALTH INC,5122.0,A,721371.0
2751,2011,recall,10,0.0,0.0,0.0,,,CARDINAL HEALTH INC,5122.0,A,721371.0
2751,2012,adverse_event,134,,,,129.0,5.0,CARDINAL HEALTH INC,5122.0,A,721371.0
2751,2012,recall,10,0.0,9.0,0.0,,,CARDINAL HEALTH INC,5122.0,A,721371.0
2751,2013,adverse_event,106,,,,97.0,9.0,CARDINAL HEALTH INC,5122.0,A,721371.0
2751,2013,recall,14,14.0,0.0,0.0,,,CARDINAL HEALTH INC,5122.0,A,721371.0
2751,2014,adverse_event,155,,,,139.0,16.0,CARDINAL HEALTH INC,5122.0,A,721371.0
2751,2014,recall,1,0.0,1.0,0.0,,,CARDINAL HEALTH INC,5122.0,A,721371.0
2751,2015,adverse_event,701,,,,685.0,16.0,CARDINAL HEALTH INC,5122.0,A,721371.0
2751,2015,recall,1,0.0,1.0,0.0,,,CARDINAL HEALTH INC,5122.0,A,721371.0
2751,2016,adverse_event,459,,,,430.0,29.0,CARDINAL HEALTH INC,5122.0,A,721371.0
2751,2016,recall,4,0.0,4.0,0.0,,,CARDINAL HEALTH INC,5122.0,A,721371.0
2751,2017,adverse_event,210,,,,147.0,63.0,CARDINAL HEALTH INC,5122.0,A,721371.0
2751,2017,recall,24,0.0,24.0,0.0,,,CARDINAL HEALTH INC,5122.0,A,721371.0
2751,2018,adverse_event,141,,,,120.0,21.0,CARDINAL HEALTH INC,5122.0,A,721371.0
2751,2018,recall,24,0.0,24.0,0.0,,,CARDINAL HEALTH INC,5122.0,A,721371.0
2751,2019,adverse_event,186,,,,159.0,27.0,CARDINAL HEALTH INC,5122.0,A,721371.0
2751,2020,adverse_event,219,,,,136.0,83.0,CARDINAL HEALTH INC,5122.0,A,721371.0
2751,2020,recall,13,0.0,13.0,0.0,,,CARDINAL HEALTH INC,5122.0,A,721371.0
2751,2021,adverse_event,689,,,,427.0,262.0,CARDINAL HEALTH INC,5122.0,A,721371.0
2751,2021,recall,34,0.0,34.0,0.0,,,CARDINAL HEALTH INC,5122.0,A,721371.0
2751,2022,adverse_event,868,,,,850.0,18.0,CARDINAL HEALTH INC,5122.0,A,721371.0
2751,2022,recall,40,0.0,40.0,0.0,,,CARDINAL HEALTH INC,5122.0,A,721371.0
2751,2023,adverse_event,1425,,,,956.0,469.0,CARDINAL HEALTH INC,5122.0,A,721371.0
2751,2023,recall,45,29.0,16.0,0.0,,,CARDINAL HEALTH INC,5122.0,A,721371.0
2751,2024,adverse_event,1436,,,,798.0,638.0,CARDINAL HEALTH INC,5122.0,A,721371.0
2751,2024,recall,37,1.0,36.0,0.0,,,CARDINAL HEALTH INC,5122.0,A,721371.0
2751,2024,warning_letter,1,,,,,,CARDINAL HEALTH INC,5122.0,A,721371.0
2751,2025,adverse_event,1088,,,,761.0,327.0,CARDINAL HEALTH INC,5122.0,A,721371.0
2751,2025,recall,17,0.0,17.0,0.0,,,CARDINAL HEALTH INC,5122.0,A,721371.0
2950,2007,adverse_event,161,,,,161.0,0.0,CHATTEM INC,2834.0,I,19520.0
2950,2008,adverse_event,676,,,,674.0,2.0,CHATTEM INC,2834.0,I,19520.0
2950,2008,recall,3,0.0,0.0,0.0,,,CHATTEM INC,2834.0,I,19520.0
2950,2009,adverse_event,188,,,,188.0,0.0,CHATTEM INC,2834.0,I,19520.0
3026,2004,adverse_event,2,,,,2.0,0.0,CHURCH & DWIGHT INC,2840.0,A,313927.0
3026,2005,adverse_event,3,,,,3.0,0.0,CHURCH & DWIGHT INC,2840.0,A,313927.0
3026,2006,adverse_event,6,,,,6.0,0.0,CHURCH & DWIGHT INC,2840.0,A,313927.0
3026,2007,adverse_event,3,,,,2.0,1.0,CHURCH & DWIGHT INC,2840.0,A,313927.0
3026,2008,adverse_event,10,,,,10.0,0.0,CHURCH & DWIGHT INC,2840.0,A,313927.0
3026,2009,adverse_event,10,,,,10.0,0.0,CHURCH & DWIGHT INC,2840.0,A,313927.0
3026,2010,adverse_event,7,,,,7.0,0.0,CHURCH & DWIGHT INC,2840.0,A,313927.0
3026,2011,adverse_event,46,,,,46.0,0.0,CHURCH & DWIGHT INC,2840.0,A,313927.0
3026,2011,recall,10,0.0,10.0,0.0,,,CHURCH & DWIGHT INC,2840.0,A,313927.0
3026,2011,warning_letter,1,,,,,,CHURCH & DWIGHT INC,2840.0,A,313927.0
3026,2012,adverse_event,165,,,,165.0,0.0,CHURCH & DWIGHT INC,2840.0,A,313927.0
3026,2013,adverse_event,67,,,,67.0,0.0,CHURCH & DWIGHT INC,2840.0,A,313927.0
3026,2013,recall,1,0.0,1.0,0.0,,,CHURCH & DWIGHT INC,2840.0,A,313927.0
3026,2014,adverse_event,19,,,,19.0,0.0,CHURCH & DWIGHT INC,2840.0,A,313927.0
3026,2015,adverse_event,32,,,,32.0,0.0,CHURCH & DWIGHT INC,2840.0,A,313927.0
3026,2016,adverse_event,5,,,,5.0,0.0,CHURCH & DWIGHT INC,2840.0,A,313927.0
3026,2017,adverse_event,3,,,,3.0,0.0,CHURCH & DWIGHT INC,2840.0,A,313927.0
3026,2018,adverse_event,3,,,,3.0,0.0,CHURCH & DWIGHT INC,2840.0,A,313927.0
3026,2019,adverse_event,16,,,,16.0,0.0,CHURCH & DWIGHT INC,2840.0,A,313927.0
3026,2020,adverse_event,27,,,,27.0,0.0,CHURCH & DWIGHT INC,2840.0,A,313927.0
3026,2021,adverse_event,30,,,,30.0,0.0,CHURCH & DWIGHT INC,2840.0,A,313927.0
3026,2022,adverse_event,35,,,,35.0,0.0,CHURCH & DWIGHT INC,2840.0,A,313927.0
3026,2023,adverse_event,16,,,,15.0,1.0,CHURCH & DWIGHT INC,2840.0,A,313927.0
3026,2023,recall,1,0.0,1.0,0.0,,,CHURCH & DWIGHT INC,2840.0,A,313927.0
3026,2024,adverse_event,22,,,,21.0,1.0,CHURCH & DWIGHT INC,2840.0,A,313927.0
3026,2025,adverse_event,33,,,,33.0,0.0,CHURCH & DWIGHT INC,2840.0,A,313927.0
3520,1992,adverse_event,10,,,,10.0,0.0,CORDIS CORP,3841.0,I,24654.0
3520,1993,adverse_event,5,,,,5.0,0.0,CORDIS CORP,3841.0,I,24654.0
3520,1994,adverse_event,21,,,,21.0,0.0,CORDIS CORP,3841.0,I,24654.0
3520,1995,adverse_event,18,,,,17.0,1.0,CORDIS CORP,3841.0,I,24654.0
3786,1992,adverse_event,46,,,,45.0,1.0,DATASCOPE CORP,3845.0,I,27096.0
3786,1993,adverse_event,33,,,,32.0,1.0,DATASCOPE CORP,3845.0,I,27096.0
3786,1994,adverse_event,81,,,,80.0,1.0,DATASCOPE CORP,3845.0,I,27096.0
3786,1995,adverse_event,97,,,,94.0,3.0,DATASCOPE CORP,3845.0,I,27096.0
3786,1996,adverse_event,760,,,,754.0,6.0,DATASCOPE CORP,3845.0,I,27096.0
3786,1997,adverse_event,2839,,,,2817.0,22.0,DATASCOPE CORP,3845.0,I,27096.0
3786,1998,adverse_event,2191,,,,2166.0,25.0,DATASCOPE CORP,3845.0,I,27096.0
3786,1999,adverse_event,733,,,,604.0,129.0,DATASCOPE CORP,3845.0,I,27096.0
3786,2000,adverse_event,566,,,,358.0,208.0,DATASCOPE CORP,3845.0,I,27096.0
3786,2001,adverse_event,479,,,,329.0,150.0,DATASCOPE CORP,3845.0,I,27096.0
3786,2002,adverse_event,220,,,,108.0,112.0,DATASCOPE CORP,3845.0,I,27096.0
3786,2003,adverse_event,206,,,,89.0,117.0,DATASCOPE CORP,3845.0,I,27096.0
3786,2003,recall,3,0.0,0.0,0.0,,,DATASCOPE CORP,3845.0,I,27096.0
3786,2004,adverse_event,164,,,,91.0,73.0,DATASCOPE CORP,3845.0,I,27096.0
3786,2004,recall,3,0.0,0.0,0.0,,,DATASCOPE CORP,3845.0,I,27096.0
3786,2005,adverse_event,114,,,,79.0,35.0,DATASCOPE CORP,3845.0,I,27096.0
3786,2005,recall,5,0.0,0.0,0.0,,,DATASCOPE CORP,3845.0,I,27096.0
3786,2006,adverse_event,156,,,,129.0,27.0,DATASCOPE CORP,3845.0,I,27096.0
3786,2006,recall,1,0.0,0.0,0.0,,,DATASCOPE CORP,3845.0,I,27096.0
3786,2007,adverse_event,95,,,,94.0,1.0,DATASCOPE CORP,3845.0,I,27096.0
3786,2007,recall,5,0.0,0.0,0.0,,,DATASCOPE CORP,3845.0,I,27096.0
3786,2008,adverse_event,102,,,,94.0,8.0,DATASCOPE CORP,3845.0,I,27096.0
3849,1992,adverse_event,47,,,,47.0,0.0,FRESENIUS USA INC,3841.0,I,320185.0
3849,1993,adverse_event,51,,,,51.0,0.0,FRESENIUS USA INC,3841.0,I,320185.0
3849,1994,adverse_event,114,,,,113.0,1.0,FRESENIUS USA INC,3841.0,I,320185.0
3849,1995,adverse_event,67,,,,66.0,1.0,FRESENIUS USA INC,3841.0,I,320185.0
4925,2002,adverse_event,2,,,,0.0,2.0,FUJIFILM HLDGS CORP,3861.0,A,800365.0
4925,2003,adverse_event,1,,,,0.0,1.0,FUJIFILM HLDGS CORP,3861.0,A,800365.0
4925,2004,adverse_event,1,,,,0.0,1.0,FUJIFILM HLDGS CORP,3861.0,A,800365.0
4925,2006,adverse_event,1,,,,0.0,1.0,FUJIFILM HLDGS CORP,3861.0,A,800365.0
4925,2007,adverse_event,2,,,,2.0,0.0,FUJIFILM HLDGS CORP,3861.0,A,800365.0
4925,2008,adverse_event,3,,,,0.0,3.0,FUJIFILM HLDGS CORP,3861.0,A,800365.0
4925,2009,adverse_event,3,,,,1.0,2.0,FUJIFILM HLDGS CORP,3861.0,A,800365.0
4925,2010,adverse_event,3,,,,1.0,2.0,FUJIFILM HLDGS CORP,3861.0,A,800365.0
4925,2011,adverse_event,6,,,,1.0,5.0,FUJIFILM HLDGS CORP,3861.0,A,800365.0
4925,2012,adverse_event,11,,,,6.0,5.0,FUJIFILM HLDGS CORP,3861.0,A,800365.0
4925,2013,adverse_event,3,,,,2.0,1.0,FUJIFILM HLDGS CORP,3861.0,A,800365.0
4925,2014,adverse_event,10,,,,0.0,10.0,FUJIFILM HLDGS CORP,3861.0,A,800365.0
4925,2015,adverse_event,18,,,,0.0,18.0,FUJIFILM HLDGS CORP,3861.0,A,800365.0
4925,2016,adverse_event,46,,,,10.0,36.0,FUJIFILM HLDGS CORP,3861.0,A,800365.0
4925,2017,adverse_event,83,,,,5.0,78.0,FUJIFILM HLDGS CORP,3861.0,A,800365.0
4925,2018,adverse_event,62,,,,60.0,2.0,FUJIFILM HLDGS CORP,3861.0,A,800365.0
4925,2018,warning_letter,1,,,,,,FUJIFILM HLDGS CORP,3861.0,A,800365.0
4925,2019,adverse_event,28,,,,28.0,0.0,FUJIFILM HLDGS CORP,3861.0,A,800365.0
4925,2020,adverse_event,30,,,,23.0,7.0,FUJIFILM HLDGS CORP,3861.0,A,800365.0
4925,2021,adverse_event,62,,,,56.0,6.0,FUJIFILM HLDGS CORP,3861.0,A,800365.0
4925,2022,adverse_event,117,,,,40.0,77.0,FUJIFILM HLDGS CORP,3861.0,A,800365.0
4925,2023,adverse_event,157,,,,128.0,29.0,FUJIFILM HLDGS CORP,3861.0,A,800365.0
4925,2024,adverse_event,93,,,,74.0,19.0,FUJIFILM HLDGS CORP,3861.0,A,800365.0
4925,2025,adverse_event,86,,,,73.0,13.0,FUJIFILM HLDGS CORP,3861.0,A,800365.0
5180,2004,adverse_event,1,,,,1.0,0.0,GSK PLC,2834.0,A,1131399.0
5180,2010,adverse_event,1,,,,1.0,0.0,GSK PLC,2834.0,A,1131399.0
5180,2011,adverse_event,1,,,,1.0,0.0,GSK PLC,2834.0,A,1131399.0
5180,2018,adverse_event,1,,,,1.0,0.0,GSK PLC,2834.0,A,1131399.0
5639,1991,adverse_event,1,,,,1.0,0.0,HILL-ROM HOLDINGS INC,2590.0,I,47518.0
5639,1992,adverse_event,10,,,,10.0,0.0,HILL-ROM HOLDINGS INC,2590.0,I,47518.0
5639,1993,adverse_event,13,,,,13.0,0.0,HILL-ROM HOLDINGS INC,2590.0,I,47518.0
5639,1994,adverse_event,24,,,,24.0,0.0,HILL-ROM HOLDINGS INC,2590.0,I,47518.0
5639,1995,adverse_event,33,,,,32.0,1.0,HILL-ROM HOLDINGS INC,2590.0,I,47518.0
5639,1996,adverse_event,58,,,,56.0,2.0,HILL-ROM HOLDINGS INC,2590.0,I,47518.0
5639,1997,adverse_event,62,,,,59.0,3.0,HILL-ROM HOLDINGS INC,2590.0,I,47518.0
5639,1998,adverse_event,64,,,,49.0,15.0,HILL-ROM HOLDINGS INC,2590.0,I,47518.0
5639,1999,adverse_event,50,,,,41.0,9.0,HILL-ROM HOLDINGS INC,2590.0,I,47518.0
5639,2000,adverse_event,80,,,,64.0,16.0,HILL-ROM HOLDINGS INC,2590.0,I,47518.0
5639,2001,adverse_event,107,,,,73.0,34.0,HILL-ROM HOLDINGS INC,2590.0,I,47518.0
5639,2002,adverse_event,280,,,,53.0,227.0,HILL-ROM HOLDINGS INC,2590.0,I,47518.0
5639,2003,adverse_event,114,,,,30.0,84.0,HILL-ROM HOLDINGS INC,2590.0,I,47518.0
5639,2003,recall,11,0.0,0.0,0.0,,,HILL-ROM HOLDINGS INC,2590.0,I,47518.0
5639,2004,adverse_event,112,,,,30.0,82.0,HILL-ROM HOLDINGS INC,2590.0,I,47518.0
5639,2004,recall,6,0.0,0.0,0.0,,,HILL-ROM HOLDINGS INC,2590.0,I,47518.0
5639,2005,adverse_event,145,,,,38.0,107.0,HILL-ROM HOLDINGS INC,2590.0,I,47518.0
5639,2005,recall,2,0.0,0.0,0.0,,,HILL-ROM HOLDINGS INC,2590.0,I,47518.0
5639,2006,adverse_event,125,,,,29.0,96.0,HILL-ROM HOLDINGS INC,2590.0,I,47518.0
5639,2006,recall,3,0.0,0.0,0.0,,,HILL-ROM HOLDINGS INC,2590.0,I,47518.0
5639,2007,adverse_event,86,,,,28.0,58.0,HILL-ROM HOLDINGS INC,2590.0,I,47518.0
5639,2007,recall,5,0.0,0.0,0.0,,,HILL-ROM HOLDINGS INC,2590.0,I,47518.0
5639,2008,adverse_event,4957,,,,82.0,4875.0,HILL-ROM HOLDINGS INC,2590.0,I,47518.0
5639,2008,recall,6,0.0,0.0,0.0,,,HILL-ROM HOLDINGS INC,2590.0,I,47518.0
5639,2009,adverse_event,8648,,,,146.0,8502.0,HILL-ROM HOLDINGS INC,2590.0,I,47518.0
5639,2009,recall,9,0.0,0.0,0.0,,,HILL-ROM HOLDINGS INC,2590.0,I,47518.0
5639,2010,adverse_event,12257,,,,5141.0,7116.0,HILL-ROM HOLDINGS INC,2590.0,I,47518.0
5639,2010,recall,4,0.0,0.0,0.0,,,HILL-ROM HOLDINGS INC,2590.0,I,47518.0
5639,2011,adverse_event,6927,,,,6407.0,520.0,HILL-ROM HOLDINGS INC,2590.0,I,47518.0
5639,2011,recall,13,0.0,0.0,0.0,,,HILL-ROM HOLDINGS INC,2590.0,I,47518.0
5639,2012,adverse_event,8915,,,,8232.0,683.0,HILL-ROM HOLDINGS INC,2590.0,I,47518.0
5639,2012,recall,6,0.0,4.0,0.0,,,HILL-ROM HOLDINGS INC,2590.0,I,47518.0
5639,2012,warning_letter,1,,,,,,HILL-ROM HOLDINGS INC,2590.0,I,47518.0
5639,2013,adverse_event,6347,,,,5402.0,945.0,HILL-ROM HOLDINGS INC,2590.0,I,47518.0
5639,2013,recall,7,0.0,7.0,0.0,,,HILL-ROM HOLDINGS INC,2590.0,I,47518.0
5639,2014,adverse_event,3605,,,,2886.0,719.0,HILL-ROM HOLDINGS INC,2590.0,I,47518.0
5639,2014,recall,1,0.0,1.0,0.0,,,HILL-ROM HOLDINGS INC,2590.0,I,47518.0
5639,2015,adverse_event,1558,,,,836.0,722.0,HILL-ROM HOLDINGS INC,2590.0,I,47518.0
5639,2015,recall,3,0.0,3.0,0.0,,,HILL-ROM HOLDINGS INC,2590.0,I,47518.0
5639,2016,adverse_event,794,,,,26.0,768.0,HILL-ROM HOLDINGS INC,2590.0,I,47518.0
5639,2016,recall,5,0.0,5.0,0.0,,,HILL-ROM HOLDINGS INC,2590.0,I,47518.0
5639,2017,adverse_event,731,,,,29.0,702.0,HILL-ROM HOLDINGS INC,2590.0,I,47518.0
5639,2017,recall,1,0.0,1.0,0.0,,,HILL-ROM HOLDINGS INC,2590.0,I,47518.0
5639,2018,adverse_event,649,,,,21.0,628.0,HILL-ROM HOLDINGS INC,2590.0,I,47518.0
5639,2018,recall,1,0.0,1.0,0.0,,,HILL-ROM HOLDINGS INC,2590.0,I,47518.0
5639,2019,adverse_event,659,,,,25.0,634.0,HILL-ROM HOLDINGS INC,2590.0,I,47518.0
5639,2020,adverse_event,657,,,,23.0,634.0,HILL-ROM HOLDINGS INC,2590.0,I,47518.0
5639,2020,recall,5,1.0,4.0,0.0,,,HILL-ROM HOLDINGS INC,2590.0,I,47518.0
5639,2021,adverse_event,754,,,,17.0,737.0,HILL-ROM HOLDINGS INC,2590.0,I,47518.0
5639,2021,recall,9,0.0,9.0,0.0,,,HILL-ROM HOLDINGS INC,2590.0,I,47518.0
5697,2010,warning_letter,1,,,,,,HOOPER HOLMES INC,8090.0,I,741815.0
5697,2011,recall,58,0.0,0.0,0.0,,,HOOPER HOLMES INC,8090.0,I,741815.0
5697,2013,recall,1,0.0,1.0,0.0,,,HOOPER HOLMES INC,8090.0,I,741815.0
5878,2005,recall,4,0.0,0.0,0.0,,,ILLINOIS TOOL WORKS,3560.0,A,49826.0
6158,1992,adverse_event,8,,,,8.0,0.0,INVACARE CORP,3842.0,I,742112.0
6158,1993,adverse_event,16,,,,14.0,2.0,INVACARE CORP,3842.0,I,742112.0
6158,1994,adverse_event,24,,,,24.0,0.0,INVACARE CORP,3842.0,I,742112.0
6158,1995,adverse_event,26,,,,23.0,3.0,INVACARE CORP,3842.0,I,742112.0
6158,1996,adverse_event,55,,,,53.0,2.0,INVACARE CORP,3842.0,I,742112.0
6158,1997,adverse_event,118,,,,117.0,1.0,INVACARE CORP,3842.0,I,742112.0
6158,1998,adverse_event,123,,,,121.0,2.0,INVACARE CORP,3842.0,I,742112.0
6158,1999,adverse_event,159,,,,152.0,7.0,INVACARE CORP,3842.0,I,742112.0
6158,2000,adverse_event,110,,,,109.0,1.0,INVACARE CORP,3842.0,I,742112.0
6158,2001,adverse_event,228,,,,176.0,52.0,INVACARE CORP,3842.0,I,742112.0
6158,2002,adverse_event,151,,,,23.0,128.0,INVACARE CORP,3842.0,I,742112.0
6158,2003,adverse_event,128,,,,43.0,85.0,INVACARE CORP,3842.0,I,742112.0
6158,2003,recall,6,0.0,0.0,0.0,,,INVACARE CORP,3842.0,I,742112.0
6158,2004,adverse_event,136,,,,46.0,90.0,INVACARE CORP,3842.0,I,742112.0
6158,2004,recall,1,0.0,0.0,0.0,,,INVACARE CORP,3842.0,I,742112.0
6158,2005,adverse_event,98,,,,29.0,69.0,INVACARE CORP,3842.0,I,742112.0
6158,2005,recall,4,0.0,0.0,0.0,,,INVACARE CORP,3842.0,I,742112.0
6158,2006,adverse_event,100,,,,19.0,81.0,INVACARE CORP,3842.0,I,742112.0
6158,2006,recall,7,0.0,0.0,0.0,,,INVACARE CORP,3842.0,I,742112.0
6158,2007,adverse_event,94,,,,30.0,64.0,INVACARE CORP,3842.0,I,742112.0
6158,2007,recall,4,0.0,0.0,0.0,,,INVACARE CORP,3842.0,I,742112.0
6158,2008,adverse_event,134,,,,72.0,62.0,INVACARE CORP,3842.0,I,742112.0
6158,2009,adverse_event,182,,,,169.0,13.0,INVACARE CORP,3842.0,I,742112.0
6158,2009,recall,2,0.0,0.0,0.0,,,INVACARE CORP,3842.0,I,742112.0
6158,2010,adverse_event,196,,,,192.0,4.0,INVACARE CORP,3842.0,I,742112.0
6158,2010,warning_letter,1,,,,,,INVACARE CORP,3842.0,I,742112.0
6158,2011,adverse_event,808,,,,336.0,472.0,INVACARE CORP,3842.0,I,742112.0
6158,2011,recall,5,0.0,0.0,0.0,,,INVACARE CORP,3842.0,I,742112.0
6158,2012,adverse_event,4211,,,,58.0,4153.0,INVACARE CORP,3842.0,I,742112.0
6158,2012,recall,7,0.0,5.0,0.0,,,INVACARE CORP,3842.0,I,742112.0
6158,2013,adverse_event,14259,,,,83.0,14176.0,INVACARE CORP,3842.0,I,742112.0
6158,2013,recall,3,0.0,3.0,0.0,,,INVACARE CORP,3842.0,I,742112.0
6158,2014,adverse_event,34161,,,,109.0,34052.0,INVACARE CORP,3842.0,I,742112.0
6158,2014,recall,5,0.0,5.0,0.0,,,INVACARE CORP,3842.0,I,742112.0
6158,2015,adverse_event,26054,,,,93.0,25961.0,INVACARE CORP,3842.0,I,742112.0
6158,2015,recall,4,0.0,4.0,0.0,,,INVACARE CORP,3842.0,I,742112.0
6158,2016,adverse_event,6578,,,,19.0,6559.0,INVACARE CORP,3842.0,I,742112.0
6158,2016,recall,10,0.0,10.0,0.0,,,INVACARE CORP,3842.0,I,742112.0
6158,2017,adverse_event,126,,,,12.0,114.0,INVACARE CORP,3842.0,I,742112.0
6158,2017,recall,1,0.0,1.0,0.0,,,INVACARE CORP,3842.0,I,742112.0
6158,2018,adverse_event,82,,,,42.0,40.0,INVACARE CORP,3842.0,I,742112.0
6158,2018,recall,1,0.0,1.0,0.0,,,INVACARE CORP,3842.0,I,742112.0
6158,2019,adverse_event,154,,,,9.0,145.0,INVACARE CORP,3842.0,I,742112.0
6158,2020,adverse_event,78,,,,9.0,69.0,INVACARE CORP,3842.0,I,742112.0
6158,2020,recall,1,0.0,1.0,0.0,,,INVACARE CORP,3842.0,I,742112.0
6158,2021,adverse_event,63,,,,5.0,58.0,INVACARE CORP,3842.0,I,742112.0
6158,2021,recall,3,0.0,3.0,0.0,,,INVACARE CORP,3842.0,I,742112.0
6158,2021,warning_letter,1,,,,,,INVACARE CORP,3842.0,I,742112.0
6158,2022,adverse_event,55,,,,1.0,54.0,INVACARE CORP,3842.0,I,742112.0
6158,2022,recall,2,0.0,1.0,1.0,,,INVACARE CORP,3842.0,I,742112.0
6266,1992,adverse_event,24,,,,16.0,8.0,JOHNSON & JOHNSON,2834.0,A,200406.0
6266,1993,adverse_event,18,,,,13.0,5.0,JOHNSON & JOHNSON,2834.0,A,200406.0
6266,1994,adverse_event,47,,,,16.0,31.0,JOHNSON & JOHNSON,2834.0,A,200406.0
6266,1995,adverse_event,74,,,,20.0,54.0,JOHNSON & JOHNSON,2834.0,A,200406.0
6266,1996,adverse_event,325,,,,33.0,292.0,JOHNSON & JOHNSON,2834.0,A,200406.0
6266,1997,adverse_event,583,,,,38.0,545.0,JOHNSON & JOHNSON,2834.0,A,200406.0
6266,1998,adverse_event,609,,,,17.0,592.0,JOHNSON & JOHNSON,2834.0,A,200406.0
6266,1999,adverse_event,553,,,,12.0,541.0,JOHNSON & JOHNSON,2834.0,A,200406.0
6266,2000,adverse_event,253,,,,11.0,242.0,JOHNSON & JOHNSON,2834.0,A,200406.0
6266,2001,adverse_event,170,,,,22.0,148.0,JOHNSON & JOHNSON,2834.0,A,200406.0
6266,2002,adverse_event,99,,,,19.0,80.0,JOHNSON & JOHNSON,2834.0,A,200406.0
6266,2003,adverse_event,62,,,,34.0,28.0,JOHNSON & JOHNSON,2834.0,A,200406.0
6266,2004,adverse_event,64,,,,47.0,17.0,JOHNSON & JOHNSON,2834.0,A,200406.0
6266,2005,adverse_event,50,,,,32.0,18.0,JOHNSON & JOHNSON,2834.0,A,200406.0
6266,2006,adverse_event,94,,,,62.0,32.0,JOHNSON & JOHNSON,2834.0,A,200406.0
6266,2007,adverse_event,200,,,,156.0,44.0,JOHNSON & JOHNSON,2834.0,A,200406.0
6266,2008,adverse_event,159,,,,75.0,84.0,JOHNSON & JOHNSON,2834.0,A,200406.0
6266,2009,adverse_event,92,,,,53.0,39.0,JOHNSON & JOHNSON,2834.0,A,200406.0
6266,2010,adverse_event,137,,,,36.0,101.0,JOHNSON & JOHNSON,2834.0,A,200406.0
6266,2011,adverse_event,179,,,,66.0,113.0,JOHNSON & JOHNSON,2834.0,A,200406.0
6266,2012,adverse_event,71,,,,29.0,42.0,JOHNSON & JOHNSON,2834.0,A,200406.0
6266,2013,adverse_event,147,,,,38.0,109.0,JOHNSON & JOHNSON,2834.0,A,200406.0
6266,2014,adverse_event,451,,,,44.0,407.0,JOHNSON & JOHNSON,2834.0,A,200406.0
6266,2015,adverse_event,415,,,,27.0,388.0,JOHNSON & JOHNSON,2834.0,A,200406.0
6266,2016,adverse_event,544,,,,121.0,423.0,JOHNSON & JOHNSON,2834.0,A,200406.0
6266,2017,adverse_event,737,,,,256.0,481.0,JOHNSON & JOHNSON,2834.0,A,200406.0
6266,2018,adverse_event,4910,,,,5.0,4905.0,JOHNSON & JOHNSON,2834.0,A,200406.0
6266,2019,adverse_event,4310,,,,1.0,4309.0,JOHNSON & JOHNSON,2834.0,A,200406.0
6266,2020,adverse_event,2493,,,,1.0,2492.0,JOHNSON & JOHNSON,2834.0,A,200406.0
6266,2021,adverse_event,417,,,,1.0,416.0,JOHNSON & JOHNSON,2834.0,A,200406.0
6266,2022,adverse_event,255,,,,1.0,254.0,JOHNSON & JOHNSON,2834.0,A,200406.0
6266,2023,adverse_event,339,,,,4.0,335.0,JOHNSON & JOHNSON,2834.0,A,200406.0
6266,2024,adverse_event,529,,,,0.0,529.0,JOHNSON & JOHNSON,2834.0,A,200406.0
6266,2025,adverse_event,538,,,,4.0,534.0,JOHNSON & JOHNSON,2834.0,A,200406.0
6435,1994,adverse_event,1,,,,1.0,0.0,KIMBERLY-CLARK CORP,2621.0,A,55785.0
6435,1995,adverse_event,3,,,,3.0,0.0,KIMBERLY-CLARK CORP,2621.0,A,55785.0
6435,1996,adverse_event,6,,,,6.0,0.0,KIMBERLY-CLARK CORP,2621.0,A,55785.0
6435,1997,adverse_event,5,,,,3.0,2.0,KIMBERLY-CLARK CORP,2621.0,A,55785.0
6435,1998,adverse_event,21,,,,15.0,6.0,KIMBERLY-CLARK CORP,2621.0,A,55785.0
6435,1999,adverse_event,8,,,,3.0,5.0,KIMBERLY-CLARK CORP,2621.0,A,55785.0
6435,2000,adverse_event,12,,,,6.0,6.0,KIMBERLY-CLARK CORP,2621.0,A,55785.0
6435,2001,adverse_event,12,,,,8.0,4.0,KIMBERLY-CLARK CORP,2621.0,A,55785.0
6435,2002,adverse_event,13,,,,7.0,6.0,KIMBERLY-CLARK CORP,2621.0,A,55785.0
6435,2003,adverse_event,22,,,,18.0,4.0,KIMBERLY-CLARK CORP,2621.0,A,55785.0
6435,2004,adverse_event,36,,,,20.0,16.0,KIMBERLY-CLARK CORP,2621.0,A,55785.0
6435,2005,adverse_event,44,,,,31.0,13.0,KIMBERLY-CLARK CORP,2621.0,A,55785.0
6435,2005,recall,3,0.0,0.0,0.0,,,KIMBERLY-CLARK CORP,2621.0,A,55785.0
6435,2006,adverse_event,63,,,,26.0,37.0,KIMBERLY-CLARK CORP,2621.0,A,55785.0
6435,2006,recall,8,0.0,0.0,0.0,,,KIMBERLY-CLARK CORP,2621.0,A,55785.0
6435,2007,adverse_event,47,,,,34.0,13.0,KIMBERLY-CLARK CORP,2621.0,A,55785.0
6435,2007,recall,2,0.0,0.0,0.0,,,KIMBERLY-CLARK CORP,2621.0,A,55785.0
6435,2008,adverse_event,28,,,,22.0,6.0,KIMBERLY-CLARK CORP,2621.0,A,55785.0
6435,2009,adverse_event,32,,,,30.0,2.0,KIMBERLY-CLARK CORP,2621.0,A,55785.0
6435,2009,recall,3,0.0,2.0,0.0,,,KIMBERLY-CLARK CORP,2621.0,A,55785.0
6435,2010,adverse_event,106,,,,35.0,71.0,KIMBERLY-CLARK CORP,2621.0,A,55785.0
6435,2010,recall,6,0.0,3.0,1.0,,,KIMBERLY-CLARK CORP,2621.0,A,55785.0
6435,2011,adverse_event,175,,,,27.0,148.0,KIMBERLY-CLARK CORP,2621.0,A,55785.0
6435,2011,recall,3,0.0,0.0,0.0,,,KIMBERLY-CLARK CORP,2621.0,A,55785.0
6435,2012,adverse_event,279,,,,39.0,240.0,KIMBERLY-CLARK CORP,2621.0,A,55785.0
6435,2012,recall,3,0.0,3.0,0.0,,,KIMBERLY-CLARK CORP,2621.0,A,55785.0
6435,2012,warning_letter,1,,,,,,KIMBERLY-CLARK CORP,2621.0,A,55785.0
6435,2013,adverse_event,273,,,,44.0,229.0,KIMBERLY-CLARK CORP,2621.0,A,55785.0
6435,2013,recall,3,0.0,3.0,0.0,,,KIMBERLY-CLARK CORP,2621.0,A,55785.0
6435,2014,adverse_event,291,,,,27.0,264.0,KIMBERLY-CLARK CORP,2621.0,A,55785.0
6435,2015,adverse_event,115,,,,35.0,80.0,KIMBERLY-CLARK CORP,2621.0,A,55785.0
6435,2016,adverse_event,97,,,,48.0,49.0,KIMBERLY-CLARK CORP,2621.0,A,55785.0
6435,2017,adverse_event,85,,,,17.0,68.0,KIMBERLY-CLARK CORP,2621.0,A,55785.0
6435,2018,adverse_event,147,,,,84.0,63.0,KIMBERLY-CLARK CORP,2621.0,A,55785.0
6435,2018,recall,4,0.0,4.0,0.0,,,KIMBERLY-CLARK CORP,2621.0,A,55785.0
6435,2019,adverse_event,1395,,,,860.0,535.0,KIMBERLY-CLARK CORP,2621.0,A,55785.0
6435,2020,adverse_event,773,,,,291.0,482.0,KIMBERLY-CLARK CORP,2621.0,A,55785.0
6435,2021,adverse_event,172,,,,75.0,97.0,KIMBERLY-CLARK CORP,2621.0,A,55785.0
6435,2022,adverse_event,44,,,,33.0,11.0,KIMBERLY-CLARK CORP,2621.0,A,55785.0
6435,2023,adverse_event,8,,,,6.0,2.0,KIMBERLY-CLARK CORP,2621.0,A,55785.0
6435,2024,adverse_event,3,,,,3.0,0.0,KIMBERLY-CLARK CORP,2621.0,A,55785.0
6435,2025,adverse_event,3,,,,3.0,0.0,KIMBERLY-CLARK CORP,2621.0,A,55785.0
6502,2004,adverse_event,1,,,,1.0,0.0,KROGER CO,5411.0,A,56873.0
6502,2011,adverse_event,1,,,,1.0,0.0,KROGER CO,5411.0,A,56873.0
6502,2013,adverse_event,1,,,,1.0,0.0,KROGER CO,5411.0,A,56873.0
6502,2014,adverse_event,1,,,,1.0,0.0,KROGER CO,5411.0,A,56873.0
6502,2018,adverse_event,1,,,,1.0,0.0,KROGER CO,5411.0,A,56873.0
6502,2019,adverse_event,1,,,,0.0,1.0,KROGER CO,5411.0,A,56873.0
6502,2024,adverse_event,1,,,,1.0,0.0,KROGER CO,5411.0,A,56873.0
6502,2025,adverse_event,1,,,,0.0,1.0,KROGER CO,5411.0,A,56873.0
6730,2000,adverse_event,2,,,,2.0,0.0,LILLY (ELI) & CO,2834.0,A,59478.0
6730,2001,adverse_event,62,,,,62.0,0.0,LILLY (ELI) & CO,2834.0,A,59478.0
6730,2002,adverse_event,43,,,,43.0,0.0,LILLY (ELI) & CO,2834.0,A,59478.0
6730,2003,adverse_event,50,,,,49.0,1.0,LILLY (ELI) & CO,2834.0,A,59478.0
6730,2004,adverse_event,28,,,,27.0,1.0,LILLY (ELI) & CO,2834.0,A,59478.0
6730,2005,adverse_event,21,,,,21.0,0.0,LILLY (ELI) & CO,2834.0,A,59478.0
6730,2006,adverse_event,34,,,,34.0,0.0,LILLY (ELI) & CO,2834.0,A,59478.0
6730,2007,adverse_event,54,,,,54.0,0.0,LILLY (ELI) & CO,2834.0,A,59478.0
6730,2008,adverse_event,73,,,,73.0,0.0,LILLY (ELI) & CO,2834.0,A,59478.0
6730,2009,adverse_event,72,,,,72.0,0.0,LILLY (ELI) & CO,2834.0,A,59478.0
6730,2010,adverse_event,102,,,,102.0,0.0,LILLY (ELI) & CO,2834.0,A,59478.0
6730,2011,adverse_event,92,,,,92.0,0.0,LILLY (ELI) & CO,2834.0,A,59478.0
6730,2011,recall,1,0.0,0.0,0.0,,,LILLY (ELI) & CO,2834.0,A,59478.0
6730,2012,adverse_event,45,,,,45.0,0.0,LILLY (ELI) & CO,2834.0,A,59478.0
6730,2013,adverse_event,22,,,,22.0,0.0,LILLY (ELI) & CO,2834.0,A,59478.0
6730,2014,adverse_event,32,,,,32.0,0.0,LILLY (ELI) & CO,2834.0,A,59478.0
6730,2015,adverse_event,86,,,,86.0,0.0,LILLY (ELI) & CO,2834.0,A,59478.0
6730,2016,adverse_event,274,,,,274.0,0.0,LILLY (ELI) & CO,2834.0,A,59478.0
6730,2017,adverse_event,174,,,,174.0,0.0,LILLY (ELI) & CO,2834.0,A,59478.0
6730,2018,adverse_event,181,,,,179.0,2.0,LILLY (ELI) & CO,2834.0,A,59478.0
6730,2019,adverse_event,187,,,,185.0,2.0,LILLY (ELI) & CO,2834.0,A,59478.0
6730,2020,adverse_event,143,,,,138.0,5.0,LILLY (ELI) & CO,2834.0,A,59478.0
6730,2021,adverse_event,133,,,,130.0,3.0,LILLY (ELI) & CO,2834.0,A,59478.0
6730,2022,adverse_event,86,,,,85.0,1.0,LILLY (ELI) & CO,2834.0,A,59478.0
6730,2023,adverse_event,66,,,,62.0,4.0,LILLY (ELI) & CO,2834.0,A,59478.0
6730,2024,adverse_event,59,,,,56.0,3.0,LILLY (ELI) & CO,2834.0,A,59478.0
6730,2025,adverse_event,48,,,,47.0,1.0,LILLY (ELI) & CO,2834.0,A,59478.0
7171,1995,adverse_event,1,,,,0.0,1.0,MCKESSON CORP,5122.0,A,927653.0
7171,1997,adverse_event,1,,,,0.0,1.0,MCKESSON CORP,5122.0,A,927653.0
7171,1999,adverse_event,1,,,,0.0,1.0,MCKESSON CORP,5122.0,A,927653.0
7171,2000,adverse_event,1,,,,0.0,1.0,MCKESSON CORP,5122.0,A,927653.0
7171,2001,adverse_event,2,,,,2.0,0.0,MCKESSON CORP,5122.0,A,927653.0
7171,2002,adverse_event,3,,,,1.0,2.0,MCKESSON CORP,5122.0,A,927653.0
7171,2003,adverse_event,1,,,,0.0,1.0,MCKESSON CORP,5122.0,A,927653.0
7171,2004,adverse_event,3,,,,1.0,2.0,MCKESSON CORP,5122.0,A,927653.0
7171,2005,adverse_event,1,,,,0.0,1.0,MCKESSON CORP,5122.0,A,927653.0
7171,2006,adverse_event,8,,,,2.0,6.0,MCKESSON CORP,5122.0,A,927653.0
7171,2007,adverse_event,14,,,,0.0,14.0,MCKESSON CORP,5122.0,A,927653.0
7171,2008,adverse_event,6,,,,1.0,5.0,MCKESSON CORP,5122.0,A,927653.0
7171,2009,adverse_event,4,,,,1.0,3.0,MCKESSON CORP,5122.0,A,927653.0
7171,2010,adverse_event,17,,,,11.0,6.0,MCKESSON CORP,5122.0,A,927653.0
7171,2011,adverse_event,6,,,,6.0,0.0,MCKESSON CORP,5122.0,A,927653.0
7171,2012,adverse_event,3,,,,0.0,3.0,MCKESSON CORP,5122.0,A,927653.0
7171,2013,adverse_event,24,,,,3.0,21.0,MCKESSON CORP,5122.0,A,927653.0
7171,2014,adverse_event,29,,,,4.0,25.0,MCKESSON CORP,5122.0,A,927653.0
7171,2015,adverse_event,22,,,,3.0,19.0,MCKESSON CORP,5122.0,A,927653.0
7171,2016,adverse_event,7,,,,1.0,6.0,MCKESSON CORP,5122.0,A,927653.0
7171,2017,adverse_event,5,,,,4.0,1.0,MCKESSON CORP,5122.0,A,927653.0
7171,2018,adverse_event,5,,,,0.0,5.0,MCKESSON CORP,5122.0,A,927653.0
7171,2019,adverse_event,4,,,,0.0,4.0,MCKESSON CORP,5122.0,A,927653.0
7171,2020,adverse_event,12,,,,0.0,12.0,MCKESSON CORP,5122.0,A,927653.0
7171,2021,adverse_event,8,,,,0.0,8.0,MCKESSON CORP,5122.0,A,927653.0
7171,2022,adverse_event,13,,,,0.0,13.0,MCKESSON CORP,5122.0,A,927653.0
7171,2023,adverse_event,20,,,,2.0,18.0,MCKESSON CORP,5122.0,A,927653.0
7171,2024,adverse_event,10,,,,0.0,10.0,MCKESSON CORP,5122.0,A,927653.0
7171,2025,adverse_event,22,,,,7.0,15.0,MCKESSON CORP,5122.0,A,927653.0
7228,1991,adverse_event,1,,,,1.0,0.0,MEDTRONIC PLC,3845.0,A,1613103.0
7228,1992,adverse_event,45,,,,42.0,3.0,MEDTRONIC PLC,3845.0,A,1613103.0
7228,1993,adverse_event,73,,,,69.0,4.0,MEDTRONIC PLC,3845.0,A,1613103.0
7228,1994,adverse_event,240,,,,224.0,16.0,MEDTRONIC PLC,3845.0,A,1613103.0
7228,1995,adverse_event,206,,,,188.0,18.0,MEDTRONIC PLC,3845.0,A,1613103.0
7228,1996,adverse_event,514,,,,317.0,197.0,MEDTRONIC PLC,3845.0,A,1613103.0
7228,1997,adverse_event,2928,,,,738.0,2190.0,MEDTRONIC PLC,3845.0,A,1613103.0
7228,1998,adverse_event,2381,,,,573.0,1808.0,MEDTRONIC PLC,3845.0,A,1613103.0
7228,1999,adverse_event,2041,,,,438.0,1603.0,MEDTRONIC PLC,3845.0,A,1613103.0
7228,2000,adverse_event,3736,,,,723.0,3013.0,MEDTRONIC PLC,3845.0,A,1613103.0
7228,2001,adverse_event,5429,,,,1395.0,4034.0,MEDTRONIC PLC,3845.0,A,1613103.0
7228,2002,adverse_event,4388,,,,1199.0,3189.0,MEDTRONIC PLC,3845.0,A,1613103.0
7228,2002,recall,1,0.0,0.0,0.0,,,MEDTRONIC PLC,3845.0,A,1613103.0
7228,2003,adverse_event,3341,,,,324.0,3017.0,MEDTRONIC PLC,3845.0,A,1613103.0
7228,2003,recall,3,0.0,0.0,0.0,,,MEDTRONIC PLC,3845.0,A,1613103.0
7228,2004,adverse_event,3178,,,,396.0,2782.0,MEDTRONIC PLC,3845.0,A,1613103.0
7228,2004,recall,5,0.0,0.0,0.0,,,MEDTRONIC PLC,3845.0,A,1613103.0
7228,2005,adverse_event,4093,,,,530.0,3563.0,MEDTRONIC PLC,3845.0,A,1613103.0
7228,2005,recall,14,0.0,0.0,0.0,,,MEDTRONIC PLC,3845.0,A,1613103.0
7228,2006,adverse_event,5554,,,,472.0,5082.0,MEDTRONIC PLC,3845.0,A,1613103.0
7228,2006,recall,148,0.0,0.0,0.0,,,MEDTRONIC PLC,3845.0,A,1613103.0
7228,2007,adverse_event,9466,,,,467.0,8999.0,MEDTRONIC PLC,3845.0,A,1613103.0
7228,2007,recall,8,0.0,0.0,0.0,,,MEDTRONIC PLC,3845.0,A,1613103.0
7228,2008,adverse_event,15983,,,,703.0,15280.0,MEDTRONIC PLC,3845.0,A,1613103.0
7228,2008,recall,12,0.0,0.0,0.0,,,MEDTRONIC PLC,3845.0,A,1613103.0
7228,2009,adverse_event,21966,,,,751.0,21215.0,MEDTRONIC PLC,3845.0,A,1613103.0
7228,2009,recall,24,0.0,0.0,0.0,,,MEDTRONIC PLC,3845.0,A,1613103.0
7228,2009,warning_letter,1,,,,,,MEDTRONIC PLC,3845.0,A,1613103.0
7228,2010,adverse_event,39120,,,,1347.0,37773.0,MEDTRONIC PLC,3845.0,A,1613103.0
7228,2010,recall,19,0.0,0.0,0.0,,,MEDTRONIC PLC,3845.0,A,1613103.0
7228,2011,adverse_event,54044,,,,3943.0,50101.0,MEDTRONIC PLC,3845.0,A,1613103.0
7228,2011,recall,11,0.0,0.0,0.0,,,MEDTRONIC PLC,3845.0,A,1613103.0
7228,2012,adverse_event,60652,,,,4696.0,55956.0,MEDTRONIC PLC,3845.0,A,1613103.0
7228,2012,recall,4,0.0,1.0,0.0,,,MEDTRONIC PLC,3845.0,A,1613103.0
7228,2013,adverse_event,50342,,,,2649.0,47693.0,MEDTRONIC PLC,3845.0,A,1613103.0
7228,2013,recall,10,0.0,10.0,0.0,,,MEDTRONIC PLC,3845.0,A,1613103.0
7228,2014,adverse_event,86108,,,,4059.0,82049.0,MEDTRONIC PLC,3845.0,A,1613103.0
7228,2014,recall,7,0.0,7.0,0.0,,,MEDTRONIC PLC,3845.0,A,1613103.0
7228,2015,adverse_event,145155,,,,5017.0,140138.0,MEDTRONIC PLC,3845.0,A,1613103.0
7228,2015,recall,7,1.0,6.0,0.0,,,MEDTRONIC PLC,3845.0,A,1613103.0
7228,2016,adverse_event,130838,,,,3304.0,127534.0,MEDTRONIC PLC,3845.0,A,1613103.0
7228,2016,recall,10,1.0,9.0,0.0,,,MEDTRONIC PLC,3845.0,A,1613103.0
7228,2017,adverse_event,165503,,,,2757.0,162746.0,MEDTRONIC PLC,3845.0,A,1613103.0
7228,2017,recall,13,9.0,4.0,0.0,,,MEDTRONIC PLC,3845.0,A,1613103.0
7228,2018,adverse_event,186188,,,,2696.0,183492.0,MEDTRONIC PLC,3845.0,A,1613103.0
7228,2018,recall,13,0.0,13.0,0.0,,,MEDTRONIC PLC,3845.0,A,1613103.0
7228,2018,warning_letter,1,,,,,,MEDTRONIC PLC,3845.0,A,1613103.0
7228,2019,adverse_event,222478,,,,2654.0,219824.0,MEDTRONIC PLC,3845.0,A,1613103.0
7228,2019,recall,21,7.0,13.0,1.0,,,MEDTRONIC PLC,3845.0,A,1613103.0
7228,2020,adverse_event,218734,,,,3777.0,214957.0,MEDTRONIC PLC,3845.0,A,1613103.0
7228,2020,recall,17,0.0,17.0,0.0,,,MEDTRONIC PLC,3845.0,A,1613103.0
7228,2021,adverse_event,185341,,,,5223.0,180118.0,MEDTRONIC PLC,3845.0,A,1613103.0
7228,2021,recall,18,2.0,15.0,1.0,,,MEDTRONIC PLC,3845.0,A,1613103.0
7228,2022,adverse_event,309881,,,,4324.0,305557.0,MEDTRONIC PLC,3845.0,A,1613103.0
7228,2022,recall,16,9.0,7.0,0.0,,,MEDTRONIC PLC,3845.0,A,1613103.0
7228,2023,adverse_event,233968,,,,14182.0,219786.0,MEDTRONIC PLC,3845.0,A,1613103.0
7228,2023,recall,126,120.0,6.0,0.0,,,MEDTRONIC PLC,3845.0,A,1613103.0
7228,2024,adverse_event,225670,,,,6664.0,219006.0,MEDTRONIC PLC,3845.0,A,1613103.0
7228,2024,recall,25,0.0,25.0,0.0,,,MEDTRONIC PLC,3845.0,A,1613103.0
7228,2025,adverse_event,261160,,,,15396.0,245764.0,MEDTRONIC PLC,3845.0,A,1613103.0
7228,2025,recall,7,0.0,7.0,0.0,,,MEDTRONIC PLC,3845.0,A,1613103.0
7241,2003,recall,1,0.0,0.0,0.0,,,CVS HEALTH CORP,8000.0,A,64803.0
7241,2020,adverse_event,2,,,,0.0,2.0,CVS HEALTH CORP,8000.0,A,64803.0
7241,2024,adverse_event,2,,,,0.0,2.0,CVS HEALTH CORP,8000.0,A,64803.0
7250,1992,adverse_event,13,,,,13.0,0.0,MENTOR CORP,3842.0,I,64892.0
7250,1993,adverse_event,32,,,,32.0,0.0,MENTOR CORP,3842.0,I,64892.0
7250,1994,adverse_event,179,,,,166.0,13.0,MENTOR CORP,3842.0,I,64892.0
7250,1995,adverse_event,138,,,,124.0,14.0,MENTOR CORP,3842.0,I,64892.0
7250,1996,adverse_event,438,,,,85.0,353.0,MENTOR CORP,3842.0,I,64892.0
7250,1997,adverse_event,932,,,,53.0,879.0,MENTOR CORP,3842.0,I,64892.0
7250,1998,adverse_event,507,,,,342.0,165.0,MENTOR CORP,3842.0,I,64892.0
7250,1999,adverse_event,355,,,,278.0,77.0,MENTOR CORP,3842.0,I,64892.0
7250,2000,adverse_event,406,,,,66.0,340.0,MENTOR CORP,3842.0,I,64892.0
7250,2001,adverse_event,655,,,,82.0,573.0,MENTOR CORP,3842.0,I,64892.0
7250,2002,adverse_event,576,,,,200.0,376.0,MENTOR CORP,3842.0,I,64892.0
7250,2003,adverse_event,772,,,,196.0,576.0,MENTOR CORP,3842.0,I,64892.0
7250,2004,adverse_event,642,,,,65.0,577.0,MENTOR CORP,3842.0,I,64892.0
7250,2005,adverse_event,659,,,,95.0,564.0,MENTOR CORP,3842.0,I,64892.0
7250,2006,adverse_event,365,,,,80.0,285.0,MENTOR CORP,3842.0,I,64892.0
7250,2007,adverse_event,103,,,,90.0,13.0,MENTOR CORP,3842.0,I,64892.0
7257,2011,adverse_event,1,,,,1.0,0.0,MERCK & CO INC,2834.0,A,310158.0
7257,2018,adverse_event,1,,,,0.0,1.0,MERCK & CO INC,2834.0,A,310158.0
7435,1992,adverse_event,8,,,,8.0,0.0,3M CO,9997.0,A,66740.0
7435,1993,adverse_event,6,,,,6.0,0.0,3M CO,9997.0,A,66740.0
7435,1994,adverse_event,23,,,,23.0,0.0,3M CO,9997.0,A,66740.0
7435,1995,adverse_event,11,,,,11.0,0.0,3M CO,9997.0,A,66740.0
7435,1996,adverse_event,14,,,,14.0,0.0,3M CO,9997.0,A,66740.0
7435,1997,adverse_event,15,,,,15.0,0.0,3M CO,9997.0,A,66740.0
7435,1998,adverse_event,18,,,,18.0,0.0,3M CO,9997.0,A,66740.0
7435,1999,adverse_event,13,,,,13.0,0.0,3M CO,9997.0,A,66740.0
7435,2000,adverse_event,9,,,,9.0,0.0,3M CO,9997.0,A,66740.0
7435,2001,adverse_event,5,,,,5.0,0.0,3M CO,9997.0,A,66740.0
7435,2002,adverse_event,2,,,,2.0,0.0,3M CO,9997.0,A,66740.0
7435,2003,adverse_event,8,,,,8.0,0.0,3M CO,9997.0,A,66740.0
7435,2004,adverse_event,9,,,,9.0,0.0,3M CO,9997.0,A,66740.0
7435,2005,adverse_event,16,,,,16.0,0.0,3M CO,9997.0,A,66740.0
7435,2005,recall,1,0.0,0.0,0.0,,,3M CO,9997.0,A,66740.0
7435,2006,adverse_event,16,,,,16.0,0.0,3M CO,9997.0,A,66740.0
7435,2007,adverse_event,6,,,,6.0,0.0,3M CO,9997.0,A,66740.0
7435,2007,recall,2,0.0,0.0,0.0,,,3M CO,9997.0,A,66740.0
7435,2008,adverse_event,2,,,,2.0,0.0,3M CO,9997.0,A,66740.0
7435,2009,adverse_event,12,,,,12.0,0.0,3M CO,9997.0,A,66740.0
7435,2009,recall,4,0.0,0.0,0.0,,,3M CO,9997.0,A,66740.0
7435,2010,adverse_event,18,,,,18.0,0.0,3M CO,9997.0,A,66740.0
7435,2010,warning_letter,1,,,,,,3M CO,9997.0,A,66740.0
7435,2011,adverse_event,15,,,,15.0,0.0,3M CO,9997.0,A,66740.0
7435,2012,adverse_event,17,,,,17.0,0.0,3M CO,9997.0,A,66740.0
7435,2013,adverse_event,14,,,,14.0,0.0,3M CO,9997.0,A,66740.0
7435,2014,adverse_event,17,,,,17.0,0.0,3M CO,9997.0,A,66740.0
7435,2015,adverse_event,15,,,,15.0,0.0,3M CO,9997.0,A,66740.0
7435,2016,adverse_event,359,,,,359.0,0.0,3M CO,9997.0,A,66740.0
7435,2017,adverse_event,97,,,,97.0,0.0,3M CO,9997.0,A,66740.0
7435,2018,adverse_event,28,,,,28.0,0.0,3M CO,9997.0,A,66740.0
7435,2019,adverse_event,32,,,,32.0,0.0,3M CO,9997.0,A,66740.0
7435,2020,adverse_event,45,,,,45.0,0.0,3M CO,9997.0,A,66740.0
7435,2021,adverse_event,56,,,,56.0,0.0,3M CO,9997.0,A,66740.0
7435,2022,adverse_event,34,,,,34.0,0.0,3M CO,9997.0,A,66740.0
7435,2023,adverse_event,72,,,,72.0,0.0,3M CO,9997.0,A,66740.0
7435,2024,adverse_event,117,,,,117.0,0.0,3M CO,9997.0,A,66740.0
7435,2025,adverse_event,176,,,,176.0,0.0,3M CO,9997.0,A,66740.0
7435,2025,recall,2,1.0,1.0,0.0,,,3M CO,9997.0,A,66740.0
7549,2010,adverse_event,46,,,,46.0,0.0,MOOG INC  -CL A,3728.0,A,67887.0
7549,2011,adverse_event,7,,,,7.0,0.0,MOOG INC  -CL A,3728.0,A,67887.0
7549,2011,warning_letter,1,,,,,,MOOG INC  -CL A,3728.0,A,67887.0
7549,2012,adverse_event,7,,,,7.0,0.0,MOOG INC  -CL A,3728.0,A,67887.0
7549,2013,adverse_event,3,,,,3.0,0.0,MOOG INC  -CL A,3728.0,A,67887.0
7549,2014,adverse_event,2,,,,2.0,0.0,MOOG INC  -CL A,3728.0,A,67887.0
7549,2015,adverse_event,12,,,,12.0,0.0,MOOG INC  -CL A,3728.0,A,67887.0
7549,2016,adverse_event,10,,,,10.0,0.0,MOOG INC  -CL A,3728.0,A,67887.0
7549,2017,adverse_event,8,,,,8.0,0.0,MOOG INC  -CL A,3728.0,A,67887.0
7549,2018,adverse_event,5,,,,5.0,0.0,MOOG INC  -CL A,3728.0,A,67887.0
7549,2019,adverse_event,7,,,,7.0,0.0,MOOG INC  -CL A,3728.0,A,67887.0
7549,2020,adverse_event,6,,,,6.0,0.0,MOOG INC  -CL A,3728.0,A,67887.0
7549,2021,adverse_event,1,,,,1.0,0.0,MOOG INC  -CL A,3728.0,A,67887.0
7549,2022,adverse_event,10,,,,10.0,0.0,MOOG INC  -CL A,3728.0,A,67887.0
7549,2024,adverse_event,4,,,,4.0,0.0,MOOG INC  -CL A,3728.0,A,67887.0
7549,2025,adverse_event,3,,,,3.0,0.0,MOOG INC  -CL A,3728.0,A,67887.0
7637,2016,adverse_event,1,,,,1.0,0.0,VIATRIS INC,2834.0,A,1792044.0
7637,2018,adverse_event,12,,,,12.0,0.0,VIATRIS INC,2834.0,A,1792044.0
7637,2019,adverse_event,37,,,,37.0,0.0,VIATRIS INC,2834.0,A,1792044.0
7637,2020,adverse_event,41,,,,41.0,0.0,VIATRIS INC,2834.0,A,1792044.0
7637,2021,adverse_event,22,,,,21.0,1.0,VIATRIS INC,2834.0,A,1792044.0
7637,2022,adverse_event,11,,,,11.0,0.0,VIATRIS INC,2834.0,A,1792044.0
7637,2023,adverse_event,12,,,,12.0,0.0,VIATRIS INC,2834.0,A,1792044.0
7637,2024,adverse_event,7,,,,7.0,0.0,VIATRIS INC,2834.0,A,1792044.0
7637,2025,adverse_event,8,,,,8.0,0.0,VIATRIS INC,2834.0,A,1792044.0
8020,1993,adverse_event,1,,,,1.0,0.0,NOVO NORDISK A/S,2834.0,A,353278.0
8020,1996,adverse_event,6,,,,5.0,1.0,NOVO NORDISK A/S,2834.0,A,353278.0
8020,1997,adverse_event,12,,,,9.0,3.0,NOVO NORDISK A/S,2834.0,A,353278.0
8020,1998,adverse_event,50,,,,49.0,1.0,NOVO NORDISK A/S,2834.0,A,353278.0
8020,1999,adverse_event,47,,,,45.0,2.0,NOVO NORDISK A/S,2834.0,A,353278.0
8020,2000,adverse_event,21,,,,14.0,7.0,NOVO NORDISK A/S,2834.0,A,353278.0
8020,2001,adverse_event,48,,,,22.0,26.0,NOVO NORDISK A/S,2834.0,A,353278.0
8020,2002,adverse_event,70,,,,0.0,70.0,NOVO NORDISK A/S,2834.0,A,353278.0
8020,2003,adverse_event,76,,,,0.0,76.0,NOVO NORDISK A/S,2834.0,A,353278.0
8020,2004,adverse_event,75,,,,0.0,75.0,NOVO NORDISK A/S,2834.0,A,353278.0
8020,2005,adverse_event,66,,,,0.0,66.0,NOVO NORDISK A/S,2834.0,A,353278.0
8020,2006,adverse_event,93,,,,2.0,91.0,NOVO NORDISK A/S,2834.0,A,353278.0
8020,2007,adverse_event,62,,,,4.0,58.0,NOVO NORDISK A/S,2834.0,A,353278.0
8020,2008,adverse_event,54,,,,3.0,51.0,NOVO NORDISK A/S,2834.0,A,353278.0
8020,2009,adverse_event,57,,,,2.0,55.0,NOVO NORDISK A/S,2834.0,A,353278.0
8020,2010,adverse_event,62,,,,11.0,51.0,NOVO NORDISK A/S,2834.0,A,353278.0
8020,2011,adverse_event,55,,,,8.0,47.0,NOVO NORDISK A/S,2834.0,A,353278.0
8020,2012,adverse_event,34,,,,5.0,29.0,NOVO NORDISK A/S,2834.0,A,353278.0
8020,2013,adverse_event,56,,,,41.0,15.0,NOVO NORDISK A/S,2834.0,A,353278.0
8020,2014,adverse_event,53,,,,25.0,28.0,NOVO NORDISK A/S,2834.0,A,353278.0
8020,2015,adverse_event,52,,,,29.0,23.0,NOVO NORDISK A/S,2834.0,A,353278.0
8020,2016,adverse_event,49,,,,29.0,20.0,NOVO NORDISK A/S,2834.0,A,353278.0
8020,2017,adverse_event,80,,,,22.0,58.0,NOVO NORDISK A/S,2834.0,A,353278.0
8020,2017,recall,1,0.0,1.0,0.0,,,NOVO NORDISK A/S,2834.0,A,353278.0
8020,2018,adverse_event,104,,,,25.0,79.0,NOVO NORDISK A/S,2834.0,A,353278.0
8020,2019,adverse_event,99,,,,29.0,70.0,NOVO NORDISK A/S,2834.0,A,353278.0
8020,2020,adverse_event,80,,,,25.0,55.0,NOVO NORDISK A/S,2834.0,A,353278.0
8020,2021,adverse_event,98,,,,26.0,72.0,NOVO NORDISK A/S,2834.0,A,353278.0
8020,2022,adverse_event,116,,,,48.0,68.0,NOVO NORDISK A/S,2834.0,A,353278.0
8020,2023,adverse_event,194,,,,76.0,118.0,NOVO NORDISK A/S,2834.0,A,353278.0
8020,2024,adverse_event,211,,,,119.0,92.0,NOVO NORDISK A/S,2834.0,A,353278.0
8020,2025,adverse_event,240,,,,117.0,123.0,NOVO NORDISK A/S,2834.0,A,353278.0
8530,1992,adverse_event,4,,,,0.0,4.0,PFIZER INC,2834.0,A,78003.0
8530,1993,adverse_event,3,,,,0.0,3.0,PFIZER INC,2834.0,A,78003.0
8530,1994,adverse_event,4,,,,0.0,4.0,PFIZER INC,2834.0,A,78003.0
8530,1995,adverse_event,4,,,,0.0,4.0,PFIZER INC,2834.0,A,78003.0
8530,1996,adverse_event,4,,,,0.0,4.0,PFIZER INC,2834.0,A,78003.0
8530,1997,adverse_event,16,,,,0.0,16.0,PFIZER INC,2834.0,A,78003.0
8530,1998,adverse_event,4,,,,0.0,4.0,PFIZER INC,2834.0,A,78003.0
8530,1999,adverse_event,8,,,,2.0,6.0,PFIZER INC,2834.0,A,78003.0
8530,2000,adverse_event,5,,,,1.0,4.0,PFIZER INC,2834.0,A,78003.0
8530,2001,adverse_event,5,,,,0.0,5.0,PFIZER INC,2834.0,A,78003.0
8530,2002,adverse_event,3,,,,2.0,1.0,PFIZER INC,2834.0,A,78003.0
8530,2003,adverse_event,3,,,,3.0,0.0,PFIZER INC,2834.0,A,78003.0
8530,2004,adverse_event,7,,,,4.0,3.0,PFIZER INC,2834.0,A,78003.0
8530,2005,adverse_event,31,,,,30.0,1.0,PFIZER INC,2834.0,A,78003.0
8530,2006,adverse_event,14,,,,14.0,0.0,PFIZER INC,2834.0,A,78003.0
8530,2007,adverse_event,6,,,,6.0,0.0,PFIZER INC,2834.0,A,78003.0
8530,2008,adverse_event,3,,,,3.0,0.0,PFIZER INC,2834.0,A,78003.0
8530,2009,adverse_event,11,,,,0.0,11.0,PFIZER INC,2834.0,A,78003.0
8530,2010,adverse_event,1,,,,0.0,1.0,PFIZER INC,2834.0,A,78003.0
8530,2011,adverse_event,25,,,,6.0,19.0,PFIZER INC,2834.0,A,78003.0
8530,2012,adverse_event,31,,,,4.0,27.0,PFIZER INC,2834.0,A,78003.0
8530,2013,adverse_event,12,,,,3.0,9.0,PFIZER INC,2834.0,A,78003.0
8530,2014,adverse_event,11,,,,3.0,8.0,PFIZER INC,2834.0,A,78003.0
8530,2015,adverse_event,165,,,,5.0,160.0,PFIZER INC,2834.0,A,78003.0
8530,2016,adverse_event,186,,,,4.0,182.0,PFIZER INC,2834.0,A,78003.0
8530,2017,adverse_event,201,,,,5.0,196.0,PFIZER INC,2834.0,A,78003.0
8530,2018,adverse_event,233,,,,10.0,223.0,PFIZER INC,2834.0,A,78003.0
8530,2018,recall,3,0.0,3.0,0.0,,,PFIZER INC,2834.0,A,78003.0
8530,2019,adverse_event,631,,,,1.0,630.0,PFIZER INC,2834.0,A,78003.0
8530,2020,adverse_event,278,,,,21.0,257.0,PFIZER INC,2834.0,A,78003.0
8530,2021,adverse_event,77,,,,17.0,60.0,PFIZER INC,2834.0,A,78003.0
8530,2022,adverse_event,9,,,,3.0,6.0,PFIZER INC,2834.0,A,78003.0
8530,2023,adverse_event,306,,,,167.0,139.0,PFIZER INC,2834.0,A,78003.0
8530,2024,adverse_event,103,,,,80.0,23.0,PFIZER INC,2834.0,A,78003.0
8530,2025,adverse_event,49,,,,33.0,16.0,PFIZER INC,2834.0,A,78003.0
8594,1998,adverse_event,1,,,,0.0,1.0,PIONEER CORP,3651.0,I,78706.0
8594,1999,adverse_event,1,,,,1.0,0.0,PIONEER CORP,3651.0,I,78706.0
8594,2000,adverse_event,2,,,,2.0,0.0,PIONEER CORP,3651.0,I,78706.0
8594,2001,adverse_event,4,,,,3.0,1.0,PIONEER CORP,3651.0,I,78706.0
8594,2002,adverse_event,5,,,,4.0,1.0,PIONEER CORP,3651.0,I,78706.0
8594,2003,recall,1,0.0,0.0,0.0,,,PIONEER CORP,3651.0,I,78706.0
8594,2004,adverse_event,9,,,,1.0,8.0,PIONEER CORP,3651.0,I,78706.0
8594,2004,recall,1,0.0,0.0,0.0,,,PIONEER CORP,3651.0,I,78706.0
8762,1998,adverse_event,2,,,,1.0,1.0,PROCTER & GAMBLE CO,2840.0,A,80424.0
8762,1999,adverse_event,2,,,,2.0,0.0,PROCTER & GAMBLE CO,2840.0,A,80424.0
8762,2000,adverse_event,2,,,,1.0,1.0,PROCTER & GAMBLE CO,2840.0,A,80424.0
8762,2001,adverse_event,2,,,,2.0,0.0,PROCTER & GAMBLE CO,2840.0,A,80424.0
8762,2002,adverse_event,10,,,,6.0,4.0,PROCTER & GAMBLE CO,2840.0,A,80424.0
8762,2003,adverse_event,8,,,,6.0,2.0,PROCTER & GAMBLE CO,2840.0,A,80424.0
8762,2004,adverse_event,6,,,,4.0,2.0,PROCTER & GAMBLE CO,2840.0,A,80424.0
8762,2005,adverse_event,16,,,,7.0,9.0,PROCTER & GAMBLE CO,2840.0,A,80424.0
8762,2006,adverse_event,9,,,,4.0,5.0,PROCTER & GAMBLE CO,2840.0,A,80424.0
8762,2007,adverse_event,11,,,,7.0,4.0,PROCTER & GAMBLE CO,2840.0,A,80424.0
8762,2008,adverse_event,8,,,,4.0,4.0,PROCTER & GAMBLE CO,2840.0,A,80424.0
8762,2009,adverse_event,147,,,,137.0,10.0,PROCTER & GAMBLE CO,2840.0,A,80424.0
8762,2010,adverse_event,162,,,,28.0,134.0,PROCTER & GAMBLE CO,2840.0,A,80424.0
8762,2011,adverse_event,183,,,,25.0,158.0,PROCTER & GAMBLE CO,2840.0,A,80424.0
8762,2012,adverse_event,90,,,,4.0,86.0,PROCTER & GAMBLE CO,2840.0,A,80424.0
8762,2013,adverse_event,25,,,,1.0,24.0,PROCTER & GAMBLE CO,2840.0,A,80424.0
8762,2014,adverse_event,11,,,,5.0,6.0,PROCTER & GAMBLE CO,2840.0,A,80424.0
8762,2015,adverse_event,18,,,,3.0,15.0,PROCTER & GAMBLE CO,2840.0,A,80424.0
8762,2016,adverse_event,11,,,,1.0,10.0,PROCTER & GAMBLE CO,2840.0,A,80424.0
8762,2017,adverse_event,7,,,,5.0,2.0,PROCTER & GAMBLE CO,2840.0,A,80424.0
8762,2018,adverse_event,7,,,,3.0,4.0,PROCTER & GAMBLE CO,2840.0,A,80424.0
8762,2019,adverse_event,9,,,,3.0,6.0,PROCTER & GAMBLE CO,2840.0,A,80424.0
8762,2020,adverse_event,7,,,,5.0,2.0,PROCTER & GAMBLE CO,2840.0,A,80424.0
8762,2021,adverse_event,8,,,,6.0,2.0,PROCTER & GAMBLE CO,2840.0,A,80424.0
8762,2022,adverse_event,4,,,,3.0,1.0,PROCTER & GAMBLE CO,2840.0,A,80424.0
8762,2023,adverse_event,10,,,,3.0,7.0,PROCTER & GAMBLE CO,2840.0,A,80424.0
8762,2024,adverse_event,5,,,,4.0,1.0,PROCTER & GAMBLE CO,2840.0,A,80424.0
8762,2025,adverse_event,8,,,,6.0,2.0,PROCTER & GAMBLE CO,2840.0,A,80424.0
9155,2004,adverse_event,1,,,,1.0,0.0,RITE AID CORP,5912.0,I,84129.0
9155,2007,adverse_event,1,,,,1.0,0.0,RITE AID CORP,5912.0,I,84129.0
9155,2008,adverse_event,2,,,,1.0,1.0,RITE AID CORP,5912.0,I,84129.0
9155,2009,adverse_event,1,,,,1.0,0.0,RITE AID CORP,5912.0,I,84129.0
9155,2012,adverse_event,1,,,,0.0,1.0,RITE AID CORP,5912.0,I,84129.0
9155,2013,adverse_event,1,,,,1.0,0.0,RITE AID CORP,5912.0,I,84129.0
9155,2014,adverse_event,2,,,,2.0,0.0,RITE AID CORP,5912.0,I,84129.0
9155,2015,adverse_event,1,,,,1.0,0.0,RITE AID CORP,5912.0,I,84129.0
9155,2016,adverse_event,1,,,,1.0,0.0,RITE AID CORP,5912.0,I,84129.0
9372,1992,adverse_event,9,,,,5.0,4.0,ST JUDE MEDICAL INC,3845.0,I,203077.0
9372,1993,adverse_event,9,,,,8.0,1.0,ST JUDE MEDICAL INC,3845.0,I,203077.0
9372,1994,adverse_event,33,,,,31.0,2.0,ST JUDE MEDICAL INC,3845.0,I,203077.0
9372,1995,adverse_event,43,,,,41.0,2.0,ST JUDE MEDICAL INC,3845.0,I,203077.0
9372,1996,adverse_event,60,,,,59.0,1.0,ST JUDE MEDICAL INC,3845.0,I,203077.0
9372,1997,adverse_event,64,,,,12.0,52.0,ST JUDE MEDICAL INC,3845.0,I,203077.0
9372,1998,adverse_event,651,,,,22.0,629.0,ST JUDE MEDICAL INC,3845.0,I,203077.0
9372,1999,adverse_event,1095,,,,23.0,1072.0,ST JUDE MEDICAL INC,3845.0,I,203077.0
9372,2000,adverse_event,2246,,,,329.0,1917.0,ST JUDE MEDICAL INC,3845.0,I,203077.0
9372,2001,adverse_event,1950,,,,405.0,1545.0,ST JUDE MEDICAL INC,3845.0,I,203077.0
9372,2002,adverse_event,1554,,,,179.0,1375.0,ST JUDE MEDICAL INC,3845.0,I,203077.0
9372,2003,adverse_event,1676,,,,298.0,1378.0,ST JUDE MEDICAL INC,3845.0,I,203077.0
9372,2004,adverse_event,1514,,,,134.0,1380.0,ST JUDE MEDICAL INC,3845.0,I,203077.0
9372,2004,recall,2,0.0,0.0,0.0,,,ST JUDE MEDICAL INC,3845.0,I,203077.0
9372,2005,adverse_event,1079,,,,288.0,791.0,ST JUDE MEDICAL INC,3845.0,I,203077.0
9372,2005,recall,2,0.0,0.0,0.0,,,ST JUDE MEDICAL INC,3845.0,I,203077.0
9372,2006,adverse_event,3072,,,,406.0,2666.0,ST JUDE MEDICAL INC,3845.0,I,203077.0
9372,2006,recall,3,0.0,0.0,0.0,,,ST JUDE MEDICAL INC,3845.0,I,203077.0
9372,2007,adverse_event,3679,,,,513.0,3166.0,ST JUDE MEDICAL INC,3845.0,I,203077.0
9372,2008,adverse_event,4468,,,,522.0,3946.0,ST JUDE MEDICAL INC,3845.0,I,203077.0
9372,2008,recall,2,0.0,0.0,0.0,,,ST JUDE MEDICAL INC,3845.0,I,203077.0
9372,2009,adverse_event,4648,,,,403.0,4245.0,ST JUDE MEDICAL INC,3845.0,I,203077.0
9372,2009,recall,6,0.0,0.0,0.0,,,ST JUDE MEDICAL INC,3845.0,I,203077.0
9372,2009,warning_letter,1,,,,,,ST JUDE MEDICAL INC,3845.0,I,203077.0
9372,2010,adverse_event,7433,,,,399.0,7034.0,ST JUDE MEDICAL INC,3845.0,I,203077.0
9372,2010,recall,5,0.0,0.0,0.0,,,ST JUDE MEDICAL INC,3845.0,I,203077.0
9372,2011,adverse_event,15087,,,,336.0,14751.0,ST JUDE MEDICAL INC,3845.0,I,203077.0
9372,2011,recall,2,0.0,0.0,0.0,,,ST JUDE MEDICAL INC,3845.0,I,203077.0
9372,2012,adverse_event,23333,,,,322.0,23011.0,ST JUDE MEDICAL INC,3845.0,I,203077.0
9372,2012,recall,6,0.0,4.0,1.0,,,ST JUDE MEDICAL INC,3845.0,I,203077.0
9372,2012,warning_letter,1,,,,,,ST JUDE MEDICAL INC,3845.0,I,203077.0
9372,2013,adverse_event,36401,,,,318.0,36083.0,ST JUDE MEDICAL INC,3845.0,I,203077.0
9372,2013,recall,3,1.0,2.0,0.0,,,ST JUDE MEDICAL INC,3845.0,I,203077.0
9372,2014,adverse_event,50143,,,,332.0,49811.0,ST JUDE MEDICAL INC,3845.0,I,203077.0
9372,2014,recall,2,0.0,2.0,0.0,,,ST JUDE MEDICAL INC,3845.0,I,203077.0
9372,2015,adverse_event,34539,,,,492.0,34047.0,ST JUDE MEDICAL INC,3845.0,I,203077.0
9372,2015,warning_letter,1,,,,,,ST JUDE MEDICAL INC,3845.0,I,203077.0
9969,1992,adverse_event,2,,,,2.0,0.0,STAAR SURGICAL CO,3851.0,A,718937.0
9969,1995,adverse_event,1,,,,1.0,0.0,STAAR SURGICAL CO,3851.0,A,718937.0
9969,1996,adverse_event,18,,,,18.0,0.0,STAAR SURGICAL CO,3851.0,A,718937.0
9969,1997,adverse_event,40,,,,40.0,0.0,STAAR SURGICAL CO,3851.0,A,718937.0
9969,1998,adverse_event,29,,,,29.0,0.0,STAAR SURGICAL CO,3851.0,A,718937.0
9969,1999,adverse_event,32,,,,32.0,0.0,STAAR SURGICAL CO,3851.0,A,718937.0
9969,2000,adverse_event,47,,,,46.0,1.0,STAAR SURGICAL CO,3851.0,A,718937.0
9969,2001,adverse_event,192,,,,190.0,2.0,STAAR SURGICAL CO,3851.0,A,718937.0
9969,2002,adverse_event,134,,,,134.0,0.0,STAAR SURGICAL CO,3851.0,A,718937.0
9969,2003,adverse_event,84,,,,84.0,0.0,STAAR SURGICAL CO,3851.0,A,718937.0
9969,2004,adverse_event,2040,,,,2037.0,3.0,STAAR SURGICAL CO,3851.0,A,718937.0
9969,2004,recall,5,0.0,0.0,0.0,,,STAAR SURGICAL CO,3851.0,A,718937.0
9969,2005,adverse_event,1768,,,,1765.0,3.0,STAAR SURGICAL CO,3851.0,A,718937.0
9969,2005,recall,2,0.0,0.0,0.0,,,STAAR SURGICAL CO,3851.0,A,718937.0
9969,2006,adverse_event,1966,,,,1966.0,0.0,STAAR SURGICAL CO,3851.0,A,718937.0
9969,2007,adverse_event,2204,,,,2204.0,0.0,STAAR SURGICAL CO,3851.0,A,718937.0
9969,2008,adverse_event,1540,,,,1539.0,1.0,STAAR SURGICAL CO,3851.0,A,718937.0
9969,2009,adverse_event,1413,,,,1410.0,3.0,STAAR SURGICAL CO,3851.0,A,718937.0
9969,2010,adverse_event,1289,,,,1289.0,0.0,STAAR SURGICAL CO,3851.0,A,718937.0
9969,2011,adverse_event,1092,,,,1092.0,0.0,STAAR SURGICAL CO,3851.0,A,718937.0
9969,2011,recall,1,0.0,0.0,0.0,,,STAAR SURGICAL CO,3851.0,A,718937.0
9969,2012,adverse_event,1014,,,,1011.0,3.0,STAAR SURGICAL CO,3851.0,A,718937.0
9969,2013,adverse_event,1105,,,,1105.0,0.0,STAAR SURGICAL CO,3851.0,A,718937.0
9969,2013,recall,2,0.0,2.0,0.0,,,STAAR SURGICAL CO,3851.0,A,718937.0
9969,2014,adverse_event,1166,,,,1166.0,0.0,STAAR SURGICAL CO,3851.0,A,718937.0
9969,2014,warning_letter,1,,,,,,STAAR SURGICAL CO,3851.0,A,718937.0
9969,2015,adverse_event,1714,,,,1714.0,0.0,STAAR SURGICAL CO,3851.0,A,718937.0
9969,2016,adverse_event,1797,,,,1797.0,0.0,STAAR SURGICAL CO,3851.0,A,718937.0
9969,2016,recall,1,0.0,1.0,0.0,,,STAAR SURGICAL CO,3851.0,A,718937.0
9969,2017,adverse_event,2018,,,,2018.0,0.0,STAAR SURGICAL CO,3851.0,A,718937.0
9969,2018,adverse_event,1891,,,,1891.0,0.0,STAAR SURGICAL CO,3851.0,A,718937.0
9969,2019,adverse_event,2496,,,,2496.0,0.0,STAAR SURGICAL CO,3851.0,A,718937.0
9969,2020,adverse_event,3187,,,,3186.0,1.0,STAAR SURGICAL CO,3851.0,A,718937.0
9969,2021,adverse_event,4955,,,,4955.0,0.0,STAAR SURGICAL CO,3851.0,A,718937.0
9969,2022,adverse_event,4721,,,,4721.0,0.0,STAAR SURGICAL CO,3851.0,A,718937.0
9969,2023,adverse_event,5789,,,,5789.0,0.0,STAAR SURGICAL CO,3851.0,A,718937.0
9969,2023,recall,11,0.0,11.0,0.0,,,STAAR SURGICAL CO,3851.0,A,718937.0
9969,2024,adverse_event,5760,,,,5758.0,2.0,STAAR SURGICAL CO,3851.0,A,718937.0
9969,2025,adverse_event,2052,,,,2052.0,0.0,STAAR SURGICAL CO,3851.0,A,718937.0
10115,1992,adverse_event,18,,,,10.0,8.0,STRYKER CORP,3841.0,A,310764.0
10115,1993,adverse_event,9,,,,3.0,6.0,STRYKER CORP,3841.0,A,310764.0
10115,1994,adverse_event,35,,,,15.0,20.0,STRYKER CORP,3841.0,A,310764.0
10115,1995,adverse_event,30,,,,16.0,14.0,STRYKER CORP,3841.0,A,310764.0
10115,1996,adverse_event,54,,,,14.0,40.0,STRYKER CORP,3841.0,A,310764.0
10115,1997,adverse_event,267,,,,13.0,254.0,STRYKER CORP,3841.0,A,310764.0
10115,1998,adverse_event,258,,,,7.0,251.0,STRYKER CORP,3841.0,A,310764.0
10115,1999,adverse_event,186,,,,1.0,185.0,STRYKER CORP,3841.0,A,310764.0
10115,2000,adverse_event,262,,,,5.0,257.0,STRYKER CORP,3841.0,A,310764.0
10115,2001,adverse_event,392,,,,10.0,382.0,STRYKER CORP,3841.0,A,310764.0
10115,2002,adverse_event,569,,,,7.0,562.0,STRYKER CORP,3841.0,A,310764.0
10115,2002,recall,1,0.0,0.0,0.0,,,STRYKER CORP,3841.0,A,310764.0
10115,2003,adverse_event,565,,,,13.0,552.0,STRYKER CORP,3841.0,A,310764.0
10115,2003,recall,2,0.0,0.0,0.0,,,STRYKER CORP,3841.0,A,310764.0
10115,2004,adverse_event,638,,,,12.0,626.0,STRYKER CORP,3841.0,A,310764.0
10115,2004,recall,4,0.0,0.0,0.0,,,STRYKER CORP,3841.0,A,310764.0
10115,2005,adverse_event,941,,,,20.0,921.0,STRYKER CORP,3841.0,A,310764.0
10115,2005,recall,3,0.0,0.0,0.0,,,STRYKER CORP,3841.0,A,310764.0
10115,2006,adverse_event,1069,,,,24.0,1045.0,STRYKER CORP,3841.0,A,310764.0
10115,2006,recall,13,0.0,0.0,0.0,,,STRYKER CORP,3841.0,A,310764.0
10115,2007,adverse_event,1325,,,,20.0,1305.0,STRYKER CORP,3841.0,A,310764.0
10115,2008,adverse_event,2849,,,,41.0,2808.0,STRYKER CORP,3841.0,A,310764.0
10115,2008,recall,73,0.0,0.0,0.0,,,STRYKER CORP,3841.0,A,310764.0
10115,2009,adverse_event,7778,,,,102.0,7676.0,STRYKER CORP,3841.0,A,310764.0
10115,2009,recall,146,0.0,0.0,0.0,,,STRYKER CORP,3841.0,A,310764.0
10115,2010,adverse_event,15497,,,,71.0,15426.0,STRYKER CORP,3841.0,A,310764.0
10115,2010,recall,81,0.0,0.0,0.0,,,STRYKER CORP,3841.0,A,310764.0
10115,2011,adverse_event,26065,,,,97.0,25968.0,STRYKER CORP,3841.0,A,310764.0
10115,2011,recall,13,0.0,2.0,0.0,,,STRYKER CORP,3841.0,A,310764.0
10115,2012,adverse_event,25525,,,,106.0,25419.0,STRYKER CORP,3841.0,A,310764.0
10115,2012,recall,9,4.0,4.0,0.0,,,STRYKER CORP,3841.0,A,310764.0
10115,2013,adverse_event,25737,,,,137.0,25600.0,STRYKER CORP,3841.0,A,310764.0
10115,2013,recall,29,0.0,29.0,0.0,,,STRYKER CORP,3841.0,A,310764.0
10115,2013,warning_letter,1,,,,,,STRYKER CORP,3841.0,A,310764.0
10115,2014,adverse_event,18138,,,,153.0,17985.0,STRYKER CORP,3841.0,A,310764.0
10115,2014,recall,40,0.0,39.0,1.0,,,STRYKER CORP,3841.0,A,310764.0
10115,2015,adverse_event,15174,,,,694.0,14480.0,STRYKER CORP,3841.0,A,310764.0
10115,2015,recall,21,0.0,20.0,1.0,,,STRYKER CORP,3841.0,A,310764.0
10115,2016,adverse_event,12346,,,,701.0,11645.0,STRYKER CORP,3841.0,A,310764.0
10115,2016,recall,24,0.0,23.0,1.0,,,STRYKER CORP,3841.0,A,310764.0
10115,2017,adverse_event,11545,,,,822.0,10723.0,STRYKER CORP,3841.0,A,310764.0
10115,2017,recall,21,0.0,21.0,0.0,,,STRYKER CORP,3841.0,A,310764.0
10115,2018,adverse_event,13706,,,,1145.0,12561.0,STRYKER CORP,3841.0,A,310764.0
10115,2018,recall,13,0.0,12.0,1.0,,,STRYKER CORP,3841.0,A,310764.0
10115,2019,adverse_event,14991,,,,2569.0,12422.0,STRYKER CORP,3841.0,A,310764.0
10115,2019,recall,13,0.0,13.0,0.0,,,STRYKER CORP,3841.0,A,310764.0
10115,2020,adverse_event,13249,,,,2694.0,10555.0,STRYKER CORP,3841.0,A,310764.0
10115,2020,recall,8,0.0,8.0,0.0,,,STRYKER CORP,3841.0,A,310764.0
10115,2021,adverse_event,10828,,,,575.0,10253.0,STRYKER CORP,3841.0,A,310764.0
10115,2021,recall,1,0.0,1.0,0.0,,,STRYKER CORP,3841.0,A,310764.0
10115,2022,adverse_event,9327,,,,815.0,8512.0,STRYKER CORP,3841.0,A,310764.0
10115,2022,recall,2,0.0,2.0,0.0,,,STRYKER CORP,3841.0,A,310764.0
10115,2023,adverse_event,10164,,,,965.0,9199.0,STRYKER CORP,3841.0,A,310764.0
10115,2023,recall,44,0.0,44.0,0.0,,,STRYKER CORP,3841.0,A,310764.0
10115,2024,adverse_event,10454,,,,1742.0,8712.0,STRYKER CORP,3841.0,A,310764.0
10115,2024,recall,21,0.0,21.0,0.0,,,STRYKER CORP,3841.0,A,310764.0
10115,2025,adverse_event,10352,,,,2466.0,7886.0,STRYKER CORP,3841.0,A,310764.0
10115,2025,recall,23,0.0,23.0,0.0,,,STRYKER CORP,3841.0,A,310764.0
10550,1995,adverse_event,1,,,,0.0,1.0,THORATEC CORP,3845.0,I,350907.0
10550,1996,adverse_event,6,,,,0.0,6.0,THORATEC CORP,3845.0,I,350907.0
10550,1997,adverse_event,7,,,,1.0,6.0,THORATEC CORP,3845.0,I,350907.0
10550,1998,adverse_event,9,,,,0.0,9.0,THORATEC CORP,3845.0,I,350907.0
10550,1999,adverse_event,9,,,,0.0,9.0,THORATEC CORP,3845.0,I,350907.0
10550,2000,adverse_event,35,,,,0.0,35.0,THORATEC CORP,3845.0,I,350907.0
10550,2001,adverse_event,69,,,,60.0,9.0,THORATEC CORP,3845.0,I,350907.0
10550,2002,adverse_event,107,,,,102.0,5.0,THORATEC CORP,3845.0,I,350907.0
10550,2002,recall,1,0.0,0.0,0.0,,,THORATEC CORP,3845.0,I,350907.0
10550,2003,adverse_event,212,,,,211.0,1.0,THORATEC CORP,3845.0,I,350907.0
10550,2003,recall,1,0.0,0.0,0.0,,,THORATEC CORP,3845.0,I,350907.0
10550,2004,adverse_event,194,,,,186.0,8.0,THORATEC CORP,3845.0,I,350907.0
10550,2004,recall,2,0.0,0.0,0.0,,,THORATEC CORP,3845.0,I,350907.0
10550,2005,adverse_event,190,,,,187.0,3.0,THORATEC CORP,3845.0,I,350907.0
10550,2006,adverse_event,223,,,,220.0,3.0,THORATEC CORP,3845.0,I,350907.0
10550,2006,recall,1,0.0,0.0,0.0,,,THORATEC CORP,3845.0,I,350907.0
10550,2007,adverse_event,179,,,,177.0,2.0,THORATEC CORP,3845.0,I,350907.0
10550,2007,recall,3,0.0,0.0,0.0,,,THORATEC CORP,3845.0,I,350907.0
10550,2008,adverse_event,208,,,,205.0,3.0,THORATEC CORP,3845.0,I,350907.0
10550,2008,recall,1,0.0,0.0,0.0,,,THORATEC CORP,3845.0,I,350907.0
10550,2009,adverse_event,483,,,,482.0,1.0,THORATEC CORP,3845.0,I,350907.0
10550,2009,recall,1,0.0,0.0,0.0,,,THORATEC CORP,3845.0,I,350907.0
10550,2010,adverse_event,667,,,,667.0,0.0,THORATEC CORP,3845.0,I,350907.0
10550,2010,recall,1,0.0,0.0,0.0,,,THORATEC CORP,3845.0,I,350907.0
10550,2011,adverse_event,1080,,,,1080.0,0.0,THORATEC CORP,3845.0,I,350907.0
10550,2012,adverse_event,2050,,,,2048.0,2.0,THORATEC CORP,3845.0,I,350907.0
10550,2012,recall,1,0.0,0.0,0.0,,,THORATEC CORP,3845.0,I,350907.0
10550,2012,warning_letter,1,,,,,,THORATEC CORP,3845.0,I,350907.0
10550,2013,adverse_event,2340,,,,2323.0,17.0,THORATEC CORP,3845.0,I,350907.0
10550,2014,adverse_event,2521,,,,2495.0,26.0,THORATEC CORP,3845.0,I,350907.0
10550,2014,recall,4,4.0,0.0,0.0,,,THORATEC CORP,3845.0,I,350907.0
11115,2000,adverse_event,5,,,,3.0,2.0,VARIAN MEDICAL SYSTEMS INC,3845.0,I,203527.0
11115,2001,adverse_event,7,,,,3.0,4.0,VARIAN MEDICAL SYSTEMS INC,3845.0,I,203527.0
11115,2002,adverse_event,3,,,,3.0,0.0,VARIAN MEDICAL SYSTEMS INC,3845.0,I,203527.0
11115,2002,recall,1,0.0,0.0,0.0,,,VARIAN MEDICAL SYSTEMS INC,3845.0,I,203527.0
11115,2003,adverse_event,12,,,,11.0,1.0,VARIAN MEDICAL SYSTEMS INC,3845.0,I,203527.0
11115,2003,recall,1,0.0,0.0,0.0,,,VARIAN MEDICAL SYSTEMS INC,3845.0,I,203527.0
11115,2004,adverse_event,18,,,,16.0,2.0,VARIAN MEDICAL SYSTEMS INC,3845.0,I,203527.0
11115,2004,recall,4,0.0,0.0,0.0,,,VARIAN MEDICAL SYSTEMS INC,3845.0,I,203527.0
11115,2005,adverse_event,14,,,,14.0,0.0,VARIAN MEDICAL SYSTEMS INC,3845.0,I,203527.0
11115,2005,recall,2,0.0,0.0,0.0,,,VARIAN MEDICAL SYSTEMS INC,3845.0,I,203527.0
11115,2006,adverse_event,83,,,,77.0,6.0,VARIAN MEDICAL SYSTEMS INC,3845.0,I,203527.0
11115,2006,recall,10,0.0,0.0,0.0,,,VARIAN MEDICAL SYSTEMS INC,3845.0,I,203527.0
11115,2007,adverse_event,65,,,,63.0,2.0,VARIAN MEDICAL SYSTEMS INC,3845.0,I,203527.0
11115,2007,recall,8,0.0,0.0,0.0,,,VARIAN MEDICAL SYSTEMS INC,3845.0,I,203527.0
11115,2008,adverse_event,81,,,,80.0,1.0,VARIAN MEDICAL SYSTEMS INC,3845.0,I,203527.0
11115,2008,recall,7,0.0,0.0,0.0,,,VARIAN MEDICAL SYSTEMS INC,3845.0,I,203527.0
11115,2009,adverse_event,94,,,,92.0,2.0,VARIAN MEDICAL SYSTEMS INC,3845.0,I,203527.0
11115,2010,adverse_event,242,,,,241.0,1.0,VARIAN MEDICAL SYSTEMS INC,3845.0,I,203527.0
11115,2010,recall,5,0.0,0.0,0.0,,,VARIAN MEDICAL SYSTEMS INC,3845.0,I,203527.0
11115,2010,warning_letter,1,,,,,,VARIAN MEDICAL SYSTEMS INC,3845.0,I,203527.0
11115,2011,adverse_event,238,,,,170.0,68.0,VARIAN MEDICAL SYSTEMS INC,3845.0,I,203527.0
11115,2011,recall,1,0.0,0.0,0.0,,,VARIAN MEDICAL SYSTEMS INC,3845.0,I,203527.0
11115,2012,adverse_event,92,,,,92.0,0.0,VARIAN MEDICAL SYSTEMS INC,3845.0,I,203527.0
11115,2012,recall,8,0.0,4.0,0.0,,,VARIAN MEDICAL SYSTEMS INC,3845.0,I,203527.0
11115,2013,adverse_event,43,,,,42.0,1.0,VARIAN MEDICAL SYSTEMS INC,3845.0,I,203527.0
11115,2013,recall,4,0.0,4.0,0.0,,,VARIAN MEDICAL SYSTEMS INC,3845.0,I,203527.0
11115,2014,adverse_event,25,,,,24.0,1.0,VARIAN MEDICAL SYSTEMS INC,3845.0,I,203527.0
11115,2014,recall,4,0.0,4.0,0.0,,,VARIAN MEDICAL SYSTEMS INC,3845.0,I,203527.0
11115,2015,adverse_event,16,,,,15.0,1.0,VARIAN MEDICAL SYSTEMS INC,3845.0,I,203527.0
11115,2015,recall,3,0.0,3.0,0.0,,,VARIAN MEDICAL SYSTEMS INC,3845.0,I,203527.0
11115,2016,adverse_event,2,,,,2.0,0.0,VARIAN MEDICAL SYSTEMS INC,3845.0,I,203527.0
11115,2016,recall,5,0.0,5.0,0.0,,,VARIAN MEDICAL SYSTEMS INC,3845.0,I,203527.0
11115,2017,adverse_event,5,,,,3.0,2.0,VARIAN MEDICAL SYSTEMS INC,3845.0,I,203527.0
11115,2018,adverse_event,6,,,,6.0,0.0,VARIAN MEDICAL SYSTEMS INC,3845.0,I,203527.0
11115,2018,recall,3,0.0,3.0,0.0,,,VARIAN MEDICAL SYSTEMS INC,3845.0,I,203527.0
11115,2019,adverse_event,5,,,,4.0,1.0,VARIAN MEDICAL SYSTEMS INC,3845.0,I,203527.0
11115,2019,recall,1,0.0,1.0,0.0,,,VARIAN MEDICAL SYSTEMS INC,3845.0,I,203527.0
11115,2020,adverse_event,8,,,,7.0,1.0,VARIAN MEDICAL SYSTEMS INC,3845.0,I,203527.0
11259,2003,adverse_event,1,,,,1.0,0.0,WALMART INC,5331.0,A,104169.0
11259,2005,adverse_event,1,,,,0.0,1.0,WALMART INC,5331.0,A,104169.0
11259,2007,adverse_event,2,,,,1.0,1.0,WALMART INC,5331.0,A,104169.0
11259,2009,adverse_event,1,,,,0.0,1.0,WALMART INC,5331.0,A,104169.0
11259,2010,adverse_event,1,,,,0.0,1.0,WALMART INC,5331.0,A,104169.0
11259,2012,adverse_event,2,,,,2.0,0.0,WALMART INC,5331.0,A,104169.0
11259,2015,adverse_event,3,,,,3.0,0.0,WALMART INC,5331.0,A,104169.0
11259,2016,adverse_event,1,,,,0.0,1.0,WALMART INC,5331.0,A,104169.0
11259,2017,adverse_event,1,,,,0.0,1.0,WALMART INC,5331.0,A,104169.0
11259,2021,adverse_event,2,,,,0.0,2.0,WALMART INC,5331.0,A,104169.0
11259,2022,adverse_event,1,,,,0.0,1.0,WALMART INC,5331.0,A,104169.0
11259,2023,adverse_event,8,,,,1.0,7.0,WALMART INC,5331.0,A,104169.0
11259,2024,adverse_event,12,,,,0.0,12.0,WALMART INC,5331.0,A,104169.0
11259,2025,adverse_event,2,,,,0.0,2.0,WALMART INC,5331.0,A,104169.0
12236,2011,warning_letter,1,,,,,,MEASUREMENT SPECIALTIES INC,3829.0,I,778734.0
12950,1998,adverse_event,1,,,,0.0,1.0,AIRGAS INC,5084.0,I,804212.0
12950,2005,adverse_event,1,,,,0.0,1.0,AIRGAS INC,5084.0,I,804212.0
12950,2006,adverse_event,1,,,,0.0,1.0,AIRGAS INC,5084.0,I,804212.0
12950,2007,adverse_event,1,,,,0.0,1.0,AIRGAS INC,5084.0,I,804212.0
12950,2008,adverse_event,1,,,,0.0,1.0,AIRGAS INC,5084.0,I,804212.0
12950,2010,adverse_event,1,,,,0.0,1.0,AIRGAS INC,5084.0,I,804212.0
12950,2011,adverse_event,1,,,,0.0,1.0,AIRGAS INC,5084.0,I,804212.0
12950,2013,adverse_event,1,,,,0.0,1.0,AIRGAS INC,5084.0,I,804212.0
13332,1993,adverse_event,2,,,,2.0,0.0,CRITICARE SYSTEMS INC,3845.0,I,812121.0
13332,1994,adverse_event,2,,,,2.0,0.0,CRITICARE SYSTEMS INC,3845.0,I,812121.0
13332,1996,adverse_event,1,,,,1.0,0.0,CRITICARE SYSTEMS INC,3845.0,I,812121.0
13332,1997,adverse_event,4,,,,4.0,0.0,CRITICARE SYSTEMS INC,3845.0,I,812121.0
13332,1998,adverse_event,1,,,,1.0,0.0,CRITICARE SYSTEMS INC,3845.0,I,812121.0
13332,2001,adverse_event,3,,,,3.0,0.0,CRITICARE SYSTEMS INC,3845.0,I,812121.0
13332,2002,adverse_event,1,,,,1.0,0.0,CRITICARE SYSTEMS INC,3845.0,I,812121.0
13332,2004,adverse_event,1,,,,1.0,0.0,CRITICARE SYSTEMS INC,3845.0,I,812121.0
13619,1996,adverse_event,24,,,,23.0,1.0,ABIOMED INC,3841.0,I,815094.0
13619,1997,adverse_event,44,,,,43.0,1.0,ABIOMED INC,3841.0,I,815094.0
13619,1998,adverse_event,34,,,,34.0,0.0,ABIOMED INC,3841.0,I,815094.0
13619,1999,adverse_event,37,,,,37.0,0.0,ABIOMED INC,3841.0,I,815094.0
13619,2000,adverse_event,23,,,,23.0,0.0,ABIOMED INC,3841.0,I,815094.0
13619,2001,adverse_event,31,,,,31.0,0.0,ABIOMED INC,3841.0,I,815094.0
13619,2002,adverse_event,1,,,,1.0,0.0,ABIOMED INC,3841.0,I,815094.0
13619,2003,adverse_event,5,,,,5.0,0.0,ABIOMED INC,3841.0,I,815094.0
13619,2003,recall,1,0.0,0.0,0.0,,,ABIOMED INC,3841.0,I,815094.0
13619,2004,adverse_event,14,,,,14.0,0.0,ABIOMED INC,3841.0,I,815094.0
13619,2005,adverse_event,9,,,,9.0,0.0,ABIOMED INC,3841.0,I,815094.0
13619,2006,adverse_event,4,,,,4.0,0.0,ABIOMED INC,3841.0,I,815094.0
13619,2007,adverse_event,9,,,,9.0,0.0,ABIOMED INC,3841.0,I,815094.0
13619,2007,recall,1,0.0,0.0,0.0,,,ABIOMED INC,3841.0,I,815094.0
13619,2008,adverse_event,12,,,,12.0,0.0,ABIOMED INC,3841.0,I,815094.0
13619,2008,recall,1,0.0,0.0,0.0,,,ABIOMED INC,3841.0,I,815094.0
13619,2009,adverse_event,15,,,,13.0,2.0,ABIOMED INC,3841.0,I,815094.0
13619,2009,recall,3,0.0,0.0,0.0,,,ABIOMED INC,3841.0,I,815094.0
13619,2010,adverse_event,15,,,,15.0,0.0,ABIOMED INC,3841.0,I,815094.0
13619,2010,recall,1,0.0,0.0,0.0,,,ABIOMED INC,3841.0,I,815094.0
13619,2011,adverse_event,12,,,,12.0,0.0,ABIOMED INC,3841.0,I,815094.0
13619,2011,recall,1,1.0,0.0,0.0,,,ABIOMED INC,3841.0,I,815094.0
13619,2011,warning_letter,1,,,,,,ABIOMED INC,3841.0,I,815094.0
13619,2012,adverse_event,22,,,,15.0,7.0,ABIOMED INC,3841.0,I,815094.0
13619,2013,adverse_event,16,,,,7.0,9.0,ABIOMED INC,3841.0,I,815094.0
13619,2014,adverse_event,20,,,,10.0,10.0,ABIOMED INC,3841.0,I,815094.0
13619,2015,adverse_event,13,,,,6.0,7.0,ABIOMED INC,3841.0,I,815094.0
13619,2016,adverse_event,59,,,,35.0,24.0,ABIOMED INC,3841.0,I,815094.0
13619,2017,adverse_event,142,,,,106.0,36.0,ABIOMED INC,3841.0,I,815094.0
13619,2018,adverse_event,182,,,,112.0,70.0,ABIOMED INC,3841.0,I,815094.0
13619,2019,adverse_event,314,,,,223.0,91.0,ABIOMED INC,3841.0,I,815094.0
13619,2019,recall,1,0.0,1.0,0.0,,,ABIOMED INC,3841.0,I,815094.0
13619,2020,adverse_event,354,,,,309.0,45.0,ABIOMED INC,3841.0,I,815094.0
13619,2021,adverse_event,563,,,,561.0,2.0,ABIOMED INC,3841.0,I,815094.0
13619,2021,recall,2,1.0,1.0,0.0,,,ABIOMED INC,3841.0,I,815094.0
13623,1992,adverse_event,6,,,,5.0,1.0,CONMED CORP,3845.0,A,816956.0
13623,1993,adverse_event,5,,,,4.0,1.0,CONMED CORP,3845.0,A,816956.0
13623,1994,adverse_event,9,,,,8.0,1.0,CONMED CORP,3845.0,A,816956.0
13623,1995,adverse_event,8,,,,6.0,2.0,CONMED CORP,3845.0,A,816956.0
13623,1996,adverse_event,120,,,,111.0,9.0,CONMED CORP,3845.0,A,816956.0
13623,1997,adverse_event,230,,,,221.0,9.0,CONMED CORP,3845.0,A,816956.0
13623,1998,adverse_event,178,,,,174.0,4.0,CONMED CORP,3845.0,A,816956.0
13623,1999,adverse_event,95,,,,92.0,3.0,CONMED CORP,3845.0,A,816956.0
13623,2000,adverse_event,169,,,,70.0,99.0,CONMED CORP,3845.0,A,816956.0
13623,2001,adverse_event,208,,,,88.0,120.0,CONMED CORP,3845.0,A,816956.0
13623,2002,adverse_event,256,,,,93.0,163.0,CONMED CORP,3845.0,A,816956.0
13623,2003,adverse_event,240,,,,96.0,144.0,CONMED CORP,3845.0,A,816956.0
13623,2003,recall,3,0.0,0.0,0.0,,,CONMED CORP,3845.0,A,816956.0
13623,2004,adverse_event,239,,,,130.0,109.0,CONMED CORP,3845.0,A,816956.0
13623,2004,recall,3,0.0,0.0,0.0,,,CONMED CORP,3845.0,A,816956.0
13623,2005,adverse_event,245,,,,152.0,93.0,CONMED CORP,3845.0,A,816956.0
13623,2006,adverse_event,809,,,,126.0,683.0,CONMED CORP,3845.0,A,816956.0
13623,2006,recall,46,0.0,0.0,0.0,,,CONMED CORP,3845.0,A,816956.0
13623,2007,adverse_event,1086,,,,187.0,899.0,CONMED CORP,3845.0,A,816956.0
13623,2007,recall,13,0.0,0.0,0.0,,,CONMED CORP,3845.0,A,816956.0
13623,2008,adverse_event,575,,,,160.0,415.0,CONMED CORP,3845.0,A,816956.0
13623,2008,recall,13,0.0,0.0,0.0,,,CONMED CORP,3845.0,A,816956.0
13623,2009,adverse_event,437,,,,154.0,283.0,CONMED CORP,3845.0,A,816956.0
13623,2009,recall,1,0.0,0.0,0.0,,,CONMED CORP,3845.0,A,816956.0
13623,2010,adverse_event,324,,,,136.0,188.0,CONMED CORP,3845.0,A,816956.0
13623,2010,recall,18,0.0,0.0,0.0,,,CONMED CORP,3845.0,A,816956.0
13623,2011,adverse_event,296,,,,135.0,161.0,CONMED CORP,3845.0,A,816956.0
13623,2011,recall,18,0.0,0.0,0.0,,,CONMED CORP,3845.0,A,816956.0
13623,2012,adverse_event,304,,,,131.0,173.0,CONMED CORP,3845.0,A,816956.0
13623,2012,recall,29,0.0,24.0,0.0,,,CONMED CORP,3845.0,A,816956.0
13623,2013,adverse_event,257,,,,136.0,121.0,CONMED CORP,3845.0,A,816956.0
13623,2013,recall,5,0.0,5.0,0.0,,,CONMED CORP,3845.0,A,816956.0
13623,2014,adverse_event,207,,,,121.0,86.0,CONMED CORP,3845.0,A,816956.0
13623,2014,recall,11,9.0,2.0,0.0,,,CONMED CORP,3845.0,A,816956.0
13623,2014,warning_letter,1,,,,,,CONMED CORP,3845.0,A,816956.0
13623,2015,adverse_event,222,,,,110.0,112.0,CONMED CORP,3845.0,A,816956.0
13623,2015,recall,3,0.0,3.0,0.0,,,CONMED CORP,3845.0,A,816956.0
13623,2016,adverse_event,371,,,,282.0,89.0,CONMED CORP,3845.0,A,816956.0
13623,2016,recall,13,0.0,13.0,0.0,,,CONMED CORP,3845.0,A,816956.0
13623,2017,adverse_event,383,,,,347.0,36.0,CONMED CORP,3845.0,A,816956.0
13623,2017,recall,8,0.0,8.0,0.0,,,CONMED CORP,3845.0,A,816956.0
13623,2018,adverse_event,287,,,,275.0,12.0,CONMED CORP,3845.0,A,816956.0
13623,2018,recall,5,0.0,5.0,0.0,,,CONMED CORP,3845.0,A,816956.0
13623,2019,adverse_event,295,,,,282.0,13.0,CONMED CORP,3845.0,A,816956.0
13623,2019,recall,6,0.0,6.0,0.0,,,CONMED CORP,3845.0,A,816956.0
13623,2020,adverse_event,345,,,,328.0,17.0,CONMED CORP,3845.0,A,816956.0
13623,2020,recall,2,0.0,2.0,0.0,,,CONMED CORP,3845.0,A,816956.0
13623,2021,adverse_event,427,,,,231.0,196.0,CONMED CORP,3845.0,A,816956.0
13623,2021,recall,2,0.0,2.0,0.0,,,CONMED CORP,3845.0,A,816956.0
13623,2022,adverse_event,360,,,,72.0,288.0,CONMED CORP,3845.0,A,816956.0
13623,2022,recall,1,0.0,1.0,0.0,,,CONMED CORP,3845.0,A,816956.0
13623,2023,adverse_event,383,,,,78.0,305.0,CONMED CORP,3845.0,A,816956.0
13623,2024,adverse_event,430,,,,106.0,324.0,CONMED CORP,3845.0,A,816956.0
13623,2025,adverse_event,398,,,,173.0,225.0,CONMED CORP,3845.0,A,816956.0
13700,2013,warning_letter,1,,,,,,DENTSPLY SIRONA INC,3843.0,A,818479.0
13700,2017,adverse_event,3,,,,0.0,3.0,DENTSPLY SIRONA INC,3843.0,A,818479.0
13700,2018,adverse_event,10,,,,0.0,10.0,DENTSPLY SIRONA INC,3843.0,A,818479.0
13700,2019,adverse_event,2,,,,0.0,2.0,DENTSPLY SIRONA INC,3843.0,A,818479.0
13700,2020,adverse_event,4,,,,0.0,4.0,DENTSPLY SIRONA INC,3843.0,A,818479.0
13700,2021,adverse_event,5,,,,0.0,5.0,DENTSPLY SIRONA INC,3843.0,A,818479.0
13700,2022,adverse_event,21,,,,0.0,21.0,DENTSPLY SIRONA INC,3843.0,A,818479.0
13700,2023,adverse_event,27,,,,0.0,27.0,DENTSPLY SIRONA INC,3843.0,A,818479.0
13700,2024,adverse_event,83,,,,1.0,82.0,DENTSPLY SIRONA INC,3843.0,A,818479.0
13700,2025,adverse_event,90,,,,1.0,89.0,DENTSPLY SIRONA INC,3843.0,A,818479.0
14304,2001,adverse_event,1,,,,1.0,0.0,AKORN OPERATING COMPANY LLC,2834.0,I,3116.0
14385,1993,adverse_event,1,,,,1.0,0.0,RESPIRONICS INC,3842.0,I,780434.0
14385,1994,adverse_event,3,,,,3.0,0.0,RESPIRONICS INC,3842.0,I,780434.0
14385,1995,adverse_event,4,,,,4.0,0.0,RESPIRONICS INC,3842.0,I,780434.0
14385,1996,adverse_event,7,,,,4.0,3.0,RESPIRONICS INC,3842.0,I,780434.0
14385,1997,adverse_event,77,,,,29.0,48.0,RESPIRONICS INC,3842.0,I,780434.0
14385,1998,adverse_event,72,,,,14.0,58.0,RESPIRONICS INC,3842.0,I,780434.0
14385,1999,adverse_event,52,,,,15.0,37.0,RESPIRONICS INC,3842.0,I,780434.0
14385,2000,adverse_event,84,,,,65.0,19.0,RESPIRONICS INC,3842.0,I,780434.0
14385,2001,adverse_event,127,,,,83.0,44.0,RESPIRONICS INC,3842.0,I,780434.0
14385,2001,recall,2,0.0,0.0,0.0,,,RESPIRONICS INC,3842.0,I,780434.0
14385,2002,adverse_event,67,,,,36.0,31.0,RESPIRONICS INC,3842.0,I,780434.0
14385,2002,recall,1,0.0,0.0,0.0,,,RESPIRONICS INC,3842.0,I,780434.0
14385,2003,adverse_event,81,,,,64.0,17.0,RESPIRONICS INC,3842.0,I,780434.0
14385,2003,recall,4,0.0,0.0,0.0,,,RESPIRONICS INC,3842.0,I,780434.0
14385,2004,adverse_event,357,,,,138.0,219.0,RESPIRONICS INC,3842.0,I,780434.0
14385,2004,recall,1,0.0,0.0,0.0,,,RESPIRONICS INC,3842.0,I,780434.0
14385,2005,adverse_event,287,,,,79.0,208.0,RESPIRONICS INC,3842.0,I,780434.0
14385,2005,recall,3,0.0,0.0,0.0,,,RESPIRONICS INC,3842.0,I,780434.0
14385,2006,adverse_event,355,,,,122.0,233.0,RESPIRONICS INC,3842.0,I,780434.0
14385,2006,recall,4,0.0,0.0,0.0,,,RESPIRONICS INC,3842.0,I,780434.0
14385,2007,adverse_event,332,,,,104.0,228.0,RESPIRONICS INC,3842.0,I,780434.0
14385,2007,recall,40,0.0,1.0,0.0,,,RESPIRONICS INC,3842.0,I,780434.0
14538,2009,adverse_event,1,,,,1.0,0.0,TEVA PHARMACEUTICALS,2834.0,A,818686.0
14538,2010,adverse_event,1,,,,1.0,0.0,TEVA PHARMACEUTICALS,2834.0,A,818686.0
14538,2014,adverse_event,4,,,,4.0,0.0,TEVA PHARMACEUTICALS,2834.0,A,818686.0
14538,2015,adverse_event,9,,,,9.0,0.0,TEVA PHARMACEUTICALS,2834.0,A,818686.0
14538,2016,adverse_event,2,,,,2.0,0.0,TEVA PHARMACEUTICALS,2834.0,A,818686.0
14538,2018,adverse_event,4,,,,4.0,0.0,TEVA PHARMACEUTICALS,2834.0,A,818686.0
14538,2020,adverse_event,3,,,,3.0,0.0,TEVA PHARMACEUTICALS,2834.0,A,818686.0
14538,2024,adverse_event,2,,,,2.0,0.0,TEVA PHARMACEUTICALS,2834.0,A,818686.0
15106,1999,adverse_event,15,,,,15.0,0.0,BECKMAN COULTER INC,3826.0,I,840467.0
15106,2000,adverse_event,10,,,,10.0,0.0,BECKMAN COULTER INC,3826.0,I,840467.0
15106,2001,adverse_event,22,,,,20.0,2.0,BECKMAN COULTER INC,3826.0,I,840467.0
15106,2002,adverse_event,86,,,,78.0,8.0,BECKMAN COULTER INC,3826.0,I,840467.0
15106,2002,recall,8,0.0,0.0,0.0,,,BECKMAN COULTER INC,3826.0,I,840467.0
15106,2003,adverse_event,194,,,,194.0,0.0,BECKMAN COULTER INC,3826.0,I,840467.0
15106,2003,recall,37,0.0,0.0,0.0,,,BECKMAN COULTER INC,3826.0,I,840467.0
15106,2004,adverse_event,236,,,,235.0,1.0,BECKMAN COULTER INC,3826.0,I,840467.0
15106,2004,recall,20,0.0,0.0,0.0,,,BECKMAN COULTER INC,3826.0,I,840467.0
15106,2005,adverse_event,300,,,,300.0,0.0,BECKMAN COULTER INC,3826.0,I,840467.0
15106,2005,recall,12,0.0,0.0,0.0,,,BECKMAN COULTER INC,3826.0,I,840467.0
15106,2006,adverse_event,396,,,,395.0,1.0,BECKMAN COULTER INC,3826.0,I,840467.0
15106,2006,recall,19,0.0,0.0,0.0,,,BECKMAN COULTER INC,3826.0,I,840467.0
15106,2007,adverse_event,422,,,,422.0,0.0,BECKMAN COULTER INC,3826.0,I,840467.0
15106,2007,recall,44,0.0,0.0,0.0,,,BECKMAN COULTER INC,3826.0,I,840467.0
15106,2008,adverse_event,618,,,,618.0,0.0,BECKMAN COULTER INC,3826.0,I,840467.0
15106,2008,recall,15,0.0,0.0,0.0,,,BECKMAN COULTER INC,3826.0,I,840467.0
15106,2009,adverse_event,600,,,,591.0,9.0,BECKMAN COULTER INC,3826.0,I,840467.0
15106,2009,recall,17,0.0,0.0,0.0,,,BECKMAN COULTER INC,3826.0,I,840467.0
15106,2010,adverse_event,3075,,,,2970.0,105.0,BECKMAN COULTER INC,3826.0,I,840467.0
15106,2010,recall,87,0.0,1.0,0.0,,,BECKMAN COULTER INC,3826.0,I,840467.0
15106,2010,warning_letter,1,,,,,,BECKMAN COULTER INC,3826.0,I,840467.0
15852,1993,adverse_event,2,,,,1.0,1.0,MEDICAL INNOVATIONS INC,8082.0,I,835908.0
15852,1994,adverse_event,5,,,,5.0,0.0,MEDICAL INNOVATIONS INC,8082.0,I,835908.0
15852,1995,adverse_event,13,,,,13.0,0.0,MEDICAL INNOVATIONS INC,8082.0,I,835908.0
16603,1997,adverse_event,1,,,,0.0,1.0,NESTLE SA/AG,2000.0,A,800921.0
16603,1998,adverse_event,3,,,,0.0,3.0,NESTLE SA/AG,2000.0,A,800921.0
16603,1999,adverse_event,4,,,,0.0,4.0,NESTLE SA/AG,2000.0,A,800921.0
16603,2001,adverse_event,1,,,,0.0,1.0,NESTLE SA/AG,2000.0,A,800921.0
16603,2004,adverse_event,1,,,,0.0,1.0,NESTLE SA/AG,2000.0,A,800921.0
16603,2006,adverse_event,1,,,,1.0,0.0,NESTLE SA/AG,2000.0,A,800921.0
16603,2008,adverse_event,6,,,,0.0,6.0,NESTLE SA/AG,2000.0,A,800921.0
16603,2009,adverse_event,1,,,,0.0,1.0,NESTLE SA/AG,2000.0,A,800921.0
16603,2010,adverse_event,6,,,,0.0,6.0,NESTLE SA/AG,2000.0,A,800921.0
16603,2011,adverse_event,3,,,,0.0,3.0,NESTLE SA/AG,2000.0,A,800921.0
16603,2012,adverse_event,1,,,,0.0,1.0,NESTLE SA/AG,2000.0,A,800921.0
16603,2013,adverse_event,2,,,,0.0,2.0,NESTLE SA/AG,2000.0,A,800921.0
16603,2015,adverse_event,1,,,,0.0,1.0,NESTLE SA/AG,2000.0,A,800921.0
16603,2016,adverse_event,5,,,,0.0,5.0,NESTLE SA/AG,2000.0,A,800921.0
16603,2021,adverse_event,1,,,,0.0,1.0,NESTLE SA/AG,2000.0,A,800921.0
18888,2020,adverse_event,3,,,,3.0,0.0,AMNEAL PHARMACEUTICALS INC,2834.0,A,1723128.0
18888,2021,adverse_event,1,,,,0.0,1.0,AMNEAL PHARMACEUTICALS INC,2834.0,A,1723128.0
18888,2023,adverse_event,2,,,,2.0,0.0,AMNEAL PHARMACEUTICALS INC,2834.0,A,1723128.0
19349,1995,adverse_event,52,,,,6.0,46.0,SIEMENS AG,9997.0,A,1135644.0
19349,1996,adverse_event,121,,,,6.0,115.0,SIEMENS AG,9997.0,A,1135644.0
19349,1997,adverse_event,253,,,,9.0,244.0,SIEMENS AG,9997.0,A,1135644.0
19349,1998,adverse_event,208,,,,2.0,206.0,SIEMENS AG,9997.0,A,1135644.0
19349,1999,adverse_event,243,,,,1.0,242.0,SIEMENS AG,9997.0,A,1135644.0
19349,2000,adverse_event,349,,,,5.0,344.0,SIEMENS AG,9997.0,A,1135644.0
19349,2001,adverse_event,364,,,,9.0,355.0,SIEMENS AG,9997.0,A,1135644.0
19349,2002,adverse_event,415,,,,20.0,395.0,SIEMENS AG,9997.0,A,1135644.0
19349,2003,adverse_event,315,,,,26.0,289.0,SIEMENS AG,9997.0,A,1135644.0
19349,2003,recall,1,0.0,0.0,0.0,,,SIEMENS AG,9997.0,A,1135644.0
19349,2004,adverse_event,48,,,,11.0,37.0,SIEMENS AG,9997.0,A,1135644.0
19349,2004,recall,6,0.0,0.0,0.0,,,SIEMENS AG,9997.0,A,1135644.0
19349,2005,adverse_event,43,,,,4.0,39.0,SIEMENS AG,9997.0,A,1135644.0
19349,2005,recall,4,0.0,0.0,0.0,,,SIEMENS AG,9997.0,A,1135644.0
19349,2006,adverse_event,62,,,,7.0,55.0,SIEMENS AG,9997.0,A,1135644.0
19349,2006,recall,27,0.0,0.0,0.0,,,SIEMENS AG,9997.0,A,1135644.0
19349,2007,adverse_event,135,,,,19.0,116.0,SIEMENS AG,9997.0,A,1135644.0
19349,2007,recall,3,0.0,0.0,0.0,,,SIEMENS AG,9997.0,A,1135644.0
19349,2008,adverse_event,714,,,,542.0,172.0,SIEMENS AG,9997.0,A,1135644.0
19349,2008,recall,9,0.0,0.0,0.0,,,SIEMENS AG,9997.0,A,1135644.0
19349,2009,adverse_event,981,,,,787.0,194.0,SIEMENS AG,9997.0,A,1135644.0
19349,2009,recall,16,0.0,0.0,0.0,,,SIEMENS AG,9997.0,A,1135644.0
19349,2010,adverse_event,946,,,,773.0,173.0,SIEMENS AG,9997.0,A,1135644.0
19349,2010,recall,20,0.0,1.0,0.0,,,SIEMENS AG,9997.0,A,1135644.0
19349,2011,adverse_event,979,,,,571.0,408.0,SIEMENS AG,9997.0,A,1135644.0
19349,2011,recall,16,0.0,0.0,0.0,,,SIEMENS AG,9997.0,A,1135644.0
19349,2012,adverse_event,1752,,,,1115.0,637.0,SIEMENS AG,9997.0,A,1135644.0
19349,2012,recall,64,0.0,34.0,18.0,,,SIEMENS AG,9997.0,A,1135644.0
19349,2012,warning_letter,3,,,,,,SIEMENS AG,9997.0,A,1135644.0
19349,2013,adverse_event,2520,,,,1926.0,594.0,SIEMENS AG,9997.0,A,1135644.0
19349,2013,recall,77,11.0,60.0,6.0,,,SIEMENS AG,9997.0,A,1135644.0
19349,2014,adverse_event,2639,,,,1986.0,653.0,SIEMENS AG,9997.0,A,1135644.0
19349,2014,recall,57,2.0,50.0,5.0,,,SIEMENS AG,9997.0,A,1135644.0
19349,2015,adverse_event,2219,,,,1613.0,606.0,SIEMENS AG,9997.0,A,1135644.0
19349,2015,recall,55,0.0,54.0,1.0,,,SIEMENS AG,9997.0,A,1135644.0
19349,2016,adverse_event,2844,,,,1537.0,1307.0,SIEMENS AG,9997.0,A,1135644.0
19349,2016,recall,80,0.0,72.0,8.0,,,SIEMENS AG,9997.0,A,1135644.0
19349,2017,adverse_event,2501,,,,1106.0,1395.0,SIEMENS AG,9997.0,A,1135644.0
19349,2017,recall,53,0.0,52.0,1.0,,,SIEMENS AG,9997.0,A,1135644.0
19349,2018,adverse_event,2165,,,,1474.0,691.0,SIEMENS AG,9997.0,A,1135644.0
19349,2018,recall,77,0.0,75.0,2.0,,,SIEMENS AG,9997.0,A,1135644.0
19349,2019,adverse_event,2120,,,,1387.0,733.0,SIEMENS AG,9997.0,A,1135644.0
19349,2019,recall,26,0.0,26.0,0.0,,,SIEMENS AG,9997.0,A,1135644.0
19349,2020,adverse_event,2134,,,,1592.0,542.0,SIEMENS AG,9997.0,A,1135644.0
19349,2020,recall,43,0.0,43.0,0.0,,,SIEMENS AG,9997.0,A,1135644.0
19349,2021,adverse_event,1778,,,,1150.0,628.0,SIEMENS AG,9997.0,A,1135644.0
19349,2021,recall,43,0.0,43.0,0.0,,,SIEMENS AG,9997.0,A,1135644.0
19349,2022,adverse_event,1622,,,,1138.0,484.0,SIEMENS AG,9997.0,A,1135644.0
19349,2022,recall,35,0.0,35.0,0.0,,,SIEMENS AG,9997.0,A,1135644.0
19349,2023,adverse_event,1396,,,,992.0,404.0,SIEMENS AG,9997.0,A,1135644.0
19349,2023,recall,33,0.0,33.0,0.0,,,SIEMENS AG,9997.0,A,1135644.0
19349,2024,adverse_event,1676,,,,1267.0,409.0,SIEMENS AG,9997.0,A,1135644.0
19349,2024,recall,33,0.0,33.0,0.0,,,SIEMENS AG,9997.0,A,1135644.0
19349,2025,adverse_event,1187,,,,766.0,421.0,SIEMENS AG,9997.0,A,1135644.0
19349,2025,recall,18,0.0,18.0,0.0,,,SIEMENS AG,9997.0,A,1135644.0
20904,2001,adverse_event,5,,,,1.0,4.0,HOLOGIC INC,3844.0,I,859737.0
20904,2002,adverse_event,4,,,,2.0,2.0,HOLOGIC INC,3844.0,I,859737.0
20904,2003,recall,1,0.0,0.0,0.0,,,HOLOGIC INC,3844.0,I,859737.0
20904,2005,adverse_event,5,,,,4.0,1.0,HOLOGIC INC,3844.0,I,859737.0
20904,2006,adverse_event,8,,,,8.0,0.0,HOLOGIC INC,3844.0,I,859737.0
20904,2007,adverse_event,8,,,,6.0,2.0,HOLOGIC INC,3844.0,I,859737.0
20904,2008,adverse_event,28,,,,23.0,5.0,HOLOGIC INC,3844.0,I,859737.0
20904,2008,recall,7,0.0,0.0,0.0,,,HOLOGIC INC,3844.0,I,859737.0
20904,2009,adverse_event,121,,,,113.0,8.0,HOLOGIC INC,3844.0,I,859737.0
20904,2009,recall,4,0.0,0.0,0.0,,,HOLOGIC INC,3844.0,I,859737.0
20904,2010,adverse_event,265,,,,262.0,3.0,HOLOGIC INC,3844.0,I,859737.0
20904,2010,recall,2,0.0,0.0,0.0,,,HOLOGIC INC,3844.0,I,859737.0
20904,2011,adverse_event,313,,,,309.0,4.0,HOLOGIC INC,3844.0,I,859737.0
20904,2011,recall,1,0.0,0.0,0.0,,,HOLOGIC INC,3844.0,I,859737.0
20904,2012,adverse_event,363,,,,362.0,1.0,HOLOGIC INC,3844.0,I,859737.0
20904,2012,recall,3,0.0,2.0,0.0,,,HOLOGIC INC,3844.0,I,859737.0
20904,2013,adverse_event,303,,,,302.0,1.0,HOLOGIC INC,3844.0,I,859737.0
20904,2013,recall,3,0.0,3.0,0.0,,,HOLOGIC INC,3844.0,I,859737.0
20904,2014,adverse_event,300,,,,299.0,1.0,HOLOGIC INC,3844.0,I,859737.0
20904,2014,recall,3,0.0,3.0,0.0,,,HOLOGIC INC,3844.0,I,859737.0
20904,2015,adverse_event,309,,,,298.0,11.0,HOLOGIC INC,3844.0,I,859737.0
20904,2016,adverse_event,408,,,,369.0,39.0,HOLOGIC INC,3844.0,I,859737.0
20904,2016,recall,7,0.0,7.0,0.0,,,HOLOGIC INC,3844.0,I,859737.0
20904,2017,adverse_event,660,,,,631.0,29.0,HOLOGIC INC,3844.0,I,859737.0
20904,2017,recall,5,0.0,5.0,0.0,,,HOLOGIC INC,3844.0,I,859737.0
20904,2018,adverse_event,506,,,,504.0,2.0,HOLOGIC INC,3844.0,I,859737.0
20904,2018,recall,2,0.0,2.0,0.0,,,HOLOGIC INC,3844.0,I,859737.0
20904,2019,adverse_event,514,,,,514.0,0.0,HOLOGIC INC,3844.0,I,859737.0
20904,2019,recall,1,0.0,1.0,0.0,,,HOLOGIC INC,3844.0,I,859737.0
20904,2020,adverse_event,332,,,,330.0,2.0,HOLOGIC INC,3844.0,I,859737.0
20904,2020,recall,2,0.0,2.0,0.0,,,HOLOGIC INC,3844.0,I,859737.0
20904,2021,adverse_event,612,,,,611.0,1.0,HOLOGIC INC,3844.0,I,859737.0
20904,2021,recall,1,0.0,1.0,0.0,,,HOLOGIC INC,3844.0,I,859737.0
20904,2022,adverse_event,1345,,,,1343.0,2.0,HOLOGIC INC,3844.0,I,859737.0
20904,2022,recall,4,0.0,4.0,0.0,,,HOLOGIC INC,3844.0,I,859737.0
20904,2023,adverse_event,650,,,,648.0,2.0,HOLOGIC INC,3844.0,I,859737.0
20904,2023,recall,4,0.0,4.0,0.0,,,HOLOGIC INC,3844.0,I,859737.0
20904,2024,adverse_event,869,,,,857.0,12.0,HOLOGIC INC,3844.0,I,859737.0
20904,2024,recall,6,2.0,4.0,0.0,,,HOLOGIC INC,3844.0,I,859737.0
20904,2024,warning_letter,1,,,,,,HOLOGIC INC,3844.0,I,859737.0
20904,2025,adverse_event,1188,,,,1187.0,1.0,HOLOGIC INC,3844.0,I,859737.0
20904,2025,recall,4,0.0,4.0,0.0,,,HOLOGIC INC,3844.0,I,859737.0
21015,2018,adverse_event,2,,,,2.0,0.0,OCULAR THERAPEUTIX INC,2836.0,A,1393434.0
21015,2020,warning_letter,1,,,,,,OCULAR THERAPEUTIX INC,2836.0,A,1393434.0
21352,2015,recall,33,0.0,33.0,0.0,,,AVANOS MEDICAL INC,3842.0,A,1606498.0
21352,2016,recall,2,0.0,2.0,0.0,,,AVANOS MEDICAL INC,3842.0,A,1606498.0
21352,2017,adverse_event,1,,,,1.0,0.0,AVANOS MEDICAL INC,3842.0,A,1606498.0
21352,2017,recall,13,0.0,13.0,0.0,,,AVANOS MEDICAL INC,3842.0,A,1606498.0
21352,2018,adverse_event,432,,,,406.0,26.0,AVANOS MEDICAL INC,3842.0,A,1606498.0
21352,2018,recall,5,0.0,4.0,1.0,,,AVANOS MEDICAL INC,3842.0,A,1606498.0
21352,2019,adverse_event,743,,,,546.0,197.0,AVANOS MEDICAL INC,3842.0,A,1606498.0
21352,2019,recall,3,0.0,3.0,0.0,,,AVANOS MEDICAL INC,3842.0,A,1606498.0
21352,2020,adverse_event,700,,,,597.0,103.0,AVANOS MEDICAL INC,3842.0,A,1606498.0
21352,2020,recall,3,0.0,3.0,0.0,,,AVANOS MEDICAL INC,3842.0,A,1606498.0
21352,2021,adverse_event,481,,,,444.0,37.0,AVANOS MEDICAL INC,3842.0,A,1606498.0
21352,2021,recall,5,0.0,5.0,0.0,,,AVANOS MEDICAL INC,3842.0,A,1606498.0
21352,2022,adverse_event,732,,,,697.0,35.0,AVANOS MEDICAL INC,3842.0,A,1606498.0
21352,2022,recall,2,1.0,1.0,0.0,,,AVANOS MEDICAL INC,3842.0,A,1606498.0
21352,2023,adverse_event,803,,,,741.0,62.0,AVANOS MEDICAL INC,3842.0,A,1606498.0
21352,2023,recall,10,2.0,8.0,0.0,,,AVANOS MEDICAL INC,3842.0,A,1606498.0
21352,2024,adverse_event,803,,,,754.0,49.0,AVANOS MEDICAL INC,3842.0,A,1606498.0
21352,2024,recall,6,2.0,1.0,3.0,,,AVANOS MEDICAL INC,3842.0,A,1606498.0
21352,2025,adverse_event,719,,,,679.0,40.0,AVANOS MEDICAL INC,3842.0,A,1606498.0
21352,2025,recall,8,8.0,0.0,0.0,,,AVANOS MEDICAL INC,3842.0,A,1606498.0
22037,2014,adverse_event,28,,,,28.0,0.0,SIENTRA INC,3842.0,I,1551693.0
22037,2015,adverse_event,6,,,,6.0,0.0,SIENTRA INC,3842.0,I,1551693.0
22037,2016,adverse_event,3,,,,3.0,0.0,SIENTRA INC,3842.0,I,1551693.0
22037,2017,adverse_event,5,,,,5.0,0.0,SIENTRA INC,3842.0,I,1551693.0
22037,2018,adverse_event,19,,,,18.0,1.0,SIENTRA INC,3842.0,I,1551693.0
22037,2019,adverse_event,642,,,,641.0,1.0,SIENTRA INC,3842.0,I,1551693.0
22037,2019,warning_letter,1,,,,,,SIENTRA INC,3842.0,I,1551693.0
22037,2020,adverse_event,757,,,,756.0,1.0,SIENTRA INC,3842.0,I,1551693.0
22037,2021,adverse_event,1032,,,,1032.0,0.0,SIENTRA INC,3842.0,I,1551693.0
22037,2022,adverse_event,1928,,,,1928.0,0.0,SIENTRA INC,3842.0,I,1551693.0
22330,2014,adverse_event,19,,,,17.0,2.0,SYMMETRY SURGICAL INC,3841.0,I,1616101.0
22330,2015,adverse_event,44,,,,43.0,1.0,SYMMETRY SURGICAL INC,3841.0,I,1616101.0
22330,2015,recall,1,0.0,1.0,0.0,,,SYMMETRY SURGICAL INC,3841.0,I,1616101.0
22667,2015,adverse_event,1,,,,1.0,0.0,ENTELLUS MEDICAL INC,3845.0,I,1374128.0
22667,2016,adverse_event,3,,,,3.0,0.0,ENTELLUS MEDICAL INC,3845.0,I,1374128.0
23088,1992,adverse_event,2,,,,2.0,0.0,VITAL SIGNS INC,3841.0,I,865846.0
23088,1993,adverse_event,5,,,,4.0,1.0,VITAL SIGNS INC,3841.0,I,865846.0
23088,1994,adverse_event,10,,,,10.0,0.0,VITAL SIGNS INC,3841.0,I,865846.0
23088,1995,adverse_event,8,,,,8.0,0.0,VITAL SIGNS INC,3841.0,I,865846.0
23088,1996,adverse_event,30,,,,30.0,0.0,VITAL SIGNS INC,3841.0,I,865846.0
23088,1997,adverse_event,50,,,,50.0,0.0,VITAL SIGNS INC,3841.0,I,865846.0
23088,1998,adverse_event,36,,,,36.0,0.0,VITAL SIGNS INC,3841.0,I,865846.0
23088,1999,adverse_event,26,,,,26.0,0.0,VITAL SIGNS INC,3841.0,I,865846.0
23088,2000,adverse_event,20,,,,19.0,1.0,VITAL SIGNS INC,3841.0,I,865846.0
23088,2001,adverse_event,14,,,,13.0,1.0,VITAL SIGNS INC,3841.0,I,865846.0
23088,2002,adverse_event,9,,,,8.0,1.0,VITAL SIGNS INC,3841.0,I,865846.0
23088,2003,adverse_event,6,,,,5.0,1.0,VITAL SIGNS INC,3841.0,I,865846.0
23088,2004,adverse_event,5,,,,5.0,0.0,VITAL SIGNS INC,3841.0,I,865846.0
23088,2005,adverse_event,3,,,,2.0,1.0,VITAL SIGNS INC,3841.0,I,865846.0
23088,2006,adverse_event,11,,,,11.0,0.0,VITAL SIGNS INC,3841.0,I,865846.0
23088,2007,adverse_event,6,,,,6.0,0.0,VITAL SIGNS INC,3841.0,I,865846.0
23387,1997,adverse_event,1,,,,1.0,0.0,ZEVEX INTERNATIONAL INC,3845.0,I,827056.0
23387,1998,adverse_event,3,,,,3.0,0.0,ZEVEX INTERNATIONAL INC,3845.0,I,827056.0
23387,2000,adverse_event,3,,,,3.0,0.0,ZEVEX INTERNATIONAL INC,3845.0,I,827056.0
23387,2001,adverse_event,1,,,,1.0,0.0,ZEVEX INTERNATIONAL INC,3845.0,I,827056.0
23387,2002,adverse_event,3,,,,3.0,0.0,ZEVEX INTERNATIONAL INC,3845.0,I,827056.0
23387,2003,adverse_event,1,,,,1.0,0.0,ZEVEX INTERNATIONAL INC,3845.0,I,827056.0
23387,2004,adverse_event,9,,,,9.0,0.0,ZEVEX INTERNATIONAL INC,3845.0,I,827056.0
23387,2005,adverse_event,1,,,,1.0,0.0,ZEVEX INTERNATIONAL INC,3845.0,I,827056.0
23387,2006,adverse_event,6,,,,6.0,0.0,ZEVEX INTERNATIONAL INC,3845.0,I,827056.0
23552,2018,adverse_event,3,,,,3.0,0.0,PROFESSIONAL HOLDING CORP,6020.0,I,1630856.0
23552,2019,adverse_event,4,,,,4.0,0.0,PROFESSIONAL HOLDING CORP,6020.0,I,1630856.0
23552,2021,adverse_event,1,,,,1.0,0.0,PROFESSIONAL HOLDING CORP,6020.0,I,1630856.0
24084,2015,adverse_event,244,,,,244.0,0.0,CONFORMIS INC,3842.0,I,1305773.0
24084,2015,recall,11,0.0,11.0,0.0,,,CONFORMIS INC,3842.0,I,1305773.0
24084,2016,adverse_event,257,,,,257.0,0.0,CONFORMIS INC,3842.0,I,1305773.0
24084,2016,recall,3,0.0,3.0,0.0,,,CONFORMIS INC,3842.0,I,1305773.0
24084,2017,adverse_event,295,,,,295.0,0.0,CONFORMIS INC,3842.0,I,1305773.0
24084,2017,recall,1,0.0,1.0,0.0,,,CONFORMIS INC,3842.0,I,1305773.0
24084,2018,adverse_event,288,,,,288.0,0.0,CONFORMIS INC,3842.0,I,1305773.0
24084,2018,recall,2,0.0,2.0,0.0,,,CONFORMIS INC,3842.0,I,1305773.0
24084,2019,adverse_event,323,,,,323.0,0.0,CONFORMIS INC,3842.0,I,1305773.0
24084,2019,recall,6,0.0,6.0,0.0,,,CONFORMIS INC,3842.0,I,1305773.0
24084,2019,warning_letter,1,,,,,,CONFORMIS INC,3842.0,I,1305773.0
24084,2020,adverse_event,243,,,,243.0,0.0,CONFORMIS INC,3842.0,I,1305773.0
24084,2020,recall,4,0.0,4.0,0.0,,,CONFORMIS INC,3842.0,I,1305773.0
24084,2021,adverse_event,236,,,,236.0,0.0,CONFORMIS INC,3842.0,I,1305773.0
24084,2022,adverse_event,179,,,,179.0,0.0,CONFORMIS INC,3842.0,I,1305773.0
24084,2022,recall,2,0.0,2.0,0.0,,,CONFORMIS INC,3842.0,I,1305773.0
24853,1994,adverse_event,1,,,,1.0,0.0,SPECTRANETICS CORP,3845.0,I,789132.0
24853,1996,adverse_event,1,,,,1.0,0.0,SPECTRANETICS CORP,3845.0,I,789132.0
24853,1998,adverse_event,1,,,,1.0,0.0,SPECTRANETICS CORP,3845.0,I,789132.0
24853,2000,adverse_event,1,,,,1.0,0.0,SPECTRANETICS CORP,3845.0,I,789132.0
24853,2001,adverse_event,2,,,,2.0,0.0,SPECTRANETICS CORP,3845.0,I,789132.0
24853,2002,adverse_event,1,,,,1.0,0.0,SPECTRANETICS CORP,3845.0,I,789132.0
24853,2004,adverse_event,3,,,,3.0,0.0,SPECTRANETICS CORP,3845.0,I,789132.0
24853,2005,adverse_event,4,,,,4.0,0.0,SPECTRANETICS CORP,3845.0,I,789132.0
24853,2006,adverse_event,4,,,,4.0,0.0,SPECTRANETICS CORP,3845.0,I,789132.0
24853,2007,adverse_event,12,,,,11.0,1.0,SPECTRANETICS CORP,3845.0,I,789132.0
24853,2007,recall,1,0.0,0.0,0.0,,,SPECTRANETICS CORP,3845.0,I,789132.0
24853,2008,adverse_event,45,,,,45.0,0.0,SPECTRANETICS CORP,3845.0,I,789132.0
24853,2008,recall,2,0.0,0.0,0.0,,,SPECTRANETICS CORP,3845.0,I,789132.0
24853,2009,adverse_event,57,,,,57.0,0.0,SPECTRANETICS CORP,3845.0,I,789132.0
24853,2009,recall,1,0.0,0.0,0.0,,,SPECTRANETICS CORP,3845.0,I,789132.0
24853,2010,adverse_event,94,,,,94.0,0.0,SPECTRANETICS CORP,3845.0,I,789132.0
24853,2010,recall,1,0.0,0.0,0.0,,,SPECTRANETICS CORP,3845.0,I,789132.0
24853,2011,adverse_event,120,,,,120.0,0.0,SPECTRANETICS CORP,3845.0,I,789132.0
24853,2011,recall,2,0.0,0.0,0.0,,,SPECTRANETICS CORP,3845.0,I,789132.0
24853,2012,adverse_event,180,,,,180.0,0.0,SPECTRANETICS CORP,3845.0,I,789132.0
24853,2012,recall,1,0.0,0.0,0.0,,,SPECTRANETICS CORP,3845.0,I,789132.0
24853,2013,adverse_event,213,,,,140.0,73.0,SPECTRANETICS CORP,3845.0,I,789132.0
24853,2014,adverse_event,227,,,,141.0,86.0,SPECTRANETICS CORP,3845.0,I,789132.0
24853,2015,adverse_event,207,,,,205.0,2.0,SPECTRANETICS CORP,3845.0,I,789132.0
24853,2016,adverse_event,220,,,,220.0,0.0,SPECTRANETICS CORP,3845.0,I,789132.0
24853,2016,recall,4,0.0,4.0,0.0,,,SPECTRANETICS CORP,3845.0,I,789132.0
24853,2016,warning_letter,1,,,,,,SPECTRANETICS CORP,3845.0,I,789132.0
24888,2005,adverse_event,1,,,,1.0,0.0,ABAXIS INC,3845.0,I,881890.0
24888,2007,adverse_event,1,,,,1.0,0.0,ABAXIS INC,3845.0,I,881890.0
24888,2008,adverse_event,1,,,,1.0,0.0,ABAXIS INC,3845.0,I,881890.0
24888,2008,recall,2,0.0,0.0,0.0,,,ABAXIS INC,3845.0,I,881890.0
24888,2009,recall,1,0.0,0.0,0.0,,,ABAXIS INC,3845.0,I,881890.0
24888,2010,recall,1,0.0,0.0,0.0,,,ABAXIS INC,3845.0,I,881890.0
24888,2011,adverse_event,2,,,,2.0,0.0,ABAXIS INC,3845.0,I,881890.0
24888,2012,adverse_event,1,,,,1.0,0.0,ABAXIS INC,3845.0,I,881890.0
24888,2013,adverse_event,1,,,,1.0,0.0,ABAXIS INC,3845.0,I,881890.0
24888,2015,adverse_event,1,,,,1.0,0.0,ABAXIS INC,3845.0,I,881890.0
24982,2000,adverse_event,1,,,,1.0,0.0,LIFECELL CORP,3842.0,I,849448.0
24982,2005,adverse_event,1,,,,1.0,0.0,LIFECELL CORP,3842.0,I,849448.0
24982,2007,recall,2,0.0,0.0,0.0,,,LIFECELL CORP,3842.0,I,849448.0
25062,1999,adverse_event,1,,,,1.0,0.0,LINCARE HOLDINGS INC,8090.0,I,882235.0
25062,2000,adverse_event,2,,,,2.0,0.0,LINCARE HOLDINGS INC,8090.0,I,882235.0
25062,2004,adverse_event,1,,,,1.0,0.0,LINCARE HOLDINGS INC,8090.0,I,882235.0
25062,2008,adverse_event,1,,,,1.0,0.0,LINCARE HOLDINGS INC,8090.0,I,882235.0
25062,2010,adverse_event,1,,,,1.0,0.0,LINCARE HOLDINGS INC,8090.0,I,882235.0
25110,1992,adverse_event,3,,,,3.0,0.0,ICU MEDICAL INC,3841.0,A,883984.0
25110,1994,adverse_event,7,,,,7.0,0.0,ICU MEDICAL INC,3841.0,A,883984.0
25110,1995,adverse_event,11,,,,11.0,0.0,ICU MEDICAL INC,3841.0,A,883984.0
25110,1996,adverse_event,9,,,,9.0,0.0,ICU MEDICAL INC,3841.0,A,883984.0
25110,1997,adverse_event,34,,,,33.0,1.0,ICU MEDICAL INC,3841.0,A,883984.0
25110,1998,adverse_event,40,,,,40.0,0.0,ICU MEDICAL INC,3841.0,A,883984.0
25110,1999,adverse_event,39,,,,37.0,2.0,ICU MEDICAL INC,3841.0,A,883984.0
25110,2000,adverse_event,35,,,,35.0,0.0,ICU MEDICAL INC,3841.0,A,883984.0
25110,2001,adverse_event,18,,,,16.0,2.0,ICU MEDICAL INC,3841.0,A,883984.0
25110,2002,adverse_event,32,,,,32.0,0.0,ICU MEDICAL INC,3841.0,A,883984.0
25110,2003,adverse_event,30,,,,29.0,1.0,ICU MEDICAL INC,3841.0,A,883984.0
25110,2004,adverse_event,15,,,,15.0,0.0,ICU MEDICAL INC,3841.0,A,883984.0
25110,2004,recall,5,0.0,0.0,0.0,,,ICU MEDICAL INC,3841.0,A,883984.0
25110,2005,adverse_event,24,,,,24.0,0.0,ICU MEDICAL INC,3841.0,A,883984.0
25110,2005,recall,4,0.0,0.0,0.0,,,ICU MEDICAL INC,3841.0,A,883984.0
25110,2006,adverse_event,15,,,,15.0,0.0,ICU MEDICAL INC,3841.0,A,883984.0
25110,2006,recall,5,0.0,0.0,0.0,,,ICU MEDICAL INC,3841.0,A,883984.0
25110,2007,adverse_event,18,,,,18.0,0.0,ICU MEDICAL INC,3841.0,A,883984.0
25110,2008,adverse_event,11,,,,11.0,0.0,ICU MEDICAL INC,3841.0,A,883984.0
25110,2008,recall,5,0.0,0.0,0.0,,,ICU MEDICAL INC,3841.0,A,883984.0
25110,2009,adverse_event,16,,,,16.0,0.0,ICU MEDICAL INC,3841.0,A,883984.0
25110,2009,recall,86,0.0,0.0,0.0,,,ICU MEDICAL INC,3841.0,A,883984.0
25110,2010,adverse_event,108,,,,108.0,0.0,ICU MEDICAL INC,3841.0,A,883984.0
25110,2010,recall,10,0.0,0.0,0.0,,,ICU MEDICAL INC,3841.0,A,883984.0
25110,2011,adverse_event,111,,,,111.0,0.0,ICU MEDICAL INC,3841.0,A,883984.0
25110,2011,recall,27,0.0,2.0,0.0,,,ICU MEDICAL INC,3841.0,A,883984.0
25110,2012,adverse_event,69,,,,69.0,0.0,ICU MEDICAL INC,3841.0,A,883984.0
25110,2012,recall,26,2.0,21.0,0.0,,,ICU MEDICAL INC,3841.0,A,883984.0
25110,2012,warning_letter,1,,,,,,ICU MEDICAL INC,3841.0,A,883984.0
25110,2013,adverse_event,186,,,,186.0,0.0,ICU MEDICAL INC,3841.0,A,883984.0
25110,2013,recall,124,17.0,107.0,0.0,,,ICU MEDICAL INC,3841.0,A,883984.0
25110,2013,warning_letter,1,,,,,,ICU MEDICAL INC,3841.0,A,883984.0
25110,2014,adverse_event,180,,,,180.0,0.0,ICU MEDICAL INC,3841.0,A,883984.0
25110,2014,recall,36,12.0,24.0,0.0,,,ICU MEDICAL INC,3841.0,A,883984.0
25110,2015,adverse_event,187,,,,187.0,0.0,ICU MEDICAL INC,3841.0,A,883984.0
25110,2015,recall,10,0.0,10.0,0.0,,,ICU MEDICAL INC,3841.0,A,883984.0
25110,2016,adverse_event,293,,,,291.0,2.0,ICU MEDICAL INC,3841.0,A,883984.0
25110,2016,recall,208,0.0,208.0,0.0,,,ICU MEDICAL INC,3841.0,A,883984.0
25110,2017,adverse_event,342,,,,340.0,2.0,ICU MEDICAL INC,3841.0,A,883984.0
25110,2017,recall,85,0.0,85.0,0.0,,,ICU MEDICAL INC,3841.0,A,883984.0
25110,2018,adverse_event,254,,,,65.0,189.0,ICU MEDICAL INC,3841.0,A,883984.0
25110,2018,recall,31,0.0,25.0,6.0,,,ICU MEDICAL INC,3841.0,A,883984.0
25110,2019,adverse_event,1023,,,,589.0,434.0,ICU MEDICAL INC,3841.0,A,883984.0
25110,2019,recall,46,9.0,37.0,0.0,,,ICU MEDICAL INC,3841.0,A,883984.0
25110,2020,adverse_event,954,,,,407.0,547.0,ICU MEDICAL INC,3841.0,A,883984.0
25110,2020,recall,149,3.0,146.0,0.0,,,ICU MEDICAL INC,3841.0,A,883984.0
25110,2021,adverse_event,555,,,,264.0,291.0,ICU MEDICAL INC,3841.0,A,883984.0
25110,2021,recall,49,3.0,45.0,1.0,,,ICU MEDICAL INC,3841.0,A,883984.0
25110,2021,warning_letter,1,,,,,,ICU MEDICAL INC,3841.0,A,883984.0
25110,2022,adverse_event,802,,,,456.0,346.0,ICU MEDICAL INC,3841.0,A,883984.0
25110,2022,recall,16,7.0,9.0,0.0,,,ICU MEDICAL INC,3841.0,A,883984.0
25110,2023,adverse_event,2146,,,,934.0,1212.0,ICU MEDICAL INC,3841.0,A,883984.0
25110,2023,recall,23,6.0,17.0,0.0,,,ICU MEDICAL INC,3841.0,A,883984.0
25110,2024,adverse_event,3237,,,,1287.0,1950.0,ICU MEDICAL INC,3841.0,A,883984.0
25110,2024,recall,88,45.0,43.0,0.0,,,ICU MEDICAL INC,3841.0,A,883984.0
25110,2025,adverse_event,11459,,,,8224.0,3235.0,ICU MEDICAL INC,3841.0,A,883984.0
25110,2025,recall,79,20.0,59.0,0.0,,,ICU MEDICAL INC,3841.0,A,883984.0
25110,2025,warning_letter,1,,,,,,ICU MEDICAL INC,3841.0,A,883984.0
25279,1992,adverse_event,7,,,,6.0,1.0,BOSTON SCIENTIFIC CORP,3845.0,A,885725.0
25279,1993,adverse_event,9,,,,7.0,2.0,BOSTON SCIENTIFIC CORP,3845.0,A,885725.0
25279,1994,adverse_event,22,,,,22.0,0.0,BOSTON SCIENTIFIC CORP,3845.0,A,885725.0
25279,1995,adverse_event,43,,,,42.0,1.0,BOSTON SCIENTIFIC CORP,3845.0,A,885725.0
25279,1996,adverse_event,76,,,,72.0,4.0,BOSTON SCIENTIFIC CORP,3845.0,A,885725.0
25279,1997,adverse_event,98,,,,82.0,16.0,BOSTON SCIENTIFIC CORP,3845.0,A,885725.0
25279,1998,adverse_event,145,,,,34.0,111.0,BOSTON SCIENTIFIC CORP,3845.0,A,885725.0
25279,1999,adverse_event,363,,,,85.0,278.0,BOSTON SCIENTIFIC CORP,3845.0,A,885725.0
25279,2000,adverse_event,683,,,,97.0,586.0,BOSTON SCIENTIFIC CORP,3845.0,A,885725.0
25279,2000,recall,1,0.0,0.0,0.0,,,BOSTON SCIENTIFIC CORP,3845.0,A,885725.0
25279,2001,adverse_event,586,,,,103.0,483.0,BOSTON SCIENTIFIC CORP,3845.0,A,885725.0
25279,2002,adverse_event,1119,,,,173.0,946.0,BOSTON SCIENTIFIC CORP,3845.0,A,885725.0
25279,2003,adverse_event,2195,,,,1466.0,729.0,BOSTON SCIENTIFIC CORP,3845.0,A,885725.0
25279,2003,recall,28,0.0,0.0,0.0,,,BOSTON SCIENTIFIC CORP,3845.0,A,885725.0
25279,2004,adverse_event,4630,,,,4170.0,460.0,BOSTON SCIENTIFIC CORP,3845.0,A,885725.0
25279,2004,recall,33,0.0,0.0,0.0,,,BOSTON SCIENTIFIC CORP,3845.0,A,885725.0
25279,2005,adverse_event,5379,,,,4918.0,461.0,BOSTON SCIENTIFIC CORP,3845.0,A,885725.0
25279,2005,recall,109,0.0,0.0,0.0,,,BOSTON SCIENTIFIC CORP,3845.0,A,885725.0
25279,2006,adverse_event,8175,,,,7424.0,751.0,BOSTON SCIENTIFIC CORP,3845.0,A,885725.0
25279,2006,recall,34,0.0,0.0,0.0,,,BOSTON SCIENTIFIC CORP,3845.0,A,885725.0
25279,2007,adverse_event,6268,,,,5927.0,341.0,BOSTON SCIENTIFIC CORP,3845.0,A,885725.0
25279,2007,recall,43,0.0,0.0,0.0,,,BOSTON SCIENTIFIC CORP,3845.0,A,885725.0
25279,2008,adverse_event,10019,,,,8433.0,1586.0,BOSTON SCIENTIFIC CORP,3845.0,A,885725.0
25279,2008,recall,57,0.0,0.0,0.0,,,BOSTON SCIENTIFIC CORP,3845.0,A,885725.0
25279,2009,adverse_event,18738,,,,12179.0,6559.0,BOSTON SCIENTIFIC CORP,3845.0,A,885725.0
25279,2009,recall,61,0.0,0.0,0.0,,,BOSTON SCIENTIFIC CORP,3845.0,A,885725.0
25279,2010,adverse_event,14244,,,,805.0,13439.0,BOSTON SCIENTIFIC CORP,3845.0,A,885725.0
25279,2010,recall,124,0.0,0.0,0.0,,,BOSTON SCIENTIFIC CORP,3845.0,A,885725.0
25279,2011,adverse_event,13122,,,,298.0,12824.0,BOSTON SCIENTIFIC CORP,3845.0,A,885725.0
25279,2011,recall,84,0.0,0.0,0.0,,,BOSTON SCIENTIFIC CORP,3845.0,A,885725.0
25279,2012,adverse_event,16936,,,,261.0,16675.0,BOSTON SCIENTIFIC CORP,3845.0,A,885725.0
25279,2012,recall,10,0.0,7.0,0.0,,,BOSTON SCIENTIFIC CORP,3845.0,A,885725.0
25279,2013,adverse_event,26772,,,,361.0,26411.0,BOSTON SCIENTIFIC CORP,3845.0,A,885725.0
25279,2013,recall,20,0.0,19.0,1.0,,,BOSTON SCIENTIFIC CORP,3845.0,A,885725.0
25279,2014,adverse_event,15130,,,,426.0,14704.0,BOSTON SCIENTIFIC CORP,3845.0,A,885725.0
25279,2014,recall,21,3.0,18.0,0.0,,,BOSTON SCIENTIFIC CORP,3845.0,A,885725.0
25279,2014,warning_letter,1,,,,,,BOSTON SCIENTIFIC CORP,3845.0,A,885725.0
25279,2015,adverse_event,16095,,,,476.0,15619.0,BOSTON SCIENTIFIC CORP,3845.0,A,885725.0
25279,2015,recall,23,4.0,19.0,0.0,,,BOSTON SCIENTIFIC CORP,3845.0,A,885725.0
25279,2016,adverse_event,19653,,,,539.0,19114.0,BOSTON SCIENTIFIC CORP,3845.0,A,885725.0
25279,2016,recall,7,1.0,6.0,0.0,,,BOSTON SCIENTIFIC CORP,3845.0,A,885725.0
25279,2017,adverse_event,20279,,,,630.0,19649.0,BOSTON SCIENTIFIC CORP,3845.0,A,885725.0
25279,2017,recall,51,0.0,51.0,0.0,,,BOSTON SCIENTIFIC CORP,3845.0,A,885725.0
25279,2018,adverse_event,25886,,,,11644.0,14242.0,BOSTON SCIENTIFIC CORP,3845.0,A,885725.0
25279,2018,recall,25,0.0,22.0,3.0,,,BOSTON SCIENTIFIC CORP,3845.0,A,885725.0
25279,2019,adverse_event,48214,,,,41587.0,6627.0,BOSTON SCIENTIFIC CORP,3845.0,A,885725.0
25279,2019,recall,34,0.0,34.0,0.0,,,BOSTON SCIENTIFIC CORP,3845.0,A,885725.0
25279,2020,adverse_event,48472,,,,42986.0,5486.0,BOSTON SCIENTIFIC CORP,3845.0,A,885725.0
25279,2020,recall,97,10.0,87.0,0.0,,,BOSTON SCIENTIFIC CORP,3845.0,A,885725.0
25279,2021,adverse_event,51741,,,,45393.0,6348.0,BOSTON SCIENTIFIC CORP,3845.0,A,885725.0
25279,2021,recall,66,8.0,57.0,1.0,,,BOSTON SCIENTIFIC CORP,3845.0,A,885725.0
25279,2022,adverse_event,55032,,,,48591.0,6441.0,BOSTON SCIENTIFIC CORP,3845.0,A,885725.0
25279,2022,recall,21,0.0,20.0,1.0,,,BOSTON SCIENTIFIC CORP,3845.0,A,885725.0
25279,2023,adverse_event,58725,,,,51482.0,7243.0,BOSTON SCIENTIFIC CORP,3845.0,A,885725.0
25279,2023,recall,33,0.0,33.0,0.0,,,BOSTON SCIENTIFIC CORP,3845.0,A,885725.0
25279,2024,adverse_event,64723,,,,56420.0,8303.0,BOSTON SCIENTIFIC CORP,3845.0,A,885725.0
25279,2024,recall,148,63.0,85.0,0.0,,,BOSTON SCIENTIFIC CORP,3845.0,A,885725.0
25279,2025,adverse_event,73812,,,,64162.0,9650.0,BOSTON SCIENTIFIC CORP,3845.0,A,885725.0
25279,2025,recall,72,48.0,24.0,0.0,,,BOSTON SCIENTIFIC CORP,3845.0,A,885725.0
25313,1992,adverse_event,1,,,,1.0,0.0,STERIS PLC,3841.0,A,1757898.0
25313,1995,adverse_event,2,,,,2.0,0.0,STERIS PLC,3841.0,A,1757898.0
25313,1996,adverse_event,11,,,,4.0,7.0,STERIS PLC,3841.0,A,1757898.0
25313,1997,adverse_event,34,,,,30.0,4.0,STERIS PLC,3841.0,A,1757898.0
25313,1998,adverse_event,23,,,,18.0,5.0,STERIS PLC,3841.0,A,1757898.0
25313,1999,adverse_event,26,,,,22.0,4.0,STERIS PLC,3841.0,A,1757898.0
25313,2000,adverse_event,47,,,,39.0,8.0,STERIS PLC,3841.0,A,1757898.0
25313,2001,adverse_event,38,,,,32.0,6.0,STERIS PLC,3841.0,A,1757898.0
25313,2002,adverse_event,40,,,,35.0,5.0,STERIS PLC,3841.0,A,1757898.0
25313,2003,adverse_event,26,,,,15.0,11.0,STERIS PLC,3841.0,A,1757898.0
25313,2003,recall,4,0.0,0.0,0.0,,,STERIS PLC,3841.0,A,1757898.0
25313,2004,adverse_event,40,,,,28.0,12.0,STERIS PLC,3841.0,A,1757898.0
25313,2004,recall,1,0.0,0.0,0.0,,,STERIS PLC,3841.0,A,1757898.0
25313,2005,adverse_event,38,,,,29.0,9.0,STERIS PLC,3841.0,A,1757898.0
25313,2006,adverse_event,44,,,,35.0,9.0,STERIS PLC,3841.0,A,1757898.0
25313,2006,recall,2,0.0,0.0,0.0,,,STERIS PLC,3841.0,A,1757898.0
25313,2007,adverse_event,78,,,,42.0,36.0,STERIS PLC,3841.0,A,1757898.0
25313,2007,recall,3,0.0,0.0,0.0,,,STERIS PLC,3841.0,A,1757898.0
25313,2008,adverse_event,79,,,,43.0,36.0,STERIS PLC,3841.0,A,1757898.0
25313,2008,recall,3,0.0,0.0,0.0,,,STERIS PLC,3841.0,A,1757898.0
25313,2009,adverse_event,99,,,,20.0,79.0,STERIS PLC,3841.0,A,1757898.0
25313,2009,recall,3,0.0,0.0,0.0,,,STERIS PLC,3841.0,A,1757898.0
25313,2010,adverse_event,178,,,,19.0,159.0,STERIS PLC,3841.0,A,1757898.0
25313,2010,recall,7,0.0,1.0,0.0,,,STERIS PLC,3841.0,A,1757898.0
25313,2011,adverse_event,254,,,,24.0,230.0,STERIS PLC,3841.0,A,1757898.0
25313,2011,recall,7,0.0,0.0,0.0,,,STERIS PLC,3841.0,A,1757898.0
25313,2011,warning_letter,1,,,,,,STERIS PLC,3841.0,A,1757898.0
25313,2012,adverse_event,634,,,,30.0,604.0,STERIS PLC,3841.0,A,1757898.0
25313,2012,recall,7,0.0,5.0,1.0,,,STERIS PLC,3841.0,A,1757898.0
25313,2013,adverse_event,589,,,,35.0,554.0,STERIS PLC,3841.0,A,1757898.0
25313,2013,recall,9,0.0,9.0,0.0,,,STERIS PLC,3841.0,A,1757898.0
25313,2014,adverse_event,502,,,,21.0,481.0,STERIS PLC,3841.0,A,1757898.0
25313,2014,recall,5,0.0,4.0,1.0,,,STERIS PLC,3841.0,A,1757898.0
25313,2015,adverse_event,426,,,,35.0,391.0,STERIS PLC,3841.0,A,1757898.0
25313,2015,recall,5,0.0,4.0,1.0,,,STERIS PLC,3841.0,A,1757898.0
25313,2016,adverse_event,379,,,,18.0,361.0,STERIS PLC,3841.0,A,1757898.0
25313,2016,recall,2,0.0,2.0,0.0,,,STERIS PLC,3841.0,A,1757898.0
25313,2017,adverse_event,307,,,,31.0,276.0,STERIS PLC,3841.0,A,1757898.0
25313,2017,recall,30,0.0,30.0,0.0,,,STERIS PLC,3841.0,A,1757898.0
25313,2018,adverse_event,335,,,,12.0,323.0,STERIS PLC,3841.0,A,1757898.0
25313,2018,recall,5,0.0,5.0,0.0,,,STERIS PLC,3841.0,A,1757898.0
25313,2019,adverse_event,288,,,,25.0,263.0,STERIS PLC,3841.0,A,1757898.0
25313,2019,recall,2,0.0,2.0,0.0,,,STERIS PLC,3841.0,A,1757898.0
25313,2020,adverse_event,216,,,,14.0,202.0,STERIS PLC,3841.0,A,1757898.0
25313,2020,recall,18,0.0,17.0,1.0,,,STERIS PLC,3841.0,A,1757898.0
25313,2021,adverse_event,230,,,,15.0,215.0,STERIS PLC,3841.0,A,1757898.0
25313,2021,recall,1,0.0,1.0,0.0,,,STERIS PLC,3841.0,A,1757898.0
25313,2022,adverse_event,243,,,,31.0,212.0,STERIS PLC,3841.0,A,1757898.0
25313,2022,recall,9,0.0,9.0,0.0,,,STERIS PLC,3841.0,A,1757898.0
25313,2023,adverse_event,350,,,,68.0,282.0,STERIS PLC,3841.0,A,1757898.0
25313,2023,recall,7,0.0,7.0,0.0,,,STERIS PLC,3841.0,A,1757898.0
25313,2024,adverse_event,281,,,,85.0,196.0,STERIS PLC,3841.0,A,1757898.0
25313,2024,recall,4,0.0,4.0,0.0,,,STERIS PLC,3841.0,A,1757898.0
25313,2025,adverse_event,382,,,,221.0,161.0,STERIS PLC,3841.0,A,1757898.0
25313,2025,recall,5,0.0,5.0,0.0,,,STERIS PLC,3841.0,A,1757898.0
25579,1992,adverse_event,1,,,,0.0,1.0,ZOLL MEDICAL CORP,3845.0,I,887568.0
25579,1993,adverse_event,3,,,,3.0,0.0,ZOLL MEDICAL CORP,3845.0,I,887568.0
25579,1994,adverse_event,26,,,,24.0,2.0,ZOLL MEDICAL CORP,3845.0,I,887568.0
25579,1995,adverse_event,40,,,,40.0,0.0,ZOLL MEDICAL CORP,3845.0,I,887568.0
25579,1996,adverse_event,179,,,,178.0,1.0,ZOLL MEDICAL CORP,3845.0,I,887568.0
25579,1997,adverse_event,419,,,,419.0,0.0,ZOLL MEDICAL CORP,3845.0,I,887568.0
25579,1998,adverse_event,1051,,,,1051.0,0.0,ZOLL MEDICAL CORP,3845.0,I,887568.0
25579,1999,adverse_event,1241,,,,1240.0,1.0,ZOLL MEDICAL CORP,3845.0,I,887568.0
25579,2000,adverse_event,1422,,,,1420.0,2.0,ZOLL MEDICAL CORP,3845.0,I,887568.0
25579,2001,adverse_event,1830,,,,1828.0,2.0,ZOLL MEDICAL CORP,3845.0,I,887568.0
25579,2002,adverse_event,1952,,,,1948.0,4.0,ZOLL MEDICAL CORP,3845.0,I,887568.0
25579,2002,recall,1,0.0,0.0,0.0,,,ZOLL MEDICAL CORP,3845.0,I,887568.0
25579,2003,adverse_event,2073,,,,2072.0,1.0,ZOLL MEDICAL CORP,3845.0,I,887568.0
25579,2003,recall,1,0.0,0.0,0.0,,,ZOLL MEDICAL CORP,3845.0,I,887568.0
25579,2004,adverse_event,2733,,,,2643.0,90.0,ZOLL MEDICAL CORP,3845.0,I,887568.0
25579,2004,recall,8,0.0,0.0,0.0,,,ZOLL MEDICAL CORP,3845.0,I,887568.0
25579,2005,adverse_event,3023,,,,3023.0,0.0,ZOLL MEDICAL CORP,3845.0,I,887568.0
25579,2006,adverse_event,2796,,,,2791.0,5.0,ZOLL MEDICAL CORP,3845.0,I,887568.0
25579,2006,recall,1,0.0,0.0,0.0,,,ZOLL MEDICAL CORP,3845.0,I,887568.0
25579,2007,adverse_event,2938,,,,2917.0,21.0,ZOLL MEDICAL CORP,3845.0,I,887568.0
25579,2008,adverse_event,3207,,,,3197.0,10.0,ZOLL MEDICAL CORP,3845.0,I,887568.0
25579,2008,recall,10,0.0,0.0,0.0,,,ZOLL MEDICAL CORP,3845.0,I,887568.0
25579,2009,adverse_event,3735,,,,3723.0,12.0,ZOLL MEDICAL CORP,3845.0,I,887568.0
25579,2009,recall,20,0.0,0.0,0.0,,,ZOLL MEDICAL CORP,3845.0,I,887568.0
25579,2010,adverse_event,3774,,,,3772.0,2.0,ZOLL MEDICAL CORP,3845.0,I,887568.0
25579,2010,recall,9,0.0,0.0,0.0,,,ZOLL MEDICAL CORP,3845.0,I,887568.0
25579,2010,warning_letter,2,,,,,,ZOLL MEDICAL CORP,3845.0,I,887568.0
25579,2011,adverse_event,3906,,,,3891.0,15.0,ZOLL MEDICAL CORP,3845.0,I,887568.0
25579,2011,recall,6,0.0,0.0,0.0,,,ZOLL MEDICAL CORP,3845.0,I,887568.0
25579,2011,warning_letter,1,,,,,,ZOLL MEDICAL CORP,3845.0,I,887568.0
25699,1996,adverse_event,1,,,,1.0,0.0,MEDICAL RESOURCES INC,8071.0,I,725151.0
26147,2015,adverse_event,1372,,,,1372.0,0.0,PENUMBRA INC,3841.0,A,1321732.0
26147,2016,adverse_event,1909,,,,1909.0,0.0,PENUMBRA INC,3841.0,A,1321732.0
26147,2017,adverse_event,2337,,,,2337.0,0.0,PENUMBRA INC,3841.0,A,1321732.0
26147,2017,recall,1,1.0,0.0,0.0,,,PENUMBRA INC,3841.0,A,1321732.0
26147,2018,adverse_event,2561,,,,2560.0,1.0,PENUMBRA INC,3841.0,A,1321732.0
26147,2019,adverse_event,2475,,,,2475.0,0.0,PENUMBRA INC,3841.0,A,1321732.0
26147,2020,adverse_event,2436,,,,2436.0,0.0,PENUMBRA INC,3841.0,A,1321732.0
26147,2020,recall,4,4.0,0.0,0.0,,,PENUMBRA INC,3841.0,A,1321732.0
26147,2021,adverse_event,2823,,,,2823.0,0.0,PENUMBRA INC,3841.0,A,1321732.0
26147,2022,adverse_event,654,,,,654.0,0.0,PENUMBRA INC,3841.0,A,1321732.0
26147,2023,adverse_event,619,,,,619.0,0.0,PENUMBRA INC,3841.0,A,1321732.0
26147,2024,adverse_event,457,,,,457.0,0.0,PENUMBRA INC,3841.0,A,1321732.0
26147,2025,adverse_event,450,,,,450.0,0.0,PENUMBRA INC,3841.0,A,1321732.0
27810,2001,adverse_event,1,,,,1.0,0.0,LIVANOVA PLC,3845.0,A,1639691.0
27810,2003,recall,1,0.0,0.0,0.0,,,LIVANOVA PLC,3845.0,A,1639691.0
27810,2004,adverse_event,1,,,,1.0,0.0,LIVANOVA PLC,3845.0,A,1639691.0
27810,2004,recall,1,0.0,0.0,0.0,,,LIVANOVA PLC,3845.0,A,1639691.0
27810,2005,adverse_event,1,,,,1.0,0.0,LIVANOVA PLC,3845.0,A,1639691.0
27810,2005,recall,7,0.0,0.0,0.0,,,LIVANOVA PLC,3845.0,A,1639691.0
27810,2006,adverse_event,1,,,,1.0,0.0,LIVANOVA PLC,3845.0,A,1639691.0
27810,2006,recall,12,0.0,0.0,0.0,,,LIVANOVA PLC,3845.0,A,1639691.0
27810,2007,adverse_event,4,,,,4.0,0.0,LIVANOVA PLC,3845.0,A,1639691.0
27810,2008,adverse_event,8,,,,8.0,0.0,LIVANOVA PLC,3845.0,A,1639691.0
27810,2008,recall,1,0.0,0.0,0.0,,,LIVANOVA PLC,3845.0,A,1639691.0
27810,2009,adverse_event,8,,,,8.0,0.0,LIVANOVA PLC,3845.0,A,1639691.0
27810,2009,recall,25,0.0,0.0,0.0,,,LIVANOVA PLC,3845.0,A,1639691.0
27810,2010,adverse_event,8,,,,8.0,0.0,LIVANOVA PLC,3845.0,A,1639691.0
27810,2010,recall,35,0.0,0.0,0.0,,,LIVANOVA PLC,3845.0,A,1639691.0
27810,2011,adverse_event,16,,,,16.0,0.0,LIVANOVA PLC,3845.0,A,1639691.0
27810,2011,recall,12,0.0,0.0,0.0,,,LIVANOVA PLC,3845.0,A,1639691.0
27810,2012,adverse_event,35,,,,35.0,0.0,LIVANOVA PLC,3845.0,A,1639691.0
27810,2012,recall,20,0.0,10.0,0.0,,,LIVANOVA PLC,3845.0,A,1639691.0
27810,2013,adverse_event,37,,,,37.0,0.0,LIVANOVA PLC,3845.0,A,1639691.0
27810,2013,recall,2,0.0,2.0,0.0,,,LIVANOVA PLC,3845.0,A,1639691.0
27810,2014,adverse_event,52,,,,52.0,0.0,LIVANOVA PLC,3845.0,A,1639691.0
27810,2014,recall,1,0.0,1.0,0.0,,,LIVANOVA PLC,3845.0,A,1639691.0
27810,2015,adverse_event,80,,,,65.0,15.0,LIVANOVA PLC,3845.0,A,1639691.0
27810,2015,recall,6,0.0,6.0,0.0,,,LIVANOVA PLC,3845.0,A,1639691.0
27810,2016,adverse_event,349,,,,91.0,258.0,LIVANOVA PLC,3845.0,A,1639691.0
27810,2016,recall,9,0.0,8.0,1.0,,,LIVANOVA PLC,3845.0,A,1639691.0
27810,2017,adverse_event,1327,,,,193.0,1134.0,LIVANOVA PLC,3845.0,A,1639691.0
27810,2017,recall,25,0.0,24.0,1.0,,,LIVANOVA PLC,3845.0,A,1639691.0
27810,2018,adverse_event,2359,,,,1215.0,1144.0,LIVANOVA PLC,3845.0,A,1639691.0
27810,2018,recall,11,0.0,11.0,0.0,,,LIVANOVA PLC,3845.0,A,1639691.0
27810,2019,adverse_event,3031,,,,1588.0,1443.0,LIVANOVA PLC,3845.0,A,1639691.0
27810,2019,recall,5,1.0,1.0,3.0,,,LIVANOVA PLC,3845.0,A,1639691.0
27810,2020,adverse_event,2216,,,,1175.0,1041.0,LIVANOVA PLC,3845.0,A,1639691.0
27810,2020,recall,26,0.0,26.0,0.0,,,LIVANOVA PLC,3845.0,A,1639691.0
27810,2021,adverse_event,2104,,,,1237.0,867.0,LIVANOVA PLC,3845.0,A,1639691.0
27810,2021,recall,1,0.0,1.0,0.0,,,LIVANOVA PLC,3845.0,A,1639691.0
27810,2022,adverse_event,1959,,,,1247.0,712.0,LIVANOVA PLC,3845.0,A,1639691.0
27810,2023,adverse_event,1885,,,,1178.0,707.0,LIVANOVA PLC,3845.0,A,1639691.0
27810,2024,adverse_event,1659,,,,1011.0,648.0,LIVANOVA PLC,3845.0,A,1639691.0
27810,2024,recall,2,0.0,2.0,0.0,,,LIVANOVA PLC,3845.0,A,1639691.0
27810,2025,adverse_event,1577,,,,818.0,759.0,LIVANOVA PLC,3845.0,A,1639691.0
27810,2025,recall,2,0.0,2.0,0.0,,,LIVANOVA PLC,3845.0,A,1639691.0
27823,2003,recall,31,0.0,0.0,0.0,,,ARTIVION INC,3842.0,A,784199.0
27823,2004,recall,41,0.0,0.0,0.0,,,ARTIVION INC,3842.0,A,784199.0
27823,2005,recall,3,0.0,0.0,0.0,,,ARTIVION INC,3842.0,A,784199.0
27823,2006,recall,1,0.0,0.0,0.0,,,ARTIVION INC,3842.0,A,784199.0
27823,2007,recall,2,0.0,0.0,0.0,,,ARTIVION INC,3842.0,A,784199.0
27823,2008,recall,2,0.0,0.0,0.0,,,ARTIVION INC,3842.0,A,784199.0
27823,2011,recall,4,0.0,1.0,0.0,,,ARTIVION INC,3842.0,A,784199.0
27823,2013,recall,1,0.0,1.0,0.0,,,ARTIVION INC,3842.0,A,784199.0
27823,2013,warning_letter,1,,,,,,ARTIVION INC,3842.0,A,784199.0
27823,2014,recall,2,0.0,2.0,0.0,,,ARTIVION INC,3842.0,A,784199.0
27823,2015,recall,1,0.0,1.0,0.0,,,ARTIVION INC,3842.0,A,784199.0
27823,2016,recall,1,0.0,1.0,0.0,,,ARTIVION INC,3842.0,A,784199.0
27823,2017,recall,1,0.0,1.0,0.0,,,ARTIVION INC,3842.0,A,784199.0
27823,2018,recall,4,0.0,4.0,0.0,,,ARTIVION INC,3842.0,A,784199.0
27823,2019,recall,1,0.0,1.0,0.0,,,ARTIVION INC,3842.0,A,784199.0
27823,2020,recall,2,0.0,2.0,0.0,,,ARTIVION INC,3842.0,A,784199.0
27823,2021,recall,1,0.0,1.0,0.0,,,ARTIVION INC,3842.0,A,784199.0
27823,2022,adverse_event,40,,,,14.0,26.0,ARTIVION INC,3842.0,A,784199.0
27823,2023,adverse_event,29,,,,19.0,10.0,ARTIVION INC,3842.0,A,784199.0
27823,2024,adverse_event,33,,,,27.0,6.0,ARTIVION INC,3842.0,A,784199.0
27823,2024,recall,3,0.0,3.0,0.0,,,ARTIVION INC,3842.0,A,784199.0
27823,2025,adverse_event,32,,,,26.0,6.0,ARTIVION INC,3842.0,A,784199.0
28367,2016,adverse_event,6,,,,6.0,0.0,IRHYTHM HOLDINGS INC,3845.0,A,1388658.0
28367,2017,adverse_event,31,,,,31.0,0.0,IRHYTHM HOLDINGS INC,3845.0,A,1388658.0
28367,2018,adverse_event,34,,,,34.0,0.0,IRHYTHM HOLDINGS INC,3845.0,A,1388658.0
28367,2019,adverse_event,80,,,,80.0,0.0,IRHYTHM HOLDINGS INC,3845.0,A,1388658.0
28367,2020,adverse_event,92,,,,92.0,0.0,IRHYTHM HOLDINGS INC,3845.0,A,1388658.0
28367,2021,adverse_event,119,,,,119.0,0.0,IRHYTHM HOLDINGS INC,3845.0,A,1388658.0
28367,2022,adverse_event,69,,,,68.0,1.0,IRHYTHM HOLDINGS INC,3845.0,A,1388658.0
28367,2022,recall,1,0.0,1.0,0.0,,,IRHYTHM HOLDINGS INC,3845.0,A,1388658.0
28367,2023,adverse_event,192,,,,191.0,1.0,IRHYTHM HOLDINGS INC,3845.0,A,1388658.0
28367,2023,warning_letter,1,,,,,,IRHYTHM HOLDINGS INC,3845.0,A,1388658.0
28367,2024,adverse_event,500,,,,499.0,1.0,IRHYTHM HOLDINGS INC,3845.0,A,1388658.0
28367,2025,adverse_event,309,,,,309.0,0.0,IRHYTHM HOLDINGS INC,3845.0,A,1388658.0
29378,2019,adverse_event,1,,,,1.0,0.0,BEST INC,4213.0,I,1709505.0
29378,2021,adverse_event,2,,,,2.0,0.0,BEST INC,4213.0,I,1709505.0
29955,2014,warning_letter,1,,,,,,BAUSCH HEALTH COMPANIES INC,2834.0,A,885590.0
29955,2015,recall,1,0.0,1.0,0.0,,,BAUSCH HEALTH COMPANIES INC,2834.0,A,885590.0
29955,2016,recall,1,0.0,1.0,0.0,,,BAUSCH HEALTH COMPANIES INC,2834.0,A,885590.0
29955,2016,warning_letter,1,,,,,,BAUSCH HEALTH COMPANIES INC,2834.0,A,885590.0
29955,2017,recall,1,0.0,1.0,0.0,,,BAUSCH HEALTH COMPANIES INC,2834.0,A,885590.0
29955,2020,adverse_event,1,,,,0.0,1.0,BAUSCH HEALTH COMPANIES INC,2834.0,A,885590.0
30442,1996,adverse_event,1,,,,1.0,0.0,CORAM HEALTHCARE CORP,8082.0,I,924174.0
35056,2019,adverse_event,111,,,,111.0,0.0,ALCON INC,3851.0,A,1167379.0
35056,2020,adverse_event,70,,,,70.0,0.0,ALCON INC,3851.0,A,1167379.0
35056,2021,adverse_event,53,,,,53.0,0.0,ALCON INC,3851.0,A,1167379.0
35056,2022,adverse_event,51,,,,51.0,0.0,ALCON INC,3851.0,A,1167379.0
35056,2023,adverse_event,52,,,,52.0,0.0,ALCON INC,3851.0,A,1167379.0
35056,2024,adverse_event,99,,,,99.0,0.0,ALCON INC,3851.0,A,1167379.0
35056,2025,adverse_event,129,,,,129.0,0.0,ALCON INC,3851.0,A,1167379.0
36885,2020,adverse_event,31,,,,31.0,0.0,OUTSET MEDICAL INC,3845.0,A,1484612.0
36885,2021,adverse_event,38,,,,38.0,0.0,OUTSET MEDICAL INC,3845.0,A,1484612.0
36885,2022,adverse_event,41,,,,41.0,0.0,OUTSET MEDICAL INC,3845.0,A,1484612.0
36885,2022,recall,1,0.0,1.0,0.0,,,OUTSET MEDICAL INC,3845.0,A,1484612.0
36885,2023,adverse_event,27,,,,27.0,0.0,OUTSET MEDICAL INC,3845.0,A,1484612.0
36885,2023,recall,1,0.0,1.0,0.0,,,OUTSET MEDICAL INC,3845.0,A,1484612.0
36885,2023,warning_letter,1,,,,,,OUTSET MEDICAL INC,3845.0,A,1484612.0
36885,2024,adverse_event,37,,,,37.0,0.0,OUTSET MEDICAL INC,3845.0,A,1484612.0
36885,2024,recall,3,1.0,2.0,0.0,,,OUTSET MEDICAL INC,3845.0,A,1484612.0
36885,2025,adverse_event,24,,,,24.0,0.0,OUTSET MEDICAL INC,3845.0,A,1484612.0
37290,2021,adverse_event,1,,,,1.0,0.0,VIVOS THERAPEUTICS INC,3841.0,A,1716166.0
37290,2025,adverse_event,1,,,,1.0,0.0,VIVOS THERAPEUTICS INC,3841.0,A,1716166.0
37680,2021,adverse_event,595,,,,595.0,0.0,ORTHO CLINICAL DIAG HLDG PLC,3845.0,I,1828443.0
37680,2021,recall,10,0.0,9.0,1.0,,,ORTHO CLINICAL DIAG HLDG PLC,3845.0,I,1828443.0
38030,2023,adverse_event,7,,,,7.0,0.0,ENVOY MEDICAL INC,3842.0,A,1840877.0
38030,2024,adverse_event,8,,,,8.0,0.0,ENVOY MEDICAL INC,3842.0,A,1840877.0
38030,2025,adverse_event,11,,,,11.0,0.0,ENVOY MEDICAL INC,3842.0,A,1840877.0
38030,2025,warning_letter,1,,,,,,ENVOY MEDICAL INC,3842.0,A,1840877.0
38717,2022,adverse_event,2,,,,2.0,0.0,CHROME HOLDING CO,8071.0,I,1804591.0
38717,2024,adverse_event,1,,,,1.0,0.0,CHROME HOLDING CO,8071.0,I,1804591.0
39255,2021,adverse_event,2,,,,2.0,0.0,OWLET INC,3827.0,A,1816708.0
39255,2021,warning_letter,1,,,,,,OWLET INC,3827.0,A,1816708.0
39255,2023,adverse_event,1,,,,1.0,0.0,OWLET INC,3827.0,A,1816708.0
39255,2024,adverse_event,1,,,,1.0,0.0,OWLET INC,3827.0,A,1816708.0
39255,2025,adverse_event,6,,,,6.0,0.0,OWLET INC,3827.0,A,1816708.0
39563,2021,adverse_event,2,,,,2.0,0.0,CUE HEALTH INC,3841.0,A,1628945.0
39563,2022,adverse_event,578,,,,578.0,0.0,CUE HEALTH INC,3841.0,A,1628945.0
39563,2023,adverse_event,1150,,,,1150.0,0.0,CUE HEALTH INC,3841.0,A,1628945.0
41897,2024,adverse_event,19,,,,19.0,0.0,KENVUE INC,2840.0,A,1944048.0
41897,2025,adverse_event,46,,,,45.0,1.0,KENVUE INC,2840.0,A,1944048.0
45785,2025,adverse_event,17922,,,,17305.0,617.0,BETA BIONICS INC,3841.0,A,1674632.0
45785,2025,recall,2,0.0,2.0,0.0,,,BETA BIONICS INC,3841.0,A,1674632.0
61059,1995,adverse_event,3,,,,0.0,3.0,MINIMED INC,3842.0,I,945801.0
61059,1996,adverse_event,54,,,,52.0,2.0,MINIMED INC,3842.0,I,945801.0
61059,1997,adverse_event,145,,,,125.0,20.0,MINIMED INC,3842.0,I,945801.0
61059,1998,adverse_event,173,,,,166.0,7.0,MINIMED INC,3842.0,I,945801.0
61059,1999,adverse_event,205,,,,195.0,10.0,MINIMED INC,3842.0,I,945801.0
61059,2000,adverse_event,253,,,,249.0,4.0,MINIMED INC,3842.0,I,945801.0
61181,1995,adverse_event,1,,,,1.0,0.0,INTEGRA LIFESCIENCES HOLDNGS,3842.0,A,917520.0
61181,1997,adverse_event,1,,,,1.0,0.0,INTEGRA LIFESCIENCES HOLDNGS,3842.0,A,917520.0
61181,1998,adverse_event,4,,,,4.0,0.0,INTEGRA LIFESCIENCES HOLDNGS,3842.0,A,917520.0
61181,1999,adverse_event,9,,,,9.0,0.0,INTEGRA LIFESCIENCES HOLDNGS,3842.0,A,917520.0
61181,2000,adverse_event,16,,,,16.0,0.0,INTEGRA LIFESCIENCES HOLDNGS,3842.0,A,917520.0
61181,2001,adverse_event,12,,,,12.0,0.0,INTEGRA LIFESCIENCES HOLDNGS,3842.0,A,917520.0
61181,2002,adverse_event,36,,,,36.0,0.0,INTEGRA LIFESCIENCES HOLDNGS,3842.0,A,917520.0
61181,2002,recall,1,0.0,0.0,0.0,,,INTEGRA LIFESCIENCES HOLDNGS,3842.0,A,917520.0
61181,2003,adverse_event,48,,,,48.0,0.0,INTEGRA LIFESCIENCES HOLDNGS,3842.0,A,917520.0
61181,2004,adverse_event,61,,,,61.0,0.0,INTEGRA LIFESCIENCES HOLDNGS,3842.0,A,917520.0
61181,2004,recall,1,0.0,0.0,0.0,,,INTEGRA LIFESCIENCES HOLDNGS,3842.0,A,917520.0
61181,2005,adverse_event,107,,,,107.0,0.0,INTEGRA LIFESCIENCES HOLDNGS,3842.0,A,917520.0
61181,2005,recall,2,0.0,0.0,0.0,,,INTEGRA LIFESCIENCES HOLDNGS,3842.0,A,917520.0
61181,2006,adverse_event,101,,,,101.0,0.0,INTEGRA LIFESCIENCES HOLDNGS,3842.0,A,917520.0
61181,2006,recall,1,0.0,0.0,0.0,,,INTEGRA LIFESCIENCES HOLDNGS,3842.0,A,917520.0
61181,2007,adverse_event,80,,,,80.0,0.0,INTEGRA LIFESCIENCES HOLDNGS,3842.0,A,917520.0
61181,2007,recall,6,0.0,0.0,0.0,,,INTEGRA LIFESCIENCES HOLDNGS,3842.0,A,917520.0
61181,2008,adverse_event,154,,,,153.0,1.0,INTEGRA LIFESCIENCES HOLDNGS,3842.0,A,917520.0
61181,2008,recall,7,0.0,0.0,0.0,,,INTEGRA LIFESCIENCES HOLDNGS,3842.0,A,917520.0
61181,2009,adverse_event,104,,,,69.0,35.0,INTEGRA LIFESCIENCES HOLDNGS,3842.0,A,917520.0
61181,2009,recall,3,0.0,0.0,0.0,,,INTEGRA LIFESCIENCES HOLDNGS,3842.0,A,917520.0
61181,2010,adverse_event,101,,,,42.0,59.0,INTEGRA LIFESCIENCES HOLDNGS,3842.0,A,917520.0
61181,2010,recall,20,0.0,0.0,0.0,,,INTEGRA LIFESCIENCES HOLDNGS,3842.0,A,917520.0
61181,2011,adverse_event,96,,,,36.0,60.0,INTEGRA LIFESCIENCES HOLDNGS,3842.0,A,917520.0
61181,2011,recall,29,0.0,2.0,0.0,,,INTEGRA LIFESCIENCES HOLDNGS,3842.0,A,917520.0
61181,2011,warning_letter,1,,,,,,INTEGRA LIFESCIENCES HOLDNGS,3842.0,A,917520.0
61181,2012,adverse_event,347,,,,82.0,265.0,INTEGRA LIFESCIENCES HOLDNGS,3842.0,A,917520.0
61181,2012,recall,11,0.0,9.0,0.0,,,INTEGRA LIFESCIENCES HOLDNGS,3842.0,A,917520.0
61181,2013,adverse_event,411,,,,121.0,290.0,INTEGRA LIFESCIENCES HOLDNGS,3842.0,A,917520.0
61181,2013,recall,41,0.0,40.0,1.0,,,INTEGRA LIFESCIENCES HOLDNGS,3842.0,A,917520.0
61181,2014,adverse_event,515,,,,164.0,351.0,INTEGRA LIFESCIENCES HOLDNGS,3842.0,A,917520.0
61181,2014,recall,15,0.0,15.0,0.0,,,INTEGRA LIFESCIENCES HOLDNGS,3842.0,A,917520.0
61181,2015,adverse_event,584,,,,119.0,465.0,INTEGRA LIFESCIENCES HOLDNGS,3842.0,A,917520.0
61181,2015,recall,6,0.0,6.0,0.0,,,INTEGRA LIFESCIENCES HOLDNGS,3842.0,A,917520.0
61181,2016,adverse_event,627,,,,69.0,558.0,INTEGRA LIFESCIENCES HOLDNGS,3842.0,A,917520.0
61181,2016,recall,17,0.0,17.0,0.0,,,INTEGRA LIFESCIENCES HOLDNGS,3842.0,A,917520.0
61181,2017,adverse_event,595,,,,75.0,520.0,INTEGRA LIFESCIENCES HOLDNGS,3842.0,A,917520.0
61181,2017,recall,6,0.0,5.0,1.0,,,INTEGRA LIFESCIENCES HOLDNGS,3842.0,A,917520.0
61181,2018,adverse_event,582,,,,180.0,402.0,INTEGRA LIFESCIENCES HOLDNGS,3842.0,A,917520.0
61181,2018,recall,5,0.0,5.0,0.0,,,INTEGRA LIFESCIENCES HOLDNGS,3842.0,A,917520.0
61181,2019,adverse_event,1499,,,,107.0,1392.0,INTEGRA LIFESCIENCES HOLDNGS,3842.0,A,917520.0
61181,2019,recall,74,3.0,71.0,0.0,,,INTEGRA LIFESCIENCES HOLDNGS,3842.0,A,917520.0
61181,2020,adverse_event,1844,,,,145.0,1699.0,INTEGRA LIFESCIENCES HOLDNGS,3842.0,A,917520.0
61181,2020,recall,7,0.0,6.0,1.0,,,INTEGRA LIFESCIENCES HOLDNGS,3842.0,A,917520.0
61181,2021,adverse_event,1535,,,,73.0,1462.0,INTEGRA LIFESCIENCES HOLDNGS,3842.0,A,917520.0
61181,2021,recall,2,0.0,2.0,0.0,,,INTEGRA LIFESCIENCES HOLDNGS,3842.0,A,917520.0
61181,2022,adverse_event,1329,,,,97.0,1232.0,INTEGRA LIFESCIENCES HOLDNGS,3842.0,A,917520.0
61181,2022,recall,5,1.0,4.0,0.0,,,INTEGRA LIFESCIENCES HOLDNGS,3842.0,A,917520.0
61181,2023,adverse_event,1010,,,,61.0,949.0,INTEGRA LIFESCIENCES HOLDNGS,3842.0,A,917520.0
61181,2023,recall,11,1.0,10.0,0.0,,,INTEGRA LIFESCIENCES HOLDNGS,3842.0,A,917520.0
61181,2024,adverse_event,1081,,,,52.0,1029.0,INTEGRA LIFESCIENCES HOLDNGS,3842.0,A,917520.0
61181,2024,recall,45,0.0,45.0,0.0,,,INTEGRA LIFESCIENCES HOLDNGS,3842.0,A,917520.0
61181,2024,warning_letter,1,,,,,,INTEGRA LIFESCIENCES HOLDNGS,3842.0,A,917520.0
61181,2025,adverse_event,933,,,,60.0,873.0,INTEGRA LIFESCIENCES HOLDNGS,3842.0,A,917520.0
61181,2025,recall,22,8.0,14.0,0.0,,,INTEGRA LIFESCIENCES HOLDNGS,3842.0,A,917520.0
61900,2009,warning_letter,4,,,,,,LCA VISION INC,8093.0,I,1003130.0
61900,2010,warning_letter,1,,,,,,LCA VISION INC,8093.0,I,1003130.0
62263,2020,adverse_event,1,,,,1.0,0.0,ALEXION PHARMACEUTICALS INC,2836.0,I,899866.0
62948,1996,adverse_event,5,,,,5.0,0.0,EXACTECH INC,3842.0,I,913165.0
62948,1997,adverse_event,12,,,,12.0,0.0,EXACTECH INC,3842.0,I,913165.0
62948,1998,adverse_event,9,,,,9.0,0.0,EXACTECH INC,3842.0,I,913165.0
62948,1999,adverse_event,2,,,,2.0,0.0,EXACTECH INC,3842.0,I,913165.0
62948,2000,adverse_event,19,,,,19.0,0.0,EXACTECH INC,3842.0,I,913165.0
62948,2001,adverse_event,18,,,,18.0,0.0,EXACTECH INC,3842.0,I,913165.0
62948,2002,adverse_event,37,,,,37.0,0.0,EXACTECH INC,3842.0,I,913165.0
62948,2003,adverse_event,43,,,,43.0,0.0,EXACTECH INC,3842.0,I,913165.0
62948,2003,recall,3,0.0,0.0,0.0,,,EXACTECH INC,3842.0,I,913165.0
62948,2004,adverse_event,45,,,,45.0,0.0,EXACTECH INC,3842.0,I,913165.0
62948,2004,recall,1,0.0,0.0,0.0,,,EXACTECH INC,3842.0,I,913165.0
62948,2005,adverse_event,44,,,,44.0,0.0,EXACTECH INC,3842.0,I,913165.0
62948,2005,recall,2,0.0,0.0,0.0,,,EXACTECH INC,3842.0,I,913165.0
62948,2006,adverse_event,34,,,,34.0,0.0,EXACTECH INC,3842.0,I,913165.0
62948,2006,recall,3,0.0,0.0,0.0,,,EXACTECH INC,3842.0,I,913165.0
62948,2007,adverse_event,42,,,,42.0,0.0,EXACTECH INC,3842.0,I,913165.0
62948,2007,recall,1,0.0,0.0,0.0,,,EXACTECH INC,3842.0,I,913165.0
62948,2008,adverse_event,67,,,,67.0,0.0,EXACTECH INC,3842.0,I,913165.0
62948,2009,adverse_event,87,,,,87.0,0.0,EXACTECH INC,3842.0,I,913165.0
62948,2009,recall,1,0.0,1.0,0.0,,,EXACTECH INC,3842.0,I,913165.0
62948,2010,adverse_event,192,,,,192.0,0.0,EXACTECH INC,3842.0,I,913165.0
62948,2011,adverse_event,97,,,,97.0,0.0,EXACTECH INC,3842.0,I,913165.0
62948,2011,recall,4,0.0,4.0,0.0,,,EXACTECH INC,3842.0,I,913165.0
62948,2012,adverse_event,116,,,,116.0,0.0,EXACTECH INC,3842.0,I,913165.0
62948,2012,recall,14,0.0,14.0,0.0,,,EXACTECH INC,3842.0,I,913165.0
62948,2013,adverse_event,209,,,,209.0,0.0,EXACTECH INC,3842.0,I,913165.0
62948,2013,recall,3,0.0,3.0,0.0,,,EXACTECH INC,3842.0,I,913165.0
62948,2014,adverse_event,675,,,,674.0,1.0,EXACTECH INC,3842.0,I,913165.0
62948,2014,recall,3,0.0,3.0,0.0,,,EXACTECH INC,3842.0,I,913165.0
62948,2015,adverse_event,776,,,,776.0,0.0,EXACTECH INC,3842.0,I,913165.0
62948,2015,recall,5,0.0,5.0,0.0,,,EXACTECH INC,3842.0,I,913165.0
62948,2016,adverse_event,854,,,,854.0,0.0,EXACTECH INC,3842.0,I,913165.0
62948,2016,recall,12,0.0,12.0,0.0,,,EXACTECH INC,3842.0,I,913165.0
63905,1996,adverse_event,117,,,,117.0,0.0,DEPUY INC,3842.0,I,1019900.0
63905,1997,adverse_event,262,,,,262.0,0.0,DEPUY INC,3842.0,I,1019900.0
66630,2008,recall,1,0.0,0.0,0.0,,,MERGE HEALTHCARE INC,7373.0,I,944765.0
66630,2010,adverse_event,2,,,,0.0,2.0,MERGE HEALTHCARE INC,7373.0,I,944765.0
66630,2011,recall,2,0.0,2.0,0.0,,,MERGE HEALTHCARE INC,7373.0,I,944765.0
66630,2012,adverse_event,1,,,,1.0,0.0,MERGE HEALTHCARE INC,7373.0,I,944765.0
66630,2012,recall,2,0.0,2.0,0.0,,,MERGE HEALTHCARE INC,7373.0,I,944765.0
66630,2013,adverse_event,1,,,,1.0,0.0,MERGE HEALTHCARE INC,7373.0,I,944765.0
66630,2013,recall,1,0.0,1.0,0.0,,,MERGE HEALTHCARE INC,7373.0,I,944765.0
66630,2014,adverse_event,3,,,,2.0,1.0,MERGE HEALTHCARE INC,7373.0,I,944765.0
66630,2014,recall,3,0.0,3.0,0.0,,,MERGE HEALTHCARE INC,7373.0,I,944765.0
100080,1996,adverse_event,1,,,,1.0,0.0,BAYER AG,2800.0,A,1144145.0
100080,1997,adverse_event,10,,,,10.0,0.0,BAYER AG,2800.0,A,1144145.0
100080,1998,adverse_event,6,,,,6.0,0.0,BAYER AG,2800.0,A,1144145.0
100080,1999,adverse_event,6,,,,6.0,0.0,BAYER AG,2800.0,A,1144145.0
100080,2000,adverse_event,10,,,,10.0,0.0,BAYER AG,2800.0,A,1144145.0
100080,2001,adverse_event,4,,,,4.0,0.0,BAYER AG,2800.0,A,1144145.0
100080,2002,adverse_event,8,,,,8.0,0.0,BAYER AG,2800.0,A,1144145.0
100080,2003,adverse_event,3,,,,3.0,0.0,BAYER AG,2800.0,A,1144145.0
100080,2003,recall,1,0.0,0.0,0.0,,,BAYER AG,2800.0,A,1144145.0
100080,2004,adverse_event,9,,,,9.0,0.0,BAYER AG,2800.0,A,1144145.0
100080,2005,adverse_event,2,,,,2.0,0.0,BAYER AG,2800.0,A,1144145.0
100080,2006,adverse_event,2,,,,2.0,0.0,BAYER AG,2800.0,A,1144145.0
100080,2007,adverse_event,3,,,,3.0,0.0,BAYER AG,2800.0,A,1144145.0
100080,2008,adverse_event,7,,,,7.0,0.0,BAYER AG,2800.0,A,1144145.0
100080,2009,adverse_event,4,,,,4.0,0.0,BAYER AG,2800.0,A,1144145.0
100080,2010,adverse_event,3,,,,3.0,0.0,BAYER AG,2800.0,A,1144145.0
100080,2011,adverse_event,2,,,,2.0,0.0,BAYER AG,2800.0,A,1144145.0
100080,2012,adverse_event,3,,,,3.0,0.0,BAYER AG,2800.0,A,1144145.0
100080,2013,adverse_event,157,,,,157.0,0.0,BAYER AG,2800.0,A,1144145.0
100080,2014,adverse_event,1135,,,,1135.0,0.0,BAYER AG,2800.0,A,1144145.0
100080,2014,recall,1,0.0,1.0,0.0,,,BAYER AG,2800.0,A,1144145.0
100080,2015,adverse_event,3725,,,,3725.0,0.0,BAYER AG,2800.0,A,1144145.0
100080,2016,adverse_event,2005,,,,2005.0,0.0,BAYER AG,2800.0,A,1144145.0
100080,2017,adverse_event,605,,,,605.0,0.0,BAYER AG,2800.0,A,1144145.0
100080,2018,adverse_event,178,,,,178.0,0.0,BAYER AG,2800.0,A,1144145.0
100080,2020,adverse_event,1,,,,1.0,0.0,BAYER AG,2800.0,A,1144145.0
100080,2021,adverse_event,1,,,,1.0,0.0,BAYER AG,2800.0,A,1144145.0
100080,2022,adverse_event,7,,,,7.0,0.0,BAYER AG,2800.0,A,1144145.0
100080,2023,adverse_event,3,,,,3.0,0.0,BAYER AG,2800.0,A,1144145.0
100080,2025,adverse_event,1,,,,1.0,0.0,BAYER AG,2800.0,A,1144145.0
101204,2002,adverse_event,1,,,,0.0,1.0,SANOFI,2834.0,A,1121404.0
101204,2005,adverse_event,3,,,,0.0,3.0,SANOFI,2834.0,A,1121404.0
101204,2006,adverse_event,20,,,,1.0,19.0,SANOFI,2834.0,A,1121404.0
101204,2007,adverse_event,7,,,,0.0,7.0,SANOFI,2834.0,A,1121404.0
101204,2008,adverse_event,4,,,,0.0,4.0,SANOFI,2834.0,A,1121404.0
101204,2009,adverse_event,11,,,,1.0,10.0,SANOFI,2834.0,A,1121404.0
101204,2010,adverse_event,33,,,,2.0,31.0,SANOFI,2834.0,A,1121404.0
101204,2011,adverse_event,18,,,,0.0,18.0,SANOFI,2834.0,A,1121404.0
101204,2012,adverse_event,6,,,,1.0,5.0,SANOFI,2834.0,A,1121404.0
101204,2013,adverse_event,3,,,,0.0,3.0,SANOFI,2834.0,A,1121404.0
101204,2014,adverse_event,7,,,,1.0,6.0,SANOFI,2834.0,A,1121404.0
101204,2015,adverse_event,5,,,,2.0,3.0,SANOFI,2834.0,A,1121404.0
101204,2016,adverse_event,5,,,,1.0,4.0,SANOFI,2834.0,A,1121404.0
101204,2017,adverse_event,14,,,,1.0,13.0,SANOFI,2834.0,A,1121404.0
101204,2018,adverse_event,17,,,,0.0,17.0,SANOFI,2834.0,A,1121404.0
101204,2019,adverse_event,5,,,,0.0,5.0,SANOFI,2834.0,A,1121404.0
101204,2020,adverse_event,5,,,,1.0,4.0,SANOFI,2834.0,A,1121404.0
101204,2021,adverse_event,10,,,,0.0,10.0,SANOFI,2834.0,A,1121404.0
101204,2022,adverse_event,3,,,,0.0,3.0,SANOFI,2834.0,A,1121404.0
101204,2023,adverse_event,1,,,,0.0,1.0,SANOFI,2834.0,A,1121404.0
101204,2024,adverse_event,4,,,,0.0,4.0,SANOFI,2834.0,A,1121404.0
101204,2025,adverse_event,8,,,,2.0,6.0,SANOFI,2834.0,A,1121404.0
101317,1999,adverse_event,238,,,,13.0,225.0,SMITH & NEPHEW PLC,3842.0,A,845982.0
101317,2000,adverse_event,231,,,,12.0,219.0,SMITH & NEPHEW PLC,3842.0,A,845982.0
101317,2001,adverse_event,345,,,,13.0,332.0,SMITH & NEPHEW PLC,3842.0,A,845982.0
101317,2002,adverse_event,422,,,,46.0,376.0,SMITH & NEPHEW PLC,3842.0,A,845982.0
101317,2002,recall,1,0.0,0.0,0.0,,,SMITH & NEPHEW PLC,3842.0,A,845982.0
101317,2003,adverse_event,548,,,,50.0,498.0,SMITH & NEPHEW PLC,3842.0,A,845982.0
101317,2003,recall,3,0.0,0.0,0.0,,,SMITH & NEPHEW PLC,3842.0,A,845982.0
101317,2004,adverse_event,934,,,,47.0,887.0,SMITH & NEPHEW PLC,3842.0,A,845982.0
101317,2004,recall,7,0.0,0.0,0.0,,,SMITH & NEPHEW PLC,3842.0,A,845982.0
101317,2005,adverse_event,727,,,,125.0,602.0,SMITH & NEPHEW PLC,3842.0,A,845982.0
101317,2006,adverse_event,674,,,,104.0,570.0,SMITH & NEPHEW PLC,3842.0,A,845982.0
101317,2006,recall,19,0.0,0.0,0.0,,,SMITH & NEPHEW PLC,3842.0,A,845982.0
101317,2007,adverse_event,878,,,,87.0,791.0,SMITH & NEPHEW PLC,3842.0,A,845982.0
101317,2007,recall,72,0.0,0.0,0.0,,,SMITH & NEPHEW PLC,3842.0,A,845982.0
101317,2008,adverse_event,949,,,,141.0,808.0,SMITH & NEPHEW PLC,3842.0,A,845982.0
101317,2008,recall,18,0.0,0.0,0.0,,,SMITH & NEPHEW PLC,3842.0,A,845982.0
101317,2009,adverse_event,337,,,,192.0,145.0,SMITH & NEPHEW PLC,3842.0,A,845982.0
101317,2009,recall,62,0.0,0.0,0.0,,,SMITH & NEPHEW PLC,3842.0,A,845982.0
101317,2010,adverse_event,860,,,,398.0,462.0,SMITH & NEPHEW PLC,3842.0,A,845982.0
101317,2010,recall,32,0.0,0.0,0.0,,,SMITH & NEPHEW PLC,3842.0,A,845982.0
101317,2010,warning_letter,1,,,,,,SMITH & NEPHEW PLC,3842.0,A,845982.0
101317,2011,adverse_event,1403,,,,853.0,550.0,SMITH & NEPHEW PLC,3842.0,A,845982.0
101317,2011,recall,17,0.0,0.0,0.0,,,SMITH & NEPHEW PLC,3842.0,A,845982.0
101317,2012,adverse_event,1671,,,,1257.0,414.0,SMITH & NEPHEW PLC,3842.0,A,845982.0
101317,2012,recall,74,0.0,7.0,0.0,,,SMITH & NEPHEW PLC,3842.0,A,845982.0
101317,2013,adverse_event,1606,,,,1456.0,150.0,SMITH & NEPHEW PLC,3842.0,A,845982.0
101317,2013,recall,43,0.0,43.0,0.0,,,SMITH & NEPHEW PLC,3842.0,A,845982.0
101317,2014,adverse_event,2115,,,,1702.0,413.0,SMITH & NEPHEW PLC,3842.0,A,845982.0
101317,2014,recall,22,0.0,22.0,0.0,,,SMITH & NEPHEW PLC,3842.0,A,845982.0
101317,2014,warning_letter,1,,,,,,SMITH & NEPHEW PLC,3842.0,A,845982.0
101317,2015,adverse_event,3428,,,,3117.0,311.0,SMITH & NEPHEW PLC,3842.0,A,845982.0
101317,2015,recall,13,0.0,13.0,0.0,,,SMITH & NEPHEW PLC,3842.0,A,845982.0
101317,2015,warning_letter,1,,,,,,SMITH & NEPHEW PLC,3842.0,A,845982.0
101317,2016,adverse_event,3711,,,,3511.0,200.0,SMITH & NEPHEW PLC,3842.0,A,845982.0
101317,2016,recall,35,0.0,35.0,0.0,,,SMITH & NEPHEW PLC,3842.0,A,845982.0
101317,2017,adverse_event,6134,,,,5806.0,328.0,SMITH & NEPHEW PLC,3842.0,A,845982.0
101317,2017,recall,49,0.0,49.0,0.0,,,SMITH & NEPHEW PLC,3842.0,A,845982.0
101317,2018,adverse_event,7140,,,,6646.0,494.0,SMITH & NEPHEW PLC,3842.0,A,845982.0
101317,2018,recall,20,0.0,20.0,0.0,,,SMITH & NEPHEW PLC,3842.0,A,845982.0
101317,2019,adverse_event,9201,,,,8206.0,995.0,SMITH & NEPHEW PLC,3842.0,A,845982.0
101317,2019,recall,8,0.0,8.0,0.0,,,SMITH & NEPHEW PLC,3842.0,A,845982.0
101317,2020,adverse_event,18051,,,,13628.0,4423.0,SMITH & NEPHEW PLC,3842.0,A,845982.0
101317,2020,recall,62,0.0,62.0,0.0,,,SMITH & NEPHEW PLC,3842.0,A,845982.0
101317,2021,adverse_event,17497,,,,15420.0,2077.0,SMITH & NEPHEW PLC,3842.0,A,845982.0
101317,2021,recall,9,0.0,9.0,0.0,,,SMITH & NEPHEW PLC,3842.0,A,845982.0
101317,2022,adverse_event,9097,,,,8873.0,224.0,SMITH & NEPHEW PLC,3842.0,A,845982.0
101317,2022,recall,4,0.0,4.0,0.0,,,SMITH & NEPHEW PLC,3842.0,A,845982.0
101317,2023,adverse_event,6648,,,,6537.0,111.0,SMITH & NEPHEW PLC,3842.0,A,845982.0
101317,2023,recall,10,0.0,10.0,0.0,,,SMITH & NEPHEW PLC,3842.0,A,845982.0
101317,2024,adverse_event,6954,,,,6837.0,117.0,SMITH & NEPHEW PLC,3842.0,A,845982.0
101317,2024,recall,11,0.0,11.0,0.0,,,SMITH & NEPHEW PLC,3842.0,A,845982.0
101317,2025,adverse_event,6461,,,,6339.0,122.0,SMITH & NEPHEW PLC,3842.0,A,845982.0
101317,2025,recall,2,0.0,2.0,0.0,,,SMITH & NEPHEW PLC,3842.0,A,845982.0
126554,2000,adverse_event,297,,,,272.0,25.0,AGILENT TECHNOLOGIES INC,3826.0,A,1090872.0
126554,2001,adverse_event,240,,,,219.0,21.0,AGILENT TECHNOLOGIES INC,3826.0,A,1090872.0
126554,2002,adverse_event,94,,,,72.0,22.0,AGILENT TECHNOLOGIES INC,3826.0,A,1090872.0
126554,2003,adverse_event,89,,,,65.0,24.0,AGILENT TECHNOLOGIES INC,3826.0,A,1090872.0
126554,2004,adverse_event,60,,,,53.0,7.0,AGILENT TECHNOLOGIES INC,3826.0,A,1090872.0
126554,2005,adverse_event,64,,,,59.0,5.0,AGILENT TECHNOLOGIES INC,3826.0,A,1090872.0
126554,2006,adverse_event,53,,,,48.0,5.0,AGILENT TECHNOLOGIES INC,3826.0,A,1090872.0
126554,2007,adverse_event,34,,,,32.0,2.0,AGILENT TECHNOLOGIES INC,3826.0,A,1090872.0
126554,2008,adverse_event,27,,,,20.0,7.0,AGILENT TECHNOLOGIES INC,3826.0,A,1090872.0
126554,2009,adverse_event,51,,,,49.0,2.0,AGILENT TECHNOLOGIES INC,3826.0,A,1090872.0
126554,2010,adverse_event,48,,,,48.0,0.0,AGILENT TECHNOLOGIES INC,3826.0,A,1090872.0
126554,2011,adverse_event,68,,,,68.0,0.0,AGILENT TECHNOLOGIES INC,3826.0,A,1090872.0
126554,2012,adverse_event,45,,,,45.0,0.0,AGILENT TECHNOLOGIES INC,3826.0,A,1090872.0
126554,2012,recall,1,0.0,1.0,0.0,,,AGILENT TECHNOLOGIES INC,3826.0,A,1090872.0
126554,2013,adverse_event,18,,,,18.0,0.0,AGILENT TECHNOLOGIES INC,3826.0,A,1090872.0
126554,2013,warning_letter,1,,,,,,AGILENT TECHNOLOGIES INC,3826.0,A,1090872.0
126554,2014,adverse_event,7,,,,6.0,1.0,AGILENT TECHNOLOGIES INC,3826.0,A,1090872.0
126554,2016,recall,1,0.0,1.0,0.0,,,AGILENT TECHNOLOGIES INC,3826.0,A,1090872.0
126554,2018,adverse_event,2,,,,1.0,1.0,AGILENT TECHNOLOGIES INC,3826.0,A,1090872.0
126554,2019,recall,1,0.0,1.0,0.0,,,AGILENT TECHNOLOGIES INC,3826.0,A,1090872.0
126554,2020,adverse_event,32,,,,15.0,17.0,AGILENT TECHNOLOGIES INC,3826.0,A,1090872.0
126554,2021,adverse_event,315,,,,5.0,310.0,AGILENT TECHNOLOGIES INC,3826.0,A,1090872.0
126554,2022,adverse_event,138,,,,0.0,138.0,AGILENT TECHNOLOGIES INC,3826.0,A,1090872.0
126554,2023,adverse_event,114,,,,6.0,108.0,AGILENT TECHNOLOGIES INC,3826.0,A,1090872.0
126554,2024,adverse_event,90,,,,0.0,90.0,AGILENT TECHNOLOGIES INC,3826.0,A,1090872.0
126554,2025,adverse_event,51,,,,3.0,48.0,AGILENT TECHNOLOGIES INC,3826.0,A,1090872.0
126554,2025,recall,3,0.0,3.0,0.0,,,AGILENT TECHNOLOGIES INC,3826.0,A,1090872.0
129441,2009,adverse_event,4,,,,4.0,0.0,ZYNEX INC,3845.0,I,846475.0
129441,2009,recall,1,0.0,1.0,0.0,,,ZYNEX INC,3845.0,I,846475.0
129441,2010,adverse_event,5,,,,5.0,0.0,ZYNEX INC,3845.0,I,846475.0
129441,2011,adverse_event,7,,,,7.0,0.0,ZYNEX INC,3845.0,I,846475.0
129441,2012,adverse_event,16,,,,16.0,0.0,ZYNEX INC,3845.0,I,846475.0
129441,2013,adverse_event,3,,,,3.0,0.0,ZYNEX INC,3845.0,I,846475.0
129441,2014,adverse_event,9,,,,9.0,0.0,ZYNEX INC,3845.0,I,846475.0
129441,2014,warning_letter,1,,,,,,ZYNEX INC,3845.0,I,846475.0
129441,2015,adverse_event,17,,,,17.0,0.0,ZYNEX INC,3845.0,I,846475.0
129441,2016,adverse_event,4,,,,4.0,0.0,ZYNEX INC,3845.0,I,846475.0
129441,2019,adverse_event,1,,,,1.0,0.0,ZYNEX INC,3845.0,I,846475.0
129441,2023,adverse_event,1,,,,1.0,0.0,ZYNEX INC,3845.0,I,846475.0
133366,2000,adverse_event,3,,,,1.0,2.0,EDWARDS LIFESCIENCES CORP,3842.0,A,1099800.0
133366,2001,adverse_event,362,,,,362.0,0.0,EDWARDS LIFESCIENCES CORP,3842.0,A,1099800.0
133366,2002,adverse_event,516,,,,515.0,1.0,EDWARDS LIFESCIENCES CORP,3842.0,A,1099800.0
133366,2003,adverse_event,358,,,,356.0,2.0,EDWARDS LIFESCIENCES CORP,3842.0,A,1099800.0
133366,2004,adverse_event,500,,,,499.0,1.0,EDWARDS LIFESCIENCES CORP,3842.0,A,1099800.0
133366,2004,recall,1,0.0,0.0,0.0,,,EDWARDS LIFESCIENCES CORP,3842.0,A,1099800.0
133366,2005,adverse_event,693,,,,692.0,1.0,EDWARDS LIFESCIENCES CORP,3842.0,A,1099800.0
133366,2005,recall,1,0.0,0.0,0.0,,,EDWARDS LIFESCIENCES CORP,3842.0,A,1099800.0
133366,2006,adverse_event,716,,,,712.0,4.0,EDWARDS LIFESCIENCES CORP,3842.0,A,1099800.0
133366,2006,recall,8,0.0,0.0,0.0,,,EDWARDS LIFESCIENCES CORP,3842.0,A,1099800.0
133366,2007,adverse_event,1563,,,,1422.0,141.0,EDWARDS LIFESCIENCES CORP,3842.0,A,1099800.0
133366,2007,recall,53,0.0,0.0,0.0,,,EDWARDS LIFESCIENCES CORP,3842.0,A,1099800.0
133366,2008,adverse_event,3685,,,,3303.0,382.0,EDWARDS LIFESCIENCES CORP,3842.0,A,1099800.0
133366,2008,recall,9,0.0,0.0,0.0,,,EDWARDS LIFESCIENCES CORP,3842.0,A,1099800.0
133366,2009,adverse_event,2963,,,,2678.0,285.0,EDWARDS LIFESCIENCES CORP,3842.0,A,1099800.0
133366,2009,recall,11,0.0,0.0,0.0,,,EDWARDS LIFESCIENCES CORP,3842.0,A,1099800.0
133366,2010,adverse_event,2385,,,,2058.0,327.0,EDWARDS LIFESCIENCES CORP,3842.0,A,1099800.0
133366,2010,recall,5,0.0,0.0,0.0,,,EDWARDS LIFESCIENCES CORP,3842.0,A,1099800.0
133366,2010,warning_letter,1,,,,,,EDWARDS LIFESCIENCES CORP,3842.0,A,1099800.0
133366,2011,adverse_event,2252,,,,1804.0,448.0,EDWARDS LIFESCIENCES CORP,3842.0,A,1099800.0
133366,2011,recall,3,0.0,0.0,0.0,,,EDWARDS LIFESCIENCES CORP,3842.0,A,1099800.0
133366,2012,adverse_event,2523,,,,2085.0,438.0,EDWARDS LIFESCIENCES CORP,3842.0,A,1099800.0
133366,2012,recall,12,0.0,12.0,0.0,,,EDWARDS LIFESCIENCES CORP,3842.0,A,1099800.0
133366,2013,adverse_event,3241,,,,2853.0,388.0,EDWARDS LIFESCIENCES CORP,3842.0,A,1099800.0
133366,2013,recall,14,1.0,12.0,1.0,,,EDWARDS LIFESCIENCES CORP,3842.0,A,1099800.0
133366,2013,warning_letter,1,,,,,,EDWARDS LIFESCIENCES CORP,3842.0,A,1099800.0
133366,2014,adverse_event,3335,,,,3046.0,289.0,EDWARDS LIFESCIENCES CORP,3842.0,A,1099800.0
133366,2014,recall,4,0.0,4.0,0.0,,,EDWARDS LIFESCIENCES CORP,3842.0,A,1099800.0
133366,2015,adverse_event,3706,,,,3366.0,340.0,EDWARDS LIFESCIENCES CORP,3842.0,A,1099800.0
133366,2015,recall,8,0.0,8.0,0.0,,,EDWARDS LIFESCIENCES CORP,3842.0,A,1099800.0
133366,2016,adverse_event,3951,,,,3570.0,381.0,EDWARDS LIFESCIENCES CORP,3842.0,A,1099800.0
133366,2017,adverse_event,4594,,,,4242.0,352.0,EDWARDS LIFESCIENCES CORP,3842.0,A,1099800.0
133366,2017,recall,3,1.0,2.0,0.0,,,EDWARDS LIFESCIENCES CORP,3842.0,A,1099800.0
133366,2018,adverse_event,5634,,,,5286.0,348.0,EDWARDS LIFESCIENCES CORP,3842.0,A,1099800.0
133366,2018,recall,6,4.0,2.0,0.0,,,EDWARDS LIFESCIENCES CORP,3842.0,A,1099800.0
133366,2019,adverse_event,5057,,,,4677.0,380.0,EDWARDS LIFESCIENCES CORP,3842.0,A,1099800.0
133366,2019,recall,13,8.0,5.0,0.0,,,EDWARDS LIFESCIENCES CORP,3842.0,A,1099800.0
133366,2020,adverse_event,5468,,,,5173.0,295.0,EDWARDS LIFESCIENCES CORP,3842.0,A,1099800.0
133366,2020,recall,1,0.0,1.0,0.0,,,EDWARDS LIFESCIENCES CORP,3842.0,A,1099800.0
133366,2021,adverse_event,6347,,,,6023.0,324.0,EDWARDS LIFESCIENCES CORP,3842.0,A,1099800.0
133366,2021,recall,14,0.0,14.0,0.0,,,EDWARDS LIFESCIENCES CORP,3842.0,A,1099800.0
133366,2022,adverse_event,7157,,,,6619.0,538.0,EDWARDS LIFESCIENCES CORP,3842.0,A,1099800.0
133366,2022,recall,4,0.0,4.0,0.0,,,EDWARDS LIFESCIENCES CORP,3842.0,A,1099800.0
133366,2023,adverse_event,8827,,,,8343.0,484.0,EDWARDS LIFESCIENCES CORP,3842.0,A,1099800.0
133366,2023,recall,10,0.0,10.0,0.0,,,EDWARDS LIFESCIENCES CORP,3842.0,A,1099800.0
133366,2024,adverse_event,9918,,,,9356.0,562.0,EDWARDS LIFESCIENCES CORP,3842.0,A,1099800.0
133366,2025,adverse_event,10478,,,,9880.0,598.0,EDWARDS LIFESCIENCES CORP,3842.0,A,1099800.0
133366,2025,recall,6,6.0,0.0,0.0,,,EDWARDS LIFESCIENCES CORP,3842.0,A,1099800.0
133504,2008,recall,1,0.0,0.0,0.0,,,LUMINEX CORP,2835.0,I,1033905.0
133504,2009,warning_letter,1,,,,,,LUMINEX CORP,2835.0,I,1033905.0
133504,2011,adverse_event,2,,,,0.0,2.0,LUMINEX CORP,2835.0,I,1033905.0
133504,2011,recall,1,0.0,0.0,0.0,,,LUMINEX CORP,2835.0,I,1033905.0
133504,2012,adverse_event,1,,,,0.0,1.0,LUMINEX CORP,2835.0,I,1033905.0
133504,2013,recall,8,0.0,7.0,1.0,,,LUMINEX CORP,2835.0,I,1033905.0
133504,2014,adverse_event,1,,,,0.0,1.0,LUMINEX CORP,2835.0,I,1033905.0
133504,2014,recall,3,0.0,2.0,1.0,,,LUMINEX CORP,2835.0,I,1033905.0
133504,2015,warning_letter,1,,,,,,LUMINEX CORP,2835.0,I,1033905.0
133504,2016,adverse_event,1,,,,0.0,1.0,LUMINEX CORP,2835.0,I,1033905.0
133504,2017,recall,1,0.0,1.0,0.0,,,LUMINEX CORP,2835.0,I,1033905.0
133504,2018,recall,5,0.0,4.0,1.0,,,LUMINEX CORP,2835.0,I,1033905.0
133504,2019,recall,8,0.0,8.0,0.0,,,LUMINEX CORP,2835.0,I,1033905.0
133504,2020,adverse_event,38,,,,34.0,4.0,LUMINEX CORP,2835.0,I,1033905.0
133504,2020,recall,10,0.0,10.0,0.0,,,LUMINEX CORP,2835.0,I,1033905.0
133504,2020,warning_letter,1,,,,,,LUMINEX CORP,2835.0,I,1033905.0
136725,2000,adverse_event,3,,,,3.0,0.0,INTUITIVE SURGICAL INC,3845.0,A,1035267.0
136725,2001,adverse_event,66,,,,66.0,0.0,INTUITIVE SURGICAL INC,3845.0,A,1035267.0
136725,2002,adverse_event,89,,,,89.0,0.0,INTUITIVE SURGICAL INC,3845.0,A,1035267.0
136725,2003,adverse_event,75,,,,75.0,0.0,INTUITIVE SURGICAL INC,3845.0,A,1035267.0
136725,2004,adverse_event,190,,,,190.0,0.0,INTUITIVE SURGICAL INC,3845.0,A,1035267.0
136725,2005,adverse_event,129,,,,129.0,0.0,INTUITIVE SURGICAL INC,3845.0,A,1035267.0
136725,2005,recall,2,0.0,0.0,0.0,,,INTUITIVE SURGICAL INC,3845.0,A,1035267.0
136725,2006,adverse_event,164,,,,164.0,0.0,INTUITIVE SURGICAL INC,3845.0,A,1035267.0
136725,2006,recall,1,0.0,0.0,0.0,,,INTUITIVE SURGICAL INC,3845.0,A,1035267.0
136725,2007,adverse_event,616,,,,616.0,0.0,INTUITIVE SURGICAL INC,3845.0,A,1035267.0
136725,2007,recall,11,0.0,0.0,0.0,,,INTUITIVE SURGICAL INC,3845.0,A,1035267.0
136725,2008,adverse_event,788,,,,787.0,1.0,INTUITIVE SURGICAL INC,3845.0,A,1035267.0
136725,2008,recall,3,0.0,0.0,0.0,,,INTUITIVE SURGICAL INC,3845.0,A,1035267.0
136725,2009,adverse_event,479,,,,479.0,0.0,INTUITIVE SURGICAL INC,3845.0,A,1035267.0
136725,2009,recall,1,0.0,0.0,0.0,,,INTUITIVE SURGICAL INC,3845.0,A,1035267.0
136725,2010,adverse_event,627,,,,627.0,0.0,INTUITIVE SURGICAL INC,3845.0,A,1035267.0
136725,2011,adverse_event,505,,,,500.0,5.0,INTUITIVE SURGICAL INC,3845.0,A,1035267.0
136725,2011,recall,7,0.0,6.0,0.0,,,INTUITIVE SURGICAL INC,3845.0,A,1035267.0
136725,2012,adverse_event,1585,,,,1584.0,1.0,INTUITIVE SURGICAL INC,3845.0,A,1035267.0
136725,2012,recall,9,0.0,8.0,0.0,,,INTUITIVE SURGICAL INC,3845.0,A,1035267.0
136725,2013,adverse_event,6225,,,,6224.0,1.0,INTUITIVE SURGICAL INC,3845.0,A,1035267.0
136725,2013,recall,20,0.0,19.0,1.0,,,INTUITIVE SURGICAL INC,3845.0,A,1035267.0
136725,2013,warning_letter,1,,,,,,INTUITIVE SURGICAL INC,3845.0,A,1035267.0
136725,2014,adverse_event,6125,,,,6123.0,2.0,INTUITIVE SURGICAL INC,3845.0,A,1035267.0
136725,2014,recall,49,0.0,49.0,0.0,,,INTUITIVE SURGICAL INC,3845.0,A,1035267.0
136725,2015,adverse_event,1703,,,,1702.0,1.0,INTUITIVE SURGICAL INC,3845.0,A,1035267.0
136725,2015,recall,38,0.0,38.0,0.0,,,INTUITIVE SURGICAL INC,3845.0,A,1035267.0
136725,2016,adverse_event,1085,,,,1080.0,5.0,INTUITIVE SURGICAL INC,3845.0,A,1035267.0
136725,2016,recall,13,0.0,13.0,0.0,,,INTUITIVE SURGICAL INC,3845.0,A,1035267.0
136725,2017,adverse_event,1071,,,,1066.0,5.0,INTUITIVE SURGICAL INC,3845.0,A,1035267.0
136725,2017,recall,19,0.0,19.0,0.0,,,INTUITIVE SURGICAL INC,3845.0,A,1035267.0
136725,2018,adverse_event,1118,,,,1118.0,0.0,INTUITIVE SURGICAL INC,3845.0,A,1035267.0
136725,2018,recall,13,0.0,13.0,0.0,,,INTUITIVE SURGICAL INC,3845.0,A,1035267.0
136725,2019,adverse_event,1213,,,,1212.0,1.0,INTUITIVE SURGICAL INC,3845.0,A,1035267.0
136725,2019,recall,13,0.0,13.0,0.0,,,INTUITIVE SURGICAL INC,3845.0,A,1035267.0
136725,2020,adverse_event,1650,,,,1650.0,0.0,INTUITIVE SURGICAL INC,3845.0,A,1035267.0
136725,2020,recall,3,0.0,3.0,0.0,,,INTUITIVE SURGICAL INC,3845.0,A,1035267.0
136725,2021,adverse_event,2090,,,,2087.0,3.0,INTUITIVE SURGICAL INC,3845.0,A,1035267.0
136725,2021,recall,4,0.0,4.0,0.0,,,INTUITIVE SURGICAL INC,3845.0,A,1035267.0
136725,2022,adverse_event,6526,,,,6523.0,3.0,INTUITIVE SURGICAL INC,3845.0,A,1035267.0
136725,2022,recall,8,0.0,8.0,0.0,,,INTUITIVE SURGICAL INC,3845.0,A,1035267.0
136725,2023,adverse_event,12228,,,,12228.0,0.0,INTUITIVE SURGICAL INC,3845.0,A,1035267.0
136725,2023,recall,4,0.0,4.0,0.0,,,INTUITIVE SURGICAL INC,3845.0,A,1035267.0
136725,2024,adverse_event,13969,,,,13969.0,0.0,INTUITIVE SURGICAL INC,3845.0,A,1035267.0
136725,2024,recall,42,0.0,42.0,0.0,,,INTUITIVE SURGICAL INC,3845.0,A,1035267.0
136725,2025,adverse_event,50519,,,,50518.0,1.0,INTUITIVE SURGICAL INC,3845.0,A,1035267.0
136725,2025,recall,13,0.0,12.0,0.0,,,INTUITIVE SURGICAL INC,3845.0,A,1035267.0
136804,2005,recall,1,0.0,0.0,0.0,,,CEPHEID INC,3826.0,I,1037760.0
136804,2007,recall,1,0.0,0.0,0.0,,,CEPHEID INC,3826.0,I,1037760.0
136804,2010,adverse_event,1,,,,1.0,0.0,CEPHEID INC,3826.0,I,1037760.0
136804,2010,recall,3,0.0,0.0,0.0,,,CEPHEID INC,3826.0,I,1037760.0
136804,2011,adverse_event,1,,,,1.0,0.0,CEPHEID INC,3826.0,I,1037760.0
136804,2011,recall,2,0.0,0.0,0.0,,,CEPHEID INC,3826.0,I,1037760.0
136804,2012,adverse_event,1,,,,1.0,0.0,CEPHEID INC,3826.0,I,1037760.0
136804,2013,adverse_event,1,,,,1.0,0.0,CEPHEID INC,3826.0,I,1037760.0
136804,2014,adverse_event,1,,,,1.0,0.0,CEPHEID INC,3826.0,I,1037760.0
136804,2015,recall,2,0.0,0.0,2.0,,,CEPHEID INC,3826.0,I,1037760.0
136804,2015,warning_letter,1,,,,,,CEPHEID INC,3826.0,I,1037760.0
141384,2001,adverse_event,1,,,,1.0,0.0,ALIGN TECHNOLOGY INC,3843.0,A,1097149.0
141384,2003,adverse_event,1,,,,1.0,0.0,ALIGN TECHNOLOGY INC,3843.0,A,1097149.0
141384,2004,adverse_event,1,,,,1.0,0.0,ALIGN TECHNOLOGY INC,3843.0,A,1097149.0
141384,2006,adverse_event,1,,,,1.0,0.0,ALIGN TECHNOLOGY INC,3843.0,A,1097149.0
141384,2007,adverse_event,2,,,,2.0,0.0,ALIGN TECHNOLOGY INC,3843.0,A,1097149.0
141384,2008,adverse_event,3,,,,3.0,0.0,ALIGN TECHNOLOGY INC,3843.0,A,1097149.0
141384,2009,adverse_event,1,,,,1.0,0.0,ALIGN TECHNOLOGY INC,3843.0,A,1097149.0
141384,2010,adverse_event,10,,,,10.0,0.0,ALIGN TECHNOLOGY INC,3843.0,A,1097149.0
141384,2010,warning_letter,1,,,,,,ALIGN TECHNOLOGY INC,3843.0,A,1097149.0
141384,2011,adverse_event,50,,,,50.0,0.0,ALIGN TECHNOLOGY INC,3843.0,A,1097149.0
141384,2012,adverse_event,16,,,,16.0,0.0,ALIGN TECHNOLOGY INC,3843.0,A,1097149.0
141384,2013,adverse_event,16,,,,16.0,0.0,ALIGN TECHNOLOGY INC,3843.0,A,1097149.0
141384,2014,adverse_event,18,,,,18.0,0.0,ALIGN TECHNOLOGY INC,3843.0,A,1097149.0
141384,2015,adverse_event,30,,,,30.0,0.0,ALIGN TECHNOLOGY INC,3843.0,A,1097149.0
141384,2016,adverse_event,32,,,,32.0,0.0,ALIGN TECHNOLOGY INC,3843.0,A,1097149.0
141384,2017,adverse_event,39,,,,39.0,0.0,ALIGN TECHNOLOGY INC,3843.0,A,1097149.0
141384,2018,adverse_event,62,,,,62.0,0.0,ALIGN TECHNOLOGY INC,3843.0,A,1097149.0
141384,2019,adverse_event,78,,,,77.0,1.0,ALIGN TECHNOLOGY INC,3843.0,A,1097149.0
141384,2020,adverse_event,64,,,,64.0,0.0,ALIGN TECHNOLOGY INC,3843.0,A,1097149.0
141384,2021,adverse_event,44,,,,44.0,0.0,ALIGN TECHNOLOGY INC,3843.0,A,1097149.0
141384,2022,adverse_event,55,,,,54.0,1.0,ALIGN TECHNOLOGY INC,3843.0,A,1097149.0
141384,2022,recall,1,0.0,1.0,0.0,,,ALIGN TECHNOLOGY INC,3843.0,A,1097149.0
141384,2023,adverse_event,74,,,,74.0,0.0,ALIGN TECHNOLOGY INC,3843.0,A,1097149.0
141384,2024,adverse_event,95,,,,94.0,1.0,ALIGN TECHNOLOGY INC,3843.0,A,1097149.0
141384,2025,adverse_event,154,,,,154.0,0.0,ALIGN TECHNOLOGY INC,3843.0,A,1097149.0
144436,2005,adverse_event,2,,,,2.0,0.0,NATUS MEDICAL INC,3845.0,I,878526.0
144436,2005,recall,1,0.0,0.0,0.0,,,NATUS MEDICAL INC,3845.0,I,878526.0
144436,2006,adverse_event,1,,,,1.0,0.0,NATUS MEDICAL INC,3845.0,I,878526.0
144436,2009,adverse_event,4,,,,4.0,0.0,NATUS MEDICAL INC,3845.0,I,878526.0
144436,2009,recall,1,0.0,0.0,0.0,,,NATUS MEDICAL INC,3845.0,I,878526.0
144436,2010,adverse_event,6,,,,6.0,0.0,NATUS MEDICAL INC,3845.0,I,878526.0
144436,2010,recall,1,0.0,0.0,0.0,,,NATUS MEDICAL INC,3845.0,I,878526.0
144436,2011,adverse_event,16,,,,15.0,1.0,NATUS MEDICAL INC,3845.0,I,878526.0
144436,2012,adverse_event,11,,,,10.0,1.0,NATUS MEDICAL INC,3845.0,I,878526.0
144436,2012,recall,2,1.0,1.0,0.0,,,NATUS MEDICAL INC,3845.0,I,878526.0
144436,2013,adverse_event,11,,,,11.0,0.0,NATUS MEDICAL INC,3845.0,I,878526.0
144436,2014,adverse_event,2,,,,1.0,1.0,NATUS MEDICAL INC,3845.0,I,878526.0
144436,2014,recall,1,0.0,1.0,0.0,,,NATUS MEDICAL INC,3845.0,I,878526.0
144436,2015,adverse_event,7,,,,7.0,0.0,NATUS MEDICAL INC,3845.0,I,878526.0
144436,2015,recall,2,0.0,2.0,0.0,,,NATUS MEDICAL INC,3845.0,I,878526.0
144436,2015,warning_letter,1,,,,,,NATUS MEDICAL INC,3845.0,I,878526.0
144436,2016,adverse_event,47,,,,38.0,9.0,NATUS MEDICAL INC,3845.0,I,878526.0
144436,2016,recall,6,0.0,6.0,0.0,,,NATUS MEDICAL INC,3845.0,I,878526.0
144436,2017,adverse_event,1078,,,,1074.0,4.0,NATUS MEDICAL INC,3845.0,I,878526.0
144436,2017,recall,2,0.0,2.0,0.0,,,NATUS MEDICAL INC,3845.0,I,878526.0
144436,2018,adverse_event,174,,,,155.0,19.0,NATUS MEDICAL INC,3845.0,I,878526.0
144436,2019,adverse_event,48,,,,13.0,35.0,NATUS MEDICAL INC,3845.0,I,878526.0
144436,2020,adverse_event,68,,,,42.0,26.0,NATUS MEDICAL INC,3845.0,I,878526.0
144436,2021,adverse_event,69,,,,53.0,16.0,NATUS MEDICAL INC,3845.0,I,878526.0
146156,2007,recall,1,0.0,0.0,0.0,,,ALERE INC,2835.0,I,1145460.0
146156,2008,recall,1,0.0,0.0,0.0,,,ALERE INC,2835.0,I,1145460.0
146156,2009,recall,10,0.0,1.0,0.0,,,ALERE INC,2835.0,I,1145460.0
146156,2010,adverse_event,1159,,,,1159.0,0.0,ALERE INC,2835.0,I,1145460.0
146156,2010,recall,7,0.0,0.0,0.0,,,ALERE INC,2835.0,I,1145460.0
146156,2011,adverse_event,2589,,,,2587.0,2.0,ALERE INC,2835.0,I,1145460.0
146156,2011,recall,8,0.0,0.0,0.0,,,ALERE INC,2835.0,I,1145460.0
146156,2012,adverse_event,1696,,,,1696.0,0.0,ALERE INC,2835.0,I,1145460.0
146156,2012,recall,12,5.0,2.0,2.0,,,ALERE INC,2835.0,I,1145460.0
146156,2012,warning_letter,1,,,,,,ALERE INC,2835.0,I,1145460.0
146156,2013,adverse_event,1124,,,,1120.0,4.0,ALERE INC,2835.0,I,1145460.0
146156,2013,recall,8,0.0,4.0,4.0,,,ALERE INC,2835.0,I,1145460.0
146156,2014,adverse_event,1092,,,,1090.0,2.0,ALERE INC,2835.0,I,1145460.0
146156,2014,recall,8,4.0,3.0,1.0,,,ALERE INC,2835.0,I,1145460.0
146156,2015,adverse_event,994,,,,994.0,0.0,ALERE INC,2835.0,I,1145460.0
146156,2015,recall,1,0.0,0.0,1.0,,,ALERE INC,2835.0,I,1145460.0
146156,2016,adverse_event,571,,,,570.0,1.0,ALERE INC,2835.0,I,1145460.0
146156,2016,recall,18,9.0,1.0,8.0,,,ALERE INC,2835.0,I,1145460.0
146648,2004,adverse_event,1,,,,1.0,0.0,CUTERA INC,3845.0,I,1162461.0
146648,2006,adverse_event,1,,,,1.0,0.0,CUTERA INC,3845.0,I,1162461.0
146648,2008,adverse_event,1,,,,1.0,0.0,CUTERA INC,3845.0,I,1162461.0
146648,2009,adverse_event,3,,,,3.0,0.0,CUTERA INC,3845.0,I,1162461.0
146648,2010,adverse_event,17,,,,16.0,1.0,CUTERA INC,3845.0,I,1162461.0
146648,2010,recall,1,0.0,0.0,0.0,,,CUTERA INC,3845.0,I,1162461.0
146648,2011,adverse_event,34,,,,30.0,4.0,CUTERA INC,3845.0,I,1162461.0
146648,2012,adverse_event,18,,,,18.0,0.0,CUTERA INC,3845.0,I,1162461.0
146648,2012,warning_letter,1,,,,,,CUTERA INC,3845.0,I,1162461.0
146648,2013,adverse_event,23,,,,22.0,1.0,CUTERA INC,3845.0,I,1162461.0
146648,2013,recall,1,0.0,1.0,0.0,,,CUTERA INC,3845.0,I,1162461.0
146648,2014,adverse_event,8,,,,8.0,0.0,CUTERA INC,3845.0,I,1162461.0
146648,2015,adverse_event,1,,,,1.0,0.0,CUTERA INC,3845.0,I,1162461.0
146648,2016,adverse_event,4,,,,4.0,0.0,CUTERA INC,3845.0,I,1162461.0
146648,2017,adverse_event,5,,,,5.0,0.0,CUTERA INC,3845.0,I,1162461.0
146648,2018,adverse_event,3,,,,3.0,0.0,CUTERA INC,3845.0,I,1162461.0
146648,2019,adverse_event,5,,,,5.0,0.0,CUTERA INC,3845.0,I,1162461.0
146648,2021,adverse_event,2,,,,2.0,0.0,CUTERA INC,3845.0,I,1162461.0
146648,2022,adverse_event,7,,,,7.0,0.0,CUTERA INC,3845.0,I,1162461.0
146648,2022,warning_letter,1,,,,,,CUTERA INC,3845.0,I,1162461.0
146648,2023,adverse_event,6,,,,6.0,0.0,CUTERA INC,3845.0,I,1162461.0
151423,2013,adverse_event,39,,,,39.0,0.0,NEPHROS INC,3841.0,A,1196298.0
151423,2013,recall,3,3.0,0.0,0.0,,,NEPHROS INC,3841.0,A,1196298.0
151423,2015,warning_letter,1,,,,,,NEPHROS INC,3841.0,A,1196298.0
151423,2017,adverse_event,1,,,,1.0,0.0,NEPHROS INC,3841.0,A,1196298.0
151423,2018,adverse_event,1,,,,1.0,0.0,NEPHROS INC,3841.0,A,1196298.0
151423,2019,adverse_event,1,,,,1.0,0.0,NEPHROS INC,3841.0,A,1196298.0
151423,2022,adverse_event,4,,,,4.0,0.0,NEPHROS INC,3841.0,A,1196298.0
151423,2025,adverse_event,1,,,,1.0,0.0,NEPHROS INC,3841.0,A,1196298.0
160255,2004,adverse_event,852,,,,675.0,177.0,HOSPIRA INC,2834.0,I,1274057.0
160255,2004,recall,2,0.0,0.0,0.0,,,HOSPIRA INC,2834.0,I,1274057.0
160255,2005,adverse_event,1095,,,,832.0,263.0,HOSPIRA INC,2834.0,I,1274057.0
160255,2005,recall,2,0.0,0.0,0.0,,,HOSPIRA INC,2834.0,I,1274057.0
160255,2006,adverse_event,918,,,,657.0,261.0,HOSPIRA INC,2834.0,I,1274057.0
160255,2007,adverse_event,795,,,,599.0,196.0,HOSPIRA INC,2834.0,I,1274057.0
160255,2008,adverse_event,1385,,,,934.0,451.0,HOSPIRA INC,2834.0,I,1274057.0
160255,2008,recall,1,0.0,0.0,0.0,,,HOSPIRA INC,2834.0,I,1274057.0
160255,2009,adverse_event,1149,,,,794.0,355.0,HOSPIRA INC,2834.0,I,1274057.0
160255,2009,recall,32,0.0,0.0,0.0,,,HOSPIRA INC,2834.0,I,1274057.0
160255,2009,warning_letter,1,,,,,,HOSPIRA INC,2834.0,I,1274057.0
160255,2010,adverse_event,1700,,,,1385.0,315.0,HOSPIRA INC,2834.0,I,1274057.0
160255,2010,recall,9,0.0,0.0,0.0,,,HOSPIRA INC,2834.0,I,1274057.0
160255,2011,adverse_event,1553,,,,590.0,963.0,HOSPIRA INC,2834.0,I,1274057.0
160255,2012,adverse_event,2188,,,,712.0,1476.0,HOSPIRA INC,2834.0,I,1274057.0
160255,2013,adverse_event,6957,,,,577.0,6380.0,HOSPIRA INC,2834.0,I,1274057.0
160255,2014,adverse_event,6888,,,,280.0,6608.0,HOSPIRA INC,2834.0,I,1274057.0
160255,2014,warning_letter,1,,,,,,HOSPIRA INC,2834.0,I,1274057.0
160340,2022,adverse_event,108,,,,0.0,108.0,MANNKIND CORP,2836.0,A,899460.0
160340,2023,adverse_event,138,,,,0.0,138.0,MANNKIND CORP,2836.0,A,899460.0
160340,2024,adverse_event,78,,,,0.0,78.0,MANNKIND CORP,2836.0,A,899460.0
160340,2025,adverse_event,26,,,,0.0,26.0,MANNKIND CORP,2836.0,A,899460.0
160600,2008,adverse_event,3,,,,3.0,0.0,SYMMETRY MEDICAL INC,3842.0,I,1292055.0
160600,2009,warning_letter,1,,,,,,SYMMETRY MEDICAL INC,3842.0,I,1292055.0
161840,2020,adverse_event,1,,,,1.0,0.0,COVALON TECHNOLOGIES LTD,2836.0,A,1789397.0
161840,2024,adverse_event,1,,,,1.0,0.0,COVALON TECHNOLOGIES LTD,2836.0,A,1789397.0
161840,2025,adverse_event,1,,,,1.0,0.0,COVALON TECHNOLOGIES LTD,2836.0,A,1789397.0
162887,2007,adverse_event,1,,,,1.0,0.0,DEXCOM INC,3845.0,A,1093557.0
162887,2008,adverse_event,1,,,,1.0,0.0,DEXCOM INC,3845.0,A,1093557.0
162887,2009,adverse_event,4,,,,4.0,0.0,DEXCOM INC,3845.0,A,1093557.0
162887,2010,adverse_event,222,,,,222.0,0.0,DEXCOM INC,3845.0,A,1093557.0
162887,2010,warning_letter,1,,,,,,DEXCOM INC,3845.0,A,1093557.0
162887,2011,adverse_event,370,,,,369.0,1.0,DEXCOM INC,3845.0,A,1093557.0
162887,2012,adverse_event,355,,,,355.0,0.0,DEXCOM INC,3845.0,A,1093557.0
162887,2013,adverse_event,482,,,,482.0,0.0,DEXCOM INC,3845.0,A,1093557.0
162887,2014,adverse_event,34889,,,,34889.0,0.0,DEXCOM INC,3845.0,A,1093557.0
162887,2014,warning_letter,1,,,,,,DEXCOM INC,3845.0,A,1093557.0
162887,2015,adverse_event,41091,,,,41090.0,1.0,DEXCOM INC,3845.0,A,1093557.0
162887,2016,adverse_event,96846,,,,96846.0,0.0,DEXCOM INC,3845.0,A,1093557.0
162887,2016,recall,6,6.0,0.0,0.0,,,DEXCOM INC,3845.0,A,1093557.0
162887,2017,adverse_event,116786,,,,116785.0,1.0,DEXCOM INC,3845.0,A,1093557.0
162887,2018,adverse_event,169992,,,,169992.0,0.0,DEXCOM INC,3845.0,A,1093557.0
162887,2019,adverse_event,131730,,,,131730.0,0.0,DEXCOM INC,3845.0,A,1093557.0
162887,2019,recall,2,0.0,2.0,0.0,,,DEXCOM INC,3845.0,A,1093557.0
162887,2020,adverse_event,213858,,,,213858.0,0.0,DEXCOM INC,3845.0,A,1093557.0
162887,2020,recall,3,0.0,3.0,0.0,,,DEXCOM INC,3845.0,A,1093557.0
162887,2021,adverse_event,260611,,,,260610.0,1.0,DEXCOM INC,3845.0,A,1093557.0
162887,2022,adverse_event,233480,,,,233480.0,0.0,DEXCOM INC,3845.0,A,1093557.0
162887,2023,adverse_event,272849,,,,272848.0,1.0,DEXCOM INC,3845.0,A,1093557.0
162887,2024,adverse_event,340691,,,,340691.0,0.0,DEXCOM INC,3845.0,A,1093557.0
162887,2025,adverse_event,353934,,,,353931.0,3.0,DEXCOM INC,3845.0,A,1093557.0
162887,2025,recall,14,10.0,4.0,0.0,,,DEXCOM INC,3845.0,A,1093557.0
162887,2025,warning_letter,1,,,,,,DEXCOM INC,3845.0,A,1093557.0
166555,2006,adverse_event,25,,,,25.0,0.0,ALPHATEC HOLDINGS INC,3842.0,A,1350653.0
166555,2007,adverse_event,17,,,,17.0,0.0,ALPHATEC HOLDINGS INC,3842.0,A,1350653.0
166555,2007,recall,2,0.0,0.0,0.0,,,ALPHATEC HOLDINGS INC,3842.0,A,1350653.0
166555,2008,adverse_event,15,,,,15.0,0.0,ALPHATEC HOLDINGS INC,3842.0,A,1350653.0
166555,2008,recall,2,0.0,0.0,0.0,,,ALPHATEC HOLDINGS INC,3842.0,A,1350653.0
166555,2009,adverse_event,12,,,,12.0,0.0,ALPHATEC HOLDINGS INC,3842.0,A,1350653.0
166555,2009,recall,5,0.0,0.0,0.0,,,ALPHATEC HOLDINGS INC,3842.0,A,1350653.0
166555,2010,adverse_event,23,,,,23.0,0.0,ALPHATEC HOLDINGS INC,3842.0,A,1350653.0
166555,2010,recall,2,0.0,1.0,0.0,,,ALPHATEC HOLDINGS INC,3842.0,A,1350653.0
166555,2010,warning_letter,1,,,,,,ALPHATEC HOLDINGS INC,3842.0,A,1350653.0
166555,2011,adverse_event,37,,,,37.0,0.0,ALPHATEC HOLDINGS INC,3842.0,A,1350653.0
166555,2011,recall,1,0.0,1.0,0.0,,,ALPHATEC HOLDINGS INC,3842.0,A,1350653.0
166555,2011,warning_letter,1,,,,,,ALPHATEC HOLDINGS INC,3842.0,A,1350653.0
166555,2012,adverse_event,37,,,,37.0,0.0,ALPHATEC HOLDINGS INC,3842.0,A,1350653.0
166555,2012,recall,3,0.0,2.0,0.0,,,ALPHATEC HOLDINGS INC,3842.0,A,1350653.0
166555,2013,adverse_event,45,,,,45.0,0.0,ALPHATEC HOLDINGS INC,3842.0,A,1350653.0
166555,2013,recall,2,0.0,2.0,0.0,,,ALPHATEC HOLDINGS INC,3842.0,A,1350653.0
166555,2014,adverse_event,49,,,,49.0,0.0,ALPHATEC HOLDINGS INC,3842.0,A,1350653.0
166555,2014,recall,1,0.0,1.0,0.0,,,ALPHATEC HOLDINGS INC,3842.0,A,1350653.0
166555,2015,adverse_event,206,,,,206.0,0.0,ALPHATEC HOLDINGS INC,3842.0,A,1350653.0
166555,2015,recall,1,0.0,1.0,0.0,,,ALPHATEC HOLDINGS INC,3842.0,A,1350653.0
166555,2015,warning_letter,1,,,,,,ALPHATEC HOLDINGS INC,3842.0,A,1350653.0
166555,2016,adverse_event,114,,,,114.0,0.0,ALPHATEC HOLDINGS INC,3842.0,A,1350653.0
166555,2016,recall,1,0.0,1.0,0.0,,,ALPHATEC HOLDINGS INC,3842.0,A,1350653.0
166555,2017,adverse_event,97,,,,97.0,0.0,ALPHATEC HOLDINGS INC,3842.0,A,1350653.0
166555,2017,recall,1,0.0,1.0,0.0,,,ALPHATEC HOLDINGS INC,3842.0,A,1350653.0
166555,2018,adverse_event,92,,,,92.0,0.0,ALPHATEC HOLDINGS INC,3842.0,A,1350653.0
166555,2019,adverse_event,65,,,,65.0,0.0,ALPHATEC HOLDINGS INC,3842.0,A,1350653.0
166555,2020,adverse_event,53,,,,53.0,0.0,ALPHATEC HOLDINGS INC,3842.0,A,1350653.0
166555,2021,adverse_event,89,,,,89.0,0.0,ALPHATEC HOLDINGS INC,3842.0,A,1350653.0
166555,2021,recall,29,0.0,29.0,0.0,,,ALPHATEC HOLDINGS INC,3842.0,A,1350653.0
166555,2022,adverse_event,108,,,,108.0,0.0,ALPHATEC HOLDINGS INC,3842.0,A,1350653.0
166555,2022,recall,1,0.0,1.0,0.0,,,ALPHATEC HOLDINGS INC,3842.0,A,1350653.0
166555,2023,adverse_event,95,,,,95.0,0.0,ALPHATEC HOLDINGS INC,3842.0,A,1350653.0
166555,2023,recall,1,0.0,1.0,0.0,,,ALPHATEC HOLDINGS INC,3842.0,A,1350653.0
166555,2024,adverse_event,178,,,,178.0,0.0,ALPHATEC HOLDINGS INC,3842.0,A,1350653.0
166555,2024,recall,2,0.0,2.0,0.0,,,ALPHATEC HOLDINGS INC,3842.0,A,1350653.0
166555,2025,adverse_event,295,,,,295.0,0.0,ALPHATEC HOLDINGS INC,3842.0,A,1350653.0
171002,2012,adverse_event,36,,,,36.0,0.0,GLOBUS MEDICAL INC,3841.0,A,1237831.0
171002,2013,adverse_event,49,,,,48.0,1.0,GLOBUS MEDICAL INC,3841.0,A,1237831.0
171002,2013,recall,3,0.0,3.0,0.0,,,GLOBUS MEDICAL INC,3841.0,A,1237831.0
171002,2013,warning_letter,1,,,,,,GLOBUS MEDICAL INC,3841.0,A,1237831.0
171002,2014,adverse_event,68,,,,68.0,0.0,GLOBUS MEDICAL INC,3841.0,A,1237831.0
171002,2014,recall,1,0.0,1.0,0.0,,,GLOBUS MEDICAL INC,3841.0,A,1237831.0
171002,2015,adverse_event,56,,,,56.0,0.0,GLOBUS MEDICAL INC,3841.0,A,1237831.0
171002,2016,adverse_event,20,,,,20.0,0.0,GLOBUS MEDICAL INC,3841.0,A,1237831.0
171002,2017,adverse_event,9,,,,9.0,0.0,GLOBUS MEDICAL INC,3841.0,A,1237831.0
171002,2018,adverse_event,11,,,,11.0,0.0,GLOBUS MEDICAL INC,3841.0,A,1237831.0
171002,2019,adverse_event,3,,,,3.0,0.0,GLOBUS MEDICAL INC,3841.0,A,1237831.0
171002,2020,adverse_event,92,,,,92.0,0.0,GLOBUS MEDICAL INC,3841.0,A,1237831.0
171002,2020,recall,22,0.0,22.0,0.0,,,GLOBUS MEDICAL INC,3841.0,A,1237831.0
171002,2021,adverse_event,245,,,,245.0,0.0,GLOBUS MEDICAL INC,3841.0,A,1237831.0
171002,2022,adverse_event,188,,,,188.0,0.0,GLOBUS MEDICAL INC,3841.0,A,1237831.0
171002,2023,adverse_event,55,,,,54.0,1.0,GLOBUS MEDICAL INC,3841.0,A,1237831.0
171002,2023,recall,5,1.0,4.0,0.0,,,GLOBUS MEDICAL INC,3841.0,A,1237831.0
171002,2024,adverse_event,821,,,,821.0,0.0,GLOBUS MEDICAL INC,3841.0,A,1237831.0
171002,2024,warning_letter,1,,,,,,GLOBUS MEDICAL INC,3841.0,A,1237831.0
171002,2025,adverse_event,576,,,,576.0,0.0,GLOBUS MEDICAL INC,3841.0,A,1237831.0
171002,2025,recall,1,0.0,1.0,0.0,,,GLOBUS MEDICAL INC,3841.0,A,1237831.0
174390,2006,adverse_event,11,,,,11.0,0.0,LEMAITRE VASCULAR INC,3841.0,A,1158895.0
174390,2007,adverse_event,4,,,,4.0,0.0,LEMAITRE VASCULAR INC,3841.0,A,1158895.0
174390,2007,recall,1,0.0,0.0,0.0,,,LEMAITRE VASCULAR INC,3841.0,A,1158895.0
174390,2008,adverse_event,15,,,,15.0,0.0,LEMAITRE VASCULAR INC,3841.0,A,1158895.0
174390,2009,adverse_event,18,,,,18.0,0.0,LEMAITRE VASCULAR INC,3841.0,A,1158895.0
174390,2010,adverse_event,14,,,,14.0,0.0,LEMAITRE VASCULAR INC,3841.0,A,1158895.0
174390,2010,recall,6,0.0,0.0,0.0,,,LEMAITRE VASCULAR INC,3841.0,A,1158895.0
174390,2010,warning_letter,1,,,,,,LEMAITRE VASCULAR INC,3841.0,A,1158895.0
174390,2011,adverse_event,22,,,,22.0,0.0,LEMAITRE VASCULAR INC,3841.0,A,1158895.0
174390,2011,recall,1,0.0,0.0,0.0,,,LEMAITRE VASCULAR INC,3841.0,A,1158895.0
174390,2012,adverse_event,35,,,,35.0,0.0,LEMAITRE VASCULAR INC,3841.0,A,1158895.0
174390,2013,adverse_event,26,,,,26.0,0.0,LEMAITRE VASCULAR INC,3841.0,A,1158895.0
174390,2013,recall,19,17.0,2.0,0.0,,,LEMAITRE VASCULAR INC,3841.0,A,1158895.0
174390,2014,adverse_event,12,,,,12.0,0.0,LEMAITRE VASCULAR INC,3841.0,A,1158895.0
174390,2015,adverse_event,12,,,,12.0,0.0,LEMAITRE VASCULAR INC,3841.0,A,1158895.0
174390,2015,recall,14,0.0,13.0,1.0,,,LEMAITRE VASCULAR INC,3841.0,A,1158895.0
174390,2016,adverse_event,28,,,,28.0,0.0,LEMAITRE VASCULAR INC,3841.0,A,1158895.0
174390,2016,recall,10,0.0,10.0,0.0,,,LEMAITRE VASCULAR INC,3841.0,A,1158895.0
174390,2017,adverse_event,65,,,,65.0,0.0,LEMAITRE VASCULAR INC,3841.0,A,1158895.0
174390,2017,recall,12,0.0,12.0,0.0,,,LEMAITRE VASCULAR INC,3841.0,A,1158895.0
174390,2018,adverse_event,98,,,,98.0,0.0,LEMAITRE VASCULAR INC,3841.0,A,1158895.0
174390,2018,recall,2,0.0,2.0,0.0,,,LEMAITRE VASCULAR INC,3841.0,A,1158895.0
174390,2019,adverse_event,164,,,,164.0,0.0,LEMAITRE VASCULAR INC,3841.0,A,1158895.0
174390,2019,recall,1,0.0,1.0,0.0,,,LEMAITRE VASCULAR INC,3841.0,A,1158895.0
174390,2020,adverse_event,121,,,,121.0,0.0,LEMAITRE VASCULAR INC,3841.0,A,1158895.0
174390,2020,recall,1,1.0,0.0,0.0,,,LEMAITRE VASCULAR INC,3841.0,A,1158895.0
174390,2021,adverse_event,129,,,,129.0,0.0,LEMAITRE VASCULAR INC,3841.0,A,1158895.0
174390,2021,recall,1,0.0,1.0,0.0,,,LEMAITRE VASCULAR INC,3841.0,A,1158895.0
174390,2022,adverse_event,141,,,,141.0,0.0,LEMAITRE VASCULAR INC,3841.0,A,1158895.0
174390,2022,recall,1,0.0,1.0,0.0,,,LEMAITRE VASCULAR INC,3841.0,A,1158895.0
174390,2023,adverse_event,221,,,,221.0,0.0,LEMAITRE VASCULAR INC,3841.0,A,1158895.0
174390,2023,recall,1,0.0,1.0,0.0,,,LEMAITRE VASCULAR INC,3841.0,A,1158895.0
174390,2024,adverse_event,282,,,,282.0,0.0,LEMAITRE VASCULAR INC,3841.0,A,1158895.0
174390,2024,recall,1,0.0,1.0,0.0,,,LEMAITRE VASCULAR INC,3841.0,A,1158895.0
174390,2025,adverse_event,257,,,,257.0,0.0,LEMAITRE VASCULAR INC,3841.0,A,1158895.0
174390,2025,recall,6,0.0,6.0,0.0,,,LEMAITRE VASCULAR INC,3841.0,A,1158895.0
174390,2025,warning_letter,1,,,,,,LEMAITRE VASCULAR INC,3841.0,A,1158895.0
175913,2009,adverse_event,5,,,,5.0,0.0,SOLTA MEDICAL INC,3845.0,I,1171298.0
175913,2010,adverse_event,20,,,,20.0,0.0,SOLTA MEDICAL INC,3845.0,I,1171298.0
175913,2010,recall,1,0.0,0.0,0.0,,,SOLTA MEDICAL INC,3845.0,I,1171298.0
175913,2011,adverse_event,15,,,,15.0,0.0,SOLTA MEDICAL INC,3845.0,I,1171298.0
175913,2012,adverse_event,21,,,,21.0,0.0,SOLTA MEDICAL INC,3845.0,I,1171298.0
175913,2012,warning_letter,1,,,,,,SOLTA MEDICAL INC,3845.0,I,1171298.0
176874,2010,warning_letter,1,,,,,,SUMMER INFANT INC,3990.0,I,1314772.0
176874,2011,adverse_event,1,,,,1.0,0.0,SUMMER INFANT INC,3990.0,I,1314772.0
177227,2007,adverse_event,164,,,,164.0,0.0,INSULET CORP,3845.0,A,1145197.0
177227,2008,adverse_event,376,,,,376.0,0.0,INSULET CORP,3845.0,A,1145197.0
177227,2009,adverse_event,990,,,,989.0,1.0,INSULET CORP,3845.0,A,1145197.0
177227,2010,adverse_event,456,,,,456.0,0.0,INSULET CORP,3845.0,A,1145197.0
177227,2011,adverse_event,754,,,,754.0,0.0,INSULET CORP,3845.0,A,1145197.0
177227,2012,adverse_event,687,,,,686.0,1.0,INSULET CORP,3845.0,A,1145197.0
177227,2013,adverse_event,1658,,,,1657.0,1.0,INSULET CORP,3845.0,A,1145197.0
177227,2013,recall,2,0.0,2.0,0.0,,,INSULET CORP,3845.0,A,1145197.0
177227,2014,adverse_event,1995,,,,1994.0,1.0,INSULET CORP,3845.0,A,1145197.0
177227,2015,adverse_event,2833,,,,2832.0,1.0,INSULET CORP,3845.0,A,1145197.0
177227,2015,recall,4,4.0,0.0,0.0,,,INSULET CORP,3845.0,A,1145197.0
177227,2015,warning_letter,1,,,,,,INSULET CORP,3845.0,A,1145197.0
177227,2016,adverse_event,4257,,,,4257.0,0.0,INSULET CORP,3845.0,A,1145197.0
177227,2017,adverse_event,6740,,,,6740.0,0.0,INSULET CORP,3845.0,A,1145197.0
177227,2018,adverse_event,9198,,,,9198.0,0.0,INSULET CORP,3845.0,A,1145197.0
177227,2018,recall,1,0.0,1.0,0.0,,,INSULET CORP,3845.0,A,1145197.0
177227,2019,adverse_event,14084,,,,14084.0,0.0,INSULET CORP,3845.0,A,1145197.0
177227,2020,adverse_event,20379,,,,20379.0,0.0,INSULET CORP,3845.0,A,1145197.0
177227,2021,adverse_event,23371,,,,23371.0,0.0,INSULET CORP,3845.0,A,1145197.0
177227,2022,adverse_event,24830,,,,24830.0,0.0,INSULET CORP,3845.0,A,1145197.0
177227,2023,adverse_event,37199,,,,37199.0,0.0,INSULET CORP,3845.0,A,1145197.0
177227,2024,adverse_event,52136,,,,52136.0,0.0,INSULET CORP,3845.0,A,1145197.0
177227,2025,adverse_event,65362,,,,65362.0,0.0,INSULET CORP,3845.0,A,1145197.0
177228,2016,adverse_event,1,,,,1.0,0.0,STABLECOIN DEVELOPMENT CORP,7370.0,A,1389545.0
177264,2007,adverse_event,98,,,,13.0,85.0,COVIDIEN PLC,3845.0,I,1385187.0
177264,2008,adverse_event,1394,,,,262.0,1132.0,COVIDIEN PLC,3845.0,I,1385187.0
177264,2008,recall,5,0.0,0.0,0.0,,,COVIDIEN PLC,3845.0,I,1385187.0
177264,2009,adverse_event,3044,,,,1025.0,2019.0,COVIDIEN PLC,3845.0,I,1385187.0
177264,2009,recall,24,0.0,0.0,0.0,,,COVIDIEN PLC,3845.0,I,1385187.0
177264,2010,adverse_event,3684,,,,1132.0,2552.0,COVIDIEN PLC,3845.0,I,1385187.0
177264,2010,recall,3,0.0,0.0,0.0,,,COVIDIEN PLC,3845.0,I,1385187.0
177264,2011,adverse_event,3346,,,,985.0,2361.0,COVIDIEN PLC,3845.0,I,1385187.0
177264,2011,recall,31,0.0,0.0,0.0,,,COVIDIEN PLC,3845.0,I,1385187.0
177264,2012,adverse_event,6376,,,,1439.0,4937.0,COVIDIEN PLC,3845.0,I,1385187.0
177264,2012,recall,27,0.0,14.0,0.0,,,COVIDIEN PLC,3845.0,I,1385187.0
177264,2012,warning_letter,1,,,,,,COVIDIEN PLC,3845.0,I,1385187.0
177264,2013,adverse_event,10417,,,,3050.0,7367.0,COVIDIEN PLC,3845.0,I,1385187.0
177264,2013,recall,21,1.0,18.0,2.0,,,COVIDIEN PLC,3845.0,I,1385187.0
177264,2014,adverse_event,9589,,,,4984.0,4605.0,COVIDIEN PLC,3845.0,I,1385187.0
177264,2014,recall,9,8.0,1.0,0.0,,,COVIDIEN PLC,3845.0,I,1385187.0
177287,2014,adverse_event,1,,,,1.0,0.0,JAZZ PHARMACEUTICALS PLC,2834.0,A,1232524.0
177881,2007,adverse_event,7,,,,7.0,0.0,MASIMO CORP,3845.0,A,937556.0
177881,2008,adverse_event,18,,,,18.0,0.0,MASIMO CORP,3845.0,A,937556.0
177881,2009,adverse_event,10,,,,10.0,0.0,MASIMO CORP,3845.0,A,937556.0
177881,2010,adverse_event,2,,,,2.0,0.0,MASIMO CORP,3845.0,A,937556.0
177881,2010,recall,1,0.0,0.0,0.0,,,MASIMO CORP,3845.0,A,937556.0
177881,2011,adverse_event,16,,,,16.0,0.0,MASIMO CORP,3845.0,A,937556.0
177881,2012,adverse_event,6,,,,4.0,2.0,MASIMO CORP,3845.0,A,937556.0
177881,2013,adverse_event,29,,,,29.0,0.0,MASIMO CORP,3845.0,A,937556.0
177881,2013,recall,1,0.0,1.0,0.0,,,MASIMO CORP,3845.0,A,937556.0
177881,2014,adverse_event,611,,,,611.0,0.0,MASIMO CORP,3845.0,A,937556.0
177881,2014,recall,1,0.0,1.0,0.0,,,MASIMO CORP,3845.0,A,937556.0
177881,2014,warning_letter,1,,,,,,MASIMO CORP,3845.0,A,937556.0
177881,2015,adverse_event,1496,,,,1493.0,3.0,MASIMO CORP,3845.0,A,937556.0
177881,2015,recall,1,0.0,1.0,0.0,,,MASIMO CORP,3845.0,A,937556.0
177881,2016,adverse_event,1478,,,,1008.0,470.0,MASIMO CORP,3845.0,A,937556.0
177881,2017,adverse_event,1117,,,,4.0,1113.0,MASIMO CORP,3845.0,A,937556.0
177881,2018,adverse_event,603,,,,4.0,599.0,MASIMO CORP,3845.0,A,937556.0
177881,2019,adverse_event,467,,,,4.0,463.0,MASIMO CORP,3845.0,A,937556.0
177881,2020,adverse_event,225,,,,8.0,217.0,MASIMO CORP,3845.0,A,937556.0
177881,2021,adverse_event,318,,,,10.0,308.0,MASIMO CORP,3845.0,A,937556.0
177881,2022,adverse_event,302,,,,22.0,280.0,MASIMO CORP,3845.0,A,937556.0
177881,2023,adverse_event,333,,,,45.0,288.0,MASIMO CORP,3845.0,A,937556.0
177881,2023,recall,4,0.0,4.0,0.0,,,MASIMO CORP,3845.0,A,937556.0
177881,2024,adverse_event,180,,,,20.0,160.0,MASIMO CORP,3845.0,A,937556.0
177881,2024,recall,4,0.0,4.0,0.0,,,MASIMO CORP,3845.0,A,937556.0
177881,2025,adverse_event,193,,,,4.0,189.0,MASIMO CORP,3845.0,A,937556.0
177981,2020,adverse_event,2,,,,0.0,2.0,SINTX TECHNOLOGIES INC,3842.0,A,1269026.0
178722,2007,adverse_event,198,,,,198.0,0.0,POWER MEDICAL INTERVENTIONS,3841.0,I,1398090.0
178722,2007,recall,1,0.0,0.0,0.0,,,POWER MEDICAL INTERVENTIONS,3841.0,I,1398090.0
178722,2008,adverse_event,199,,,,199.0,0.0,POWER MEDICAL INTERVENTIONS,3841.0,I,1398090.0
178722,2008,warning_letter,1,,,,,,POWER MEDICAL INTERVENTIONS,3841.0,I,1398090.0
185193,2011,recall,1,0.0,0.0,0.0,,,XTANT MEDICAL HOLDINGS INC,3842.0,A,1453593.0
185193,2012,recall,1,0.0,1.0,0.0,,,XTANT MEDICAL HOLDINGS INC,3842.0,A,1453593.0
185193,2013,recall,2,0.0,2.0,0.0,,,XTANT MEDICAL HOLDINGS INC,3842.0,A,1453593.0
185193,2013,warning_letter,2,,,,,,XTANT MEDICAL HOLDINGS INC,3842.0,A,1453593.0
185193,2014,recall,2,0.0,2.0,0.0,,,XTANT MEDICAL HOLDINGS INC,3842.0,A,1453593.0
185193,2015,recall,3,0.0,3.0,0.0,,,XTANT MEDICAL HOLDINGS INC,3842.0,A,1453593.0
185193,2016,recall,4,0.0,4.0,0.0,,,XTANT MEDICAL HOLDINGS INC,3842.0,A,1453593.0
185193,2017,recall,1,0.0,1.0,0.0,,,XTANT MEDICAL HOLDINGS INC,3842.0,A,1453593.0
185193,2018,recall,1,0.0,1.0,0.0,,,XTANT MEDICAL HOLDINGS INC,3842.0,A,1453593.0
185193,2019,recall,1,0.0,1.0,0.0,,,XTANT MEDICAL HOLDINGS INC,3842.0,A,1453593.0
185193,2020,adverse_event,16,,,,16.0,0.0,XTANT MEDICAL HOLDINGS INC,3842.0,A,1453593.0
185193,2020,recall,2,0.0,1.0,1.0,,,XTANT MEDICAL HOLDINGS INC,3842.0,A,1453593.0
185193,2021,adverse_event,26,,,,26.0,0.0,XTANT MEDICAL HOLDINGS INC,3842.0,A,1453593.0
185193,2021,recall,1,0.0,1.0,0.0,,,XTANT MEDICAL HOLDINGS INC,3842.0,A,1453593.0
185193,2022,adverse_event,42,,,,42.0,0.0,XTANT MEDICAL HOLDINGS INC,3842.0,A,1453593.0
185193,2023,adverse_event,32,,,,32.0,0.0,XTANT MEDICAL HOLDINGS INC,3842.0,A,1453593.0
185193,2023,recall,1,0.0,1.0,0.0,,,XTANT MEDICAL HOLDINGS INC,3842.0,A,1453593.0
185193,2024,adverse_event,51,,,,51.0,0.0,XTANT MEDICAL HOLDINGS INC,3842.0,A,1453593.0
185193,2024,recall,1,0.0,1.0,0.0,,,XTANT MEDICAL HOLDINGS INC,3842.0,A,1453593.0
185193,2025,adverse_event,46,,,,46.0,0.0,XTANT MEDICAL HOLDINGS INC,3842.0,A,1453593.0
185193,2025,recall,1,0.0,1.0,0.0,,,XTANT MEDICAL HOLDINGS INC,3842.0,A,1453593.0
185783,2023,adverse_event,3,,,,3.0,0.0,NOAH HOLDINGS LIMITED,6282.0,A,1499543.0
185783,2024,adverse_event,20,,,,20.0,0.0,NOAH HOLDINGS LIMITED,6282.0,A,1499543.0
185783,2024,recall,4,0.0,4.0,0.0,,,NOAH HOLDINGS LIMITED,6282.0,A,1499543.0
185783,2025,adverse_event,90,,,,90.0,0.0,NOAH HOLDINGS LIMITED,6282.0,A,1499543.0
185783,2025,recall,1,0.0,1.0,0.0,,,NOAH HOLDINGS LIMITED,6282.0,A,1499543.0
185783,2025,warning_letter,1,,,,,,NOAH HOLDINGS LIMITED,6282.0,A,1499543.0
212782,1997,adverse_event,37,,,,9.0,28.0,FRESENIUS MEDICAL CARE AG,8090.0,A,1333141.0
212782,1998,adverse_event,66,,,,6.0,60.0,FRESENIUS MEDICAL CARE AG,8090.0,A,1333141.0
212782,1999,adverse_event,120,,,,30.0,90.0,FRESENIUS MEDICAL CARE AG,8090.0,A,1333141.0
212782,2000,adverse_event,73,,,,9.0,64.0,FRESENIUS MEDICAL CARE AG,8090.0,A,1333141.0
212782,2001,adverse_event,41,,,,6.0,35.0,FRESENIUS MEDICAL CARE AG,8090.0,A,1333141.0
212782,2002,adverse_event,60,,,,6.0,54.0,FRESENIUS MEDICAL CARE AG,8090.0,A,1333141.0
212782,2003,adverse_event,47,,,,9.0,38.0,FRESENIUS MEDICAL CARE AG,8090.0,A,1333141.0
212782,2004,adverse_event,56,,,,25.0,31.0,FRESENIUS MEDICAL CARE AG,8090.0,A,1333141.0
212782,2004,recall,1,0.0,0.0,0.0,,,FRESENIUS MEDICAL CARE AG,8090.0,A,1333141.0
212782,2005,adverse_event,43,,,,7.0,36.0,FRESENIUS MEDICAL CARE AG,8090.0,A,1333141.0
212782,2005,recall,2,0.0,0.0,0.0,,,FRESENIUS MEDICAL CARE AG,8090.0,A,1333141.0
212782,2006,adverse_event,29,,,,6.0,23.0,FRESENIUS MEDICAL CARE AG,8090.0,A,1333141.0
212782,2006,recall,1,0.0,0.0,0.0,,,FRESENIUS MEDICAL CARE AG,8090.0,A,1333141.0
212782,2007,adverse_event,34,,,,8.0,26.0,FRESENIUS MEDICAL CARE AG,8090.0,A,1333141.0
212782,2007,recall,1,0.0,0.0,0.0,,,FRESENIUS MEDICAL CARE AG,8090.0,A,1333141.0
212782,2008,adverse_event,30,,,,11.0,19.0,FRESENIUS MEDICAL CARE AG,8090.0,A,1333141.0
212782,2008,recall,2,0.0,0.0,0.0,,,FRESENIUS MEDICAL CARE AG,8090.0,A,1333141.0
212782,2009,adverse_event,37,,,,2.0,35.0,FRESENIUS MEDICAL CARE AG,8090.0,A,1333141.0
212782,2009,recall,4,0.0,0.0,0.0,,,FRESENIUS MEDICAL CARE AG,8090.0,A,1333141.0
212782,2010,adverse_event,22,,,,3.0,19.0,FRESENIUS MEDICAL CARE AG,8090.0,A,1333141.0
212782,2010,recall,6,0.0,0.0,0.0,,,FRESENIUS MEDICAL CARE AG,8090.0,A,1333141.0
212782,2010,warning_letter,1,,,,,,FRESENIUS MEDICAL CARE AG,8090.0,A,1333141.0
212782,2011,adverse_event,27,,,,6.0,21.0,FRESENIUS MEDICAL CARE AG,8090.0,A,1333141.0
212782,2011,recall,6,0.0,0.0,0.0,,,FRESENIUS MEDICAL CARE AG,8090.0,A,1333141.0
212782,2012,adverse_event,114,,,,5.0,109.0,FRESENIUS MEDICAL CARE AG,8090.0,A,1333141.0
212782,2012,recall,15,2.0,1.0,9.0,,,FRESENIUS MEDICAL CARE AG,8090.0,A,1333141.0
212782,2013,adverse_event,4825,,,,23.0,4802.0,FRESENIUS MEDICAL CARE AG,8090.0,A,1333141.0
212782,2013,recall,8,0.0,8.0,0.0,,,FRESENIUS MEDICAL CARE AG,8090.0,A,1333141.0
212782,2014,adverse_event,20124,,,,194.0,19930.0,FRESENIUS MEDICAL CARE AG,8090.0,A,1333141.0
212782,2014,recall,22,1.0,20.0,1.0,,,FRESENIUS MEDICAL CARE AG,8090.0,A,1333141.0
212782,2015,adverse_event,11148,,,,41.0,11107.0,FRESENIUS MEDICAL CARE AG,8090.0,A,1333141.0
212782,2015,recall,11,0.0,11.0,0.0,,,FRESENIUS MEDICAL CARE AG,8090.0,A,1333141.0
212782,2016,adverse_event,2363,,,,4.0,2359.0,FRESENIUS MEDICAL CARE AG,8090.0,A,1333141.0
212782,2016,recall,8,0.0,8.0,0.0,,,FRESENIUS MEDICAL CARE AG,8090.0,A,1333141.0
212782,2017,adverse_event,14,,,,5.0,9.0,FRESENIUS MEDICAL CARE AG,8090.0,A,1333141.0
212782,2017,recall,3,0.0,3.0,0.0,,,FRESENIUS MEDICAL CARE AG,8090.0,A,1333141.0
212782,2018,adverse_event,6,,,,1.0,5.0,FRESENIUS MEDICAL CARE AG,8090.0,A,1333141.0
212782,2018,recall,8,0.0,5.0,3.0,,,FRESENIUS MEDICAL CARE AG,8090.0,A,1333141.0
212782,2019,adverse_event,10,,,,3.0,7.0,FRESENIUS MEDICAL CARE AG,8090.0,A,1333141.0
212782,2019,recall,2,0.0,1.0,1.0,,,FRESENIUS MEDICAL CARE AG,8090.0,A,1333141.0
212782,2020,adverse_event,32,,,,4.0,28.0,FRESENIUS MEDICAL CARE AG,8090.0,A,1333141.0
212782,2020,recall,36,0.0,36.0,0.0,,,FRESENIUS MEDICAL CARE AG,8090.0,A,1333141.0
212782,2021,adverse_event,28,,,,6.0,22.0,FRESENIUS MEDICAL CARE AG,8090.0,A,1333141.0
212782,2021,recall,12,0.0,12.0,0.0,,,FRESENIUS MEDICAL CARE AG,8090.0,A,1333141.0
212782,2022,adverse_event,41,,,,4.0,37.0,FRESENIUS MEDICAL CARE AG,8090.0,A,1333141.0
212782,2022,recall,10,0.0,10.0,0.0,,,FRESENIUS MEDICAL CARE AG,8090.0,A,1333141.0
212782,2023,adverse_event,38,,,,2.0,36.0,FRESENIUS MEDICAL CARE AG,8090.0,A,1333141.0
212782,2023,recall,13,11.0,1.0,1.0,,,FRESENIUS MEDICAL CARE AG,8090.0,A,1333141.0
212782,2023,warning_letter,1,,,,,,FRESENIUS MEDICAL CARE AG,8090.0,A,1333141.0
212782,2024,adverse_event,31,,,,4.0,27.0,FRESENIUS MEDICAL CARE AG,8090.0,A,1333141.0
212782,2024,recall,22,5.0,17.0,0.0,,,FRESENIUS MEDICAL CARE AG,8090.0,A,1333141.0
212782,2025,adverse_event,52,,,,4.0,48.0,FRESENIUS MEDICAL CARE AG,8090.0,A,1333141.0
212782,2025,recall,3,0.0,3.0,0.0,,,FRESENIUS MEDICAL CARE AG,8090.0,A,1333141.0
223098,2021,adverse_event,1,,,,1.0,0.0,DR REDDY'S LABORATORIES LTD,2834.0,A,1135951.0
260892,2004,adverse_event,83,,,,83.0,0.0,ANIMAS CORP,3842.0,I,1033660.0
260892,2004,recall,1,0.0,0.0,0.0,,,ANIMAS CORP,3842.0,I,1033660.0
264385,2005,adverse_event,2,,,,2.0,0.0,NUVASIVE INC,3841.0,I,1142596.0
264385,2006,adverse_event,3,,,,3.0,0.0,NUVASIVE INC,3841.0,I,1142596.0
264385,2007,adverse_event,17,,,,17.0,0.0,NUVASIVE INC,3841.0,I,1142596.0
264385,2008,adverse_event,10,,,,10.0,0.0,NUVASIVE INC,3841.0,I,1142596.0
264385,2009,adverse_event,22,,,,22.0,0.0,NUVASIVE INC,3841.0,I,1142596.0
264385,2009,recall,31,0.0,31.0,0.0,,,NUVASIVE INC,3841.0,I,1142596.0
264385,2010,adverse_event,30,,,,30.0,0.0,NUVASIVE INC,3841.0,I,1142596.0
264385,2011,adverse_event,66,,,,65.0,1.0,NUVASIVE INC,3841.0,I,1142596.0
264385,2012,adverse_event,74,,,,74.0,0.0,NUVASIVE INC,3841.0,I,1142596.0
264385,2013,adverse_event,88,,,,87.0,1.0,NUVASIVE INC,3841.0,I,1142596.0
264385,2013,warning_letter,1,,,,,,NUVASIVE INC,3841.0,I,1142596.0
264385,2014,adverse_event,103,,,,100.0,3.0,NUVASIVE INC,3841.0,I,1142596.0
264385,2015,adverse_event,92,,,,90.0,2.0,NUVASIVE INC,3841.0,I,1142596.0
264385,2016,adverse_event,135,,,,95.0,40.0,NUVASIVE INC,3841.0,I,1142596.0
264385,2017,adverse_event,257,,,,195.0,62.0,NUVASIVE INC,3841.0,I,1142596.0
264385,2018,adverse_event,252,,,,184.0,68.0,NUVASIVE INC,3841.0,I,1142596.0
264385,2019,adverse_event,265,,,,135.0,130.0,NUVASIVE INC,3841.0,I,1142596.0
264385,2020,adverse_event,672,,,,219.0,453.0,NUVASIVE INC,3841.0,I,1142596.0
264385,2020,recall,2,0.0,2.0,0.0,,,NUVASIVE INC,3841.0,I,1142596.0
264385,2021,adverse_event,621,,,,204.0,417.0,NUVASIVE INC,3841.0,I,1142596.0
264385,2022,adverse_event,484,,,,303.0,181.0,NUVASIVE INC,3841.0,I,1142596.0
264385,2022,recall,3,0.0,2.0,1.0,,,NUVASIVE INC,3841.0,I,1142596.0
264387,2003,adverse_event,16,,,,16.0,0.0,ANGIODYNAMICS INC,3841.0,A,1275187.0
264387,2003,recall,1,0.0,0.0,0.0,,,ANGIODYNAMICS INC,3841.0,A,1275187.0
264387,2004,adverse_event,40,,,,40.0,0.0,ANGIODYNAMICS INC,3841.0,A,1275187.0
264387,2004,recall,9,0.0,0.0,0.0,,,ANGIODYNAMICS INC,3841.0,A,1275187.0
264387,2005,adverse_event,32,,,,32.0,0.0,ANGIODYNAMICS INC,3841.0,A,1275187.0
264387,2005,recall,1,0.0,0.0,0.0,,,ANGIODYNAMICS INC,3841.0,A,1275187.0
264387,2006,adverse_event,35,,,,35.0,0.0,ANGIODYNAMICS INC,3841.0,A,1275187.0
264387,2006,recall,6,0.0,0.0,0.0,,,ANGIODYNAMICS INC,3841.0,A,1275187.0
264387,2007,adverse_event,68,,,,68.0,0.0,ANGIODYNAMICS INC,3841.0,A,1275187.0
264387,2007,recall,4,0.0,0.0,0.0,,,ANGIODYNAMICS INC,3841.0,A,1275187.0
264387,2008,adverse_event,136,,,,136.0,0.0,ANGIODYNAMICS INC,3841.0,A,1275187.0
264387,2008,recall,4,0.0,0.0,0.0,,,ANGIODYNAMICS INC,3841.0,A,1275187.0
264387,2009,adverse_event,100,,,,95.0,5.0,ANGIODYNAMICS INC,3841.0,A,1275187.0
264387,2009,recall,1,0.0,0.0,0.0,,,ANGIODYNAMICS INC,3841.0,A,1275187.0
264387,2010,adverse_event,96,,,,91.0,5.0,ANGIODYNAMICS INC,3841.0,A,1275187.0
264387,2010,recall,38,0.0,0.0,0.0,,,ANGIODYNAMICS INC,3841.0,A,1275187.0
264387,2011,adverse_event,181,,,,179.0,2.0,ANGIODYNAMICS INC,3841.0,A,1275187.0
264387,2011,recall,11,0.0,0.0,0.0,,,ANGIODYNAMICS INC,3841.0,A,1275187.0
264387,2011,warning_letter,2,,,,,,ANGIODYNAMICS INC,3841.0,A,1275187.0
264387,2012,adverse_event,275,,,,269.0,6.0,ANGIODYNAMICS INC,3841.0,A,1275187.0
264387,2013,adverse_event,239,,,,239.0,0.0,ANGIODYNAMICS INC,3841.0,A,1275187.0
264387,2013,recall,4,0.0,4.0,0.0,,,ANGIODYNAMICS INC,3841.0,A,1275187.0
264387,2014,adverse_event,329,,,,328.0,1.0,ANGIODYNAMICS INC,3841.0,A,1275187.0
264387,2014,recall,16,0.0,16.0,0.0,,,ANGIODYNAMICS INC,3841.0,A,1275187.0
264387,2014,warning_letter,1,,,,,,ANGIODYNAMICS INC,3841.0,A,1275187.0
264387,2015,adverse_event,487,,,,487.0,0.0,ANGIODYNAMICS INC,3841.0,A,1275187.0
264387,2015,recall,64,0.0,64.0,0.0,,,ANGIODYNAMICS INC,3841.0,A,1275187.0
264387,2016,adverse_event,382,,,,380.0,2.0,ANGIODYNAMICS INC,3841.0,A,1275187.0
264387,2016,recall,51,0.0,45.0,6.0,,,ANGIODYNAMICS INC,3841.0,A,1275187.0
264387,2017,adverse_event,378,,,,370.0,8.0,ANGIODYNAMICS INC,3841.0,A,1275187.0
264387,2017,recall,9,0.0,9.0,0.0,,,ANGIODYNAMICS INC,3841.0,A,1275187.0
264387,2018,adverse_event,370,,,,363.0,7.0,ANGIODYNAMICS INC,3841.0,A,1275187.0
264387,2018,recall,42,0.0,42.0,0.0,,,ANGIODYNAMICS INC,3841.0,A,1275187.0
264387,2019,adverse_event,287,,,,286.0,1.0,ANGIODYNAMICS INC,3841.0,A,1275187.0
264387,2019,recall,17,0.0,17.0,0.0,,,ANGIODYNAMICS INC,3841.0,A,1275187.0
264387,2020,adverse_event,328,,,,325.0,3.0,ANGIODYNAMICS INC,3841.0,A,1275187.0
264387,2020,recall,6,0.0,6.0,0.0,,,ANGIODYNAMICS INC,3841.0,A,1275187.0
264387,2021,adverse_event,292,,,,292.0,0.0,ANGIODYNAMICS INC,3841.0,A,1275187.0
264387,2021,recall,6,0.0,6.0,0.0,,,ANGIODYNAMICS INC,3841.0,A,1275187.0
264387,2022,adverse_event,239,,,,239.0,0.0,ANGIODYNAMICS INC,3841.0,A,1275187.0
264387,2022,recall,2,0.0,2.0,0.0,,,ANGIODYNAMICS INC,3841.0,A,1275187.0
264387,2023,adverse_event,298,,,,298.0,0.0,ANGIODYNAMICS INC,3841.0,A,1275187.0
264387,2023,recall,2,0.0,2.0,0.0,,,ANGIODYNAMICS INC,3841.0,A,1275187.0
264387,2024,adverse_event,376,,,,373.0,3.0,ANGIODYNAMICS INC,3841.0,A,1275187.0
264387,2024,recall,34,0.0,34.0,0.0,,,ANGIODYNAMICS INC,3841.0,A,1275187.0
266196,2013,warning_letter,1,,,,,,COASTAL CONTACTS INC,5961.0,I,1322232.0
271794,2012,adverse_event,7,,,,7.0,0.0,HEARTWARE INTERNATIONAL INC,3841.0,I,1389072.0
271794,2012,recall,1,0.0,1.0,0.0,,,HEARTWARE INTERNATIONAL INC,3841.0,I,1389072.0
271794,2013,adverse_event,563,,,,563.0,0.0,HEARTWARE INTERNATIONAL INC,3841.0,I,1389072.0
271794,2013,recall,2,1.0,1.0,0.0,,,HEARTWARE INTERNATIONAL INC,3841.0,I,1389072.0
271794,2014,adverse_event,1360,,,,1360.0,0.0,HEARTWARE INTERNATIONAL INC,3841.0,I,1389072.0
271794,2014,recall,1,0.0,1.0,0.0,,,HEARTWARE INTERNATIONAL INC,3841.0,I,1389072.0
271794,2014,warning_letter,1,,,,,,HEARTWARE INTERNATIONAL INC,3841.0,I,1389072.0
271794,2015,adverse_event,4160,,,,4159.0,1.0,HEARTWARE INTERNATIONAL INC,3841.0,I,1389072.0
271794,2015,recall,7,5.0,2.0,0.0,,,HEARTWARE INTERNATIONAL INC,3841.0,I,1389072.0
275264,2019,adverse_event,3,,,,3.0,0.0,AKERS BIOSCIENCES INC,2835.0,I,
