recalling_firm,n_recalls,n_fei,first_action,last_action,normalized_name
"Siemens Medical Solutions USA, Inc",1002,2,0013-03-05,2026-06-08,SIEMENS MEDICAL SOLUTIONS
"MEDLINE INDUSTRIES, LP Northfield",812,1,2021-10-22,2025-07-25,MEDLINE INDUSTRIES NORTHFIELD
"Customed, Inc Calle Igualdad Final # 7",699,1,2011-12-08,2016-01-07,CUSTOMED CALLE IGUALDAD FINAL 7
Arrow International Inc,601,3,2003-07-08,2021-09-20,ARROW
"GE Healthcare, LLC",581,1,2009-02-02,2022-07-15,GE HEALTHCARE
Zimmer Inc.,510,1,2003-01-06,2012-04-30,ZIMMER
Stryker Howmedica Osteonics Corp.,504,1,2004-09-07,2017-04-26,STRYKER HOWMEDICA OSTEONICS
"Zimmer, Inc.",444,1,2010-10-10,2026-05-20,ZIMMER
"Zimmer Biomet, Inc.",414,1,2012-04-19,2020-11-20,ZIMMER BIOMET
Olympus Corporation of the Americas,412,1,2015-08-21,2026-06-05,OLYMPUS OF AMERICAS
Terumo Cardiovascular Systems Corporation,358,2,2007-11-20,2025-05-28,TERUMO CARDIOVASCULAR SYSTEMS
"Windstone Medical Packaging, Inc.",324,1,2015-04-22,2026-05-21,WINDSTONE MEDICAL PACKAGING
"B. Braun Medical, Inc.",315,1,2004-07-06,2024-12-04,B BRAUN MEDICAL
"The Anspach Effort, Inc.",303,1,2003-04-23,2022-12-07,ANSPACH EFFORT
"Cook, Inc.",302,1,2002-11-25,2013-04-18,COOK
Stryker Endoscopy,278,1,2004-11-30,2016-03-28,STRYKER ENDOSCOPY
"Maquet Cardiovascular, LLC",269,1,2009-12-17,2026-06-02,MAQUET CARDIOVASCULAR
Teleflex Medical,269,2,2005-01-14,2019-10-30,TELEFLEX MEDICAL
"Merit Medical Systems, Inc.",263,2,2007-04-17,2026-05-08,MERIT MEDICAL SYSTEMS
Cook Inc.,262,1,2014-07-17,2021-11-12,COOK
Centurion Medical Products Corporation,250,2,2011-01-14,2019-12-11,CENTURION MEDICAL PRODUCTS
"Smiths Medical ASD, Inc.",241,4,2003-12-12,2020-01-07,SMITHS MEDICAL ASD
DeRoyal Industries Inc,235,2,2008-10-01,2026-05-18,DEROYAL INDUSTRIES
"Biomet 3i, LLC",235,1,2006-12-11,2020-08-31,BIOMET 3I
"GE Medical Systems, LLC",233,2,2005-08-19,2026-06-05,GE MEDICAL SYSTEMS
Howmedica Osteonics Corp.,233,2,2004-03-31,2026-05-19,HOWMEDICA OSTEONICS
Resource Optimization & Innovation Llc,224,1,2015-04-22,2017-09-25,RESOURCE OPTIMIZATION AND INNOVATION
Medtronic Vascular,214,3,2004-06-08,2021-05-04,MEDTRONIC VASCULAR
Terumo Cardiovascular Systems Corp,213,3,2002-11-07,2022-02-03,TERUMO CARDIOVASCULAR SYSTEMS
Roche Diagnostics Corp.,201,1,2002-09-30,2009-06-10,ROCHE DIAGNOSTICS
King Systems Corp.,195,1,0012-12-13,2015-02-17,KING SYSTEMS
"Beaver Visitec International, Inc.",180,1,2021-10-08,2024-07-26,BEAVER VISITEC
Atrium Medical Corporation,177,1,2006-11-08,2024-09-09,ATRIUM MEDICAL
GE Healthcare,170,4,2005-04-18,2026-01-16,GE HEALTHCARE
Medtronic Sofamor Danek USA Inc,168,1,2006-01-14,2025-09-16,MEDTRONIC SOFAMOR DANEK
B Braun Medical Inc,165,2,2016-04-01,2026-05-06,B BRAUN MEDICAL
Synthes (USA) Products LLC,164,1,2012-05-31,2026-02-25,SYNTHES PRODUCTS
PHILIPS MEDICAL SYSTEMS NEDERLAND B.V. Veenpluis 4-6 Best Netherlands,158,1,2021-05-26,2026-05-18,PHILIPS MEDICAL SYSTEMS NEDERLAND B V VEENPLUIS 4 6 BEST NETHERLANDS
"Siemens Medical Solutions USA, Inc.",151,4,2003-02-10,2024-08-15,SIEMENS MEDICAL SOLUTIONS
"Roche Diagnostics Operations, Inc.",148,1,0013-11-25,2026-01-20,ROCHE DIAGNOSTICS OPERATIONS
"Elekta, Inc.",146,2,2005-05-23,2026-05-21,ELEKTA
Valorem Surgical LLC,144,1,2017-06-21,2017-06-21,VALOREM SURGICAL
TELEFLEX LLC,140,1,2022-08-29,2026-05-07,TELEFLEX
Medtronic Perfusion Systems,135,1,2004-03-25,2026-05-25,MEDTRONIC PERFUSION SYSTEMS
"Argon Medical Devices, Inc",135,1,2004-06-22,2026-06-01,ARGON MEDICAL DEVICES
"AVID Medical, Inc.",125,1,2024-09-20,2026-04-30,AVID MEDICAL
"Mckesson Medical-Surgical Inc. Corporate Office
 9954 Maryland Drive
 Deep Run Iii Ste. 4000
 Richmond VA 23233",119,1,2021-06-02,2025-07-30,MCKESSON MEDICAL SURGICAL CORPORATE OFFICE 9954 MARYLAND DRIVE DEEP RUN III STE 4000 RICHMOND VA 23233
"Exactech, Inc.",119,1,2018-05-08,2026-02-03,EXACTECH
"Aomori Olympus Co., Ltd. 2 Chome 248-1 Okkonoki Kuroishi Japan",113,1,2021-01-04,2023-07-27,AOMORI OLYMPUS 2 CHOME 248 1 OKKONOKI KUROISHI JAPAN
Ameditech Inc,109,1,2014-09-23,2020-08-18,AMEDITECH
Ethicon Endo-Surgery Inc,109,1,2006-04-20,2025-09-11,ETHICON ENDO SURGERY
Stryker Neurovascular,109,1,2013-06-24,2026-04-06,STRYKER NEUROVASCULAR
Xeridiem Mediem Medical Devices Inc,105,1,2015-12-23,2015-12-23,XERIDIEM MEDIEM MEDICAL DEVICES
"Draeger Medical, Inc.",103,1,2003-05-07,2024-10-15,DRAEGER MEDICAL
Medline Industries Inc,103,1,2003-02-12,2021-10-27,MEDLINE INDUSTRIES
Stryker Medical Division of Stryker Corporation,101,1,2011-04-29,2026-02-18,STRYKER MEDICAL DIVISION OF STRYKER
"Philips Ultrasound, Inc",101,1,2025-05-28,2025-09-05,PHILIPS ULTRASOUND
Cardinal Health,100,4,2003-12-11,2022-11-01,CARDINAL HEALTH
Stryker Spine,99,2,2006-06-14,2025-02-28,STRYKER SPINE
Kendall Healthcare Products Co,97,1,2003-12-02,2005-04-27,KENDALL HEALTHCARE PRODUCTS
Toshiba American Medical Systems Inc,96,1,2007-11-12,2018-01-04,TOSHIBA AMERICAN MEDICAL SYSTEMS
"Synthes USA (HQ), Inc.",95,1,2009-02-09,2011-11-02,SYNTHES HQ
"GE OEC Medical Systems, Inc",93,1,2003-05-12,2024-11-21,GE OEC MEDICAL SYSTEMS
"Stradis Medical, LLC dba Stradis Healthcare",93,1,2021-09-10,2022-11-02,STRADIS MEDICAL STRADIS HEALTHCARE
GET TESTED INTERNATIONAL AB 59334 Vastervik Lysingsvagen 18 Vastervik Sweden,92,1,2025-11-03,2025-11-03,GET TESTED 59334 VASTERVIK LYSINGSVAGEN 18 VASTERVIK SWEDEN
American Surgical Company,91,1,2016-03-31,2016-03-31,AMERICAN SURGICAL
"American Contract Systems, Inc.",90,4,2016-12-28,2025-04-21,AMERICAN CONTRACT SYSTEMS
"DePuy Mitek, Inc., a Johnson & Johnson Co.",88,1,2008-04-29,2025-02-24,DEPUY MITEK A JOHNSON AND JOHNSON
"Jiangsu Shenli Medical Production Co., Ltd. No.",87,1,2024-04-05,2024-04-05,JIANGSU SHENLI MEDICAL PRODUCTION NO
ROi CPS LLC,86,1,2020-01-03,2024-12-26,ROI CPS
Cook Incorporated,85,1,2022-05-05,2026-04-02,COOK
Zimmer GmbH Sulzerallee 8 Winterthur Switzerland,85,1,2018-02-28,2024-08-08,ZIMMER SULZERALLEE 8 WINTERTHUR SWITZERLAND
Philips Medical Systems Nederlands Veenpluis 4-6 Best Netherlands,83,1,2011-03-27,2019-03-25,PHILIPS MEDICAL SYSTEMS NEDERLANDS VEENPLUIS 4 6 BEST NETHERLANDS
American Contract Systems Inc,82,1,2024-05-15,2026-03-19,AMERICAN CONTRACT SYSTEMS
Angiodynamics Worldwide Headquarters,82,1,2011-01-28,2012-06-15,ANGIODYNAMICS WORLDWIDE HEADQUARTERS
"Pointe Scientific, Inc.",81,1,2006-06-07,2015-05-19,POINTE SCIENTIFIC
LumiQuick Diagnostics Inc.,80,1,2014-03-04,2014-03-04,LUMIQUICK DIAGNOSTICS
"Codman & Shurtleff, Inc.",77,1,2004-03-11,2015-11-10,CODMAN AND SHURTLEFF
"Multi-Med, Inc.",75,1,2010-05-26,2010-08-30,MULTI MED
Remel Inc,75,1,2007-10-23,2022-10-20,REMEL
"Hobbs Medical, Inc.",74,1,2006-03-15,2024-10-04,HOBBS MEDICAL
"Varian Medical Systems, Inc. Oncology Systems",73,1,2010-12-10,2013-03-26,VARIAN MEDICAL SYSTEMS ONCOLOGY SYSTEMS
Tosoh Bioscience Inc,73,1,2006-01-26,2026-06-12,TOSOH BIOSCIENCE
"Randox Laboratories Ltd.
 55 Diamond Road
 Crumlin (North) Ireland",72,2,2016-08-02,2024-06-07,RANDOX LABORATORIES 55 DIAMOND ROAD CRUMLIN NORTH IRELAND
Becton Dickinson & Co. BD Diagnostic Systems,71,1,0013-04-12,2015-06-29,BECTON DICKINSON AND BD DIAGNOSTIC SYSTEMS
Boston Scientific CRM Corp,71,1,2005-06-17,2014-09-17,BOSTON SCIENTIFIC CRM
Wright Medical Technology Inc,71,1,2003-08-18,2021-12-03,WRIGHT MEDICAL TECHNOLOGY
Zavation,71,1,2021-03-25,2021-03-25,ZAVATION
"Portland Orthopaedics Pty, Ltd.
 1 South Street, Suite 3, Level 5
 Saint George Hospital
 Kogarah Australia",71,1,2008-01-11,2008-01-11,PORTLAND ORTHOPAEDICS PTY 1 SOUTH STREET SUITE 3 LEVEL 5 SAINT GEORGE HOSPITAL KOGARAH AUSTRALIA
Datascope Corporation,71,1,2009-02-04,2022-08-05,DATASCOPE
Karl Storz Endoscopy,70,1,2014-06-25,2024-12-19,KARL STORZ ENDOSCOPY
"Smiths Medical MD, Inc.",70,1,2004-09-18,2008-12-18,SMITHS MEDICAL MD
Advanced Sterilization Products,69,1,2003-02-14,2017-01-09,ADVANCED STERILIZATION PRODUCTS
"Wright Medical Technology, Inc.",69,2,2014-07-30,2024-03-06,WRIGHT MEDICAL TECHNOLOGY
Siemens Medical Solutions USA Inc.,68,1,2009-08-11,2017-02-20,SIEMENS MEDICAL SOLUTIONS
Stryker Medical Div. of Stryker Corporation,68,1,2004-11-15,2010-05-15,STRYKER MEDICAL DIV OF STRYKER
Stryker GmbH Bohnackerweg 1 Selzach Switzerland,68,1,2018-03-12,2025-05-28,STRYKER BOHNACKERWEG 1 SELZACH SWITZERLAND
Microbiologics Inc,67,1,2007-10-12,2025-12-02,MICROBIOLOGICS
Datascope Corp.,67,2,2019-06-17,2026-02-06,DATASCOPE
Medtronic Neurosurgery,67,1,2003-09-15,2024-11-01,MEDTRONIC NEUROSURGERY
Ross Products Division Abbott Laboratories,66,1,2004-03-01,2007-06-21,ROSS PRODUCTS DIVISION ABBOTT LABORATORIES
Nobel Biocare Usa Llc,66,1,2013-10-24,2021-12-17,NOBEL BIOCARE
Bausch & Lomb Inc,66,2,2008-03-26,2018-08-08,BAUSCH AND LOMB
Ethicon Endo-Surgery,65,1,2003-05-21,2005-02-28,ETHICON ENDO SURGERY
"International Medsurg Connection, Inc.",65,1,2006-08-16,2017-06-23,MEDSURG CONNECTION
Stryker Sustainability Solutions,65,2,2012-08-30,2026-04-10,STRYKER SUSTAINABILITY SOLUTIONS
"Maquet Cardiovascular Us Sales, Llc",64,2,2010-09-28,2020-11-20,MAQUET CARDIOVASCULAR SALES
Radiometer America Inc,64,2,2005-01-12,2019-07-10,RADIOMETER AMERICA
"Busse Hospital Disposables, Inc.",63,1,2022-02-22,2023-11-30,BUSSE HOSPITAL DISPOSABLES
Vyaire Medical,62,2,2014-11-29,2025-04-10,VYAIRE MEDICAL
Nellcor Puritan Bennett Inc. (dba Covidien Ltd),62,1,2010-04-13,2010-04-13,NELLCOR PURITAN BENNETT COVIDIEN
Aesculap Implant Systems LLC,61,1,2012-03-07,2023-07-20,AESCULAP IMPLANT SYSTEMS
Carestream Health Inc.,61,1,2013-06-03,2014-07-02,CARESTREAM HEALTH
Linvatec Corp. dba ConMed Linvatec,60,1,2009-07-31,2013-05-30,LINVATEC CONMED LINVATEC
"Leica Microsystems, Inc.",60,2,2005-04-12,2022-11-21,LEICA MICROSYSTEMS
"Nurse Assist, Inc",59,1,2011-01-20,2016-10-04,NURSE ASSIST
Instrumentation Laboratory Co.,58,1,2003-03-07,2019-07-23,INSTRUMENTATION LABORATORY
"DePuy Spine, Inc.",57,1,2006-10-10,2022-05-20,DEPUY SPINE
AGFA Corp.,57,1,2003-11-25,2014-06-06,AGFA
"Biosense Webster, Inc.",56,3,2004-05-21,2025-01-05,BIOSENSE WEBSTER
Linvatec Corp.,56,1,2004-08-26,2008-02-21,LINVATEC
"Roche Molecular Systems, Inc.",53,1,2007-03-09,2022-12-21,ROCHE MOLECULAR SYSTEMS
Ventana Medical Systems Inc,53,1,2002-10-07,2022-06-01,VENTANA MEDICAL SYSTEMS
Cook Medical Incorporated,53,1,2014-09-26,2025-09-18,COOK MEDICAL
Acumed LLC,51,1,2005-12-27,2026-05-28,ACUMED
"Stradis Healthcare, LLC.",51,1,2015-04-20,2015-04-20,STRADIS HEALTHCARE
Linkbio Corp.,50,1,2023-03-21,2026-03-12,LINKBIO
"Medical Device Technologies, Inc.",50,1,2004-03-02,2010-12-22,MEDICAL DEVICE TECHNOLOGIES
"Skeletal Kinetics, Llc",49,1,2015-05-29,2020-04-06,SKELETAL KINETICS
"Canon Medical System, USA, INC.",49,1,2018-04-18,2025-12-19,CANON MEDICAL SYSTEM
"Ethicon, Inc. Us",49,1,2017-08-17,2024-04-23,ETHICON
Guidant Corp-Cpi Division,49,1,2003-05-06,2004-03-11,GUIDANT CPI DIVISION
Waldemar Link GmbH & Co. KG (Mfg Site) Oststr. 4-10 Norderstedt Germany,49,1,2018-12-04,2025-11-10,WALDEMAR LINK AND KG MFG SITE OSTSTR 4 10 NORDERSTEDT GERMANY
Getinge Usa Sales Inc,48,1,2021-12-09,2025-01-15,GETINGE SALES
Bausch & Lomb Inc Irb,48,1,2015-09-03,2017-03-03,BAUSCH AND LOMB IRB
Abbott Point Of Care Inc.,48,1,2006-09-25,2026-04-01,ABBOTT POINT OF CARE
"Spire Biomedical, Inc. One Patriots Park",48,1,2009-10-23,2009-10-23,SPIRE BIOMEDICAL ONE PATRIOTS PARK
"ARROW INTERNATIONAL, LLC",47,1,2026-03-11,2026-04-21,ARROW
"Riverpoint Medical, LLC",47,1,2012-12-13,2023-10-25,RIVERPOINT MEDICAL
ARROW INTERNATIONAL Inc.,47,1,2022-05-05,2024-07-26,ARROW
Oridion Medical 1987 Ltd. Har Hotzvim Industrial,47,1,2018-07-31,2025-02-17,ORIDION MEDICAL 1987 HAR HOTZVIM INDUSTRIAL
RAYSEARCH LABORATORIES AB Eugeniavagen 18c Stockholm Sweden,47,1,2023-02-17,2026-05-20,RAYSEARCH LABORATORIES EUGENIAVAGEN 18C STOCKHOLM SWEDEN
"CME America, LLC",47,1,2015-01-16,2020-07-30,CME AMERICA
"Medical Components, Inc dba MedComp",46,1,2005-09-15,2021-01-13,MEDICAL COMPONENTS MEDCOMP
Haemonetics Corporation,46,1,2002-12-17,2022-04-26,HAEMONETICS
RAYSEARCH LABORATORIES AB Sveavagen 9 Stockholm Sweden,46,1,2017-11-20,2022-06-10,RAYSEARCH LABORATORIES SVEAVAGEN 9 STOCKHOLM SWEDEN
"SEDECAL SA Pelaya, 9 Pol. Pol. Ind. Rio De Janeiro Algete Spain",46,1,2025-06-10,2025-06-10,SEDECAL PELAYA 9 POL POL IND RIO DE JANEIRO ALGETE SPAIN
Hitachi Medical Systems America Inc,45,1,2004-05-07,2021-03-01,HITACHI MEDICAL SYSTEMS AMERICA
"Smiths Medical PM, Inc.",45,1,2005-01-05,2008-04-02,SMITHS MEDICAL PM
BioMerieux SA Chemin De L'Orme Marcy L'Etoile France,44,1,2013-04-17,2021-06-22,BIOMERIEUX CHEMIN DE L ORME MARCY L ETOILE FRANCE
Applied Medical Resources Corp 22872 Avenida Empresa # 3 Rancho Santa,44,1,2004-09-17,2013-10-21,APPLIED MEDICAL RESOURCES 22872 AVENIDA EMPRESA 3 RANCHO SANTA
Oasis Medical Inc,44,1,2005-08-24,2007-07-18,OASIS MEDICAL
Abbott Vascular,43,2,2010-09-10,2022-09-08,ABBOTT VASCULAR
"Degania Silicone, Ltd. Degania Bet Dganya Bet Israel",43,1,2017-01-31,2019-12-02,DEGANIA SILICONE DEGANIA BET DGANYA BET ISRAEL
Guidant Corporation,42,1,2005-06-13,2006-09-30,GUIDANT
EXP Pharmaceutical Services Corp,42,1,2015-02-11,2015-02-11,EXP PHARMACEUTICAL SERVICES
"Avid Medical, Inc.",42,1,2015-10-05,2021-04-09,AVID MEDICAL
"BioFire Diagnostics, LLC",42,1,2018-03-14,2026-04-22,BIOFIRE DIAGNOSTICS
Alcon Research LLC Aspex Facility,42,1,2020-04-17,2024-07-15,ALCON RESEARCH ASPEX FACILITY
"Biomet Microfixation, Inc.",41,1,2008-03-19,2011-11-23,BIOMET MICROFIXATION
"Diagnostica Stago, Inc.",41,1,2002-12-04,2026-02-05,DIAGNOSTICA STAGO
Maquet Medical Systems USA,40,1,2013-09-12,2024-04-15,MAQUET MEDICAL SYSTEMS
Zimmer Dental Inc,40,2,2004-01-13,2018-05-10,ZIMMER DENTAL
Baxa Corporation,40,1,2003-11-07,2013-08-22,BAXA
"Physio-Control, Inc.",39,1,2010-03-11,2026-04-13,PHYSIO CONTROL
Diasorin Inc.,39,1,2003-09-10,2024-11-07,DIASORIN
Roche Diagnostics Corporation,39,1,2016-12-27,2019-06-03,ROCHE DIAGNOSTICS
Medtronic Sofamor Danek Instrument Manufacturing,39,1,2005-11-28,2006-12-18,MEDTRONIC SOFAMOR DANEK INSTRUMENT MANUFACTURING
"Instrumed International, Inc.",38,1,2014-05-30,2014-09-08,INSTRUMED
Instrumentation Laboratory,38,1,2021-08-25,2026-01-20,INSTRUMENTATION LABORATORY
"Medtronic Xomed, Inc.",38,1,2002-01-25,2025-07-17,MEDTRONIC XOMED
PHILIPS MEDICAL SYSTEMS NEDERLAND B.V. Veenpluis,37,1,2023-12-07,2026-04-30,PHILIPS MEDICAL SYSTEMS NEDERLAND B V VEENPLUIS
"Ethicon, Inc. US",37,1,2006-01-04,2016-08-01,ETHICON
"Trumpf Medical Systems, Inc.",37,1,2009-02-27,2017-12-15,TRUMPF MEDICAL SYSTEMS
"Oscor, Inc.",37,1,2008-01-29,2021-03-10,OSCOR
"Burlington Medical, LLC",37,1,2019-06-07,2026-02-11,BURLINGTON MEDICAL
"BioPro, Inc.",37,1,2019-06-25,2025-09-09,BIOPRO
"Fujifilm Medical Systems U.S.A., Inc.",37,2,2015-02-03,2021-04-30,FUJIFILM MEDICAL SYSTEMS U S A
Synergetics Inc,37,1,2013-07-30,2024-06-12,SYNERGETICS
"Churchill Medical Systems, Inc.",36,1,2009-10-20,2015-01-15,CHURCHILL MEDICAL SYSTEMS
Bard Access Systems,36,1,2010-01-14,2016-12-19,BARD ACCESS SYSTEMS
Centurion Medical Products,36,1,2009-09-22,2010-12-06,CENTURION MEDICAL PRODUCTS
"Merit Medical Systems, Inc",36,1,2003-02-13,2007-08-15,MERIT MEDICAL SYSTEMS
Nova Biomedical Corporation,36,1,2003-09-22,2024-11-20,NOVA BIOMEDICAL
"Becton, Dickinson and Company, BD Biosciences",35,1,2015-07-17,2024-05-08,BECTON DICKINSON AND BD BIOSCIENCES
"Coloplast Manufacturing US, LLC",34,2,2009-10-06,2024-12-02,COLOPLAST MANUFACTURING
Sterilmed Inc,34,2,2008-08-08,2017-06-02,STERILMED
"Ivoclar Vivadent, Inc.",34,1,2013-09-23,2023-12-21,IVOCLAR VIVADENT
"NxStage Medical, Inc.",34,1,2004-04-14,2019-08-27,NXSTAGE MEDICAL
"Orthofix, Inc",33,1,2007-09-28,2018-04-06,ORTHOFIX
SCC Soft Computer,33,1,2001-01-09,2014-11-26,SCC SOFT COMPUTER
Inpeco S.A. Via San Gottardo 10 Lugano Switzerland,33,1,2016-10-04,2025-10-30,INPECO S A VIA SAN GOTTARDO 10 LUGANO SWITZERLAND
"Winco Mfg., LLC",33,1,2011-10-17,2016-06-29,WINCO MFG
"Aspen Surgical Products, Inc.",33,1,2003-04-30,2021-07-23,ASPEN SURGICAL PRODUCTS
"Disetronic Medical Systems, Inc.",33,1,2006-03-31,2009-04-30,DISETRONIC MEDICAL SYSTEMS
The Metrix Company,33,1,2016-06-23,2024-10-09,METRIX
"Custom Healthcare Systems, Inc.",33,1,2012-11-26,2019-12-20,CUSTOM HEALTHCARE SYSTEMS
"SpineFrontier, Inc.",33,1,2008-05-10,2019-06-13,SPINEFRONTIER
TELEFLEX MEDICAL INC,32,1,2019-10-11,2022-04-11,TELEFLEX MEDICAL
"Philips Medical Systems Gmbh, DMC Development And Manufacturing Ctr. Rontgenstr. 24 Hamburg Germany",32,1,2018-06-27,2019-12-19,PHILIPS MEDICAL SYSTEMS DMC DEVELOPMENT AND MANUFACTURING CTR RONTGENSTR 24 HAMBURG GERMANY
3M Company Health Care Business 3m Center,32,1,2015-12-01,2024-11-22,3M HEALTH CARE BUSINESS 3M CENTER
Computerized Medical Systems Inc,32,1,2006-11-09,2012-04-30,COMPUTERIZED MEDICAL SYSTEMS
"Davol, Inc., Sub. C. R. Bard, Inc.",32,1,2005-12-22,2011-10-04,DAVOL SUB C R BARD
"Family Dollar Stores, Llc.",32,1,2022-06-23,2023-10-04,FAMILY DOLLAR STORES
AGA Medical Corporation,32,1,2004-11-23,2010-12-17,AGA MEDICAL
American Medical Systems Innovation Center Silicon Valley,32,1,2015-05-28,2015-05-28,AMERICAN MEDICAL SYSTEMS INNOVATION CENTER SILICON VALLEY
Misys Healthcare Systems,32,1,2002-12-20,2005-09-29,MISYS HEALTHCARE SYSTEMS
"Arjo, Inc.",31,1,2003-01-30,2008-12-08,ARJO
"Physio Control, Inc.",31,1,2008-01-08,2013-06-12,PHYSIO CONTROL
Mako Surgical Corporation,31,1,2008-05-02,2022-08-08,MAKO SURGICAL
"ZOLL Circulation, Inc.",31,1,2014-04-01,2025-03-04,ZOLL CIRCULATION
Applied Medical Resources Corp 22872 Avenida Empresa Rancho Santa,31,1,2008-06-25,2025-12-11,APPLIED MEDICAL RESOURCES 22872 AVENIDA EMPRESA RANCHO SANTA
Orthofix Srl Via Delle Nazioni,31,1,2018-09-27,2018-09-27,ORTHOFIX VIA DELLE NAZIONI
Pentax Medical Company,30,1,2011-09-30,2016-04-06,PENTAX MEDICAL
Sklar Instruments,30,1,2024-12-03,2024-12-03,SKLAR INSTRUMENTS
"Allez Spine, LLC",30,1,2007-07-30,2008-08-21,ALLEZ SPINE
"Aizu Olympus Co., Ltd. 3 Chome 1-1 Niiderakita Aizuwakamatsu Japan",30,1,2023-09-25,2025-10-31,AIZU OLYMPUS 3 CHOME 1 1 NIIDERAKITA AIZUWAKAMATSU JAPAN
Ossur H F Grjothals 5 Reykjavik Iceland,30,1,2009-08-10,2024-08-20,OSSUR H F GRJOTHALS 5 REYKJAVIK ICELAND
Integra Life Sciences Corporation,30,1,2009-07-13,2009-07-13,INTEGRA LIFE SCIENCES
"C.R. Bard Access Systems, Inc",30,1,2007-08-10,2008-12-04,C R BARD ACCESS SYSTEMS
MicroPort Orthopedics Inc.,30,1,2016-06-21,2025-12-19,MICROPORT ORTHOPEDICS
Oridion Medical,29,1,2009-06-30,2012-02-16,ORIDION MEDICAL
Varian Medical Systems Oncology Systems,29,1,2005-09-20,2010-06-23,VARIAN MEDICAL SYSTEMS ONCOLOGY SYSTEMS
Medrad Inc,29,2,2004-10-08,2013-04-15,MEDRAD
"Roche Diabetes Care, Inc.",29,1,2014-10-30,2024-05-13,ROCHE DIABETES CARE
"DAYE (ANNE'S DAY LTD)
 Biscuit Factory Business Complex
 100 Drummond Road
 London United Kingdom",29,1,2025-02-17,2025-02-17,DAYE ANNE S DAY BISCUIT FACTORY BUSINESS COMPLEX 100 DRUMMOND ROAD LONDON UNITED KINGDOM
Abbott Point of Care Inc.,29,1,2006-12-12,2010-08-20,ABBOTT POINT OF CARE
"The Binding Site Group, Ltd.",29,1,2012-10-09,2026-04-16,BINDING SITE
"Mindray DS USA, Inc. dba Mindray North America",29,1,2016-03-09,2025-11-18,MINDRAY DS MINDRAY NORTH AMERICA
"FHC, Inc.",29,1,2005-03-14,2024-10-04,FHC
Toshiba American Med Sys Inc,29,1,2003-01-14,2007-10-02,TOSHIBA AMERICAN MED SYS
Omni Life Science,29,1,2009-07-10,2012-08-09,OMNI LIFE SCIENCE
"Arthrex, Inc.",28,1,2015-12-17,2022-11-02,ARTHREX
Universal Meditech Inc.,28,1,2022-11-28,2023-05-22,UNIVERSAL MEDITECH
Accuray Incorporated,28,2,2011-07-07,2026-06-16,ACCURAY
Pentax of America Inc,28,1,2011-01-11,2025-07-16,PENTAX OF AMERICA
"Deltec, Inc",28,1,2003-03-14,2004-03-29,DELTEC
Ortho Development Corporation,28,1,2002-12-26,2019-05-30,ORTHO DEVELOPMENT
Zimmer Surgical Inc,28,1,2013-05-07,2026-06-09,ZIMMER SURGICAL
"Vascular Solutions, Inc.",28,1,2004-05-12,2020-08-31,VASCULAR SOLUTIONS
Ansell Healthcare Products LLC,27,3,2009-05-01,2023-08-03,ANSELL HEALTHCARE PRODUCTS
"Smiths Medical Hythe Hythe, Kent United Kingdom",27,1,2009-08-25,2011-02-11,SMITHS MEDICAL HYTHE HYTHE KENT UNITED KINGDOM
Boston Scientific Corporation One Boston,27,1,2005-08-10,2008-06-17,BOSTON SCIENTIFIC ONE BOSTON
Lifescan Inc,27,1,2003-01-13,2013-03-11,LIFESCAN
Cardinal Health Inc.,27,2,2018-11-16,2021-03-16,CARDINAL HEALTH
"Remel, Inc",27,1,2003-10-02,2026-06-03,REMEL
"Regeneration Technologies, Inc.",27,1,2005-10-14,2005-10-14,REGENERATION TECHNOLOGIES
Volcano Corporation,27,1,2007-04-02,2022-01-19,VOLCANO
Shimadzu Medical Systems,26,1,2011-10-28,2026-04-20,SHIMADZU MEDICAL SYSTEMS
"GE MEDICAL SYSTEMS ISRAEL, FUNCTIONAL IMAGING 4, Hayozma St Tirat Carmel Israel",26,1,2022-12-19,2025-12-10,GE MEDICAL SYSTEMS ISRAEL FUNCTIONAL IMAGING 4 HAYOZMA ST TIRAT CARMEL ISRAEL
"Implant Direct Sybron Manufacturing, LLC",26,1,2015-10-28,2019-08-09,IMPLANT DIRECT SYBRON MANUFACTURING
"Alcon Research, Ltd.",26,1,2004-04-09,2017-06-30,ALCON RESEARCH
"Medline Industries, Inc.",26,1,2005-03-04,2019-05-30,MEDLINE INDUSTRIES
OrthoPediatrics Corp,26,1,2012-06-14,2022-09-12,ORTHOPEDIATRICS
"Encision, Inc.",26,1,2003-01-15,2012-06-15,ENCISION
Orthopediatrics Corp,26,1,2009-07-21,2009-07-21,ORTHOPEDIATRICS
Axya Medical,25,1,2007-09-27,2007-09-27,AXYA MEDICAL
"Biomet U.K., Ltd. Waterton Industrial Estate Bridgend South Wales United Kingdom",25,1,2013-03-20,2016-01-05,BIOMET U K WATERTON INDUSTRIAL ESTATE BRIDGEND SOUTH WALES UNITED KINGDOM
CAREFUSION,25,1,2021-06-09,2022-08-01,CAREFUSION
"Greiner Bio-One North America, Inc.",25,1,2006-08-02,2025-08-19,GREINER BIO ONE NORTH AMERICA
"ASP Global, LLC. dba Anatomy Supply Partners, LLC.",25,1,2025-05-05,2025-09-26,ASP GLOBAL ANATOMY SUPPLY PARTNERS
Radiometer Medical ApS Akandevej 21 Bronshoj Denmark,25,1,2018-02-27,2025-03-21,RADIOMETER MEDICAL APS AKANDEVEJ 21 BRONSHOJ DENMARK
"Ascent Healthcare Solutions, Inc.",25,1,2006-10-19,2010-06-23,ASCENT HEALTHCARE SOLUTIONS
J T Posey Company,25,1,2008-07-25,2012-10-31,J T POSEY
Stryker Communications Corp,25,1,2008-04-01,2011-11-07,STRYKER COMMUNICATIONS
BIOTRONIK Inc,25,1,2021-03-08,2021-03-08,BIOTRONIK
"Fresenius Kabi USA, LLC",25,2,2014-12-19,2026-05-06,FRESENIUS KABI
Tri-State Hospital Supply Corporation,24,1,2007-10-26,2009-01-14,TRI STATE HOSPITAL SUPPLY
MAQUET Inc.,24,1,2006-05-23,2009-11-17,MAQUET
"Tripath Imaging, Inc.",24,1,2011-10-06,2012-03-22,TRIPATH IMAGING
"Spacelabs Healthcare, Llc",24,1,2009-03-20,2014-02-14,SPACELABS HEALTHCARE
Boston Scientific Neuromodulation Corporation,24,1,2010-03-19,2026-04-29,BOSTON SCIENTIFIC NEUROMODULATION
Stryker Howmedica Osteonics,24,1,2002-12-02,2004-02-10,STRYKER HOWMEDICA OSTEONICS
Calbiotech Inc,24,1,2008-08-27,2008-08-27,CALBIOTECH
RAYSEARCH LABORATORIES AB Sveavaegen 9 Stockholm Sweden,24,1,2011-05-30,2018-01-26,RAYSEARCH LABORATORIES SVEAVAEGEN 9 STOCKHOLM SWEDEN
"GE Healthcare (China) Co., Ltd.
 1F-5F BLD 1, No.1 Tongji South Road, Beijing Economic-Technological Development Area
 Beijing China",24,1,2024-07-12,2025-01-31,GE HEALTHCARE CHINA 1F 5F BLD 1 NO 1 TONGJI SOUTH ROAD BEIJING ECONOMIC TECHNOLOGICAL DEVELOPMENT AREA BEIJING CHINA
Unomedical,23,1,2009-10-06,2009-10-06,UNOMEDICAL
Wilson-Cook Medical Inc.,23,1,2018-12-18,2026-03-03,WILSON COOK MEDICAL
Vygon Corporation,23,1,2003-04-09,2014-08-28,VYGON
"Deroyal Industries, Inc. Lafollette",23,1,2011-02-07,2021-09-02,DEROYAL INDUSTRIES LAFOLLETTE
Terumo Medical Corporation,23,1,2010-06-08,2019-04-26,TERUMO MEDICAL
"Carestream Health, Inc.",23,3,2007-03-06,2023-10-02,CARESTREAM HEALTH
"Cyberonics, Inc",23,1,2006-10-17,2017-12-02,CYBERONICS
General Electric Med Systems LLC,23,1,2004-09-02,2007-03-26,GENERAL ELECTRIC MED SYSTEMS
Stryker Leibinger GmbH & Co. KG Botzinger Str. 41 Freiburg Im Breisgau Germany,23,1,2018-06-22,2024-04-04,STRYKER LEIBINGER AND KG BOTZINGER STR 41 FREIBURG IM BREISGAU GERMANY
"Microvention, Inc.",23,1,2017-08-07,2019-11-24,MICROVENTION
Cordis US Corp,22,1,2022-05-20,2025-03-04,CORDIS
Integrated Medical Systems Inc,22,1,2016-01-20,2016-01-20,INTEGRATED MEDICAL SYSTEMS
Integra LifeSciences Corp. d.b.a. Integra Pain Management,22,1,2011-12-21,2016-08-24,INTEGRA LIFESCIENCES D B A INTEGRA PAIN MANAGEMENT
Aesculap Inc,22,1,2007-11-01,2026-01-15,AESCULAP
"Aesculap, Inc.",22,1,2012-05-09,2015-11-30,AESCULAP
"W L Gore & Associates, Inc.",22,1,2017-09-25,2026-05-19,W L GORE AND ASSOCIATES
"Philips Ultrasound, Inc.",22,1,2004-09-10,2024-03-23,PHILIPS ULTRASOUND
"Windstone Medical, Inc.",22,1,2003-03-25,2003-03-25,WINDSTONE MEDICAL
"International Surgical Supply, Inc.",22,1,2003-09-03,2003-09-03,SURGICAL SUPPLY
Bard Access Systems Inc.,22,1,2017-04-25,2021-05-19,BARD ACCESS SYSTEMS
"Skytron, Div. The KMW Group, Inc",22,1,2005-08-04,2022-06-02,SKYTRON DIV KMW
GE Healthcare Finland Oy Kuortaneenkatu 2 Helsinki Finland,22,1,2018-05-25,2025-09-26,GE HEALTHCARE FINLAND KUORTANEENKATU 2 HELSINKI FINLAND
Invivo Corporation,22,2,2008-08-13,2020-09-14,INVIVO
Rochester Medical Corp,22,1,2009-01-14,2010-04-27,ROCHESTER MEDICAL
"Surgical Instrument Service And Savings, Inc.",22,1,2013-05-03,2013-05-03,SURGICAL INSTRUMENT SERVICE AND SAVINGS
Meridian Bioscience Inc,22,1,2002-12-26,2025-12-05,MERIDIAN BIOSCIENCE
"Draeger, Inc.",21,1,2025-03-12,2026-05-07,DRAEGER
Wilson-Cook Medical Inc,21,1,2002-01-08,2005-10-31,WILSON COOK MEDICAL
"Draeger Medical Systems, Inc.",21,2,2009-07-17,2025-01-14,DRAEGER MEDICAL SYSTEMS
"Biomet Microfixation, LLC",21,1,2010-04-26,2017-04-11,BIOMET MICROFIXATION
"Megadyne Medical Products, Inc.",21,1,2009-10-13,2024-06-17,MEGADYNE MEDICAL PRODUCTS
"Shanghai United Imaging Healthcare Co., Ltd.
 No. 2258 Chengbei Rd, Jiading Ind.
 Shanghai China",21,1,2019-07-30,2023-03-01,SHANGHAI UNITED IMAGING HEALTHCARE NO 2258 CHENGBEI RD JIADING IND SHANGHAI CHINA
Waldemar Link GmbH & Co. KG (Corp. Hq.) Barkausenweg 10 Hamburg Germany,21,1,2013-07-16,2013-07-16,WALDEMAR LINK AND KG HQ BARKAUSENWEG 10 HAMBURG GERMANY
Corin Ltd Unit 1-57-8 Corinium Centre Cirencester United Kingdom,21,1,2021-01-25,2023-10-13,CORIN UNIT 1 57 8 CORINIUM CENTRE CIRENCESTER UNITED KINGDOM
"Ross Products Division, Abbott Laboratories",21,1,2003-11-14,2003-11-14,ROSS PRODUCTS DIVISION ABBOTT LABORATORIES
"Medtronic Emergency Response Systems, Inc.",21,1,2005-01-15,2007-06-13,MEDTRONIC EMERGENCY RESPONSE SYSTEMS
Stryker Communications,21,1,2007-10-03,2026-02-23,STRYKER COMMUNICATIONS
Civco Medical Instruments Co. Inc.,21,1,2015-10-21,2026-03-02,CIVCO MEDICAL INSTRUMENTS
Innovatech Medical Resources L.P.,21,1,2011-08-08,2011-08-08,INNOVATECH MEDICAL RESOURCES L P
Cincinnati Sub-Zero Products Inc,21,1,2005-01-18,2017-03-09,CINCINNATI SUB ZERO PRODUCTS
"AROA Biosurgery, LTD.",21,1,2018-04-06,2018-04-06,AROA BIOSURGERY
"GE Medical Systems China Co., Ltd. Dev. Zone National Hi-Tech; No.",20,1,2025-03-21,2025-11-14,GE MEDICAL SYSTEMS CHINA DEV ZONE NATIONAL HI TECH NO
Progressive Medical Inc,20,1,2011-07-28,2013-04-12,PROGRESSIVE MEDICAL
"Davol, Inc., Subs. C. R. Bard, Inc.",20,1,2012-09-04,2014-10-08,DAVOL SUBS C R BARD
Terumo Medical Corp,20,1,2015-11-23,2018-04-09,TERUMO MEDICAL
"ICU Medical de Mexico, S.A. de C.V. Avenida Cuarzo 250 Ensenada Ejido Maneadero Mexico",20,1,2018-03-01,2018-03-01,ICU MEDICAL DE MEXICO S A DE C V AVENIDA CUARZO 250 ENSENADA EJIDO MANEADERO MEXICO
Ciba Vision Corporation,20,1,2002-11-12,2010-04-27,CIBA VISION
Perkinelmer,20,1,2012-06-27,2015-12-08,PERKINELMER
Galt Medical Corporation,20,1,2014-07-25,2025-03-27,GALT MEDICAL
Tyber Medical,20,1,2025-01-21,2025-12-19,TYBER MEDICAL
"Endotec, Inc.",20,1,2009-06-05,2011-09-21,ENDOTEC
"Medtronic Navigation, Inc.-Littleton",20,1,2016-03-17,2024-04-26,MEDTRONIC NAVIGATION LITTLETON
"Ultradent Products, Inc.",20,1,2012-05-24,2026-01-28,ULTRADENT PRODUCTS
Greatbatch Medical,20,1,2009-09-01,2017-04-23,GREATBATCH MEDICAL
Medacta Usa Inc,20,1,2008-05-21,2026-04-30,MEDACTA
"Medical Action Industries, Inc.",20,1,2019-12-02,2026-03-17,MEDICAL ACTION INDUSTRIES
Zimmer Inc,20,1,2003-10-15,2003-10-15,ZIMMER
Stradis Healthcare,20,1,2022-04-22,2022-12-15,STRADIS HEALTHCARE
"Medtronic Vascular, Inc.",20,2,2012-02-21,2022-03-23,MEDTRONIC VASCULAR
GE Healthcare Integrated IT Solutions,20,1,2007-01-12,2009-09-25,GE HEALTHCARE INTEGRATED IT SOLUTIONS
"Polymer Technology Systems, Inc.",20,1,2008-05-29,2020-01-21,POLYMER TECHNOLOGY SYSTEMS
Ge Healthcare,19,2,2006-06-23,2020-05-08,GE HEALTHCARE
"Hill-Rom Manufacturing, Inc.",19,2,2002-01-14,2020-11-12,HILL ROM MANUFACTURING
SURGIFY MEDICAL OY Otakaari 5 I Espoo Finland,19,1,2026-04-30,2026-04-30,SURGIFY MEDICAL OTAKAARI 5 I ESPOO FINLAND
"Tecan US, Inc.",19,1,2013-02-19,2019-04-12,TECAN
"Gambro Renal Products, Incorporated",19,1,2011-03-14,2014-07-18,GAMBRO RENAL PRODUCTS
BIOPSYBELL S.R.L. Via Aldo Manuzio N. 24 Via A.Manuzio n.24 Mirandola Italy,19,1,2021-03-22,2021-03-22,BIOPSYBELL S R L VIA ALDO MANUZIO N 24 VIA A MANUZIO N 24 MIRANDOLA ITALY
General Electric Med Systems,19,1,2002-11-21,2004-07-30,GENERAL ELECTRIC MED SYSTEMS
"Deerfield Imaging, Inc.",19,1,2018-02-20,2022-02-17,DEERFIELD IMAGING
"WalkMed Infusion, LLC",19,1,2014-02-17,2016-06-14,WALKMED INFUSION
"Tornier, Inc",19,1,2011-06-23,2026-03-05,TORNIER
Tenderneeds Fertility LLC,19,1,2020-12-23,2020-12-23,TENDERNEEDS FERTILITY
Ventlab Corporation,19,1,2003-04-15,2012-07-11,VENTLAB
Circaid Medical Products Inc,19,1,2010-04-20,2010-04-20,CIRCAID MEDICAL PRODUCTS
Chattanooga Corp Inc,19,1,2007-12-17,2008-02-28,CHATTANOOGA
"Hamilton Medical, Inc.",19,1,2013-09-26,2023-07-26,HAMILTON MEDICAL
Spacelabs Healthcare Inc,19,1,2014-05-08,2018-01-17,SPACELABS HEALTHCARE
"OriGen Biomedical, Inc.",19,1,2015-03-30,2023-12-19,ORIGEN BIOMEDICAL
Hardy Diagnostics,19,1,2015-03-04,2025-05-06,HARDY DIAGNOSTICS
FUJIFILM Healthcare Americas Corporation,19,1,2022-07-12,2026-01-09,FUJIFILM HEALTHCARE AMERICAS
"SunMed Holdings, LLC",18,1,2022-09-08,2025-12-15,SUNMED
3M Healthcare Business,18,1,2022-10-06,2022-10-06,3M HEALTHCARE BUSINESS
Pacific Medical Group Inc.,18,1,2019-09-11,2021-03-24,PACIFIC MEDICAL
"Defibtech, LLC",18,1,2007-02-17,2025-03-18,DEFIBTECH
Cell Marque Corporation,18,1,2011-07-12,2021-07-15,CELL MARQUE
Synovis Surgical Inovation Div. of,18,1,2002-12-11,2011-10-26,SYNOVIS SURGICAL INOVATION DIV OF
"Tournier, Inc.",18,0,2008-10-20,2008-10-20,TOURNIER
Remington Medical Inc.,18,1,2005-02-15,2014-03-05,REMINGTON MEDICAL
I.T.S. GmbH Autal 28 Lasnitzhohe Austria,18,1,2019-05-09,2026-01-23,I T S AUTAL 28 LASNITZHOHE AUSTRIA
Olympus America Inc.,18,1,2007-09-20,2015-03-26,OLYMPUS AMERICA
"Genzyme Corporation, A Sanofi Company 175F New Boston",18,1,2013-06-21,2013-06-21,GENZYME A SANOFI 175F NEW BOSTON
"Verathon, Inc.",18,1,2009-05-18,2024-04-29,VERATHON
"Stanley Security Solutions, Inc.",18,1,2009-11-25,2012-05-04,STANLEY SECURITY SOLUTIONS
"Custom Medical Specialties, Inc.",18,1,2011-09-30,2016-09-20,CUSTOM MEDICAL SPECIALTIES
American Contract Systems Inc.,18,1,2025-09-04,2025-09-04,AMERICAN CONTRACT SYSTEMS
Edan Diagnostics,18,1,2016-06-23,2025-10-24,EDAN DIAGNOSTICS
"AMO Puerto Rico Manufacturing, Inc.",18,1,2014-01-28,2014-05-13,AMO PUERTO RICO MANUFACTURING
TriMed Inc.,18,1,2018-01-11,2024-03-19,TRIMED
Nidek Inc,18,1,2012-03-27,2017-02-01,NIDEK
BioCheck Inc,18,1,2010-07-15,2010-12-22,BIOCHECK
"Exact Medical Manufacturing, Inc.",18,1,2021-04-29,2021-04-29,EXACT MEDICAL MANUFACTURING
"Genicon, Inc.",18,1,2017-07-19,2020-09-17,GENICON
Vance Products Incorporated,18,1,2007-06-29,2010-10-18,VANCE PRODUCTS
Thomas Medical Products Inc,17,1,2004-06-11,2011-10-07,THOMAS MEDICAL PRODUCTS
"Kinetic Concepts, Inc",17,1,1997-06-01,2006-03-17,KINETIC CONCEPTS
Karl Storz Endoscopy America Inc,17,1,2009-06-01,2013-11-13,KARL STORZ ENDOSCOPY AMERICA
Abbott Medical Optics Inc. (AMO),17,1,2016-08-26,2017-04-01,ABBOTT MEDICAL OPTICS AMO
Welch Allyn Inc,17,2,2003-10-27,2021-07-20,WELCH ALLYN
Abbott Vascular-Cardiac Therapies dba Guidant Corporation,17,1,2006-12-05,2009-10-01,ABBOTT VASCULAR CARDIAC THERAPIES GUIDANT
Plus Orthopedics USA,17,1,2003-06-30,2006-11-27,PLUS ORTHOPEDICS
Civco Medical Instruments Inc,17,1,2008-01-16,2015-02-26,CIVCO MEDICAL INSTRUMENTS
Straumann USA LLC,17,2,2007-09-28,2026-03-27,STRAUMANN
Medical Action Industries Inc,17,1,2009-11-06,2019-03-01,MEDICAL ACTION INDUSTRIES
Ad-Tech Medical Instrument Corporation,17,1,2012-12-18,2024-09-19,AD TECH MEDICAL INSTRUMENT
"TEI Biosciences, Inc.",17,1,2023-05-23,2023-05-23,TEI BIOSCIENCES
"Datex-Ohmeda, Inc.",17,3,2003-10-29,2024-07-12,DATEX OHMEDA
"Advanced Medical Optics, Inc.",17,1,2005-06-13,2008-10-29,ADVANCED MEDICAL OPTICS
Premier Dental Products Co,17,1,2004-04-29,2025-02-27,PREMIER DENTAL PRODUCTS
"AMO Manufacturing USA, LLC",17,1,2010-07-13,2021-10-21,AMO MANUFACTURING
Abbott Gmbh & Co. KG Max-Planck-Ring 2 65205 Wiesbaden Germany,17,1,2017-12-14,2020-06-19,ABBOTT AND KG MAX PLANCK RING 2 65205 WIESBADEN GERMANY
"Orthovita, Inc., dBA Stryker Orthobiologics.",17,1,2012-11-10,2015-08-20,ORTHOVITA STRYKER ORTHOBIOLOGICS
"Horiba Instruments, Inc dba Horiba Medical",17,1,2012-09-14,2018-04-26,HORIBA INSTRUMENTS HORIBA MEDICAL
Vitreq Bv Seggelant-Noord 2 Vierpolders Netherlands,16,1,2019-12-17,2019-12-17,VITREQ SEGGELANT NOORD 2 VIERPOLDERS NETHERLANDS
"Welch Allyn Protocol, Inc",16,1,2003-12-31,2013-11-21,WELCH ALLYN PROTOCOL
Alcon Research LLC,16,1,2018-07-25,2025-11-24,ALCON RESEARCH
Keystone Dental Inc,16,1,2011-07-05,2019-02-22,KEYSTONE DENTAL
"Cook Biotech, Inc.",16,1,2002-12-13,2024-11-22,COOK BIOTECH
Biotronik Inc,16,1,2003-02-21,2007-01-10,BIOTRONIK
Ascent Healthcare Solutions,16,1,2009-01-26,2009-01-26,ASCENT HEALTHCARE SOLUTIONS
Ormco/Sybronendo,16,1,2011-12-12,2020-01-17,ORMCO SYBRONENDO
Cook Endoscopy,16,1,2006-01-05,2011-06-07,COOK ENDOSCOPY
Maquet Inc.,16,1,2009-10-22,2012-11-02,MAQUET
Westmed Inc,16,1,2010-06-22,2011-01-18,WESTMED
Abbott Spine,16,1,2005-11-02,2008-04-17,ABBOTT SPINE
Abbott,16,1,2020-05-22,2025-09-10,ABBOTT
"Magellan Diagnostics, Inc.",16,1,2014-11-29,2026-03-13,MAGELLAN DIAGNOSTICS
"OEC Medical Systems, Inc",16,1,2004-12-13,2008-08-29,OEC MEDICAL SYSTEMS
"Unomedical, Inc",16,1,2004-12-02,2004-12-02,UNOMEDICAL
Brainlab AG Kapellenstrasse 12 Feldkirchen Germany,16,1,2013-07-16,2015-08-18,BRAINLAB KAPELLENSTRASSE 12 FELDKIRCHEN GERMANY
"Bard Access Systems, Inc.",16,1,2022-06-20,2026-05-21,BARD ACCESS SYSTEMS
Zyno Medical LLC,16,1,2011-06-13,2025-05-07,ZYNO MEDICAL
Flower Orthopedics Corporation,16,1,2015-02-16,2023-08-29,FLOWER ORTHOPEDICS
"Bard Access Systems, Inc",16,1,2003-09-23,2006-04-06,BARD ACCESS SYSTEMS
"Onkos Surgical, Inc.",16,1,2017-05-23,2025-07-11,ONKOS SURGICAL
"SPS Sterilization, Inc",15,1,2018-03-07,2018-03-07,SPS STERILIZATION
Maquet Datascope Corp Cardiac Assist Division,15,1,2011-03-16,2018-09-20,MAQUET DATASCOPE CARDIAC ASSIST DIVISION
"Osteomed, LLC",15,1,2020-04-02,2023-05-31,OSTEOMED
"Conmed Endoscopic Technologies, Inc.",15,1,2007-03-14,2007-04-16,CONMED ENDOSCOPIC TECHNOLOGIES
"KCI USA, INC.",15,1,2014-01-30,2025-01-17,KCI
Zimmer Orthopaedic Surgical Products,15,2,2004-10-27,2007-12-18,ZIMMER ORTHOPAEDIC SURGICAL PRODUCTS
"CIVCO Medical Instruments Co., Inc.",15,1,2018-11-02,2018-11-02,CIVCO MEDICAL INSTRUMENTS
"Cardiac Assist, Inc",15,1,2010-12-02,2023-06-30,CARDIAC ASSIST
Quidel Corporation,15,3,2010-11-23,2026-04-06,QUIDEL
Vortex Surgical Inc.,15,1,2023-12-18,2025-12-16,VORTEX SURGICAL
Shippert Medical Technologies,15,1,2017-06-01,2018-02-02,SHIPPERT MEDICAL TECHNOLOGIES
General Electric Medical Systems Information Technology,15,1,2002-06-14,2009-09-25,GENERAL ELECTRIC MEDICAL SYSTEMS INFORMATION TECHNOLOGY
Nextremity Solutions,15,1,2019-10-09,2022-02-10,NEXTREMITY SOLUTIONS
"GE MEDICAL SYSTEMS ISRAEL, FUNCTIONAL IMAGING 9, Andrey Sakharov Haifa Israel",15,1,2025-09-12,2025-12-24,GE MEDICAL SYSTEMS ISRAEL FUNCTIONAL IMAGING 9 ANDREY SAKHAROV HAIFA ISRAEL
Ziehm Imaging Inc,15,1,2011-04-29,2017-02-23,ZIEHM IMAGING
Ge Healthcare It,15,1,2010-02-11,2013-04-19,GE HEALTHCARE IT
"KCI USA, Inc.",15,2,2008-07-29,2014-09-18,KCI
Waldemar Link GmbH & Co. KG (Mfg Site) Ost Str. 4-10 Norderstedt Germany,15,1,2026-01-12,2026-02-11,WALDEMAR LINK AND KG MFG SITE OST STR 4 10 NORDERSTEDT GERMANY
AM2 PAT INC,15,1,2007-12-11,2007-12-11,AM2 PAT
B BRAUN MEDICAL INC,15,1,2025-07-09,2025-09-30,B BRAUN MEDICAL
Mallinckrodt Inc,15,1,2006-11-07,2012-02-10,MALLINCKRODT
Microtek Medical Inc,15,1,2010-05-25,2015-03-10,MICROTEK MEDICAL
"BD Biosciences, Systems & Reagents",15,1,2007-09-07,2015-06-15,BD BIOSCIENCES SYSTEMS AND REAGENTS
Bovie Medical Corporation,15,1,2016-07-18,2021-02-01,BOVIE MEDICAL
Richard-Allan Scientific Company,15,1,2011-08-12,2018-06-04,RICHARD ALLAN SCIENTIFIC
Telefelx Medical,15,1,2007-10-31,2010-07-30,TELEFELX MEDICAL
Becton Dickinson Infusion Therapy,14,1,2003-04-04,2005-02-03,BECTON DICKINSON INFUSION THERAPY
Med Tec Inc,14,1,2009-03-06,2020-05-12,MED TEC
"Spacelabs Healthcare, Incorporated",14,1,2007-01-03,2010-04-14,SPACELABS HEALTHCARE
Ecolab Inc,14,2,2013-07-02,2021-01-11,ECOLAB
"Micro Therapeutics Inc, Dba Ev3 Neurovascular",14,1,2011-09-23,2020-02-14,MICRO THERAPEUTICS EV3 NEUROVASCULAR
"Abbott Diagnostic International, Ltd. 30 Bo Cruce Davila",14,1,2007-03-20,2007-05-31,ABBOTT DIAGNOSTIC 30 BO CRUCE DAVILA
Becton Dickinson & Co. 7 Loveton Cir BD Diagnostic Systems,14,1,2014-05-21,2018-09-24,BECTON DICKINSON AND 7 LOVETON CIR BD DIAGNOSTIC SYSTEMS
"Mevion Medical Systems, Inc.",14,1,2014-03-05,2022-02-01,MEVION MEDICAL SYSTEMS
Beaver-Visitec International Inc.,14,1,2011-02-28,2018-02-26,BEAVER VISITEC
Siemens Medical Solutions Diagnostics,14,3,2007-01-15,2015-03-05,SIEMENS MEDICAL SOLUTIONS DIAGNOSTICS
"Medex Cardio-Pulmonary Inc., d.b.a. Smiths Medical Company",14,1,2017-09-05,2017-09-05,MEDEX CARDIO PULMONARY D B A SMITHS MEDICAL
"MicroAire Surgical Instruments, LLC",14,1,2012-04-26,2025-05-07,MICROAIRE SURGICAL INSTRUMENTS
Coltene Whaledent Inc,14,1,2013-12-11,2023-01-20,COLTENE WHALEDENT
"Arrow International, Inc., Division of Teleflex Medical Inc.",14,1,2010-10-11,2016-02-10,ARROW DIVISION OF TELEFLEX MEDICAL
International Technidyne Corp.,14,1,2005-04-27,2012-09-28,TECHNIDYNE
"OraSure Technologies, Inc.",14,2,2008-09-08,2021-02-05,ORASURE TECHNOLOGIES
Life Technologies Corporation,14,3,2011-11-14,2024-02-07,LIFE TECHNOLOGIES
Carefusion 211 Inc dba Carefusion,14,1,2013-09-05,2016-05-17,CAREFUSION 211 CAREFUSION
Penner Mfg Inc,14,1,2009-01-19,2015-01-30,PENNER MFG
ArthroCare Corporation,14,1,2005-07-12,2020-08-17,ARTHROCARE
American Contract Systems Jackson Pointe Commerce,14,1,2020-04-13,2020-04-13,AMERICAN CONTRACT SYSTEMS JACKSON POINTE COMMERCE
MICROVENTION INC.,14,1,2021-04-21,2026-04-06,MICROVENTION
Orthohelix Surgical Designs Inc,14,1,2005-11-01,2014-09-19,ORTHOHELIX SURGICAL DESIGNS
Full Vision Inc,14,1,2022-08-31,2023-05-12,FULL VISION
Philips Ultrasound Inc,14,1,2019-04-29,2021-09-21,PHILIPS ULTRASOUND
Diamedix Corporation,14,1,2003-09-11,2018-01-05,DIAMEDIX
Osteotech Inc,14,1,2011-08-08,2012-04-20,OSTEOTECH
"Abbott Health Products, Inc.",14,1,2002-12-11,2005-03-24,ABBOTT HEALTH PRODUCTS
"Sun Med, LLC",14,1,2018-05-24,2018-05-24,SUN MED
Gulden Ophthalmics,13,1,2002-11-29,2002-11-29,GULDEN OPHTHALMICS
Ultracell Medical Technologies,13,1,2003-01-08,2003-01-08,ULTRACELL MEDICAL TECHNOLOGIES
"Arrow International, Inc.",13,1,2009-02-02,2009-02-02,ARROW
"Unimed Surgical Products, Inc.",13,1,2009-08-28,2013-02-15,UNIMED SURGICAL PRODUCTS
Smiths Medical Asd Inc,13,1,2007-11-21,2023-11-10,SMITHS MEDICAL ASD
Siemens Medical Solutions USA Inc,13,1,2006-03-28,2007-07-23,SIEMENS MEDICAL SOLUTIONS
Dakocytomation California Inc,13,1,2005-09-29,2005-10-14,DAKOCYTOMATION CALIFORNIA
Abbott Laboratories Diagnostic Div,13,1,2002-07-31,2005-12-23,ABBOTT LABORATORIES DIAGNOSTIC DIV
"Advanced Bionics, LLC",13,1,2019-02-06,2026-04-30,ADVANCED BIONICS
Superstat Corp,13,1,2012-10-24,2012-10-24,SUPERSTAT
"Cytocell Ltd. 418 Cambridge Science Park, Milton Road Oxford Gene Technology Cambridge United Kingdom",13,1,2019-04-26,2023-05-24,CYTOCELL 418 CAMBRIDGE SCIENCE PARK MILTON ROAD OXFORD GENE TECHNOLOGY CAMBRIDGE UNITED KINGDOM
"Mentor Texas, Inc",13,1,2003-12-16,2008-08-22,MENTOR TEXAS
Cypress Medical Products LLC,13,1,2011-11-15,2024-08-20,CYPRESS MEDICAL PRODUCTS
Alden Optical,13,1,2017-11-03,2018-07-03,ALDEN OPTICAL
"Biomet Spine, LLC",13,2,2011-12-19,2016-02-12,BIOMET SPINE
Ohmeda Medical,13,1,2016-11-18,2018-10-05,OHMEDA MEDICAL
"Carl Zeiss Meditec, Inc.",13,1,2011-07-01,2022-01-14,CARL ZEISS MEDITEC
Breg Inc,13,1,2013-01-14,2023-09-13,BREG
"Draegar Medical Systems, Inc.",13,1,2017-03-28,2022-03-04,DRAEGAR MEDICAL SYSTEMS
"Alcon Laboratories, Inc",13,2,2002-11-18,2009-04-29,ALCON LABORATORIES
"Trilliant Surgical, LLC",13,1,2018-07-19,2019-11-04,TRILLIANT SURGICAL
Medela Inc,13,1,2010-03-15,2026-06-05,MEDELA
"Surge Medical Solutions, LLC",13,1,2007-04-17,2007-04-17,SURGE MEDICAL SOLUTIONS
Orthofix U.S. LLC,13,1,2025-02-20,2026-06-10,ORTHOFIX U S
Roche Insulin Delivery Systems Inc.,13,1,2011-02-24,2011-02-24,ROCHE INSULIN DELIVERY SYSTEMS
BD Diagnostic Systems,13,1,2004-10-20,2004-10-20,BD DIAGNOSTIC SYSTEMS
"C.R. Bard, Inc., Urological Division",13,1,2002-08-29,2012-09-07,C R BARD UROLOGICAL DIVISION
Endologix Inc,13,1,2005-12-14,2013-05-13,ENDOLOGIX
Access Scientific LLC,13,1,2020-04-23,2020-06-15,ACCESS SCIENTIFIC
"CAS Medical Systems, Inc.",13,1,2004-05-24,2008-09-20,CAS MEDICAL SYSTEMS
Alpha Omega Services Inc,13,1,2006-02-21,2007-11-15,ALPHA OMEGA SERVICES
Roche Molecular Systems Inc,13,2,2003-03-06,2005-02-14,ROCHE MOLECULAR SYSTEMS
Synthes Spine,13,1,2008-11-07,2009-04-03,SYNTHES SPINE
NeuroLogica Corporation,13,1,2015-09-14,2025-10-07,NEUROLOGICA
Hamilton Co,13,1,2005-08-24,2021-01-15,HAMILTON
Accuray Inc,13,1,2007-03-21,2010-10-28,ACCURAY
"Sysmex America, Inc.",13,2,2009-06-23,2025-12-15,SYSMEX AMERICA
Fisher & Paykel Healthcare Inc,13,1,2003-12-05,2008-10-22,FISHER AND PAYKEL HEALTHCARE
"Augustine Temperature Management, LLC",13,1,2022-03-14,2024-12-16,AUGUSTINE TEMPERATURE MANAGEMENT
Gyrus ACMI Corporation,13,1,2007-02-19,2010-01-08,GYRUS ACMI
"GE Medical Systems Ultrasound & Primary Care Diagnostics, LL",12,2,2018-03-16,2018-04-02,GE MEDICAL SYSTEMS ULTRASOUND AND PRIMARY CARE DIAGNOSTICS LL
"Smith & Nephew, Inc., Endoscopy Div.",12,1,2005-04-06,2015-09-10,SMITH AND NEPHEW ENDOSCOPY DIV
Ossur Americas,12,1,2018-06-21,2022-08-29,OSSUR AMERICAS
"GE Medical Systems, SCS",12,1,2018-03-29,2025-09-05,GE MEDICAL SYSTEMS SCS
Ferno-Washington Inc,12,1,2003-03-28,2025-09-11,FERNO WASHINGTON
"Katalyst Surgical, LLC",12,1,2026-03-25,2026-03-25,KATALYST SURGICAL
Flowonix Medical Inc,12,1,2019-03-21,2021-05-26,FLOWONIX MEDICAL
Neurovision Medical Products Inc,12,1,2010-01-11,2025-05-19,NEUROVISION MEDICAL PRODUCTS
Kensey Nash Corp,12,1,2006-04-06,2012-02-28,KENSEY NASH
Mozarc Medical US LLC,12,1,2025-04-23,2026-04-29,MOZARC MEDICAL
"DiaDexus, Inc",12,1,2008-07-18,2010-08-20,DIADEXUS
Richard Wolf Medical Instruments Corp.,12,1,2004-02-02,2019-05-23,RICHARD WOLF MEDICAL INSTRUMENTS
CHANGE HEALTHCARE CANADA COMPANY,12,1,2020-02-10,2025-08-13,CHANGE HEALTHCARE CANADA
Nellcor Puritan Bennett Inc. (dba Covidien LP),12,1,2011-11-08,2014-10-01,NELLCOR PURITAN BENNETT COVIDIEN
Newport Medical Instruments Inc,12,1,2005-10-29,2017-03-30,NEWPORT MEDICAL INSTRUMENTS
Focus Diagnostics Inc,12,1,2007-07-06,2017-02-15,FOCUS DIAGNOSTICS
"Caire, Inc.",12,1,2007-10-23,2024-10-04,CAIRE
Nihon Kohden America Inc,12,1,2003-12-05,2024-09-18,NIHON KOHDEN AMERICA
Brainlab AG Olof-palme-str. 9 Munich Germany,12,1,2019-02-27,2023-03-02,BRAINLAB OLOF PALME STR 9 MUNICH GERMANY
Nipro Medical Corporation,12,1,2010-01-13,2025-10-27,NIPRO MEDICAL
"Nitinol Devices and Components, Inc.",12,1,2014-05-28,2014-05-28,NITINOL DEVICES AND COMPONENTS
Proctor & Gamble Co,12,1,2004-11-11,2005-02-23,PROCTOR AND GAMBLE
2k Innovations Inc.,12,1,2016-04-15,2016-04-15,2K INNOVATIONS
Medicrea International Vancia Vancia Rillieux La Pape France,12,1,2020-10-08,2023-07-12,MEDICREA VANCIA VANCIA RILLIEUX LA PAPE FRANCE
"Synthes USA HQ, Inc.",12,1,2012-05-22,2012-11-02,SYNTHES HQ
GETINGE US SALES LLC,12,1,2017-11-16,2019-11-13,GETINGE SALES
"Bio-Detek, Inc.",12,1,2004-07-30,2019-05-28,BIO DETEK
Haag-Streit USA Inc,12,1,2010-05-19,2021-11-03,HAAG STREIT
Advanced Orthopaedic Solutions Inc,12,1,2010-01-14,2010-01-14,ADVANCED ORTHOPAEDIC SOLUTIONS
Abbott Ireland Diagnostics Division Lisnamuck Co. Longford Ireland,12,1,2014-09-11,2019-02-05,ABBOTT IRELAND DIAGNOSTICS DIVISION LISNAMUCK LONGFORD IRELAND
"ASO, LLC",12,1,2013-07-26,2018-10-16,ASO
"Symbios Medical Products, LLC",12,1,2013-02-25,2013-05-10,SYMBIOS MEDICAL PRODUCTS
Aesculap Implant Systems,12,1,2007-10-10,2012-02-21,AESCULAP IMPLANT SYSTEMS
"Ge Healthcare, Llc",12,1,2010-02-09,2010-06-25,GE HEALTHCARE
Intersurgical Inc,12,1,2011-02-09,2025-06-20,INTERSURGICAL
"Arjo, Inc. dba ArjoHuntleigh",12,1,2011-02-24,2017-06-14,ARJO ARJOHUNTLEIGH
AGFA Healthcare Corp.,12,1,2014-05-13,2025-11-18,AGFA HEALTHCARE
TomoTherapy Incorporated,12,1,2008-02-22,2014-11-21,TOMOTHERAPY
TeDan Surgical Innovations LLC,12,1,2019-02-18,2020-05-15,TEDAN SURGICAL INNOVATIONS
"Datex Ohmeda, Inc",11,1,2006-08-10,2008-05-19,DATEX OHMEDA
"Teleflex, Inc.",11,1,2014-11-21,2014-12-12,TELEFLEX
Terumo Cardiovascular Corporation,11,1,2010-03-15,2011-07-21,TERUMO CARDIOVASCULAR
"Becton Dickinson Infusion Therapy Systems, Inc.",11,1,2024-06-26,2025-05-21,BECTON DICKINSON INFUSION THERAPY SYSTEMS
Daavlin Distributing Company,11,1,2003-09-01,2026-03-05,DAAVLIN DISTRIBUTING
Preat Corp,11,1,2023-02-01,2025-06-25,PREAT
Vygon U.S.A.,11,1,2018-02-28,2021-04-15,VYGON U S A
"Gyrus ACMI, Inc.",11,1,2017-08-03,2019-03-08,GYRUS ACMI
"DJO, LLC",11,2,2013-05-28,2026-03-19,DJO
Cardiovascular Systems Inc,11,1,2016-06-13,2021-11-22,CARDIOVASCULAR SYSTEMS
Vintage Pharmaceuticals LLC DBA Qualitest Pharmaceuticals,11,1,2009-04-09,2009-10-27,VINTAGE PHARMACEUTICALS QUALITEST PHARMACEUTICALS
"WELCH ALLYN, INC/MORTARA",11,1,2020-03-18,2020-11-11,WELCH ALLYN MORTARA
OMNIlife science Inc.,11,1,2017-11-20,2020-12-21,OMNILIFE SCIENCE
"Straumann Manufacturing, Inc.",11,1,2016-07-14,2018-10-02,STRAUMANN MANUFACTURING
Transonic Systems Inc,11,1,2015-07-27,2018-02-15,TRANSONIC SYSTEMS
"GA HEALTH COMPANY LIMITED
 Unit 18, 21/F
 Metropole Square; 2 On Yiu Street ,Shatin, N.T
 Shatin N.T. Hong Kong SAR",11,1,2020-11-03,2020-11-03,GA HEALTH UNIT 18 21 F METROPOLE SQUARE 2 ON YIU STREET SHATIN N T SHATIN N T HONG KONG SAR
Sunrise Medical (US) LLC,11,1,2012-01-13,2021-07-08,SUNRISE MEDICAL
"Sunquest Information Systems, Inc.",11,1,2008-04-17,2012-03-15,SUNQUEST INFORMATION SYSTEMS
Limacorporate S.p.A Via Nazionale 52 Di San Daniele San Daniele Del Friuli Italy,11,1,2021-10-01,2025-05-19,LIMACORPORATE S P A VIA NAZIONALE 52 DI SAN DANIELE SAN DANIELE DEL FRIULI ITALY
Tornier S.A.S. 161 Rue Lavoisier Montbonnot-Saint-Martin France,11,1,2024-12-18,2025-04-10,TORNIER S A S 161 RUE LAVOISIER MONTBONNOT SAINT MARTIN FRANCE
"Changchun Wancheng Bio-Electron Co., Ltd.
  2336, Tianwei Road
 Beihu Science and Technology Development Zone
 Changchun China",11,1,2025-11-22,2025-11-22,CHANGCHUN WANCHENG BIO ELECTRON 2336 TIANWEI ROAD BEIHU SCIENCE AND TECHNOLOGY DEVELOPMENT ZONE CHANGCHUN CHINA
"Amendia, Inc",11,1,2016-11-22,2017-07-07,AMENDIA
Fischer Imaging Corporation,11,1,2004-04-12,2006-03-27,FISCHER IMAGING
"Lusys Laboratories, Inc.",11,1,2015-03-13,2022-01-13,LUSYS LABORATORIES
Collagen Matrix Inc,11,2,2013-05-13,2022-08-03,COLLAGEN MATRIX
"Orthoscan, Inc.",11,1,2017-08-31,2024-08-08,ORTHOSCAN
Ormco Corporation,11,1,2004-11-18,2011-05-18,ORMCO
"Bausch & Lomb Surgical, Inc.",11,1,2004-02-27,2025-06-06,BAUSCH AND LOMB SURGICAL
"Alcon Research LTD dba Alcon Laboratories, Inc.",11,1,2010-04-30,2010-04-30,ALCON RESEARCH ALCON LABORATORIES
VANTIVE US HEALTHCARE LLC,11,1,2025-07-28,2026-01-06,VANTIVE HEALTHCARE
Teleflex Medical Europe Ltd Ida Business Park Athlone Ireland,11,1,2018-03-15,2021-07-16,TELEFLEX MEDICAL EUROPE IDA BUSINESS PARK ATHLONE IRELAND
Degania Medical Devices Pvt. Ltd. Plot No 251 Imt Manesar Gurgaon India,11,1,2020-03-17,2020-03-17,DEGANIA MEDICAL DEVICES PLOT NO 251 IMT MANESAR GURGAON INDIA
"DEPUY (IRELAND) Loughbeg, Ringaskiddy Co. Cork Ireland",11,1,2026-04-03,2026-05-19,DEPUY IRELAND LOUGHBEG RINGASKIDDY CORK IRELAND
"King Systems Corp. dba Ambu, Inc.",11,1,2017-03-15,2024-09-26,KING SYSTEMS AMBU
"Randox Laboratories, Limited Ardmore; 55 The Diamond Road Crumlin United Kingdom",11,1,2019-06-10,2024-12-20,RANDOX LABORATORIES ARDMORE 55 DIAMOND ROAD CRUMLIN UNITED KINGDOM
"Johnson & Johnson Vision Care, Inc.",11,1,2011-12-01,2025-06-12,JOHNSON AND JOHNSON VISION CARE
"Helena Laboratories, Corp.",11,1,2017-07-21,2023-05-02,HELENA LABORATORIES
GE Medical Systems Information Technologies Inc,11,2,2023-08-08,2026-04-24,GE MEDICAL SYSTEMS INFORMATION TECHNOLOGIES
"Spinal Solutions, LLC",11,1,2013-02-20,2013-03-08,SPINAL SOLUTIONS
"Spacelabs Healthcare, Inc.",11,1,2019-01-28,2026-03-26,SPACELABS HEALTHCARE
ZOLL Medical Corporation,11,1,2012-08-16,2025-02-13,ZOLL MEDICAL
Nakanishi Inc. 700 Shimohinata Kanuma Japan,11,1,2016-07-08,2018-06-01,NAKANISHI 700 SHIMOHINATA KANUMA JAPAN
"Zimmer Trabecular Metal Technology, Inc.",11,1,2014-12-02,2019-02-01,ZIMMER TRABECULAR METAL TECHNOLOGY
Medex Inc,11,2,2003-06-09,2005-11-18,MEDEX
Madison Polymeric Engineering,11,1,2017-04-17,2019-05-08,MADISON POLYMERIC ENGINEERING
Lab Vision Corporation,11,1,2010-03-05,2016-01-18,LAB VISION
"MWT Materials, Inc.",11,1,2014-10-06,2014-10-06,MWT MATERIALS
Delta Med SpA Via Guido Rossa 20 Viadana Italy,11,1,2021-06-21,2021-06-21,DELTA MED VIA GUIDO ROSSA 20 VIADANA ITALY
ela Medical Llc,11,1,2004-10-21,2011-05-02,ELA MEDICAL
Stryker Medical,10,1,2003-05-01,2006-01-17,STRYKER MEDICAL
Robert Busse & Co. Inc. d.b.a. Busse Hospital Disposables,10,1,2016-11-15,2017-06-27,ROBERT BUSSE AND D B A BUSSE HOSPITAL DISPOSABLES
US Endoscopy Group Inc,10,1,2011-11-14,2019-02-04,ENDOSCOPY
"Xoran Technologies, Inc.",10,1,2006-07-13,2010-07-27,XORAN TECHNOLOGIES
"Alcon Research, LTD.",10,1,2018-08-28,2023-06-28,ALCON RESEARCH
"PerkinElmer Life and Analytical Sciences, Wallac, OY Mustionkatu 6",10,1,2012-01-09,2019-01-10,PERKINELMER LIFE AND ANALYTICAL SCIENCES WALLAC MUSTIONKATU 6
Integra Limited,10,1,2011-05-02,2019-03-31,INTEGRA
Orthopedic Alliance LLC,10,1,2013-02-20,2013-03-07,ORTHOPEDIC ALLIANCE
"Johnson & Johnson Surgical Vision, Inc.",10,1,2022-09-01,2024-03-14,JOHNSON AND JOHNSON SURGICAL VISION
Elekta Inc,10,1,2017-09-01,2023-02-28,ELEKTA
"Philips Healthcare Informatics, Inc.",10,1,2008-01-04,2019-04-19,PHILIPS HEALTHCARE INFORMATICS
Phadia US Inc,10,2,2012-01-03,2023-05-01,PHADIA
"Specialty Appliance Works, Inc.",10,1,2015-03-09,2015-03-09,SPECIALTY APPLIANCE WORKS
"Medtest Holdings, Inc.",10,1,2009-07-21,2018-08-10,MEDTEST
LEICA BIOSYSTEMS NUSSLOCH GMBH Heidelberger Str. 17-19 Nussloch Germany,10,1,2023-11-20,2025-01-30,LEICA BIOSYSTEMS NUSSLOCH HEIDELBERGER STR 17 19 NUSSLOCH GERMANY
"Trinity Sterile, Inc.",10,1,2021-02-23,2024-12-13,TRINITY STERILE
Trilliant Surgical Ltd.,10,1,2015-07-20,2018-03-27,TRILLIANT SURGICAL
Interventional Spine Inc,10,1,2008-02-22,2016-11-22,INTERVENTIONAL SPINE
"Life Technologies, Corp.",10,1,2018-05-10,2018-08-24,LIFE TECHNOLOGIES
Biogenex Laboratories,10,1,2006-02-09,2009-01-23,BIOGENEX LABORATORIES
Fenwal Inc,10,1,2013-05-24,2023-02-14,FENWAL
"PerkinElmer Health Sciences, Inc.",10,2,2014-06-27,2017-12-19,PERKINELMER HEALTH SCIENCES
"Megadyne Medical Products, Inc",10,1,2002-12-20,2006-04-06,MEGADYNE MEDICAL PRODUCTS
"Ebi, Llc",10,1,2010-09-16,2014-11-11,EBI
Amerx Health Care Corp.,10,1,2014-07-11,2016-05-20,AMERX HEALTH CARE
Thermo Fisher Scientific (Asheville) LLC,10,1,2012-11-29,2019-04-02,THERMO FISHER SCIENTIFIC ASHEVILLE
"Veridex, LLC",10,2,2007-04-17,2015-05-15,VERIDEX
Securitas Healthcare LLC,10,1,2023-02-06,2025-12-08,SECURITAS HEALTHCARE
Sechrist Industries Inc,10,1,2004-05-20,2015-06-01,SECHRIST INDUSTRIES
Beekley Corporation,10,1,2012-07-02,2018-06-13,BEEKLEY
"Steritec Products Mfc. Co., Inc.",10,1,2009-07-15,2013-06-10,STERITEC PRODUCTS MFC
"Becton, Dickinson and Company, BD Bio Sciences",10,1,2024-08-12,2025-07-08,BECTON DICKINSON AND BD BIO SCIENCES
"Blackstone Medical, Inc.",10,1,2006-05-08,2010-04-21,BLACKSTONE MEDICAL
"Warsaw Orthopedic, Inc.",10,1,2005-01-04,2005-06-20,WARSAW ORTHOPEDIC
Nichols Institute Diagnostics,10,1,2004-06-30,2005-09-30,NICHOLS INSTITUTE DIAGNOSTICS
"Penner Patient Care, Inc.",10,1,2025-08-13,2025-08-13,PENNER PATIENT CARE
Leica Biosystems Richmond Inc.,10,1,2012-02-20,2017-07-14,LEICA BIOSYSTEMS RICHMOND
"Remel, Inc.",10,1,2002-05-09,2007-02-21,REMEL
SenTec AG Ringstrasse 39 Therwil Switzerland,10,1,2016-09-15,2023-07-25,SENTEC RINGSTRASSE 39 THERWIL SWITZERLAND
"AtriCure, Inc.",10,1,2016-09-22,2023-11-28,ATRICURE
Qualigen Inc,10,1,2003-09-19,2024-12-03,QUALIGEN
"Vital Images, Inc.",10,1,2007-11-08,2013-10-21,VITAL IMAGES
"Liko, Inc.",10,1,2004-09-24,2007-06-13,LIKO
"SeaSpine, Inc",10,1,2009-03-04,2009-03-04,SEASPINE
Teco Diagnostics,10,1,2005-12-22,2011-10-14,TECO DIAGNOSTICS
GE Healthcare It,10,1,2012-10-02,2013-08-26,GE HEALTHCARE IT
"Northgate Technologies, Inc.",10,1,2011-07-25,2022-04-13,NORTHGATE TECHNOLOGIES
"Siemens Medical Solutions USA, Inc Radiation Oncology",10,1,2010-11-04,2010-11-04,SIEMENS MEDICAL SOLUTIONS RADIATION ONCOLOGY
"Boston Scientific Corporation, Neurovascular, 47900 Bayside Parkway, Fremont, CA 94538 
 47900 Bayside Pkwy
 Fremont CA 94538-6515",10,1,2010-10-19,2010-10-19,BOSTON SCIENTIFIC NEUROVASCULAR 47900 BAYSIDE PARKWAY FREMONT CA 94538 47900 BAYSIDE PKWY FREMONT CA 94538 6515
Richard Wolf GmbH Pforzheimer Str. 32 Knittlingen Germany,10,1,2017-07-24,2025-04-09,RICHARD WOLF PFORZHEIMER STR 32 KNITTLINGEN GERMANY
"Westmed, Inc.",10,1,2019-01-15,2024-09-27,WESTMED
"Vital Concepts, Inc.",10,1,2003-07-11,2003-11-07,VITAL CONCEPTS
Wipro GE Healthcare Private Ltd. 122 Part 1 Odyssey And Galileo Bengaluru India,10,1,2023-12-26,2025-09-05,WIPRO GE HEALTHCARE PRIVATE 122 PART 1 ODYSSEY AND GALILEO BENGALURU INDIA
Boston Scientific Scimed,10,1,2004-02-13,2005-08-05,BOSTON SCIENTIFIC SCIMED
Microgenics Corporation,10,1,2011-12-14,2025-10-01,MICROGENICS
"CardioQuip, LLC",9,1,2021-05-12,2023-10-24,CARDIOQUIP
Cardinal Health 303 Inc DBA Alaris Products,9,1,2006-08-10,2008-03-05,CARDINAL HEALTH 303 ALARIS PRODUCTS
"Ascension Orthopedics, Inc",9,1,2002-10-31,2018-11-16,ASCENSION ORTHOPEDICS
"Foundation Medicine, Inc.",9,1,2018-10-31,2026-03-24,FOUNDATION MEDICINE
"Captiva Spine, Inc 967 Alternate A1A Suite1",9,1,2011-11-22,2015-02-25,CAPTIVA SPINE 967 ALTERNATE A1A SUITE1
Pfm Medical Inc,9,1,2014-10-20,2014-10-20,PFM MEDICAL
"Cardinal Health 203, Inc",9,1,2004-09-08,2008-02-22,CARDINAL HEALTH 203
"Portex Ltd. Reachfields Boundry Road Hythe, Kent United Kingdom",9,1,2003-05-16,2003-05-16,PORTEX REACHFIELDS BOUNDRY ROAD HYTHE KENT UNITED KINGDOM
"Owens & Minor Distribution, Inc.",9,1,2003-11-03,2023-01-03,OWENS AND MINOR DISTRIBUTION
Pelton & Crane Company,9,1,2010-02-09,2012-02-20,PELTON AND CRANE
"Abbott Medical Optics, Inc.",9,1,2013-05-23,2015-02-20,ABBOTT MEDICAL OPTICS
Acist Medical Systems,9,1,2003-10-02,2021-01-22,ACIST MEDICAL SYSTEMS
MMS Sales Corp,9,1,2005-02-21,2005-02-21,MMS SALES
"Del Mar Reynolds Medical, Ltd. 1-2 Harforde Ct., Foxholes Business Park Hertford United Kingdom",9,1,2010-09-10,2014-03-10,DEL MAR REYNOLDS MEDICAL 1 2 HARFORDE CT FOXHOLES BUSINESS PARK HERTFORD UNITED KINGDOM
Nellcor Puritan Bennett,9,1,2004-07-08,2007-03-12,NELLCOR PURITAN BENNETT
"Mainline Technology, Inc.",9,1,2006-11-08,2009-10-07,MAINLINE TECHNOLOGY
Access CardioSystems,9,1,2003-12-19,2004-11-03,ACCESS CARDIOSYSTEMS
"Musculoskeletal Transplant Foundation, Inc.",9,1,2014-12-04,2023-12-22,MUSCULOSKELETAL TRANSPLANT FOUNDATION
"Microline Surgical, Inc.",9,1,2011-07-18,2024-11-05,MICROLINE SURGICAL
"Vygon MFG, Inc., dba/ Churchill Medical Systems, Inc.",9,1,2016-11-18,2019-09-24,VYGON MFG CHURCHILL MEDICAL SYSTEMS
Halyard Health,9,1,2014-11-17,2016-11-10,HALYARD HEALTH
"Micro-X Ltd.
 Unit 14 6 Mab Eastern Promenade
 Tonsley Australia",9,1,2023-05-31,2026-03-27,MICRO X UNIT 14 6 MAB EASTERN PROMENADE TONSLEY AUSTRALIA
EKOS Corporation,9,1,2008-02-20,2016-08-22,EKOS
EMD Chemicals Inc,9,1,2002-12-13,2008-06-02,EMD CHEMICALS
Medical Depot Inc.,9,1,2016-02-17,2025-04-11,MEDICAL DEPOT
Medical Positioning Inc,9,1,2010-02-01,2014-07-10,MEDICAL POSITIONING
Electric Mobility Corp,9,1,2003-02-07,2010-09-27,ELECTRIC MOBILITY
"Gyrus Acmi, Incorporated",9,1,2010-08-03,2018-04-17,GYRUS ACMI
Volcano Corp,9,1,2013-09-23,2025-06-13,VOLCANO
Chromsystems Instruments & Chemicals GmbH Am Haag 12 Grafelfing Germany,9,1,2020-10-29,2022-05-19,CHROMSYSTEMS INSTRUMENTS AND CHEMICALS AM HAAG 12 GRAFELFING GERMANY
"Alcon Research, LLC",9,2,2020-08-24,2024-03-15,ALCON RESEARCH
"Implant Innovations, Inc.",9,1,2003-01-28,2004-10-04,IMPLANT INNOVATIONS
"Clark Laboratories, Inc. (dba, Trinity Biotech USA)",9,1,2012-05-29,2018-11-01,CLARK LABORATORIES TRINITY BIOTECH
Lin-Zhi International Inc,9,1,2011-08-05,2019-01-11,LIN ZHI
"Sorin Group Italia SRL CRF Via Crescentino Saluggia, VC Italy",9,1,2017-04-11,2017-07-24,SORIN ITALIA CRF VIA CRESCENTINO SALUGGIA VC ITALY
Compass Health Brands (Corporate Office),9,1,2018-06-18,2023-03-07,COMPASS HEALTH BRANDS CORPORATE OFFICE
Allied Healthcare Products Inc,9,1,2009-05-15,2010-08-12,ALLIED HEALTHCARE PRODUCTS
UIH Technologies LLC,9,1,2025-09-12,2025-09-12,UIH TECHNOLOGIES
"Vapotherm, Inc.",9,2,2005-10-13,2014-08-13,VAPOTHERM
Horiba Instruments Inc,9,1,2014-11-19,2016-02-19,HORIBA INSTRUMENTS
Ohio Medical Corporation,9,1,2009-09-21,2025-05-08,OHIO MEDICAL
Oakworks Inc,9,1,2017-07-31,2023-12-05,OAKWORKS
ORTHO-CLINICAL DIAGNOSTICS FELINDRE MEADOWS Bridgend United Kingdom,9,1,2014-07-16,2017-03-07,ORTHO CLINICAL DIAGNOSTICS FELINDRE MEADOWS BRIDGEND UNITED KINGDOM
DIXI MEDICAL USA,9,1,2021-12-09,2021-12-09,DIXI MEDICAL
Northeast Scientific Inc.,9,1,2021-04-26,2025-08-29,NORTHEAST SCIENTIFIC
"Ethicon, Inc.",9,1,2023-03-31,2024-09-25,ETHICON
Nidek Medical Products Inc,9,1,2012-05-01,2012-05-01,NIDEK MEDICAL PRODUCTS
"Konica Minolta Medical Imaging USA, Inc.",9,1,2006-02-06,2018-05-09,KONICA MINOLTA MEDICAL IMAGING
"Shirakawa Olympus Co., Ltd. Azaokamiyama 3-1 Oazaodakura; Nishigo-Mura Nishishirakawa-Gun Japan",9,1,2023-12-04,2023-12-04,SHIRAKAWA OLYMPUS AZAOKAMIYAMA 3 1 OAZAODAKURA NISHIGO MURA NISHISHIRAKAWA GUN JAPAN
"Bayer Medical Care, Inc.",9,1,2018-06-28,2026-04-24,BAYER MEDICAL CARE
"Sterling Diagnostics, Inc.",9,1,2016-07-20,2016-07-20,STERLING DIAGNOSTICS
B-K Medical A/S Mileparken 34 Herlev Denmark,9,1,2016-06-28,2025-10-09,B K MEDICAL A S MILEPARKEN 34 HERLEV DENMARK
"Bio-Med Devices, Inc.",9,1,2003-11-07,2004-12-06,BIO MED DEVICES
Remote Diagnostic Technologies Ltd. Farnborough Aerospace Centre Aerospace Boulevard Farnborough United Kingdom,9,1,2023-02-23,2025-11-26,REMOTE DIAGNOSTIC TECHNOLOGIES FARNBOROUGH AEROSPACE CENTRE AEROSPACE BOULEVARD FARNBOROUGH UNITED KINGDOM
"Sybaritic, Inc",9,1,2005-01-05,2008-06-18,SYBARITIC
GE Medical Systems Information Technologies,9,2,2000-10-24,2005-07-18,GE MEDICAL SYSTEMS INFORMATION TECHNOLOGIES
"Siemens Medical Solutions, USA, Inc",9,1,2006-04-06,2012-07-13,SIEMENS MEDICAL SOLUTIONS
"Bruder Healthcare Company, LLC",9,1,2024-02-21,2024-02-21,BRUDER HEALTHCARE
"Biocare Medical, LLC",9,1,2015-03-17,2024-09-25,BIOCARE MEDICAL
Biomerieux 69280 Marcy Letoile France,9,1,2014-10-16,2015-11-19,BIOMERIEUX 69280 MARCY LETOILE FRANCE
"Sonosite, Inc.",9,1,2005-10-26,2011-07-18,SONOSITE
Sorin Group Deutschland GmbH Lindberghstrasse 25 Munchen Germany,9,1,2012-02-23,2013-12-04,SORIN DEUTSCHLAND LINDBERGHSTRASSE 25 MUNCHEN GERMANY
Baxter Corporation Englewood,9,1,2013-12-03,2016-08-24,BAXTER ENGLEWOOD
SEASPINE ORTHOPEDICS CORPORATION,9,1,2024-02-15,2025-11-17,SEASPINE ORTHOPEDICS
"MEDLINE INDUSTRIES, LP SPT",8,1,2022-06-06,2022-06-06,MEDLINE INDUSTRIES SPT
Aniara Diagnostica LLC,8,1,2019-03-19,2026-04-01,ANIARA DIAGNOSTICA
Vital Signs Colorado Inc.,8,1,2008-08-11,2015-03-13,VITAL SIGNS COLORADO
"BALT USA, LLC",8,1,2022-01-04,2025-09-25,BALT
"Pharmaceutical Innovations, Inc.",8,1,2012-03-02,2020-08-13,PHARMACEUTICAL INNOVATIONS
Gebauer Company,8,1,2007-01-19,2008-09-03,GEBAUER
Straumann Manufacturing Inc.,8,1,2006-01-30,2011-08-04,STRAUMANN MANUFACTURING
"Diasol, Inc",8,1,2020-04-30,2025-11-05,DIASOL
Boston Scientific Target,8,1,2006-03-06,2007-07-11,BOSTON SCIENTIFIC TARGET
Villa Sistemi Medicali S.P.A. Via delle Azalee,8,1,2016-12-27,2019-11-04,VILLA SISTEMI MEDICALI S P A VIA DELLE AZALEE
"Silex Medical, LLC",8,1,2024-01-09,2024-01-09,SILEX MEDICAL
Villa Radiology Systems LLC,8,1,2013-08-02,2016-02-19,VILLA RADIOLOGY SYSTEMS
"Vital Scientific N.V. 24, Kanaalweg Postbus 100 Dieren Netherlands",8,2,2012-01-10,2018-11-15,VITAL SCIENTIFIC N V 24 KANAALWEG POSTBUS 100 DIEREN NETHERLANDS
Dako North America Inc.,8,1,2008-05-01,2018-02-02,DAKO NORTH AMERICA
Materialise USA LLC,8,1,2012-03-23,2022-07-13,MATERIALISE
"Spinal Concepts, Inc",8,1,2002-04-01,2004-04-01,SPINAL CONCEPTS
"Duro-Med Industries, Inc.",8,1,2004-08-04,2004-08-04,DURO MED INDUSTRIES
Microtek Medical Inc.,8,1,2022-04-08,2024-06-03,MICROTEK MEDICAL
DiaSorin Molecular LLC,8,1,2020-05-12,2023-06-14,DIASORIN MOLECULAR
Percussionaire Corporation,8,1,2020-09-14,2025-09-17,PERCUSSIONAIRE
Concentric Medical Inc,8,1,2003-09-24,2015-08-19,CONCENTRIC MEDICAL
Impac Medical Systems Inc,8,1,2008-02-14,2012-06-08,IMPAC MEDICAL SYSTEMS
"Adept Medical Ltd
 2-6 Mc Donald Street
 Morningside, Po Box 10075 Dominion Rd
 Auckland New Zealand",8,1,2024-11-24,2024-11-24,ADEPT MEDICAL 2 6 MC DONALD STREET MORNINGSIDE PO BOX 10075 DOMINION RD AUCKLAND NEW ZEALAND
"Davol, Inc.",8,1,2022-06-07,2026-03-25,DAVOL
"Acumedia Manufacturers, Inc.",8,1,2015-09-11,2018-08-02,ACUMEDIA MANUFACTURERS
"Clinical Innovations, LLC",8,1,2008-05-12,2026-03-09,CLINICAL INNOVATIONS
"Beijing Syntech Laser Co., Ltd International Industry Base West Area",8,1,2017-07-03,2017-07-03,BEIJING SYNTECH LASER INDUSTRY BASE WEST AREA
PHILIPS MEDICAL SYSTEMS,8,1,2022-02-11,2026-03-07,PHILIPS MEDICAL SYSTEMS
PSC Industries Inc,8,1,2012-06-01,2012-06-05,PSC INDUSTRIES
"Paltop Advanced Dental Solutions Ltd 5, Ha-Shita Caesarea Israel",8,1,2019-05-30,2021-07-26,PALTOP ADVANCED DENTAL SOLUTIONS 5 HA SHITA CAESAREA ISRAEL
"Tosoh Bioscience, Inc.",8,1,2003-04-02,2017-02-08,TOSOH BIOSCIENCE
"Paragon 28, Inc.
 14445 Grasslands Dr
 Englewood CO 80112-7062",8,1,2021-07-30,2025-10-13,PARAGON 28 14445 GRASSLANDS DR ENGLEWOOD 80112 7062
Euro Diagnostica AB,8,1,2015-10-15,2017-05-22,EURO DIAGNOSTICA
"Cincinnati Sub-Zero Products LLC, a Gentherm Company",8,1,2018-09-04,2019-07-19,CINCINNATI SUB ZERO PRODUCTS A GENTHERM
Pride Mobility Products Corp,8,1,2004-06-07,2016-12-01,PRIDE MOBILITY PRODUCTS
"Access Vascular, Inc",8,1,2022-12-16,2023-08-31,ACCESS VASCULAR
"Gambro Renal Products, Inc.",8,1,2005-10-24,2008-05-02,GAMBRO RENAL PRODUCTS
Natus Neurology Inc,8,1,2015-09-11,2024-02-07,NATUS NEUROLOGY
Surgical Specialties Corp,8,1,2002-11-05,2011-03-30,SURGICAL SPECIALTIES
Lighthouse For The Blind,8,1,2013-03-22,2013-03-22,LIGHTHOUSE FOR BLIND
NordicNeuroLab AS Mollendalsveien 65c Bergen Norway,8,1,2012-12-21,2022-06-16,NORDICNEUROLAB MOLLENDALSVEIEN 65C BERGEN NORWAY
Ion Beam Applications S.A. Chemin Du Cyclotron 3 Louvain-la-neuve Belgium,8,1,2018-06-27,2022-02-15,ION BEAM APPLICATIONS S A CHEMIN DU CYCLOTRON 3 LOUVAIN LA NEUVE BELGIUM
"Hu-Friedy Mfg Co, Inc.",8,1,2003-04-10,2005-01-07,HU FRIEDY MFG
Laerdal Medical Corporation,8,1,2003-12-23,2026-01-13,LAERDAL MEDICAL
"Zeiss, Carl Inc",8,1,2011-04-28,2022-06-24,ZEISS CARL
Brainlab AG Ammerthalstrasse 8 Kirchheim B. Muenchen Germany,8,1,2006-06-02,2009-08-12,BRAINLAB AMMERTHALSTRASSE 8 KIRCHHEIM B MUENCHEN GERMANY
"Asante Solutions, Inc.",8,1,2013-11-19,2013-11-19,ASANTE SOLUTIONS
"Folsom Metal Products, Inc.",8,1,2023-10-30,2025-08-21,FOLSOM METAL PRODUCTS
"Fujirebio Diagnostics, Inc.",8,1,2010-07-29,2025-12-11,FUJIREBIO DIAGNOSTICS
BioHorizons Implant Systems Inc One Perimeter Park South,8,1,2005-06-03,2007-04-18,BIOHORIZONS IMPLANT SYSTEMS ONE PERIMETER PARK SOUTH
"Salter Laboratories, Division of Regulatory Affairs",8,1,2010-12-21,2011-04-19,SALTER LABORATORIES DIVISION OF REGULATORY AFFAIRS
Candela Laser Corporation,8,1,2003-11-25,2007-01-15,CANDELA LASER
"Aju Pharm Co., Ltd.
 Room 201, Room 207, Bl A
 Bundangtekeunopakeu; 697 Pangyo-Ro; Bundang
 Seongnam Korea (the Republic of)",8,1,2025-12-17,2025-12-17,AJU PHARM ROOM 201 ROOM 207 BL A BUNDANGTEKEUNOPAKEU 697 PANGYO RO BUNDANG SEONGNAM KOREA REPUBLIC OF
Carestream Health Inc,8,1,2014-11-25,2017-05-25,CARESTREAM HEALTH
Quality Electrodynamics LLC,8,1,2012-07-27,2019-08-20,QUALITY ELECTRODYNAMICS
"Tandem Diabetes Care, Inc.",8,1,2024-03-05,2026-01-30,TANDEM DIABETES CARE
"Gentell, Inc",8,1,2020-02-27,2020-03-26,GENTELL
Inter-Med Llc,8,1,2019-06-27,2026-05-27,INTER MED
Medicina Uk Ltd,8,1,2022-07-04,2022-07-04,MEDICINA UK
Agfa N.V. Septestraat 27 Mortsel Belgium,7,1,2018-08-15,2024-07-29,AGFA N V SEPTESTRAAT 27 MORTSEL BELGIUM
"Natus Neurology DBA Excel Tech., Ltd. (XLTEK)",7,1,2015-11-11,2025-06-18,NATUS NEUROLOGY EXCEL TECH XLTEK
Ellex Medical Pty Ltd,7,1,2009-02-11,2011-02-15,ELLEX MEDICAL PTY
Implant Direct Sybron Manufacturing LLC,7,1,2019-01-09,2025-05-01,IMPLANT DIRECT SYBRON MANUFACTURING
Stereotaxis Inc,7,1,2004-01-27,2020-09-21,STEREOTAXIS
Corflex,7,1,2015-11-12,2015-11-12,CORFLEX
Accumetrics Inc,7,1,2004-05-10,2014-02-13,ACCUMETRICS
International Technidyne Corporation,7,2,2007-11-19,2010-07-08,TECHNIDYNE
LSL Healthcare Inc.,7,1,2025-12-22,2026-03-09,LSL HEALTHCARE
Berchtold Corp.,7,1,2009-02-02,2016-04-19,BERCHTOLD
"Rockwell Medical Technologies, Inc",7,1,2007-12-03,2008-09-29,ROCKWELL MEDICAL TECHNOLOGIES
"Kentec Medical, Inc",7,1,2020-01-17,2020-01-17,KENTEC MEDICAL
Ballard Medical Products,7,1,2003-06-13,2003-06-13,BALLARD MEDICAL PRODUCTS
K Tek,7,1,2006-11-03,2006-11-03,K TEK
"ErgoSafe Products, LLC (DBA) Prism Medical",7,1,2015-06-24,2017-01-30,ERGOSAFE PRODUCTS PRISM MEDICAL
Tecfen Medical,7,1,2025-04-25,2025-04-25,TECFEN MEDICAL
Zeus Scientific Inc,7,1,2000-02-24,2008-08-19,ZEUS SCIENTIFIC
Sunquest Information Systems,7,1,2002-10-18,2002-12-06,SUNQUEST INFORMATION SYSTEMS
"MedAmicus, Inc",7,1,2003-06-06,2003-06-06,MEDAMICUS
Northwest Medical Physics Equipment Inc,7,1,2004-11-30,2006-04-07,NORTHWEST MEDICAL PHYSICS EQUIPMENT
3M Company Health Care Business 3M Center,7,1,2012-09-13,2015-06-15,3M HEALTH CARE BUSINESS 3M CENTER
"SEDECAL SA PELAYA, 9 POL. POL. IND. RIO DE JANEIRO Algete Spain",7,1,2021-10-14,2024-01-22,SEDECAL PELAYA 9 POL POL IND RIO DE JANEIRO ALGETE SPAIN
"Advanced Bionics Corporation
 12740 San Fernando Rd
 Bldgs. 1 & 3
 Sylmar CA 91342",7,1,2006-03-08,2010-11-23,ADVANCED BIONICS 12740 SAN FERNANDO RD BLDGS 1 AND 3 SYLMAR CA 91342
"Kirwan Surgical Products, LLC",7,1,2024-11-14,2024-11-14,KIRWAN SURGICAL PRODUCTS
"Community Products, LLC",7,1,2008-09-12,2025-12-18,COMMUNITY PRODUCTS
Sendx Medical Inc,7,1,2007-03-27,2012-06-06,SENDX MEDICAL
"Orthosensor, Inc.",7,1,2014-12-05,2018-07-12,ORTHOSENSOR
"Immuno-Mycologics, Inc",7,1,2016-05-09,2026-03-26,IMMUNO MYCOLOGICS
Ossur North America Inc,7,1,2003-03-17,2013-10-24,OSSUR NORTH AMERICA
mo-Vis BVBA Biebuyckstraat 15D Nevele Belgium,7,1,2023-11-28,2025-07-10,MO VIS BVBA BIEBUYCKSTRAAT 15D NEVELE BELGIUM
Alto Development Corp,7,1,2017-10-23,2019-09-10,ALTO DEVELOPMENT
Ambu Inc.,7,1,2016-02-10,2025-07-09,AMBU
Oculus Optikgeraete GMBH Munchholzhauser Str. 29 Wetzlar Germany,7,1,2017-11-21,2023-08-08,OCULUS OPTIKGERAETE MUNCHHOLZHAUSER STR 29 WETZLAR GERMANY
Immunodiagnostics Systems Ltd 10 Didcot Way Bolden Business Park Boldon Tyne & Wear United Kingdom,7,1,2012-08-10,2012-08-10,IMMUNODIAGNOSTICS SYSTEMS 10 DIDCOT WAY BOLDEN BUSINESS PARK BOLDON TYNE AND WEAR UNITED KINGDOM
Medtronic Cardiovascular Revascularization & Surgical Therap,7,1,2008-09-29,2010-04-21,MEDTRONIC CARDIOVASCULAR REVASCULARIZATION AND SURGICAL THERAP
"Owen Mumford USA, Inc.",7,1,2014-11-24,2021-05-26,OWEN MUMFORD
Medtronic Heart Valves Division,7,1,2020-10-23,2026-05-22,MEDTRONIC HEART VALVES DIVISION
Nico Corp.,7,1,2012-07-17,2021-04-30,NICO
Isopure Corp,7,1,2011-05-19,2022-07-26,ISOPURE
Shimadzu Medical Systems Usa Com,7,1,2017-05-23,2019-01-14,SHIMADZU MEDICAL SYSTEMS COM
"Asahi Kasei Medical Co., Ltd., Okatomi Plant 4960 5 Chome Nakagawara Cho Nobeoka-shi Japan",7,1,2012-09-21,2012-09-21,ASAHI KASEI MEDICAL OKATOMI PLANT 4960 5 CHOME NAKAGAWARA CHO NOBEOKA SHI JAPAN
"Surgical Specialties Puerto Rico, Inc. Road",7,1,2003-05-07,2004-03-03,SURGICAL SPECIALTIES PUERTO RICO ROAD
Medtronic Physio Control Corp,7,1,2003-01-27,2004-05-05,MEDTRONIC PHYSIO CONTROL
"RANDOX LABORATORIES, LTD. 34 Diamond Rd Crumlin Colorado Antrim United Kingdom",7,1,2020-06-26,2020-07-30,RANDOX LABORATORIES 34 DIAMOND RD CRUMLIN COLORADO ANTRIM UNITED KINGDOM
Stanmore Implants Worldwide Ltd.,7,1,2016-04-12,2016-12-07,STANMORE IMPLANTS WORLDWIDE
SPINEART SA route de Pre bois 20 Case Postale,7,1,2017-11-27,2017-11-27,SPINEART ROUTE DE PRE BOIS 20 CASE POSTALE
Medefil Incorporated,7,1,2008-03-20,2014-02-19,MEDEFIL
"Chengdu Ai Qin E-commerce Co., Ltd N0.200, Tian Fu Fifth Street Gao Xin China",7,1,2020-06-23,2020-06-23,CHENGDU AI QIN E COMMERCE N0 200 TIAN FU FIFTH STREET GAO XIN CHINA
"Anika Therapeutics, Inc.",7,1,2005-07-14,2018-05-10,ANIKA THERAPEUTICS
Abbott Medical Optics Inc (AMO),7,1,2009-11-11,2014-11-06,ABBOTT MEDICAL OPTICS AMO
"Micro Therapeutics, Inc.",7,2,2022-04-27,2025-01-30,MICRO THERAPEUTICS
Diversatek Healthcare,7,2,2021-10-29,2026-03-18,DIVERSATEK HEALTHCARE
"Mobius Imaging, LLC",7,1,2014-12-08,2025-12-04,MOBIUS IMAGING
Ansell Sandel Medical Industries LLC,7,1,2013-11-12,2013-11-12,ANSELL SANDEL MEDICAL INDUSTRIES
Lifeline First Aid LLC,7,1,2011-07-07,2016-05-16,LIFELINE FIRST AID
"DATEX--OHMEDA, INC.",7,1,2023-05-19,2024-09-03,DATEX OHMEDA
Theralase Inc.,7,1,2019-09-26,2019-09-26,THERALASE
Getinge Disinfection Ab Ljungadalsgatan,7,1,2014-11-26,2025-08-29,GETINGE DISINFECTION LJUNGADALSGATAN
Entopsis Inc.,7,1,2023-02-21,2023-02-21,ENTOPSIS
SleepNet Corporation,7,1,2024-03-01,2024-03-01,SLEEPNET
Gendex Dental Systems,7,2,2009-03-06,2011-12-29,GENDEX DENTAL SYSTEMS
Johnson & Johnson Surgical Vision Inc,7,2,2018-05-09,2022-04-06,JOHNSON AND JOHNSON SURGICAL VISION
"Abbott Diagnostics Scarborough, Inc.",7,1,2025-03-04,2026-02-09,ABBOTT DIAGNOSTICS SCARBOROUGH
"B Braun Medical, Inc.",7,1,2012-10-24,2020-11-23,B BRAUN MEDICAL
Nutech Manufacturing Corp,7,1,2009-07-09,2009-07-09,NUTECH MANUFACTURING
Nuvasive Specialized Orthopedics Inc,7,1,2020-07-24,2021-02-12,NUVASIVE SPECIALIZED ORTHOPEDICS
"Guidant Endovascular Solutions, Inc.",7,1,2005-08-08,2006-03-22,GUIDANT ENDOVASCULAR SOLUTIONS
Ab Sciex,7,1,2014-07-15,2016-06-16,SCIEX
Instrumentation Industries Inc,7,1,2003-09-12,2015-09-23,INSTRUMENTATION INDUSTRIES
Apogee Medical,7,1,2011-01-18,2011-01-18,APOGEE MEDICAL
Cenorin,7,1,2006-12-21,2010-06-07,CENORIN
"Angiotech (Manan Medical Products, Inc.)",7,1,2018-12-18,2018-12-18,ANGIOTECH MANAN MEDICAL PRODUCTS
MDS Canada Inc. DBA MDS Nordion,7,1,2004-07-08,2004-07-08,MDS CANADA MDS NORDION
Covidien LP (formerly Nellcor Puritan Bennett Inc.),7,1,2015-01-12,2016-01-15,COVIDIEN FORMERLY NELLCOR PURITAN BENNETT
Surgical Theater Inc,7,1,2025-09-16,2025-09-16,SURGICAL THEATER
Epimed International,7,1,2017-07-24,2020-02-21,EPIMED
Andover Healthcare Inc.,7,1,2019-06-19,2024-04-02,ANDOVER HEALTHCARE
"Pulmonetic Systems, Inc.",7,1,2004-11-19,2005-11-09,PULMONETIC SYSTEMS
"In2Bones, SAS 28 Chemin du petit Bois Ecully France",7,1,2016-12-19,2024-01-26,IN2BONES SAS 28 CHEMIN DU PETIT BOIS ECULLY FRANCE
AngioScore Inc.,7,1,2007-11-13,2010-11-16,ANGIOSCORE
Excelsior Medical Corp,7,1,2006-03-21,2016-04-28,EXCELSIOR MEDICAL
Angiomed Gmbh Wachhausstrasse 6 Karlsruhe Germany,7,1,2005-07-28,2005-07-28,ANGIOMED WACHHAUSSTRASSE 6 KARLSRUHE GERMANY
USA Instruments Incorporated,7,1,2006-09-20,2007-01-31,INSTRUMENTS
"DFI Co., Ltd. 388-25 Gomo-Ro Jillye-Myeon Gimhae Korea (the Republic of)",7,1,2026-04-02,2026-04-02,DFI 388 25 GOMO RO JILLYE MYEON GIMHAE KOREA REPUBLIC OF
Liko AB Alvik,7,1,2008-07-01,2018-07-17,LIKO ALVIK
Hamilton Medical AG Via Crusch 8 Bonaduz Switzerland,7,1,2018-03-09,2024-05-15,HAMILTON MEDICAL VIA CRUSCH 8 BONADUZ SWITZERLAND
Western Scott Fetzer Company,7,1,2014-04-07,2019-08-15,WESTERN SCOTT FETZER
K C Pharmaceuticals Inc,7,1,2004-10-04,2010-02-03,K C PHARMACEUTICALS
"Cypress Medical Products, Ltd.",6,1,2004-05-03,2004-12-02,CYPRESS MEDICAL PRODUCTS
MEDLINE INDUSTRIES INC,6,1,2016-12-14,2018-08-30,MEDLINE INDUSTRIES
"DRG International, Inc.",6,1,2021-10-18,2025-06-04,DRG
"Sandhill Scientific, Inc",6,1,2003-01-08,2009-02-23,SANDHILL SCIENTIFIC
"Viewray, Inc.",6,1,2019-03-03,2021-05-04,VIEWRAY
"DKK Dai-Ichi Shomei Co., Ltd. 1 Chome 32-26 Sakashita Itabashi Japan",6,1,2023-08-23,2024-07-09,DKK DAI ICHI SHOMEI 1 CHOME 32 26 SAKASHITA ITABASHI JAPAN
"Sarken, Inc.",6,1,2013-07-29,2013-07-29,SARKEN
LumiraDx,6,1,2021-01-11,2023-04-25,LUMIRADX
Cytyc Prenatal Products/Hologic Inc.,6,1,2009-12-15,2009-12-15,CYTYC PRENATAL PRODUCTS HOLOGIC
D.O.R.C. Dutch Opthalmic Research Center Intl B.V. Scheijdelveweg 2 Zuidland Netherlands,6,1,2024-01-15,2026-04-30,D O R C DUTCH OPTHALMIC RESEARCH CENTER B V SCHEIJDELVEWEG 2 ZUIDLAND NETHERLANDS
DSAART LLC,6,1,2025-09-26,2025-09-26,DSAART
Ion Beam Applications S.A. Chemin Du Cyclotron 3 Ottignies-Louvain-La-Neuve Belgium,6,1,2023-09-18,2026-02-03,ION BEAM APPLICATIONS S A CHEMIN DU CYCLOTRON 3 OTTIGNIES LOUVAIN LA NEUVE BELGIUM
Beaver Visitec,6,1,2018-05-14,2019-03-12,BEAVER VISITEC
"Vascutek, Ltd. Newmains Avenue Inchinnan United Kingdom",6,1,2014-07-15,2025-12-18,VASCUTEK NEWMAINS AVENUE INCHINNAN UNITED KINGDOM
Bayer Healthcare,6,1,2015-08-04,2016-11-07,BAYER HEALTHCARE
"Viasys Respiratory Care, Inc.dba Bird Products",6,1,2007-01-31,2007-12-17,VIASYS RESPIRATORY CARE BIRD PRODUCTS
Stimwave Technologies Inc,6,1,2020-07-15,2020-07-15,STIMWAVE TECHNOLOGIES
Viewray Incorporated,6,1,2015-01-15,2016-03-07,VIEWRAY
Curlin Medical Llc,6,1,2007-02-09,2008-05-30,CURLIN MEDICAL
"Advance Medical Designs, Inc.",6,1,2023-07-07,2023-07-07,ADVANCE MEDICAL DESIGNS
AMS Innovative Center San Jose,6,1,2007-04-17,2012-12-11,AMS INNOVATIVE CENTER SAN JOSE
Drug Free Enterprises Inc,6,1,2003-03-20,2003-03-20,DRUG FREE ENTERPRISES
Dynarex Corporation,6,1,2002-12-31,2018-05-08,DYNAREX
"Med-Mizer, Inc.",6,1,2014-04-18,2023-02-03,MED MIZER
AURIS HEALTH INC,6,1,2019-04-19,2024-08-02,AURIS HEALTH
GE Vingmed Ultrasound As Strandpromenaden 45 Horten Norway,6,1,2023-05-30,2024-05-02,GE VINGMED ULTRASOUND STRANDPROMENADEN 45 HORTEN NORWAY
BioHorizons Implant Systems Inc,6,1,2010-09-07,2015-10-30,BIOHORIZONS IMPLANT SYSTEMS
"EPIX THERAPEUTICS, INC",6,1,2021-02-22,2021-02-22,EPIX THERAPEUTICS
"Zeltiq Aesthetics, Inc",6,1,2021-07-05,2022-06-09,ZELTIQ AESTHETICS
ESAOTE S.P.A. Sesto Fiorentino Via Degli Olmi 11 Sesto Fiorentino Italy,6,1,2018-01-03,2025-03-14,ESAOTE S P A SESTO FIORENTINO VIA DEGLI OLMI 11 SESTO FIORENTINO ITALY
"Zhejiang Kindly Medical Devices Co., Ltd. # 758 Binghai Five Rd. Longwan Dist Wenzhou China",6,1,2021-08-24,2021-08-24,ZHEJIANG KINDLY MEDICAL DEVICES 758 BINGHAI FIVE RD LONGWAN DIST WENZHOU CHINA
Sentinel CH SpA Via Robert Koch,6,1,2019-06-28,2023-09-29,SENTINEL CH VIA ROBERT KOCH
Sol-Millennium Medical Inc.,6,1,2024-05-09,2024-05-09,SOL MILLENNIUM MEDICAL
Hamilton Medical Inc,6,1,2006-05-24,2012-12-19,HAMILTON MEDICAL
ADAC Laboratories,6,1,2004-03-03,2004-03-03,ADAC LABORATORIES
ABX Diagnostics Inc,6,1,2003-06-04,2006-03-24,ABX DIAGNOSTICS
"HeartSine Technologies Ltd
 207 Airport Road West
 Belfast United Kingdom",6,1,2023-02-01,2025-09-18,HEARTSINE TECHNOLOGIES 207 AIRPORT ROAD WEST BELFAST UNITED KINGDOM
"Zimmer Spine, Inc.",6,1,2004-05-21,2016-02-12,ZIMMER SPINE
"Heart Sync, Inc",6,1,2008-12-05,2013-04-26,HEART SYNC
Medtronic CardioVascular,6,1,2007-12-10,2010-04-30,MEDTRONIC CARDIOVASCULAR
"Sorenson Medical, Inc.",6,1,2002-11-25,2006-10-10,SORENSON MEDICAL
"Abbott Diagnostic International, Ltd. Carr # 2 Km 58.0 Cruce Davila",6,1,2007-07-20,2008-05-22,ABBOTT DIAGNOSTIC CARR 2 KM 58 0 CRUCE DAVILA
Mckesson Information Solutions LLC,6,1,2011-02-02,2014-08-27,MCKESSON INFORMATION SOLUTIONS
"Binax, Inc. dba IMPD",6,1,2007-03-28,2009-04-06,BINAX IMPD
Mitek Worldwide,6,0,2003-02-28,2003-06-16,MITEK WORLDWIDE
Volk Optical Inc,6,1,2008-06-30,2016-02-02,VOLK OPTICAL
Datex-Ohmeda Inc,6,2,2005-09-27,2026-05-08,DATEX OHMEDA
Datex-Ohmeda Inc One Ohmeda,6,1,2003-07-15,2004-04-16,DATEX OHMEDA ONE OHMEDA
DeVilbiss Healthcare LLC,6,1,2013-03-07,2023-03-09,DEVILBISS HEALTHCARE
"MITSUBISHI HEAVY INDUSTRIES, LTD., HIROSHIMA MACHINERY WORK 6-22, 4-CHOME, KAN-ON-SHIN-MACHI NISHI-KU HIROSHIMA Japan",6,1,2013-06-21,2016-03-07,MITSUBISHI HEAVY INDUSTRIES HIROSHIMA MACHINERY WORK 6 22 4 CHOME KAN ON SHIN MACHI NISHI KU HIROSHIMA JAPAN
Belmont Instrument LLC,6,1,2025-01-02,2025-05-13,BELMONT INSTRUMENT
NeuMoDx Molecular Inc,6,1,2021-05-04,2023-05-24,NEUMODX MOLECULAR
"Accriva Diagnostics, Inc.",6,1,2022-03-30,2026-04-30,ACCRIVA DIAGNOSTICS
Hiossen Inc.,6,1,2025-01-27,2025-01-27,HIOSSEN
"Access Point Medical LLC
 Three City Place Drive
 Suite 750
 St. Louis MO 63141",6,1,2006-03-10,2006-06-20,ACCESS POINT MEDICAL THREE CITY PLACE DRIVE SUITE 750 ST LOUIS MO 63141
"Mani, Inc. Kiyohara Facility 8-3 Kiyohara Industrial Park Utsunomiya-shi, Tochigi-ken Japan",6,1,2011-07-20,2011-07-20,MANI KIYOHARA FACILITY 8 3 KIYOHARA INDUSTRIAL PARK UTSUNOMIYA SHI TOCHIGI KEN JAPAN
"Warsaw Orthopedic, Inc. dba Medtronic SOFAMOR DANEK",6,1,2007-09-04,2008-10-31,WARSAW ORTHOPEDIC MEDTRONIC SOFAMOR DANEK
"Diagnostic Chemicals, Ltd.",6,1,2006-09-06,2010-11-10,DIAGNOSTIC CHEMICALS
"Diagnostic Hybrids, Inc.",6,1,2015-11-03,2017-04-04,DIAGNOSTIC HYBRIDS
Diagnostic Products Corp,6,1,2003-07-31,2005-05-26,DIAGNOSTIC PRODUCTS
"Digisonics, Inc",6,1,2007-02-09,2023-06-26,DIGISONICS
Heraeus Medical GmbH (Dental Division) Philipp-Reis-Str. 8 Wehrheim Germany,6,1,2025-12-09,2026-03-25,HERAEUS MEDICAL DENTAL DIVISION PHILIPP REIS STR 8 WEHRHEIM GERMANY
Mizuho Orthopedic Systems Inc,6,1,2007-02-28,2012-02-27,MIZUHO ORTHOPEDIC SYSTEMS
Mizuho OSI,6,1,2012-12-17,2021-07-29,MIZUHO OSI
Olsen Medical,6,1,2006-08-29,2018-05-11,OLSEN MEDICAL
Southwest Technologies Inc,6,1,2006-03-27,2021-05-28,SOUTHWEST TECHNOLOGIES
Picis Inc.,6,1,2009-04-08,2013-06-21,PICIS
"Cook Urological, Inc.",6,1,2003-01-22,2007-06-12,COOK UROLOGICAL
"Geistlich Pharma North America, Inc.",6,1,2019-04-12,2020-10-19,GEISTLICH PHARMA NORTH AMERICA
Louisville Apl Diagnostics Inc,6,1,2004-08-10,2006-07-18,LOUISVILLE APL DIAGNOSTICS
United Orthopedic Corporation No.,6,1,2017-02-10,2024-01-03,UNITED ORTHOPEDIC NO
Alsius Corporation,6,1,2004-06-21,2007-01-01,ALSIUS
CellEra LLC,6,1,2016-09-01,2021-12-15,CELLERA
INSPIREMD Inc,6,1,2026-05-01,2026-05-01,INSPIREMD
IVOCLAR VIVADENT AG BEDERSRASSE LIECHTSTEIN Germany,6,1,2024-04-05,2024-04-05,IVOCLAR VIVADENT BEDERSRASSE LIECHTSTEIN GERMANY
"Fertility Technology Resources, Inc.",6,1,2007-09-13,2007-09-13,FERTILITY TECHNOLOGY RESOURCES
Inspire Medical Systems Inc.,6,1,2018-06-12,2026-05-11,INSPIRE MEDICAL SYSTEMS
Immunetech Inc,6,1,2011-11-04,2011-11-04,IMMUNETECH
SHIMADZU CORPORATION MEDICAL SYSTEMS DIVISION Nishinokyo Kuwabara Cho Nakagyo-Ku,6,1,2023-04-10,2025-10-16,SHIMADZU MEDICAL SYSTEMS DIVISION NISHINOKYO KUWABARA CHO NAKAGYO KU
CTL Medical Corporation,6,1,2018-07-05,2019-08-21,CTL MEDICAL
"Carroll-Baccari, Inc.",6,1,2019-09-05,2019-12-23,CARROLL BACCARI
Pro-Dex Inc,6,1,2015-12-23,2024-09-23,PRO DEX
Graphic Controls Acquisition Corporation,6,1,2022-03-15,2022-03-15,GRAPHIC CONTROLS ACQUISITION
Tyco Healthcare/Kendall,6,0,2003-03-20,2003-03-20,TYCO HEALTHCARE KENDALL
"Cardiovascular Systems, Inc.",6,1,2009-03-16,2015-03-04,CARDIOVASCULAR SYSTEMS
Stryker Orthopaedics,6,1,2024-04-15,2024-04-15,STRYKER ORTHOPAEDICS
Ossur Grjothals 5 Reykjavik Ireland,6,1,2005-10-21,2008-09-26,OSSUR GRJOTHALS 5 REYKJAVIK IRELAND
Integrity Implants Inc.,6,1,2018-02-27,2024-12-20,INTEGRITY IMPLANTS
"CMP Industries, Llc",6,1,2013-11-18,2018-09-12,CMP INDUSTRIES
S S C O R Inc,6,1,2005-01-06,2005-01-06,S S C O R
"Illumina, Inc.",6,1,2022-02-22,2025-10-28,ILLUMINA
Prodimed Plastimed Division 3 Rue Louis Armand Le Plessis Bouchard France,6,1,2020-05-27,2020-05-27,PRODIMED PLASTIMED DIVISION 3 RUE LOUIS ARMAND LE PLESSIS BOUCHARD FRANCE
"T.A.G. MEDICAL PRODUCTS CORPORATION, LTD. Kibbutz Gatton GAATON Israel",6,1,2023-05-04,2023-05-04,T A G MEDICAL PRODUCTS KIBBUTZ GATTON GAATON ISRAEL
Gk Photonics Inc,6,1,2019-07-10,2019-07-10,GK PHOTONICS
Flexicare Medical (Dongguan) Ltd. Hengli Town No. B-15 Xicheng; Henglizhen Dongguan China,6,1,2025-07-11,2025-07-11,FLEXICARE MEDICAL DONGGUAN HENGLI TOWN NO B 15 XICHENG HENGLIZHEN DONGGUAN CHINA
Clinical Diagnostic Solutions,6,1,2010-08-04,2013-02-24,CLINICAL DIAGNOSTIC SOLUTIONS
"Apex Surgical, LLC",6,1,2003-01-17,2003-01-17,APEX SURGICAL
"Innovasis, Inc",6,1,2014-07-07,2024-08-14,INNOVASIS
"Alere North Americal
 30 S Keller Rd Ste 100
 Suite 100
 Orlando FL 32810-6297",6,1,2011-03-21,2011-03-21,ALERE NORTH AMERICAL 30 S KELLER RD STE 100 SUITE 100 ORLANDO FL 32810 6297
Anika Therapeutics,6,1,2003-10-08,2003-10-08,ANIKA THERAPEUTICS
Capintec Inc,6,2,2010-09-20,2020-03-03,CAPINTEC
Olympus Scientific Solutions Americas,6,1,2015-06-09,2017-07-11,OLYMPUS SCIENTIFIC SOLUTIONS AMERICAS
Symbiosis Corp.,6,1,2002-07-16,2002-11-27,SYMBIOSIS
"Philips And Neusoft Medical Systems Co., Ltd.",6,1,2008-06-23,2013-03-04,PHILIPS AND NEUSOFT MEDICAL SYSTEMS
"Centinel Spine, Inc.",6,1,2021-03-05,2026-03-20,CENTINEL SPINE
"Apogee Medical, Inc",6,1,2008-07-17,2011-03-24,APOGEE MEDICAL
The Magstim Company Limited Spring Gardens Whitland United Kingdom,6,1,2017-09-28,2020-12-08,MAGSTIM SPRING GARDENS WHITLAND UNITED KINGDOM
"C. R.Bard, Inc./Electrophysiology Division",6,1,2003-01-08,2003-01-08,C R BARD ELECTROPHYSIOLOGY DIVISION
Gillette Research Institute,6,1,2004-10-27,2004-10-27,GILLETTE RESEARCH INSTITUTE
"RC2 Brands Inc., The First Years",6,1,2006-01-25,2006-01-25,RC2 BRANDS FIRST YEARS
Sunrise Medical Inc,6,1,2005-11-15,2009-02-02,SUNRISE MEDICAL
First Aid Only Inc,6,1,2006-08-17,2007-12-10,FIRST AID ONLY
Cook Vascular Inc.,6,1,2007-12-17,2017-11-28,COOK VASCULAR
Philips Medical Systems DMC GmbH Development And Manufacturing Ctr. Rontgenstr. 24 Hamburg Germany,6,1,2025-10-01,2025-10-01,PHILIPS MEDICAL SYSTEMS DMC DEVELOPMENT AND MANUFACTURING CTR RONTGENSTR 24 HAMBURG GERMANY
Pega Medical Inc. 1111 Autoroute Chomedy Laval Canada,6,1,2014-02-07,2015-10-20,PEGA MEDICAL 1111 AUTOROUTE CHOMEDY LAVAL CANADA
"R & D Systems, Inc.",6,1,2016-08-24,2022-11-07,R AND D SYSTEMS
SPINEART SA Chemin Du Pre-Fleuri 3 Plan-Les-Ouates Switzerland,6,1,2019-02-05,2025-06-30,SPINEART CHEMIN DU PRE FLEURI 3 PLAN LES OUATES SWITZERLAND
"Cenorin, LLC",6,1,2013-01-24,2018-04-09,CENORIN
Kyphon Inc,6,1,2003-10-13,2008-06-23,KYPHON
Circulatory Technology Inc,6,1,2009-06-03,2017-09-22,CIRCULATORY TECHNOLOGY
Brainlab AG Olof-Palme-Strasse 9 Munich Germany,6,2,2013-04-22,2018-02-14,BRAINLAB OLOF PALME STRASSE 9 MUNICH GERMANY
Intel-GE Care Innovations LLC,6,1,2011-07-30,2017-12-06,INTEL GE CARE INNOVATIONS
"Organogenesis, Inc.",6,1,2006-09-29,2011-02-21,ORGANOGENESIS
Orascoptic Surgical Acuity,6,1,2025-07-03,2025-07-03,ORASCOPTIC SURGICAL ACUITY
"Urologix, Inc.",6,1,2003-12-10,2013-10-21,UROLOGIX
"Arthrosurface, Inc.",6,1,2014-06-09,2014-11-24,ARTHROSURFACE
"Trividia Health, Inc.",6,1,2020-04-20,2026-02-06,TRIVIDIA HEALTH
"Aaren Scientific, Incorporated",5,1,2011-08-02,2015-02-13,AAREN SCIENTIFIC
Leoni Fiber Optics GmbH Muhldamm 6 Neuhaus-Schierschnitz Germany,5,1,2018-10-17,2018-10-17,LEONI FIBER OPTICS MUHLDAMM 6 NEUHAUS SCHIERSCHNITZ GERMANY
Millipore Corp.,5,1,2004-01-26,2004-01-26,MILLIPORE
Gen-Probe Inc,5,1,2007-05-02,2014-04-17,GEN PROBE
Mckesson Medical Immaging Suite 130-10711 Cambie Road Richmond Canada British Columbia,5,1,2010-05-07,2016-02-18,MCKESSON MEDICAL IMMAGING SUITE 130 10711 CAMBIE ROAD RICHMOND CANADA BRITISH COLUMBIA
"Lumenis, Inc.",5,1,2007-12-18,2021-10-14,LUMENIS
"Flexicare Medical Ltd. Cynon Valley Business Park, Mountain Ash Rhondda Cynon Taff United Kingdom",5,1,2019-11-27,2020-09-22,FLEXICARE MEDICAL CYNON VALLEY BUSINESS PARK MOUNTAIN ASH RHONDDA CYNON TAFF UNITED KINGDOM
Max Mobility LLC,5,1,2024-12-20,2025-08-12,MAX MOBILITY
"Fisher & Paykel Healthcare, Ltd. 15 Maurice Paykel Place East Tamaki Auckland New Zealand",5,1,2014-04-15,2025-09-18,FISHER AND PAYKEL HEALTHCARE 15 MAURICE PAYKEL PLACE EAST TAMAKI AUCKLAND NEW ZEALAND
Bien-Air Surgery Sa rue de l' ouest 2b Le Noirmont Switzerland,5,1,2020-09-11,2020-09-11,BIEN AIR SURGERY RUE DE L OUEST 2B LE NOIRMONT SWITZERLAND
Welch Allyn Inc Mortara,5,1,2021-03-31,2021-09-03,WELCH ALLYN MORTARA
Highland Metals,5,1,2008-01-07,2011-07-12,HIGHLAND METALS
"Wescor, Inc",5,1,2007-12-26,2010-01-06,WESCOR
Philips Medical Systems DMC GmbH Development And Manufacturing Ctr. Rontgenstr. 24-26 Hamburg Germany,5,1,2021-05-19,2021-05-19,PHILIPS MEDICAL SYSTEMS DMC DEVELOPMENT AND MANUFACTURING CTR RONTGENSTR 24 26 HAMBURG GERMANY
"Molnlycke Health Care, Inc",5,1,2007-07-20,2019-03-26,MOLNLYCKE HEALTH CARE
"Micromedics, Inc.",5,1,2010-03-15,2016-10-20,MICROMEDICS
Plus Orthopedics,5,1,2002-09-09,2005-01-04,PLUS ORTHOPEDICS
Western/Scott Fetzer Company,5,1,2021-10-16,2023-01-03,WESTERN SCOTT FETZER
Polymer Technology Systems,5,1,2016-12-02,2016-12-02,POLYMER TECHNOLOGY SYSTEMS
Materialise N.V. Technologielaan 15 Heverlee Belgium,5,1,2020-02-03,2023-06-19,MATERIALISE N V TECHNOLOGIELAAN 15 HEVERLEE BELGIUM
Therakos Inc,5,1,2006-07-18,2015-12-21,THERAKOS
"Biomet 3i, Inc.",5,1,2008-02-06,2008-05-09,BIOMET 3I
Hach Co,5,1,2008-05-23,2009-04-21,HACH
"Helena Laboratories, Inc.",5,1,2016-04-20,2017-04-04,HELENA LABORATORIES
"Young Dental Manufacturing I, LLC",5,1,2022-12-05,2024-08-23,YOUNG DENTAL MANUFACTURING I
"Precision Medical, Inc.",5,1,2004-11-09,2015-10-08,PRECISION MEDICAL
Medtronic Gastroenterology Urology,5,1,2004-02-06,2006-04-06,MEDTRONIC GASTROENTEROLOGY UROLOGY
"Fresenius Kabi, LLC",5,1,2010-03-29,2011-04-19,FRESENIUS KABI
SonarMed Inc,5,1,2017-04-17,2024-03-25,SONARMED
Medtronic Vascular Galway DBA Medtronic Ireland Parkmore Business Park West Galway Ireland,5,1,2017-07-13,2020-05-12,MEDTRONIC VASCULAR GALWAY MEDTRONIC IRELAND PARKMORE BUSINESS PARK WEST GALWAY IRELAND
ArthroCare Medical Corporation,5,1,2013-12-09,2015-05-15,ARTHROCARE MEDICAL
"Quest Medical, Inc.",5,1,2015-02-26,2023-07-14,QUEST MEDICAL
Sonitus Medical Inc.,5,1,2012-02-02,2012-02-02,SONITUS MEDICAL
"Heart Sync, Inc.",5,1,2014-11-11,2014-11-11,HEART SYNC
"Asahi Medical Co., Ltd",5,1,2006-10-12,2006-10-12,ASAHI MEDICAL
Reckitt Benckiser LLC,5,1,2016-11-22,2018-12-19,RECKITT BENCKISER
Hansen Medical Inc,5,1,2008-05-21,2016-03-25,HANSEN MEDICAL
Quantimetrix Corporation,5,1,2007-06-01,2017-12-21,QUANTIMETRIX
Medical Product Specialist Inc dba MPS Acacia,5,1,2009-12-18,2009-12-18,MEDICAL PRODUCT SPECIALIST MPS ACACIA
Ekos Corp,5,1,2004-09-21,2007-02-09,EKOS
Candela Corporation,5,1,2013-11-06,2019-09-10,CANDELA
Medtronic Cardiac Surgery Technologies,5,1,2002-11-11,2008-02-25,MEDTRONIC CARDIAC SURGERY TECHNOLOGIES
Integra Neuro Sciences,5,1,2005-01-21,2009-03-16,INTEGRA NEURO SCIENCES
"Ra Medical Systems, Inc.",5,1,2019-08-23,2020-10-16,RA MEDICAL SYSTEMS
Sorin Group Italia S.r.l. Via Crescentino Sn Saluggia Italy,5,1,2020-07-29,2020-07-29,SORIN ITALIA S R L VIA CRESCENTINO SN SALUGGIA ITALY
Elekta Instrument AB Kungstensgatan 18 Stockholm Sweden,5,1,2018-06-27,2024-09-25,ELEKTA INSTRUMENT KUNGSTENSGATAN 18 STOCKHOLM SWEDEN
California Medical Laboratories Inc,5,1,2008-01-24,2012-11-02,CALIFORNIA MEDICAL LABORATORIES
Zimmer Biomet Spine Inc.,5,1,2017-05-10,2023-10-16,ZIMMER BIOMET SPINE
"Soft Computer Consultants, Inc.",5,1,2016-10-06,2021-03-31,SOFT COMPUTER CONSULTANTS
Spes Medica Via Buccari,5,1,2021-04-08,2021-04-08,SPES MEDICA VIA BUCCARI
ARJOHUNTLEIGH POLSKA Sp. z.o.o. Ul. Ks. Piotra Wawrzyniaka 2 Komorniki Poland,5,1,2021-06-10,2026-03-10,ARJOHUNTLEIGH POLSKA SP Z O O UL KS PIOTRA WAWRZYNIAKA 2 KOMORNIKI POLAND
Wondfo USA Co Ltd,5,1,2024-04-22,2024-04-22,WONDFO
"Respironics Novametrix, LLC.",5,1,2006-08-11,2011-07-29,RESPIRONICS NOVAMETRIX
Prism Medical Services USA,5,1,2013-01-27,2013-05-23,PRISM MEDICAL SERVICES
"Smith & Nephew, Inc Endoscopy Division",5,1,2004-10-12,2007-04-09,SMITH AND NEPHEW ENDOSCOPY DIVISION
ELITech Clinical Systems SAS Zone lndustrielle SEES France,5,1,2014-08-11,2015-09-22,ELITECH CLINICAL SYSTEMS SAS ZONE LNDUSTRIELLE SEES FRANCE
Hamilton Medical AG Parc Industrial Vial 10 Domat/Ems Switzerland,5,1,2022-09-22,2026-05-29,HAMILTON MEDICAL PARC INDUSTRIAL VIAL 10 DOMAT EMS SWITZERLAND
Cardiocommand Inc.,5,1,2003-10-27,2019-06-24,CARDIOCOMMAND
Spacelabs Medical Incorporated,5,1,2005-01-07,2006-05-05,SPACELABS MEDICAL
ArjoHuntleigh,5,1,2009-02-26,2009-08-18,ARJOHUNTLEIGH
"Spacelabs Healthcare, Ltd. Unit B Foxholes Centre; John Tate Road Hertford United Kingdom",5,1,2018-07-11,2025-09-16,SPACELABS HEALTHCARE UNIT B FOXHOLES CENTRE JOHN TATE ROAD HERTFORD UNITED KINGDOM
AMD Medicom Inc. 2555 Ch de L'Aviation Montreal Canada,5,1,2023-12-21,2026-05-08,AMD MEDICOM 2555 CH DE L AVIATION MONTREAL CANADA
"Merz North America, Inc.",5,2,2015-10-26,2020-09-30,MERZ NORTH AMERICA
Medica Corporation,5,1,2010-03-29,2025-12-31,MEDICA
TECHNO-PATH MANUFACTURING LTD. Fort Henry Business Park Ballina Tipperary Ireland,5,1,2023-08-25,2025-10-17,TECHNO PATH MANUFACTURING FORT HENRY BUSINESS PARK BALLINA TIPPERARY IRELAND
Atom Medical Corporation 3-18-15 Hongo Bunkyo-Ku Japan,5,1,2011-08-23,2012-05-01,ATOM MEDICAL 3 18 15 HONGO BUNKYO KU JAPAN
"Fujifilm Medical System USA, Inc.",5,1,2003-05-12,2012-06-29,FUJIFILM MEDICAL SYSTEM
Heartport Inc Route,5,1,2003-10-02,2003-10-02,HEARTPORT ROUTE
Merete Medical GmbH Alt-Lankwitz 102 Berlin Germany,5,1,2020-09-18,2022-01-18,MERETE MEDICAL ALT LANKWITZ 102 BERLIN GERMANY
"THOR Photomedicine Ltd
 2 Anglo Office Park
 Units 1 &; 67 White Lion Road
 Amersham United Kingdom",5,1,2023-11-20,2025-07-24,THOR PHOTOMEDICINE 2 ANGLO OFFICE PARK UNITS 1 AND 67 WHITE LION ROAD AMERSHAM UNITED KINGDOM
"Zeus Scientific, Inc.",5,1,2012-03-08,2023-10-31,ZEUS SCIENTIFIC
Peter Lazic Gmbh Immelmannweg 2 Tuttlingen Germany,5,1,2023-07-14,2023-10-06,PETER LAZIC IMMELMANNWEG 2 TUTTLINGEN GERMANY
Randox Laboratories,5,1,2017-04-27,2023-02-01,RANDOX LABORATORIES
"Combat Medical Systems, LLC",5,1,2020-12-23,2020-12-23,COMBAT MEDICAL SYSTEMS
"Straumann USA, LLC",5,1,2012-03-12,2014-10-27,STRAUMANN
"Ion Genius, Inc.",5,1,2012-01-06,2012-01-06,ION GENIUS
"Gunnell, Inc.",5,1,2011-11-01,2011-11-01,GUNNELL
Bard Medical Division,5,1,2017-11-08,2018-12-13,BARD MEDICAL DIVISION
SAMMONS PRESTON ROLYAN,5,1,2006-01-25,2006-01-25,SAMMONS PRESTON ROLYAN
"Galil Medical, Inc.",5,1,2010-12-20,2019-10-25,GALIL MEDICAL
"O & M HALYARD, INC.",5,1,2023-08-09,2024-11-26,O AND M HALYARD
Colgate Palmolive Company,5,1,2012-03-23,2012-03-23,COLGATE PALMOLIVE
Trek Diagnostic Systems,5,1,2005-03-04,2012-07-23,TREK DIAGNOSTIC SYSTEMS
Barco N.V. President Kennedypark 35 Kortrijk Belgium,5,1,2017-03-30,2025-05-09,BARCO N V PRESIDENT KENNEDYPARK 35 KORTRIJK BELGIUM
Cochlear Americas Inc.,5,1,2009-09-30,2018-12-18,COCHLEAR AMERICAS
Hollister Incorporated,5,1,2021-02-11,2024-12-23,HOLLISTER
Fanlight Corporation Inc,5,1,2006-03-24,2006-03-24,FANLIGHT
"Optovue, Inc.",5,1,2013-05-14,2017-07-27,OPTOVUE
PATH Landsberger Str. 65 Germering Germany,5,1,2023-09-26,2025-11-06,PATH LANDSBERGER STR 65 GERMERING GERMANY
M.D.L. S.r.l. Via Tavani N. 1/A Delebio Italy,5,1,2021-08-05,2021-08-05,M D L S R L VIA TAVANI N 1 A DELEBIO ITALY
"Allen Medical Systems, Inc. One Post Office Square",5,1,2007-11-27,2017-01-03,ALLEN MEDICAL SYSTEMS ONE POST OFFICE SQUARE
PENTAX of America Inc,5,1,2018-03-30,2018-12-03,PENTAX OF AMERICA
Devicor Medical Products Inc,5,1,2016-05-19,2026-04-24,DEVICOR MEDICAL PRODUCTS
"Data Innovations, Inc.",5,1,2006-08-10,2013-11-06,DATA INNOVATIONS
Darex Container Products Div of W.R. Grace & Co.,5,1,2003-02-11,2010-10-20,DAREX CONTAINER PRODUCTS DIV OF W R GRACE AND
"Go Medical Industries Pty., Ltd. 200 Churchill Avenue Subiaco Perth, Western Australia Australia",5,1,2011-09-03,2011-09-03,GO MEDICAL INDUSTRIES PTY 200 CHURCHILL AVENUE SUBIACO PERTH WESTERN AUSTRALIA AUSTRALIA
"MED-EL Elektromedizinische Gereate, Gmbh Furstenweg 77a Innsbruck Austria",5,1,2016-10-25,2024-04-18,MED EL ELEKTROMEDIZINISCHE GEREATE FURSTENWEG 77A INNSBRUCK AUSTRIA
Nova Ortho-Med Inc,5,1,2016-10-01,2024-08-26,NOVA ORTHO MED
LivaNova Deutschland GmbH Lindberghstr. 25 Munich Germany,5,1,2019-08-26,2024-10-18,LIVANOVA DEUTSCHLAND LINDBERGHSTR 25 MUNICH GERMANY
U & I America,5,1,2003-08-18,2004-08-10,U AND I AMERICA
Alliant Enterprises LLC,5,1,2011-07-21,2011-07-21,ALLIANT ENTERPRISES
"Breas Medical, Inc.",5,1,2020-01-28,2024-07-25,BREAS MEDICAL
"Nurse Assist, LLC",5,1,2023-11-06,2023-11-06,NURSE ASSIST
"Vital Diagnostics, Inc.",5,1,2009-12-04,2013-08-29,VITAL DIAGNOSTICS
Advanced Bionics Corp,5,1,2007-01-30,2008-09-22,ADVANCED BIONICS
Bolton Medical Inc.,5,1,2022-12-20,2026-04-22,BOLTON MEDICAL
Oscor Inc.,5,1,2005-09-13,2026-06-10,OSCOR
Beckman Coulter Biomedical GmbH Sauerbruchstr. 50 Munchen Germany,5,1,2023-06-02,2024-07-17,BECKMAN COULTER BIOMEDICAL SAUERBRUCHSTR 50 MUNCHEN GERMANY
Advanced Bionics LLC,5,1,2008-07-24,2009-06-10,ADVANCED BIONICS
Nobel Biocare Procera LLC,5,1,2021-03-29,2021-03-29,NOBEL BIOCARE PROCERA
"MEDTRONIC ATS MEDICAL, INC.",5,1,2020-02-11,2020-10-12,MEDTRONIC ATS MEDICAL
"Ossur Engineering, Inc",5,1,2008-11-09,2011-02-11,OSSUR ENGINEERING
Action Products Incorporated,5,1,2002-05-14,2009-06-26,ACTION PRODUCTS
Numed Inc,5,1,2003-06-26,2025-04-21,NUMED
"Ventec Life Systems, Inc.",5,1,2021-05-10,2026-05-08,VENTEC LIFE SYSTEMS
GOLD STAR DISTRIBUTION INC,5,1,2025-12-26,2025-12-26,GOLD STAR DISTRIBUTION
"Torax Medical, Inc.",5,1,2018-04-20,2018-04-20,TORAX MEDICAL
"Bunnell, Inc.",5,1,2005-04-04,2022-11-02,BUNNELL
Nephron Pharmaceuticals Corp.,5,1,2013-04-30,2015-11-16,NEPHRON PHARMACEUTICALS
Bioseal Corporation,5,1,2017-10-18,2021-03-23,BIOSEAL
Oculus Innovative Sciences Inc,5,1,2011-11-09,2013-02-12,OCULUS INNOVATIVE SCIENCES
"Valeritas, Incorporated",5,1,2019-07-03,2019-07-03,VALERITAS
Vail Products Inc,5,1,2003-04-01,2005-05-06,VAIL PRODUCTS
American Optisurgical Inc,5,1,2009-03-24,2013-04-30,AMERICAN OPTISURGICAL
Interpore Cross International Inc,5,1,2003-02-07,2007-10-15,INTERPORE CROSS
BD Diagnostic Systems Lee Laboratories,5,1,2007-08-08,2007-09-06,BD DIAGNOSTIC SYSTEMS LEE LABORATORIES
Omnilife Science Inc.,5,1,2014-05-09,2015-06-09,OMNILIFE SCIENCE
ORTHO-CLINICAL DIAGNOSTICS Felindre Meadows Bridgend United Kingdom,5,1,2018-11-01,2023-06-05,ORTHO CLINICAL DIAGNOSTICS FELINDRE MEADOWS BRIDGEND UNITED KINGDOM
SUREPULSE MEDICAL LTD Medicity D6 Thane Road Nottingham United Kingdom,5,1,2023-01-20,2023-01-20,SUREPULSE MEDICAL MEDICITY D6 THANE ROAD NOTTINGHAM UNITED KINGDOM
"MRL, Inc., A Welch Allyn Company",5,1,2004-04-26,2006-11-15,MRL A WELCH ALLYN
"OPTI Medical Systems, Inc",5,1,2009-04-20,2021-06-25,OPTI MEDICAL SYSTEMS
Tandem Diabetes Care Inc,5,1,2014-01-10,2022-05-24,TANDEM DIABETES CARE
NewDeal SA Immeuble Sequoia,5,1,2018-05-22,2018-05-22,NEWDEAL IMMEUBLE SEQUOIA
"Perkinelmer Life Sciences, Inc.",5,1,2003-07-21,2017-08-02,PERKINELMER LIFE SCIENCES
Sterile Surgical Systems Llc,5,1,2002-06-04,2002-06-04,STERILE SURGICAL SYSTEMS
STRATASYS LTD,5,1,2024-01-19,2024-01-19,STRATASYS
Hyphen BioMed 155 rue d Eragny Neuville Sur Oise France,5,1,2011-11-09,2018-02-05,HYPHEN BIOMED 155 RUE D ERAGNY NEUVILLE SUR OISE FRANCE
"Neusoft Medical Systems Co., Ltd. NO.",5,1,2015-05-02,2017-05-19,NEUSOFT MEDICAL SYSTEMS NO
"Gyrus Medical, Inc",5,1,2003-12-05,2014-08-27,GYRUS MEDICAL
"Biosound Esaote, Inc.",5,1,2003-01-22,2014-06-26,BIOSOUND ESAOTE
"Vascular Technology, Inc.",5,1,2014-05-28,2018-06-19,VASCULAR TECHNOLOGY
"Ace Surgical Supply Co., Inc.",5,1,2010-05-14,2022-02-02,ACE SURGICAL SUPPLY
"HoMedics, Inc.",5,1,2007-02-09,2007-02-09,HOMEDICS
Palodex Group Oy Nahkelantie 160 Tuusula Finland,5,1,2020-01-07,2021-10-28,PALODEX NAHKELANTIE 160 TUUSULA FINLAND
Sunrise Medical,5,1,2006-08-24,2008-10-30,SUNRISE MEDICAL
"Integra York PA, Inc",4,1,2014-07-30,2016-10-28,INTEGRA YORK PA
INO Therapeutics (dba Ikaria),4,1,2014-03-27,2016-11-21,INO THERAPEUTICS IKARIA
Greiner VACUETTE North America,4,1,2003-03-10,2005-07-28,GREINER VACUETTE NORTH AMERICA
Guidant Cardiac Surgery,4,1,2003-11-19,2006-12-01,GUIDANT CARDIAC SURGERY
Integrated Orbital Implants Inc,4,1,2006-02-27,2011-05-20,INTEGRATED ORBITAL IMPLANTS
IMPRIS Imaging Inc,4,1,2025-09-30,2025-09-30,IMPRIS IMAGING
Krishe Inc,4,1,2021-03-11,2021-03-11,KRISHE
"Fujifilm Irvine Scientific, Inc.",4,1,2021-09-08,2023-11-02,FUJIFILM IRVINE SCIENTIFIC
"Hsmg, Inc. D/b/a Smartinfuser Usa",4,1,2009-01-08,2010-03-17,HSMG D B A SMARTINFUSER
Extremity Medical LLC,4,1,2011-04-13,2013-01-10,EXTREMITY MEDICAL
"Express Diagnostics Int'l., Inc.",4,1,2010-10-04,2014-11-21,EXPRESS DIAGNOSTICS INT L
FujiFilm Healthcare Americas Corporation,4,1,2021-10-14,2021-10-14,FUJIFILM HEALTHCARE AMERICAS
Harvard Clinical Technology,4,1,2003-08-11,2004-11-03,HARVARD CLINICAL TECHNOLOGY
Lumenis Inc.,4,1,2005-04-08,2006-08-29,LUMENIS
"Epimed International, Inc.",4,1,2016-04-22,2021-02-01,EPIMED
"Kelyniam Global, Inc.",4,1,2017-06-10,2017-06-10,KELYNIAM GLOBAL
Limacorporate S.p.A Via Nazionale 52 San Daniele Del Friuli Italy,4,1,2015-08-14,2016-07-21,LIMACORPORATE S P A VIA NAZIONALE 52 SAN DANIELE DEL FRIULI ITALY
Maquet Cardiopulmonary Ag Kehler Strasse 31 Rastatt Germany,4,1,2018-04-04,2018-05-14,MAQUET CARDIOPULMONARY KEHLER STRASSE 31 RASTATT GERMANY
InfuTronix LLC,4,1,2019-05-28,2024-02-21,INFUTRONIX
Gish Biomedical Inc,4,1,2003-03-31,2005-11-28,GISH BIOMEDICAL
"HF Acquisition Co., LLC",4,1,2020-06-04,2020-06-04,HF ACQUISITION
Hitachi Healthcare Americas Corporation,4,1,2021-06-30,2021-07-29,HITACHI HEALTHCARE AMERICAS
Fetzer Medical GmbH & Co. KG Unter Buchsteig 5 Tuttlingen Germany,4,1,2018-12-28,2018-12-28,FETZER MEDICAL AND KG UNTER BUCHSTEIG 5 TUTTLINGEN GERMANY
Hettich Instruments Management I,4,1,2009-11-21,2009-11-21,HETTICH INSTRUMENTS MANAGEMENT I
Maquet Inc,4,1,2005-01-03,2005-05-20,MAQUET
"Getinge Group Logistics America, LLC",4,1,2020-09-17,2021-02-11,GETINGE LOGISTICS AMERICA
Heraeus Kulzer Inc.,4,1,2003-11-01,2003-11-01,HERAEUS KULZER
Esaote Biomedica S.P.A. c/o The Anson Group,4,0,2003-12-23,2003-12-23,ESAOTE BIOMEDICA S P A C O ANSON
Inova Diagnostics Incorporated,4,1,2009-10-28,2018-01-26,INOVA DIAGNOSTICS
Fisher Diagnostics,4,1,2017-05-19,2025-03-06,FISHER DIAGNOSTICS
Life Technologies Holdings Pte Ltd Blk,4,1,2019-09-26,2019-09-26,LIFE TECHNOLOGIES BLK
"MICROspecialties, Inc.",4,1,2024-06-05,2024-06-05,MICROSPECIALTIES
Iba Dosimetry Gmbh Bahnhofstr. 5 Schwarzenbruck Germany,4,1,2013-08-20,2015-12-10,IBA DOSIMETRY BAHNHOFSTR 5 SCHWARZENBRUCK GERMANY
"Insight Instruments, Inc.",4,1,2010-05-12,2013-06-27,INSIGHT INSTRUMENTS
HemoCue AB Kuvettgaten 1 Angelholm Sweden,4,1,2012-11-07,2013-07-25,HEMOCUE KUVETTGATEN 1 ANGELHOLM SWEDEN
Ivoclar Vivadent AG Benderer Strasse 2 Schaan Liechtenstein,4,1,2020-04-13,2020-04-13,IVOCLAR VIVADENT BENDERER STRASSE 2 SCHAAN LIECHTENSTEIN
"Justright Surgical, LLC",4,1,2014-08-27,2015-06-11,JUSTRIGHT SURGICAL
Iris Diagnostics,4,1,2012-07-09,2015-07-15,IRIS DIAGNOSTICS
Leonhard Lang Medizintechnik GmbH Archenweg 56 Innsbruck Austria,4,1,2015-02-24,2017-08-08,LEONHARD LANG MEDIZINTECHNIK ARCHENWEG 56 INNSBRUCK AUSTRIA
"GE Medical Systems Information Tecnology
 9900 Inovation Drive
 RP 2122 3rd Floor
 Wauwatosa WI 53226",4,1,2006-02-06,2009-03-10,GE MEDICAL SYSTEMS INFORMATION TECNOLOGY 9900 INOVATION DRIVE RP 2122 3RD FLOOR WAUWATOSA WI 53226
Etac Supply Center Ab Langgatan 12 Anderstorp Sweden,4,1,2012-04-06,2015-07-12,ETAC SUPPLY CENTER LANGGATAN 12 ANDERSTORP SWEDEN
"Ethicon Endo Surgery, LLC",4,1,2025-03-07,2025-03-07,ETHICON ENDO SURGERY
MEDTECH SAS 900 Rue Du Mas De Verchant Montpellier France,4,1,2019-09-10,2021-09-22,MEDTECH SAS 900 RUE DU MAS DE VERCHANT MONTPELLIER FRANCE
"Imaging Sciences International, LLC",4,1,2009-01-08,2012-07-30,IMAGING SCIENCES
"Kamiya Biomedical Company, LLC",4,1,2008-09-17,2022-09-28,KAMIYA BIOMEDICAL
Inverness Medical Professional Diagnostics,4,2,2006-09-29,2010-02-12,INVERNESS MEDICAL PROFESSIONAL DIAGNOSTICS
GE Healthcare Japan Corporation Ge Herusukea.Japan Kabu 4 Chome 7-127 Asahigaoka Hino Japan,4,1,2018-04-27,2018-04-27,GE HEALTHCARE JAPAN GE HERUSUKEA JAPAN KABU 4 CHOME 7 127 ASAHIGAOKA HINO JAPAN
"GE Medical Systems China Co., Ltd. National Hi-Tech No.",4,1,2018-07-24,2023-09-08,GE MEDICAL SYSTEMS CHINA NATIONAL HI TECH NO
"Possis Medical, Inc",4,1,2005-12-12,2007-06-19,POSSIS MEDICAL
Elekta Limited Linac House Fleming Way Crawley United Kingdom,4,1,2019-01-04,2020-05-21,ELEKTA LINAC HOUSE FLEMING WAY CRAWLEY UNITED KINGDOM
"Smiths Medical PM, Inc. N7",4,1,2008-12-22,2010-01-15,SMITHS MEDICAL PM N7
SALTER LABS,4,1,2011-10-21,2013-11-01,SALTER LABS
"SIGHT DIAGNOSTICS LTD 23, Derekh Menakhem Begin Tel Aviv-Yafo Israel",4,1,2021-03-17,2024-05-13,SIGHT DIAGNOSTICS 23 DEREKH MENAKHEM BEGIN TEL AVIV YAFO ISRAEL
"STERILMED, INC.",4,1,2014-09-24,2016-04-26,STERILMED
Brainlab AG Kapellenstr. 12 Feldkirchen Germany,4,1,2015-09-21,2016-05-04,BRAINLAB KAPELLENSTR 12 FELDKIRCHEN GERMANY
"Safe N Simple, LLC",4,1,2012-06-18,2018-08-22,SAFE N SIMPLE
"Sarnova HC, Llc",4,1,2023-11-06,2024-02-12,SARNOVA HC
"Sedecal USA, Inc.",4,1,2002-09-24,2015-03-23,SEDECAL
Blue Belt Technologies MN,4,1,2013-07-19,2014-06-04,BLUE BELT TECHNOLOGIES MN
Biomet UK Ltd. Waterton Industrial Estate Bridgend United Kingdom,4,1,2018-08-09,2018-08-09,BIOMET UK WATERTON INDUSTRIAL ESTATE BRIDGEND UNITED KINGDOM
Biomerieux France Chemin De L'Or Chemin De L'Orme Marcy L'Etoile France,4,1,2013-11-08,2016-04-15,BIOMERIEUX FRANCE CHEMIN DE L OR CHEMIN DE L ORME MARCY L ETOILE FRANCE
"Southmedic, Inc.",4,1,2017-10-17,2022-10-27,SOUTHMEDIC
C P Medical,4,1,2007-04-03,2008-09-17,C P MEDICAL
"Spectrum Medical Ltd. Harrier 4, Meteor Business Park Cheltenham Road East Gloucester United Kingdom",4,1,2019-05-29,2025-03-19,SPECTRUM MEDICAL HARRIER 4 METEOR BUSINESS PARK CHELTENHAM ROAD EAST GLOUCESTER UNITED KINGDOM
"Spinal Specialties, Inc",4,1,2004-06-18,2005-04-15,SPINAL SPECIALTIES
Stanley Security Solutions Inc,4,1,2016-06-22,2021-11-17,STANLEY SECURITY SOLUTIONS
Steris Corporation Hopkins Facility,4,1,2007-09-12,2022-08-10,STERIS HOPKINS FACILITY
Becton Dickinson Infusion Therapy Systems Inc.,4,1,2021-09-08,2023-10-04,BECTON DICKINSON INFUSION THERAPY SYSTEMS
Beckman Coulter Mishima K.K. 454-32 Higashino; Nagaizumi-Cho Sunto-Gun Japan,4,1,2024-06-05,2025-04-30,BECKMAN COULTER MISHIMA K K 454 32 HIGASHINO NAGAIZUMI CHO SUNTO GUN JAPAN
Stille AB Gardsvagen,4,1,2008-08-27,2009-11-03,STILLE GARDSVAGEN
Baylis Medical Corp 5959 TransCanada Highway Montreal Canada,4,1,2013-09-23,2016-10-11,BAYLIS MEDICAL 5959 TRANSCANADA HIGHWAY MONTREAL CANADA
Bard Peripheral Vas,4,1,2009-03-26,2009-03-26,BARD PERIPHERAL VAS
Bard Endoscopic Technologies,4,1,2003-08-04,2003-08-04,BARD ENDOSCOPIC TECHNOLOGIES
Rusch Inc,4,1,2004-02-03,2004-02-03,RUSCH
C P Medical Inc.,4,1,2009-01-02,2014-04-23,C P MEDICAL
"Sunstar Americas, Inc.",4,1,2021-02-18,2022-01-14,SUNSTAR AMERICAS
Carl Zeiss Meditec AG Carl Zeiss Promenade 10 Jena Germany,4,1,2014-02-03,2015-10-27,CARL ZEISS MEDITEC CARL ZEISS PROMENADE 10 JENA GERMANY
Parks Medical Electronics Inc,4,1,2007-11-08,2007-11-08,PARKS MEDICAL ELECTRONICS
PerkinElmer Life Sciences Inc,4,1,2003-05-30,2003-06-27,PERKINELMER LIFE SCIENCES
Chamberlain Technologies LLC,4,1,2022-08-12,2022-08-12,CHAMBERLAIN TECHNOLOGIES
Phadia Ab Rapsgatan Plant Rapsgatan 7 Uppsala Sweden,4,1,2017-11-20,2023-05-24,PHADIA RAPSGATAN PLANT RAPSGATAN 7 UPPSALA SWEDEN
Carwild Corporation,4,1,2022-08-02,2024-10-22,CARWILD
"Polymedco, Inc",4,1,2003-12-03,2013-02-12,POLYMEDCO
"Carmel Pharma, Inc.",4,1,2007-06-26,2007-06-26,CARMEL PHARMA
Power Surgical Solutions,4,1,2004-11-03,2005-09-01,POWER SURGICAL SOLUTIONS
Carl Zeiss Meditec Inc,4,1,2009-05-18,2011-03-10,CARL ZEISS MEDITEC
Carl Zeiss Meditec AG Carl-Zeiss-Promenade 10 Jena Germany,4,1,2018-06-25,2020-12-07,CARL ZEISS MEDITEC CARL ZEISS PROMENADE 10 JENA GERMANY
Princeton Biomeditech Corp,4,1,2012-03-09,2024-08-23,PRINCETON BIOMEDITECH
Restoration Robotics,4,1,2013-10-13,2013-10-13,RESTORATION ROBOTICS
Carefree Surgical Specialties,4,1,2025-07-01,2025-07-01,CAREFREE SURGICAL SPECIALTIES
CareFusion 209 Inc.,4,1,2011-10-05,2011-12-16,CAREFUSION 209
Pro-Med Instruments Gmbh Botzinger Str. 38 Freiburg Im Breisgau Germany,4,1,2017-11-02,2018-07-05,PRO MED INSTRUMENTS BOTZINGER STR 38 FREIBURG IM BREISGAU GERMANY
Qiagen GmbH Qiagen Str. 1 Hilden Germany,4,1,2023-05-09,2023-08-22,QIAGEN QIAGEN STR 1 HILDEN GERMANY
Canadian Hospital Specialties,4,1,2018-06-11,2022-08-19,CANADIAN HOSPITAL SPECIALTIES
Camlog Usa,4,1,2013-08-28,2013-08-28,CAMLOG
Ram Medical Inc,4,1,2010-03-05,2010-03-05,RAM MEDICAL
"Reflexion Medical, Inc.",4,1,2021-11-24,2026-02-09,REFLEXION MEDICAL
CSL Behring GmbH Emil-von-Behring-Str. 76 Marburg Germany,4,1,2016-05-17,2018-05-31,CSL BEHRING EMIL VON BEHRING STR 76 MARBURG GERMANY
Resource Optimization & Innovation LLC,4,1,2020-05-04,2022-02-28,RESOURCE OPTIMIZATION AND INNOVATION
Summit Industries Inc.,4,1,2007-08-10,2014-10-28,SUMMIT INDUSTRIES
Surgical Innovations Ltd 6 Clayton Wood Bank Lds Leeds United Kingdom,4,1,2022-01-20,2023-03-28,SURGICAL INNOVATIONS 6 CLAYTON WOOD BANK LDS LEEDS UNITED KINGDOM
Clark Research and Development Inc Number,4,1,2007-01-19,2007-01-19,CLARK RESEARCH AND DEVELOPMENT NUMBER
"Accord Media, LLC Apartment",4,1,2017-12-04,2017-12-04,ACCORD MEDIA APARTMENT
Unomedical A/S Aaholmvej,4,1,2022-07-21,2023-10-11,UNOMEDICAL A S AAHOLMVEJ
"Agilent Technologies, Inc.",4,1,2015-06-17,2025-03-20,AGILENT TECHNOLOGIES
Versea Diagnostics LLC,4,1,2021-07-27,2021-07-27,VERSEA DIAGNOSTICS
Aerogen Ltd. Galway Business Park Dangan Galway Ireland,4,1,2014-09-02,2014-09-02,AEROGEN GALWAY BUSINESS PARK DANGAN GALWAY IRELAND
Viterion TeleHealthcare Llc,4,1,2011-05-25,2012-11-15,VITERION TELEHEALTHCARE
"AdvanDx, Inc.",4,1,2010-06-08,2013-12-11,ADVANDX
Acutus Medical Inc,4,1,2020-02-25,2020-02-25,ACUTUS MEDICAL
W. L. Gore & Associates Inc.,4,1,2019-11-18,2021-07-12,W L GORE AND ASSOCIATES
Accutron Inc,4,1,2012-04-29,2012-04-29,ACCUTRON
Wahl Clipper Corp,4,1,2004-12-10,2020-12-15,WAHL CLIPPER
Accelerate Diagnostics Inc,4,1,2017-03-13,2022-10-17,ACCELERATE DIAGNOSTICS
"Alcon Research, Ltd",4,1,2005-09-02,2008-03-07,ALCON RESEARCH
Abbott Vascular Inc,4,1,2024-11-06,2024-11-06,ABBOTT VASCULAR
Abbott Laboratories Inc. (St Jude Medical),4,1,2021-04-22,2021-05-05,ABBOTT LABORATORIES ST JUDE MEDICAL
"Abbott Diagnostic International, Ltd. Carr 2 Km 58.0 Cruce Davila",4,1,2006-09-07,2006-09-08,ABBOTT DIAGNOSTIC CARR 2 KM 58 0 CRUCE DAVILA
AbbVie Inc.,4,1,2016-11-22,2017-04-27,ABBVIE
"X-NAV Technologies, LLC",4,1,2016-02-23,2024-03-04,X NAV TECHNOLOGIES
"AMS Diagnostics, LLC",4,1,2014-02-11,2016-02-29,AMS DIAGNOSTICS
ACMI CORPORATION,4,0,2004-04-30,2004-04-30,ACMI
"AB Sciex, LLC",4,1,2023-08-30,2023-08-30,SCIEX
AAP Implantate Ag Lorenzweg 5 Berlin Germany,4,1,2019-01-11,2019-11-28,AAP IMPLANTATE LORENZWEG 5 BERLIN GERMANY
Zoe Medical Incorporated,4,1,2009-02-02,2024-08-13,ZOE MEDICAL
"Alcon Research, LTD. 9965 Buffalo Speedway",4,1,2012-05-29,2018-01-12,ALCON RESEARCH 9965 BUFFALO SPEEDWAY
"Alfa Wassermann, Inc.",4,1,2008-08-22,2014-03-05,ALFA WASSERMANN
Surgical Specialties Puerto Rico Inc. dba Angiotech PR Inc. Rd,4,1,2012-08-15,2012-08-15,SURGICAL SPECIALTIES PUERTO RICO ANGIOTECH PR RD
Theken Spine LLC,4,1,2005-10-04,2008-08-27,THEKEN SPINE
BD Biosciences,4,1,2007-04-05,2007-12-21,BD BIOSCIENCES
Synaptive Medical Inc,4,1,2018-10-09,2021-04-23,SYNAPTIVE MEDICAL
B. Braun Interventional Systems,4,1,2007-10-30,2015-06-16,B BRAUN INTERVENTIONAL SYSTEMS
"Axiobionics, LLC",4,1,2011-05-27,2011-05-27,AXIOBIONICS
Synvasive Technology Inc,4,1,2013-03-14,2018-07-27,SYNVASIVE TECHNOLOGY
"Avazzia, Inc",4,1,2007-06-29,2007-06-29,AVAZZIA
TMJ Solutions Inc,4,1,2018-03-12,2026-02-11,TMJ SOLUTIONS
Arjo Hospital Equipment AB HANS MICHELSENSGATAN,4,1,2014-09-01,2014-12-03,ARJO HOSPITAL EQUIPMENT HANS MICHELSENSGATAN
"Terumo BCT, Inc.",4,1,2016-11-03,2017-10-20,TERUMO BCT
Applied Biotech Inc,4,1,2005-05-31,2006-09-28,APPLIED BIOTECH
"Thera Test Laboratories, Inc.",4,1,2006-01-11,2020-10-05,THERA TEST LABORATORIES
"Unetixs Vascular, Inc.",4,1,2023-02-10,2023-02-10,UNETIXS VASCULAR
Thermo Fisher Scientific,4,2,2007-07-24,2010-09-23,THERMO FISHER SCIENTIFIC
Thor Photomedicine Ltd Watermeadow House Chesham United Kingdom,4,1,2022-09-13,2022-09-13,THOR PHOTOMEDICINE WATERMEADOW HOUSE CHESHAM UNITED KINGDOM
"Toray Marketing & Sales (America), Inc",4,1,2003-12-30,2003-12-30,TORAY MARKETING AND SALES AMERICA
Ambu Incorporated,4,1,2007-08-21,2007-08-21,AMBU
Altasource LLC dba Meta Labs LLC,4,1,2014-02-03,2014-02-03,ALTASOURCE META LABS
Trividia Health,4,1,2016-06-28,2016-06-28,TRIVIDIA HEALTH
Trokamed GmbH Kleine Breite 17 Geisingen Germany,4,1,2024-11-27,2024-11-27,TROKAMED KLEINE BREITE 17 GEISINGEN GERMANY
Trophy Sas 4 Rue Pelloutier Croissy Beaubourg France,4,1,2012-09-18,2012-09-18,TROPHY SAS 4 RUE PELLOUTIER CROISSY BEAUBOURG FRANCE
Tytek Medical Inc,4,1,2019-11-15,2020-10-05,TYTEK MEDICAL
"Ultroid Technologies, Inc.",4,1,2016-10-19,2016-10-19,ULTROID TECHNOLOGIES
"Parker Laboratories, Inc.",4,1,2014-08-06,2024-03-22,PARKER LABORATORIES
Hardy Media Inc Dba Hardy Diag,4,1,2003-06-25,2006-08-21,HARDY MEDIA HARDY DIAG
Microsoft Corporation Health Solutions Group,4,1,2010-07-27,2012-04-12,MICROSOFT HEALTH SOLUTIONS
"Mirion Technologies (Capintec), Inc.",4,1,2023-11-27,2024-04-22,MIRION TECHNOLOGIES CAPINTEC
Neocis Inc.,4,1,2019-10-04,2020-05-14,NEOCIS
Molded Products Inc,4,1,2012-06-19,2026-02-17,MOLDED PRODUCTS
Meta C.G.M. Spa Via Modena 22-24 Correggio Italy,4,1,2021-04-26,2021-04-26,META C G M VIA MODENA 22 24 CORREGGIO ITALY
DentSply Professional Division,4,1,2003-10-14,2003-10-14,DENTSPLY PROFESSIONAL DIVISION
"Dale Medical Products, Inc.",4,1,2007-09-27,2017-03-24,DALE MEDICAL PRODUCTS
Creganna Medical Devices Parkmore West Galway Ireland,4,1,2017-05-22,2017-05-22,CREGANNA MEDICAL DEVICES PARKMORE WEST GALWAY IRELAND
Del Medical Systems Group,4,1,2004-02-13,2009-01-12,DEL MEDICAL SYSTEMS
"Custom Ultrasonics, Inc.",4,1,2005-12-12,2016-05-06,CUSTOM ULTRASONICS
"Mizuho America, Inc.",4,1,2013-10-10,2019-09-11,MIZUHO AMERICA
New Standard Device Inc,4,1,2019-07-23,2020-12-28,NEW STANDARD DEVICE
"New Star Lasers, Inc.",4,1,2015-05-13,2016-09-19,NEW STAR LASERS
Cybernet Systems Corp.,4,1,2008-01-23,2008-01-23,CYBERNET SYSTEMS
"EBI, LLC",4,1,2024-03-22,2024-03-22,EBI
"NuVasive Specialized Orthopedics, Inc.",4,1,2019-06-25,2024-09-30,NUVASIVE SPECIALIZED ORTHOPEDICS
Dental Equipment LLC,4,1,2007-05-01,2011-05-27,DENTAL EQUIPMENT
Datex-Ohmeda,4,1,2002-09-16,2003-02-12,DATEX OHMEDA
Microgenics Corp,4,1,2011-06-08,2013-10-16,MICROGENICS
Novarad Corporation,4,1,2013-05-09,2019-09-10,NOVARAD
NovaSignal Corp.,4,1,2022-12-16,2024-05-06,NOVASIGNAL
DJ Orthopedics de Mexico S.A. de C.V. Carretera Libre Tijuana-Tecate 20230 Submetropoli El Florido Tijuana Mexico,4,1,2021-04-12,2021-04-12,DJ ORTHOPEDICS DE MEXICO S A DE C V CARRETERA LIBRE TIJUANA TECATE 20230 SUBMETROPOLI EL FLORIDO TIJUANA MEXICO
"Datex Ohmeda, Inc. dba GE Healthcare",4,1,2005-08-05,2008-06-20,DATEX OHMEDA GE HEALTHCARE
North Coast Medi-Tek Inc,4,1,2004-06-23,2011-05-13,NORTH COAST MEDI TEK
Nicolet Biomedical Div of Viasys Healthcare,4,1,2006-04-28,2007-09-11,NICOLET BIOMEDICAL DIV OF VIASYS HEALTHCARE
North American Rescue LLC.,4,1,2020-08-21,2026-03-27,NORTH AMERICAN RESCUE
Noah Medical,4,1,2024-03-09,2024-10-28,NOAH MEDICAL
Drummond Scientific Co,4,1,2008-08-01,2008-08-01,DRUMMOND SCIENTIFIC
Drew Scientific Group PLC,4,1,2006-08-24,2006-09-20,DREW SCIENTIFIC
"Nonin Medical, Inc",4,1,2007-10-11,2016-09-29,NONIN MEDICAL
Covidien LLC dba Uni-Patch,4,1,2012-02-09,2012-02-09,COVIDIEN UNI PATCH
"Mini-Mitter Company, Inc.",4,1,2007-06-27,2007-06-27,MINI MITTER
"Collagen Matrix, Inc.",4,1,2018-08-16,2021-12-13,COLLAGEN MATRIX
Monteris Medical Corp,4,1,2014-10-03,2017-10-05,MONTERIS MEDICAL
"Murata Vios, Inc.",4,1,2021-06-21,2024-08-09,MURATA VIOS
Medtronic Cardiovascular Surgery-the Heart Valve Division,4,1,2014-01-09,2016-08-03,MEDTRONIC CARDIOVASCULAR SURGERY HEART VALVE DIVISION
NOVADAQ TECHNOLOGIES INC.,4,1,2016-08-18,2017-06-27,NOVADAQ TECHNOLOGIES
NAImco Inc dba Richmar Inc,4,1,2009-11-30,2009-11-30,NAIMCO RICHMAR
"Medtronic Sofamor Danek USA, Inc",4,1,2021-03-17,2023-07-12,MEDTRONIC SOFAMOR DANEK
ETAC A/S Parallelvej 3 Gedved Denmark,4,1,2025-11-17,2025-11-17,ETAC A S PARALLELVEJ 3 GEDVED DENMARK
"Depuy Mitek, a Johnson & Johnson Co.",4,1,2005-08-09,2006-02-17,DEPUY MITEK A JOHNSON AND JOHNSON
National Biological Corp,4,1,2008-02-19,2017-01-27,NATIONAL BIOLOGICAL
"Medtronic Sofamor Danek Usa, Inc Dallas Distribution",4,1,2009-11-30,2016-05-13,MEDTRONIC SOFAMOR DANEK DALLAS DISTRIBUTION
PHILIPS HEADQUARTERS CAMBRIDGE,4,1,2023-04-12,2023-04-12,PHILIPS HEADQUARTERS CAMBRIDGE
"Ortho Kinematics, Inc",4,1,2016-08-12,2018-05-23,ORTHO KINEMATICS
Optovue Inc.,4,1,2010-01-08,2012-09-07,OPTOVUE
Dentsply Friadent Ceramed,4,1,2005-02-17,2006-11-17,DENTSPLY FRIADENT CERAMED
"Omega Medical Imaging, Inc.",4,1,2016-06-21,2023-09-08,OMEGA MEDICAL IMAGING
Eagle Vision Inc,4,1,2006-04-12,2006-04-12,EAGLE VISION
"Trivascular, Inc",3,1,2012-10-19,2014-09-20,TRIVASCULAR
"Moving Solutions, Inc.",3,1,2004-01-21,2004-01-21,MOVING SOLUTIONS
The Braun Corporation,3,1,2007-08-15,2007-08-15,BRAUN
"Matrix Surgical Holdings, LLC",3,1,2017-01-25,2019-01-30,MATRIX SURGICAL
"Mira, Inc.",3,1,2010-04-08,2010-04-08,MIRA
Imactis 20 Rue Du Tour De L Eau St Martin D Heres France,3,1,2019-08-01,2021-02-11,IMACTIS 20 RUE DU TOUR DE L EAU ST MARTIN D HERES FRANCE
Mint Medical GmbH Friedrich-Ebert-Str. 2 Dossenheim Germany,3,1,2024-11-15,2026-01-07,MINT MEDICAL FRIEDRICH EBERT STR 2 DOSSENHEIM GERMANY
The OR Group,3,1,2003-11-06,2003-11-06,OR
"Tenet Medical Engineering Inc
 11979 40th St Se /#203 Ab
 Calgary Canada",3,1,2007-11-23,2007-11-23,TENET MEDICAL ENGINEERING 11979 40TH ST SE 203 CALGARY CANADA
"Myelotec, Inc.",3,1,2007-12-19,2017-03-02,MYELOTEC
Illumina Inc,3,1,2014-07-28,2014-11-13,ILLUMINA
Icotec Ag Industriestrasse 12 Altstatten Sg Switzerland,3,1,2022-11-03,2023-11-28,ICOTEC INDUSTRIESTRASSE 12 ALTSTATTEN SG SWITZERLAND
"Turbett Surgical, Inc.",3,1,2022-04-14,2022-12-05,TURBETT SURGICAL
Marina Medical Instruments Inc.,3,1,2009-04-09,2009-04-09,MARINA MEDICAL INSTRUMENTS
Moller Vital Hadelandsvegen 2,3,1,2016-06-24,2019-02-04,MOLLER VITAL HADELANDSVEGEN 2
The Seaberg Company Inc,3,1,2018-05-02,2018-05-02,SEABERG
"Inovo, Inc",3,1,2016-07-21,2019-04-26,INOVO
"Think Surgical, Inc.",3,1,2018-03-30,2026-05-08,THINK SURGICAL
Thoratec Switzerland GMBH Technoparkstrasse 1 Zurich Switzerland,3,1,2018-09-05,2024-05-22,THORATEC SWITZERLAND TECHNOPARKSTRASSE 1 ZURICH SWITZERLAND
"Therasage, LLC.",3,1,2014-12-23,2014-12-23,THERASAGE
Independence Technology LLC,3,1,2004-07-01,2010-02-22,INDEPENDENCE TECHNOLOGY
"In2bones USA, LLC",3,1,2018-11-14,2026-05-11,IN2BONES
"TiSport, Llc",3,1,2011-07-05,2021-09-24,TISPORT
"Therakos, Inc.",3,1,2011-03-31,2021-10-04,THERAKOS
"In2Bones, SAS 28 Chemin Du Petit Bois Ecully France",3,1,2015-03-09,2015-11-18,IN2BONES SAS 28 CHEMIN DU PETIT BOIS ECULLY FRANCE
"TissueTech, Inc.",3,1,2020-11-10,2020-11-10,TISSUETECH
The Spineology Group,3,1,2005-01-28,2005-01-28,SPINEOLOGY
"Topcon Medical Systems, Inc.",3,1,2019-03-06,2024-09-17,TOPCON MEDICAL SYSTEMS
Theragenics Corporation,3,1,2005-05-16,2018-10-09,THERAGENICS
Tosoh Smd Inc,3,1,2013-05-15,2019-11-15,TOSOH SMD
Townsend Design,3,1,2023-09-23,2023-09-23,TOWNSEND DESIGN
"Transenterix, Inc",3,1,2011-02-25,2012-07-02,TRANSENTERIX
Tri-State Hospital Supply Corp,3,1,2005-03-08,2005-04-12,TRI STATE HOSPITAL SUPPLY
Thermo Fisher Scientific (Monterrey) Blvd Apodaca 500 Apodaca Technology Park Apodaca Nuevo Leon 66600 Mexico,3,1,2019-07-18,2020-04-29,THERMO FISHER SCIENTIFIC MONTERREY BLVD APODACA 500 APODACA TECHNOLOGY PARK APODACA NUEVO LEON 66600 MEXICO
Maquet Critical Care AB Rontgenvagen,3,1,2025-05-30,2025-05-30,MAQUET CRITICAL CARE RONTGENVAGEN
Inamed Corp,3,1,2005-05-05,2005-12-14,INAMED
Panoramic Rental Corp.,3,1,2015-06-04,2017-07-14,PANORAMIC RENTAL
McKesson Provider Technologies Medical Imaging Group,3,1,2010-01-27,2010-06-16,MCKESSON PROVIDER TECHNOLOGIES MEDICAL IMAGING
"Hitachi America, Ltd., Particle Therapy Division",3,1,2024-05-27,2024-05-27,HITACHI AMERICA PARTICLE THERAPY DIVISION
Wellspect HealthCare (Division of DENTSPLY IH AB) Aminogatan 1 Molndal Sweden,3,1,2020-06-17,2020-06-17,WELLSPECT HEALTHCARE DIVISION OF DENTSPLY IH AMINOGATAN 1 MOLNDAL SWEDEN
"Merz Aesthetics, Inc.",3,1,2011-04-06,2011-12-16,MERZ AESTHETICS
Hidrex GmbH Otto-Hahn-Str. 12 Heiligenhaus Germany,3,1,2017-01-30,2017-01-30,HIDREX OTTO HAHN STR 12 HEILIGENHAUS GERMANY
Western a Scott Fetzer Co,3,1,2003-10-02,2003-10-02,WESTERN A SCOTT FETZER
Western a Scott Fetzer Company,3,1,2009-08-10,2009-08-10,WESTERN A SCOTT FETZER
"Merits Holdings Co. dba Merits Health Products, Inc.",3,1,2020-03-02,2021-04-01,MERITS MERITS HEALTH PRODUCTS
"Whatman, Inc.",3,1,2009-05-06,2009-10-29,WHATMAN
Whele LLC DBA Perch,3,1,2022-10-24,2022-10-24,WHELE PERCH
"Henry Schein, Inc.",3,1,2003-06-27,2011-11-10,HENRY SCHEIN
"Mercury Enterprises, Inc. dba Mercury Medical",3,1,2015-10-22,2024-12-10,MERCURY ENTERPRISES MERCURY MEDICAL
"Hemo Cue, Inc.",3,1,2010-10-07,2011-05-30,HEMO CUE
"Wishbone Medical, Inc.",3,1,2021-04-30,2024-04-05,WISHBONE MEDICAL
Wolf Medical Supply Inc.,3,1,2011-10-20,2011-10-20,WOLF MEDICAL SUPPLY
Xodus Medical Inc,3,1,2019-09-19,2019-09-19,XODUS MEDICAL
Xstrahl Limited,3,1,2021-04-26,2022-04-27,XSTRAHL
"Z-Medica, LLC",3,1,2017-05-17,2021-09-22,Z MEDICA
"Medtronic Spine LLC, formerly Kyphon Inc",3,1,2009-02-04,2009-11-10,MEDTRONIC SPINE FORMERLY KYPHON
"Zimmer Biomet Spine, Inc",3,1,2016-06-30,2017-03-16,ZIMMER BIOMET SPINE
"Medical Information Technology, Inc.",3,1,2014-01-17,2025-02-05,MEDICAL INFORMATION TECHNOLOGY
Zipline Medical,3,1,2015-02-05,2015-02-05,ZIPLINE MEDICAL
"Healthmark Industries Co., Inc.",3,1,2025-05-02,2026-03-12,HEALTHMARK INDUSTRIES
"Hartmann USA, Inc",3,1,2011-02-11,2012-05-14,HARTMANN
Harry J Bosworth Company,3,1,2004-09-23,2004-10-13,HARRY J BOSWORTH
"Zoll Circulation, Inc.",3,1,2008-01-28,2013-07-16,ZOLL CIRCULATION
"iCAD, Inc.",3,1,2008-12-09,2015-01-21,ICAD
"Walter Lorenz Surgical, Inc.",3,1,2006-02-17,2006-02-17,WALTER LORENZ SURGICAL
"Metrex Research, LLC.",3,1,2011-09-20,2017-01-20,METREX RESEARCH
"Umano Medical, Inc.",3,1,2020-05-04,2022-04-11,UMANO MEDICAL
"MichClone Associates, Inc.",3,1,2012-02-23,2012-02-23,MICHCLONE ASSOCIATES
ITC-Nexus Dx,3,1,2013-08-22,2014-06-20,ITC NEXUS DX
United Surgical Associates,3,1,2015-04-13,2015-04-13,UNITED SURGICAL ASSOCIATES
Millipore Corporation,3,2,2008-11-24,2009-11-25,MILLIPORE
INNOVATIVE TOMOGRAPHY PRODUCT GMBH Universitatsstr. 136 Bochum Germany,3,1,2021-04-21,2021-04-21,INNOVATIVE TOMOGRAPHY PRODUCT UNIVERSITATSSTR 136 BOCHUM GERMANY
"INNOVA MEDICAL GROUP, INC.",3,1,2021-04-09,2021-04-09,INNOVA MEDICAL
"Millar Instruments, Inc",3,1,2005-01-14,2011-03-08,MILLAR INSTRUMENTS
"Technidata S.A. 387, Avenue Jean Kuntzmannn Montbonnot St Martin France",3,1,2010-07-29,2014-02-17,TECHNIDATA S A 387 AVENUE JEAN KUNTZMANNN MONTBONNOT ST MARTIN FRANCE
"Utah Medical Products, Inc",3,1,2008-06-16,2015-10-16,UTAH MEDICAL PRODUCTS
"VISX INCORPORATED, A SUBSIDIARY OF AMO INC",3,1,2006-11-17,2008-06-09,VISX A SUBSIDIARY OF AMO
VNUS Medical Technologies Inc,3,1,2007-03-06,2007-08-08,VNUS MEDICAL TECHNOLOGIES
"Vero Biotech, LLC",3,1,2021-05-19,2023-11-17,VERO BIOTECH
Microcuff Gmbh Honer,3,1,2006-06-19,2006-06-19,MICROCUFF HONER
Vilex In Tennessee Inc,3,1,2015-04-22,2015-04-22,VILEX IN TENNESSEE
Visaris DOO Batajnicki Drum 10 Deo 1B Belgrade,3,1,2018-04-05,2018-04-05,VISARIS DOO BATAJNICKI DRUM 10 DEO 1B BELGRADE
"Visionsense, Ltd. 20, Ha-Magshimim Petakh Tikva Israel",3,1,2022-10-17,2022-10-17,VISIONSENSE 20 HA MAGSHIMIM PETAKH TIKVA ISRAEL
Medacta Usa,3,1,2014-09-22,2015-04-17,MEDACTA
Voco GmbH Anton-Flettner-Str. 1-3 Cuxhaven Germany,3,1,2019-07-09,2024-01-25,VOCO ANTON FLETTNER STR 1 3 CUXHAVEN GERMANY
"Micro-Tech (Nanjing) Co., Ltd.
 High Tech
 NO. 10 Gaoke Third Road Nanjing National
 Nanjing China",3,1,2018-03-12,2018-09-20,MICRO TECH NANJING HIGH TECH NO 10 GAOKE THIRD ROAD NANJING NATIONAL NANJING CHINA
"Micro Therapeutics Inc, dba ev3 Neurovascular",3,1,2008-11-12,2010-03-01,MICRO THERAPEUTICS EV3 NEUROVASCULAR
Vygon Neuro,3,1,2005-03-24,2005-03-24,VYGON NEURO
Medartis AG Hochbergerstrasse 60e Basel Town Switzerland,3,1,2026-01-09,2026-04-24,MEDARTIS HOCHBERGERSTRASSE 60E BASEL TOWN SWITZERLAND
"W.L. Gore & Associates, Inc.",3,1,2021-04-05,2024-07-03,W L GORE AND ASSOCIATES
"WEST PHARMA. SERVICES IL, LTD 4, Ha-Sheizaf Ra'Anana Israel",3,1,2018-12-26,2018-12-26,WEST PHARMA SERVICES IL 4 HA SHEIZAF RA ANANA ISRAEL
"Michigan Instruments, Inc.",3,1,2006-08-04,2018-02-13,MICHIGAN INSTRUMENTS
WOM World of Medicine AG Salzufer 8 Berlin Germany,3,1,2018-10-22,2021-06-18,WOM WORLD OF MEDICINE SALZUFER 8 BERLIN GERMANY
Technomed Europe Amerikalaan 71 Maastricht-Airport Netherlands,3,1,2021-12-08,2024-07-25,TECHNOMED EUROPE AMERIKALAAN 71 MAASTRICHT AIRPORT NETHERLANDS
International Life Sciences,3,1,2026-02-06,2026-02-06,LIFE SCIENCES
Tecan U S Inc,3,1,2003-02-27,2005-04-11,TECAN U S
"Reichert, Inc.",3,1,2023-07-20,2025-02-28,REICHERT
"Quanta System, S.p.A. Via Acquedotto 109 Samarate Italy",3,1,2021-04-27,2021-04-27,QUANTA SYSTEM S P A VIA ACQUEDOTTO 109 SAMARATE ITALY
LINA Medical ApS Formervangen 5 Glostrup Denmark,3,1,2009-12-01,2009-12-01,LINA MEDICAL APS FORMERVANGEN 5 GLOSTRUP DENMARK
LIEBEL-FLARSHEIM COMPANY LLC,3,1,2017-02-27,2021-03-11,LIEBEL FLARSHEIM
"Quanta System, S.p.A. Via IV Novembre, 116 Solbiate Olona (VA) Italy",3,1,2012-11-07,2012-11-07,QUANTA SYSTEM S P A VIA IV NOVEMBRE 116 SOLBIATE OLONA VA ITALY
"Quasar Bio-Tech, Inc.",3,1,2018-06-29,2018-06-29,QUASAR BIO TECH
"Quasar Bio-Tech, Inc. dba Silver Bay LLC",3,1,2012-10-25,2012-10-25,QUASAR BIO TECH SILVER BAY
"Quest International, Inc.",3,1,2010-09-28,2025-10-01,QUEST
"OXFORD IMMUNOTEC LTD
 143 Park Road
 Abingdon United Kingdom",3,1,2022-07-07,2022-07-07,OXFORD IMMUNOTEC 143 PARK ROAD ABINGDON UNITED KINGDOM
"OSSTEM Implant Co., Ltd. 66-16 Bansong-Ro 513beon-Gil Busan City Haeundae District Korea (the Republic of)",3,1,2025-08-26,2025-08-26,OSSTEM IMPLANT 66 16 BANSONG RO 513BEON GIL BUSAN CITY HAEUNDAE DISTRICT KOREA REPUBLIC OF
Red Medical Supplies,3,1,2021-08-11,2021-08-11,RED MEDICAL SUPPLIES
"O-Two Medical Technologies, Inc. 45A Armthorpe Road Brampton Canada Ontario",3,1,2019-02-12,2019-02-12,O TWO MEDICAL TECHNOLOGIES 45A ARMTHORPE ROAD BRAMPTON CANADA ONTARIO
"Remote Diagnostic Technologies Ltd. PAVILION C2, ASHWOOD PARK ASHWOOD WAY Basingstoke United Kingdom",3,1,2020-11-17,2022-01-28,REMOTE DIAGNOSTIC TECHNOLOGIES PAVILION C2 ASHWOOD PARK ASHWOOD WAY BASINGSTOKE UNITED KINGDOM
QiG Group LLC,3,1,2016-01-26,2016-01-26,QIG
"Repro-Med Systems, Inc.",3,1,2016-03-10,2019-08-20,REPRO MED SYSTEMS
Resmed Corporation,3,1,2007-04-23,2016-07-12,RESMED
"O-Two Medical Technologies, Inc.",3,1,2015-06-23,2018-05-14,O TWO MEDICAL TECHNOLOGIES
MALVERN PANALYTICAL LTD Grovewood Road Malvern United Kingdom,3,1,2022-02-28,2022-04-07,MALVERN PANALYTICAL GROVEWOOD ROAD MALVERN UNITED KINGDOM
Kico Knee Innovation Company,3,1,2025-09-19,2026-04-23,KICO KNEE INNOVATION
Keystone Industries,3,1,2023-04-10,2023-11-20,KEYSTONE INDUSTRIES
"Roche Diagnostics Operations, inc.",3,1,2009-07-22,2009-07-22,ROCHE DIAGNOSTICS OPERATIONS
O & M HALYARD INC,3,1,2021-09-27,2026-04-13,O AND M HALYARD
Kentec Medical Inc,3,1,2007-05-18,2017-06-23,KENTEC MEDICAL
"Rymed Technologies, Inc.",3,1,2006-05-25,2006-05-25,RYMED TECHNOLOGIES
Novartis Nutrition Corp,3,1,2003-01-27,2003-01-27,NOVARTIS NUTRITION
"LW Scientific, Inc.",3,1,2019-02-06,2019-02-06,LW SCIENTIFIC
Lacrimedics Inc,3,1,2014-11-26,2022-01-17,LACRIMEDICS
North Coast Medical Inc,3,1,2021-08-27,2023-08-18,NORTH COAST MEDICAL
"LifeHealth, LLC",3,1,2015-04-29,2015-09-16,LIFEHEALTH
Pega Medical Inc. 1111 Chomedey (A-13) E Laval Canada,3,1,2019-05-29,2020-04-03,PEGA MEDICAL 1111 CHOMEDEY A 13 E LAVAL CANADA
"Penlon, Ltd. Abingdon Science Park Barton Lane Abingdon United Kingdom",3,1,2011-09-21,2013-05-14,PENLON ABINGDON SCIENCE PARK BARTON LANE ABINGDON UNITED KINGDOM
PerkinElmer LAS Inc,3,1,2004-06-29,2004-09-14,PERKINELMER LAS
PEROUSE MEDICAL ROUTE DU MANOIR Ivry Le Temple France,3,1,2014-10-06,2017-04-05,PEROUSE MEDICAL ROUTE DU MANOIR IVRY LE TEMPLE FRANCE
"PACIFIC LASERTECH, LLC",3,1,2024-03-01,2024-03-01,PACIFIC LASERTECH
"Permobil, Ab Arvaltsvagen 10",3,1,2017-09-01,2018-08-15,PERMOBIL ARVALTSVAGEN 10
Lifewatch Services Inc,3,1,2011-09-26,2011-09-26,LIFEWATCH SERVICES
Ottobock Orthopedic Industrie Max-Nader Str 15 D-37ns Duderstadt Germany,3,1,2019-01-10,2019-01-10,OTTOBOCK ORTHOPEDIC INDUSTRIE MAX NADER STR 15 D 37NS DUDERSTADT GERMANY
Philips Medical Systems,3,2,2007-04-25,2011-02-23,PHILIPS MEDICAL SYSTEMS
"Pivotal Health Solutions, Inc.",3,1,2024-04-29,2025-10-09,PIVOTAL HEALTH SOLUTIONS
Otto Bock Healthcare GmbH Max-Nader-Str. # 15 Duderstadt Germany,3,1,2015-07-16,2016-01-04,OTTO BOCK HEALTHCARE MAX NADER STR 15 DUDERSTADT GERMANY
LifeCell Corporation,3,1,2010-07-12,2011-07-13,LIFECELL
"ProSun International, LLC",3,1,2017-12-02,2018-12-10,PROSUN
Oto Med Inc,3,1,2020-12-07,2020-12-07,OTO MED
"Porex Surgical, Inc.",3,1,2005-03-07,2008-03-28,POREX SURGICAL
Harmony Brands Llc,3,1,2005-03-25,2005-03-25,HARMONY BRANDS
"Orthofix, Inc.",3,1,2011-04-01,2013-11-26,ORTHOFIX
Liberty Medical Supplies,3,1,2003-02-24,2003-02-24,LIBERTY MEDICAL SUPPLIES
Orthofix Srl Via Delle Nazioni 9 Bussolengo Italy,3,1,2017-07-05,2024-09-24,ORTHOFIX VIA DELLE NAZIONI 9 BUSSOLENGO ITALY
Orthofix Inc,3,1,2010-10-18,2010-10-22,ORTHOFIX
"Lone Star Medical Products, Inc",3,1,2004-10-06,2004-10-06,LONE STAR MEDICAL PRODUCTS
Primus Medical LLC,3,1,2011-02-02,2014-09-15,PRIMUS MEDICAL
Leonhard Lang Gmbh Archenweg 56 Innsbruck Austria,3,1,2009-07-10,2014-12-03,LEONHARD LANG ARCHENWEG 56 INNSBRUCK AUSTRIA
"Lumenis Limited 13 Hayetzira St., Yokneam Ind. Park Yokneam Israel",3,1,2013-01-02,2016-09-25,LUMENIS 13 HAYETZIRA ST YOKNEAM IND PARK YOKNEAM ISRAEL
SCM True Air Technologies LLC,3,1,2014-03-18,2014-03-18,SCM TRUE AIR TECHNOLOGIES
Safeguard US Operating LLC,3,1,2024-08-27,2024-08-27,SAFEGUARD OPERATING
TZ Medical Inc.,3,1,2013-04-30,2015-10-14,TZ MEDICAL
SynCardia Systems Inc.,3,1,2012-12-05,2016-10-21,SYNCARDIA SYSTEMS
"Neurotherm, Inc.",3,1,2008-07-28,2013-10-09,NEUROTHERM
Stryker Biotech,3,1,2006-08-16,2010-10-25,STRYKER BIOTECH
Stryker Imaging,3,1,2009-07-31,2009-08-31,STRYKER IMAGING
"Neuro Kinetics, Inc.",3,1,2013-11-21,2015-07-21,NEURO KINETICS
"MRP, LLC dba AMUSA",3,1,2015-02-09,2015-07-02,MRP AMUSA
"Summit Medical, Inc.",3,1,2013-03-27,2015-09-03,SUMMIT MEDICAL
"Sun Biomedical Laboratories, Inc.",3,1,2008-05-28,2008-05-28,SUN BIOMEDICAL LABORATORIES
"Sunrise Medical CCG, Inc.",3,1,2005-11-16,2006-01-01,SUNRISE MEDICAL CCG
"Suntech Medical, Inc.",3,1,2019-06-03,2020-04-20,SUNTECH MEDICAL
SurgiSmoke Solutions,3,1,2026-03-16,2026-03-16,SURGISMOKE SOLUTIONS
"Surgical Tissue Network, Inc.",3,1,2012-03-14,2012-03-14,SURGICAL TISSUE NETWORK
"PML, Inc. dba Pml Microbiologicals Inc.",3,1,2007-10-15,2007-10-15,PML PML MICROBIOLOGICALS
Iradimed Corporation,3,1,2012-08-24,2023-02-24,IRADIMED
International Biophysics Corp.,3,1,2015-08-07,2015-08-07,BIOPHYSICS
NRT X-RAY A/S Birkegardsvej 16 Hasselager Denmark,3,1,2023-04-27,2024-04-17,NRT X RAY A S BIRKEGARDSVEJ 16 HASSELAGER DENMARK
International Biophysics Corp,3,1,2005-04-22,2011-10-05,BIOPHYSICS
"Synovis Surgical Innovations, Inc.",3,1,2013-10-28,2015-05-02,SYNOVIS SURGICAL INNOVATIONS
Synovo Production,3,1,2023-05-30,2023-05-30,SYNOVO PRODUCTION
NOXBOX LTD,3,1,2023-07-19,2025-09-09,NOXBOX
"Mani, Inc. Kiyohara Facility Park 8-3 Kiyoharakogyodanchi; Kiyoharakogyodanchi; Kiyoharakogyodanchi Utsunomiya Japan",3,1,2020-10-27,2023-02-20,MANI KIYOHARA FACILITY PARK 8 3 KIYOHARAKOGYODANCHI KIYOHARAKOGYODANCHI KIYOHARAKOGYODANCHI UTSUNOMIYA JAPAN
Sysmex America Inc,3,1,2013-05-15,2017-03-23,SYSMEX AMERICA
TEM Systems Inc,3,1,2014-10-23,2016-09-13,TEM SYSTEMS
"TITAN SPINE, LLC",3,1,2012-10-19,2015-07-20,TITAN SPINE
TYRX Inc.,3,1,2016-06-29,2016-06-29,TYRX
Stihler Electronic Gmbh Julius-Holder-Str. 36 Stuttgart Germany,3,1,2018-09-06,2018-09-06,STIHLER ELECTRONIC JULIUS HOLDER STR 36 STUTTGART GERMANY
"Neusoft Medical Systems Co., Ltd. No. 177-1 Cuangxin Road Hunnan District Shenyang China",3,1,2018-10-22,2018-10-22,NEUSOFT MEDICAL SYSTEMS NO 177 1 CUANGXIN ROAD HUNNAN DISTRICT SHENYANG CHINA
"Savaria Concord Lifts, Inc.",3,1,2017-04-12,2017-04-12,SAVARIA CONCORD LIFTS
Skf USA Inc,3,1,2007-07-24,2007-07-24,SKF
"Scientia Vascular, Inc.",3,1,2023-02-01,2025-01-16,SCIENTIA VASCULAR
Sekisui Diagnostics Llc,3,2,2012-05-29,2012-10-24,SEKISUI DIAGNOSTICS
"Medikmark, Incorporated",3,1,2004-07-12,2004-07-12,MEDIKMARK
"Sharn, Inc.",3,1,2009-03-05,2009-03-05,SHARN
Normand-Info S.A.S.U. 7 rue Frederic Degeorge Arras CEDEX France,3,1,2019-08-15,2021-03-22,NORMAND INFO S A S U 7 RUE FREDERIC DEGEORGE ARRAS CEDEX FRANCE
Siemens AG/Siemens Healthcare GmbH Rittigfeld 1 Forchheim Germany,3,1,2024-06-26,2024-06-26,SIEMENS SIEMENS HEALTHCARE RITTIGFELD 1 FORCHHEIM GERMANY
"Siemens Medical Solutions USA, Inc., Mountain View, CA 
 1230 Shorebird Way
 P.O. Box 7393
 Mountain View CA 94043",3,1,2010-08-17,2010-08-17,SIEMENS MEDICAL SOLUTIONS MOUNTAIN VIEW CA 1230 SHOREBIRD WAY P O BOX 7393 MOUNTAIN VIEW CA 94043
Siemens Medical Systems Inc,3,1,2002-07-10,2002-11-27,SIEMENS MEDICAL SYSTEMS
Sigma-Aldrich Mfg LLC,3,1,2009-09-04,2009-12-08,SIGMA ALDRICH MFG
Signal Medical Corporation,3,1,2014-09-23,2017-02-20,SIGNAL MEDICAL
Sims Portex Inc.,3,1,2002-11-15,2002-11-15,SIMS PORTEX
"Smisson-Cartledge Biomedical, LLC",3,1,2021-02-18,2021-02-18,SMISSON CARTLEDGE BIOMEDICAL
"Sterilmed, Inc.",3,1,2018-09-17,2025-10-08,STERILMED
"Smith & Nephew Medical, Ltd.",3,1,2024-03-11,2024-10-02,SMITH AND NEPHEW MEDICAL
Sonendo Inc,3,1,2019-10-23,2022-10-14,SONENDO
"Nipro Diagnostics, Inc.",3,1,2013-02-25,2013-10-02,NIPRO DIAGNOSTICS
"Southmedic, Inc. 50 Alliance Blvd. Barrie Canada Ontario",3,1,2010-09-03,2010-09-03,SOUTHMEDIC 50 ALLIANCE BLVD BARRIE CANADA ONTARIO
Spectrum Designs Inc,3,1,2007-06-15,2007-07-24,SPECTRUM DESIGNS
"Stanbio Laboratory, Inc",3,1,2006-09-18,2006-09-18,STANBIO LABORATORY
Joerns Healthcare,3,1,2014-09-24,2018-05-03,JOERNS HEALTHCARE
"JK Products & Services, Inc",3,1,2005-07-08,2014-07-25,JK PRODUCTS AND SERVICES
JAS Diagnostics Inc.,3,1,2014-04-07,2017-04-21,JAS DIAGNOSTICS
Starion Instruments,3,1,2008-02-06,2010-03-09,STARION INSTRUMENTS
"StatSpin, Inc., dba Iris Sample Processing",3,1,2008-06-20,2010-08-18,STATSPIN IRIS SAMPLE PROCESSING
"Sentec AG Ringstrasse 39 Therwil, Baselland Switzerland",3,1,2012-07-09,2012-11-05,SENTEC RINGSTRASSE 39 THERWIL BASELLAND SWITZERLAND
"Lang Dental Mfg Co, Inc.",3,1,2004-06-07,2004-06-07,LANG DENTAL MFG
"Erbe Medical, LLC",3,1,2026-03-31,2026-03-31,ERBE MEDICAL
"Biocardia, Inc.",3,1,2014-02-07,2014-03-03,BIOCARDIA
Dental EZ Group Star Dental Division,3,1,2014-06-13,2024-05-30,DENTAL EZ STAR DENTAL DIVISION
"B Braun Medical, Inc",3,1,2010-07-20,2011-09-07,B BRAUN MEDICAL
B. Braun Medical Inc,3,1,2006-02-06,2010-06-24,B BRAUN MEDICAL
"BD Diagnostics (GeneOhm Sciences, Inc)",3,1,2008-07-21,2008-11-11,BD DIAGNOSTICS GENEOHM SCIENCES
BD Opthalmic Systems,3,1,2003-01-24,2006-02-28,BD OPTHALMIC SYSTEMS
"Del Mar Reynolds Medical, Ltd.",3,2,2015-03-05,2017-04-14,DEL MAR REYNOLDS MEDICAL
"Data Innovations, LLC",3,2,2014-08-15,2018-08-29,DATA INNOVATIONS
"DT MedTech, LLC",3,1,2018-09-25,2026-03-24,DT MEDTECH
Bayer Healthcare LLC,3,1,2007-06-06,2007-12-21,BAYER HEALTHCARE
DRG Instruments GmbH Frauenbergstr. 18 Marburg Germany,3,1,2016-07-14,2019-06-06,DRG INSTRUMENTS FRAUENBERGSTR 18 MARBURG GERMANY
"Beckman Coulter Ireland, Inc. Lismeehan O'Callaghan'S Mills Ireland",3,1,2025-04-23,2025-12-08,BECKMAN COULTER IRELAND LISMEEHAN O CALLAGHAN S MILLS IRELAND
"Beevers Manufacturing & Supply, Inc.",3,1,2007-01-18,2014-07-11,BEEVERS MANUFACTURING AND SUPPLY
DPC Cirrus,3,1,2003-06-13,2005-04-22,DPC CIRRUS
DNA Genotek Inc. 3000-500 Palladium Dr Kanata Canada,3,1,2020-06-24,2022-02-18,DNA GENOTEK 3000 500 PALLADIUM DR KANATA CANADA
"Beyond Laser Systems, LLC",3,1,2025-06-30,2025-06-30,BEYOND LASER SYSTEMS
"Binax, Inc.",3,1,2004-02-18,2004-02-18,BINAX
"BioDerm, Inc.",3,1,2011-05-31,2011-05-31,BIODERM
"Axis-Shield Diagnostics, Ltd. 17 Luna Place Dundee United Kingdom",3,1,2019-09-16,2019-09-16,AXIS SHIELD DIAGNOSTICS 17 LUNA PLACE DUNDEE UNITED KINGDOM
Atricure Inc,3,1,2013-01-14,2014-11-21,ATRICURE
"Arkray Factory USA, Inc.",3,1,2015-12-18,2019-05-03,ARKRAY FACTORY
"EHOB, Inc.",3,1,2020-01-19,2021-04-19,EHOB
"Guangzhou Wondfo Biotech Co., Ltd.",3,1,2018-05-18,2018-05-18,GUANGZHOU WONDFO BIOTECH
AliMed Corporation,3,1,2008-10-30,2010-02-12,ALIMED
Allen Medical Systems,3,1,2017-10-06,2018-02-21,ALLEN MEDICAL SYSTEMS
"Guangzhou Improve Medical Instruments Co., Ltd. NO.",3,1,2016-10-19,2017-09-22,GUANGZHOU IMPROVE MEDICAL INSTRUMENTS NO
"ETHICON, LLC",3,1,2023-08-10,2025-08-15,ETHICON
Altruan GmbH Morolding 6 Massing Germany,3,1,2025-12-19,2025-12-19,ALTRUAN MOROLDING 6 MASSING GERMANY
"FENG CHUN YUAN MEDICAL EQUIPMENT (SHENZHEN) CO., LTD No. 1304 Science And Technology Innovation Park, Shajing Dahong Shenzhen China",3,1,2024-06-26,2024-06-26,FENG CHUN YUAN MEDICAL EQUIPMENT SHENZHEN NO 1304 SCIENCE AND TECHNOLOGY INNOVATION PARK SHAJING DAHONG SHENZHEN CHINA
"E-Z-EM, Inc",3,1,2004-12-03,2004-12-03,E Z EM
"Arjohuntleigh Magog, Inc.",3,1,2020-10-06,2023-02-17,ARJOHUNTLEIGH MAGOG
"Dynex Technologies, Inc.",3,1,2004-06-11,2025-07-16,DYNEX TECHNOLOGIES
"Dutch Ophthalmic USA, Inc.",3,1,2019-05-21,2021-04-14,DUTCH OPHTHALMIC
Dunlee,3,1,2005-04-07,2005-04-07,DUNLEE
"Apheresis Technologies, Inc.",3,1,2009-04-01,2012-07-09,APHERESIS TECHNOLOGIES
"Dixtal Medical, Inc.",3,1,2009-05-13,2010-09-27,DIXTAL MEDICAL
Diagnostic Hybrids Inc,3,1,2009-01-21,2014-10-16,DIAGNOSTIC HYBRIDS
Arjohuntleigh Magog 2001 Rue Tanguay Magog Canada Quebec,3,1,2018-02-12,2018-12-19,ARJOHUNTLEIGH MAGOG 2001 RUE TANGUAY MAGOG CANADA QUEBEC
BioMed Laboratories,3,1,2010-08-16,2010-08-16,BIOMED LABORATORIES
Corin USA Limited,3,1,2016-01-29,2016-01-29,CORIN
Eastman Kodak Co,3,1,2004-02-20,2005-10-20,EASTMAN KODAK
Biofire Defense,3,1,2014-08-13,2025-07-10,BIOFIRE DEFENSE
Brius Technologies Inc.,3,1,2022-02-07,2022-02-07,BRIUS TECHNOLOGIES
Clarity Medical Systems Inc,3,1,2012-02-02,2014-03-07,CLARITY MEDICAL SYSTEMS
Busse Hospital Disposables,3,1,2004-04-13,2004-04-13,BUSSE HOSPITAL DISPOSABLES
C-RAD POSITIONING AB Bredgrand 18 Uppsala Sweden,3,1,2020-08-06,2025-10-09,C RAD POSITIONING BREDGRAND 18 UPPSALA SWEDEN
Fujinon Inc,3,1,2006-03-27,2013-07-31,FUJINON
CLINICAL LASERTHERMIA SYSTEMS AB Scheelevagen,3,1,2021-04-01,2021-04-01,CLINICAL LASERTHERMIA SYSTEMS SCHEELEVAGEN
Galemed Corporation 87 Wu-Jia Li-Gong 2nd Road I-Lan Taiwan,3,1,2019-05-30,2019-05-30,GALEMED 87 WU JIA LI GONG 2ND ROAD I LAN TAIWAN
"Chembio Diagnostics, Inc",3,1,2020-06-18,2020-06-18,CHEMBIO DIAGNOSTICS
"CORNEAT VISION, LTD. 4, Ha-Sheizaf Ra'Anana Israel",3,1,2024-10-16,2025-08-18,CORNEAT VISION 4 HA SHEIZAF RA ANANA ISRAEL
CP Medical Inc,3,1,2017-02-02,2019-10-18,CP MEDICAL
Chembio Diagnostic System Inc,3,1,2004-10-06,2005-12-16,CHEMBIO DIAGNOSTIC SYSTEM
Certified Safety Mfg Inc,3,1,2017-06-26,2022-04-05,CERTIFIED SAFETY MFG
"Capso Vision, Inc.",3,1,2019-07-03,2020-02-26,CAPSO VISION
GE Healthcare GmbH Oskar-Schlemmer-Str. 11 Munich Germany,3,1,2024-08-08,2025-11-03,GE HEALTHCARE OSKAR SCHLEMMER STR 11 MUNICH GERMANY
"Cardinal Health, Inc",3,1,2008-09-16,2009-01-06,CARDINAL HEALTH
Cayenne Medical Inc.,3,1,2010-04-28,2013-10-10,CAYENNE MEDICAL
Carl Zeiss Meditec AG Rudolf-Eber-Str. 11 Oberkochen Germany,3,1,2017-08-30,2026-06-01,CARL ZEISS MEDITEC RUDOLF EBER STR 11 OBERKOCHEN GERMANY
Brentwood Medical Technology Corp,3,1,2010-05-18,2010-05-18,BRENTWOOD MEDICAL TECHNOLOGY
"Braun, B Medical Inc",3,1,2003-04-14,2004-04-16,BRAUN B MEDICAL
Brasseler USA I Lp,3,2,2019-10-18,2024-01-11,BRASSELER I
"Genesis BPS, LLC.",3,1,2014-07-17,2014-07-17,GENESIS BPS
"Biologic Therapies, Inc",3,1,2015-01-23,2015-01-23,BIOLOGIC THERAPIES
"Cordis Neurovascular, Inc.",3,1,2001-10-19,2006-08-11,CORDIS NEUROVASCULAR
"Genico, Inc., dba Genicon",3,1,2008-05-08,2008-09-25,GENICO GENICON
Copan Italia Via Francesco Perotti 10,3,1,2025-05-02,2025-10-29,COPAN ITALIA VIA FRANCESCO PEROTTI 10
"Biomeme, Inc.",3,1,2020-10-23,2021-10-20,BIOMEME
Biomet Sports Medicine,3,1,2008-04-17,2008-04-24,BIOMET SPORTS MEDICINE
Bion Enterprises Ltd,3,1,2013-01-23,2013-01-23,BION ENTERPRISES
"Blue Belt Technologies, Inc",3,1,2023-09-07,2024-05-07,BLUE BELT TECHNOLOGIES
Gardner Denver Thomas Inc,3,1,2015-06-04,2015-06-04,GARDNER DENVER THOMAS
"Continental Medical Labs, Inc",3,1,2006-10-18,2010-12-06,CONTINENTAL MEDICAL LABS
"Bock, Otto, Orthopedic Ind, Inc Two Carlson",3,1,2006-08-10,2014-01-31,BOCK OTTO ORTHOPEDIC IND TWO CARLSON
Boehringer Laboratories Inc,3,1,2003-11-07,2004-05-19,BOEHRINGER LABORATORIES
"Boehringer Laboratories, Inc.",3,1,2005-08-01,2005-08-01,BOEHRINGER LABORATORIES
Coloplast Corp,3,1,2007-11-12,2007-11-12,COLOPLAST
"Clorox Healthcare Holdings, LLC (dba HealthLink)
 3611 Saint Johns Bluff Rd S Ste 1
 Suite 1
 Jacksonville FL 32224-2679",3,1,2013-03-18,2013-03-18,CLOROX HEALTHCARE HEALTHLINK 3611 SAINT JOHNS BLUFF RD S STE 1 SUITE 1 JACKSONVILLE FL 32224 2679
"Braemar Manufacturing, LLC",3,2,2020-01-22,2024-12-18,BRAEMAR MANUFACTURING
"Alcon Laboratories, Inc.",3,2,2003-07-21,2008-09-26,ALCON LABORATORIES
"CaridianBCT, Inc.",3,1,2010-06-01,2012-05-04,CARIDIANBCT
ASO LLC,3,1,2022-03-02,2023-03-23,ASO
Agfa Healthcare NV Septestraat 27 Mortsel Belgium,3,1,2018-08-03,2024-09-06,AGFA HEALTHCARE SEPTESTRAAT 27 MORTSEL BELGIUM
Advanced Bionics,3,1,2004-09-27,2004-09-27,ADVANCED BIONICS
Eizo Corporation 153 Shimokashiwano Hakusanshi Japan,3,1,2015-07-07,2015-07-07,EIZO 153 SHIMOKASHIWANO HAKUSANSHI JAPAN
"Esa Biosciences, Inc.",3,1,2005-05-19,2007-09-20,ESA BIOSCIENCES
Exelint International Co.,3,1,2009-12-23,2009-12-23,EXELINT
Advandx Inc,3,1,2012-09-14,2014-07-04,ADVANDX
"Ethicon, LLC",3,1,2024-12-20,2024-12-20,ETHICON
Envisiontec US Llc,3,1,2022-01-06,2022-01-20,ENVISIONTEC
"Enterix, Inc.",3,1,2008-10-03,2025-09-17,ENTERIX
"Advanced Photonic Systems, LLC",3,1,2014-05-06,2014-05-06,ADVANCED PHOTONIC SYSTEMS
A L I Technologies Ltd,3,1,2024-12-02,2024-12-02,A L I TECHNOLOGIES
Guidant Corporation ACS,3,1,2003-04-01,2003-07-15,GUIDANT ACS
Handicare AB Maskinvagen,3,1,2016-06-15,2020-08-21,HANDICARE MASKINVAGEN
"Haimen Shengbang Laboratory Equipment Co. Ltd.
 D, Sanhe
 No. 50 Xue Qian Road; Sanhezhen Haimen
 Nantong China",3,1,2022-07-12,2022-07-12,HAIMEN SHENGBANG LABORATORY EQUIPMENT D SANHE NO 50 XUE QIAN ROAD SANHEZHEN HAIMEN NANTONG CHINA
"Enpath Medical, Inc.",3,1,2004-02-26,2006-06-27,ENPATH MEDICAL
HF Acquisition Co LLC,3,1,2024-12-11,2026-04-13,HF ACQUISITION
Hamamatsu Corporation,3,1,2011-03-30,2023-06-06,HAMAMATSU
"Elcam Medical, Inc.",3,1,2015-07-19,2017-02-02,ELCAM MEDICAL
Erbe USA Inc,3,1,2026-02-12,2026-02-12,ERBE
AROA BIOSURGERY 2 Kingsford Smith Place Airport Oaks New Zealand,3,1,2018-11-27,2018-11-27,AROA BIOSURGERY 2 KINGSFORD SMITH PLACE AIRPORT OAKS NEW ZEALAND
HK Surgical Inc,3,1,2004-12-03,2004-12-03,HK SURGICAL
Advanced Medical Solutions Ltd. Unit A 33 Road One Winsford United Kingdom,3,1,2024-10-01,2024-10-01,ADVANCED MEDICAL SOLUTIONS UNIT A 33 ROAD ONE WINSFORD UNITED KINGDOM
Electro Medical Systems SA Chemin De La Vuarpilliere,3,1,2024-03-13,2024-03-13,ELECTRO MEDICAL SYSTEMS CHEMIN DE LA VUARPILLIERE
ARKRAY USA INC.,3,1,2007-10-18,2010-03-24,ARKRAY
Abeon Medical Corporation,3,1,2015-11-25,2015-11-25,ABEON MEDICAL
ARJOHUNTLEIGH POLSKA Sp. z.o.o. Ui. Ks. Piotra Wawrzyniaka 2 Komorniki Poland,3,1,2018-10-22,2020-07-21,ARJOHUNTLEIGH POLSKA SP Z O O UI KS PIOTRA WAWRZYNIAKA 2 KOMORNIKI POLAND
Handicare Usa Inc,3,1,2017-09-08,2017-11-03,HANDICARE
ADRIA SRL Via Modena 46 Societa Unipersonale San Giovanni In Persiceto Italy,3,1,2021-05-17,2021-05-17,ADRIA VIA MODENA 46 SOCIETA UNIPERSONALE SAN GIOVANNI IN PERSICETO ITALY
Oxford Immunotec,2,1,2020-07-16,2020-07-16,OXFORD IMMUNOTEC
Otto Bock Healthcare Product Brehmstrase 16 Vienna Austria,2,1,2017-09-12,2017-09-12,OTTO BOCK HEALTHCARE PRODUCT BREHMSTRASE 16 VIENNA AUSTRIA
PF Consumer Healthcare 1 LLC,2,1,2019-04-26,2019-04-26,PF CONSUMER HEALTHCARE 1
Claymount Assembli Anholtseweg 44 Dinxperlo Netherlands,2,1,2014-03-15,2014-03-15,CLAYMOUNT ASSEMBLI ANHOLTSEWEG 44 DINXPERLO NETHERLANDS
"PARAGON VISION SCIENCES, Inc",2,1,2023-06-26,2023-06-26,PARAGON VISION SCIENCES
Coapt LLC,2,1,2023-10-02,2023-10-02,COAPT
"Coherent, Inc.",2,1,2004-01-19,2004-03-30,COHERENT
"Enpath Medical, Inc",2,1,2006-07-18,2006-07-18,ENPATH MEDICAL
Osypka Medical Inc,2,1,2010-06-30,2010-06-30,OSYPKA MEDICAL
Coloplast Corp Skin Care Div,2,1,2007-02-14,2009-07-21,COLOPLAST SKIN CARE DIV
Mckesson Medical Imaging Group 10711 Cambie Rdsuite 130 Richmond Canada British Columbia,2,1,2012-05-29,2016-07-12,MCKESSON MEDICAL IMAGING 10711 CAMBIE RDSUITE 130 RICHMOND CANADA BRITISH COLUMBIA
Clerio Vision,2,1,2020-12-10,2021-02-16,CLERIO VISION
Mega Diagnostics,2,1,2006-09-20,2006-09-20,MEGA DIAGNOSTICS
Comet Technologies Usa Inc,2,1,2018-10-01,2018-10-01,COMET TECHNOLOGIES
"Ossur Americas, Inc.",2,1,2012-02-12,2012-10-15,OSSUR AMERICAS
"Ellman International, Inc.",2,1,2012-05-04,2016-09-07,ELLMAN
"Mediana Co., Ltd. 132 Donghwagongdan-Ro Munmag-Eup Wonju Korea (the Republic of)",2,1,2020-05-15,2021-05-17,MEDIANA 132 DONGHWAGONGDAN RO MUNMAG EUP WONJU KOREA REPUBLIC OF
"Organ Recovery Systems, Inc.",2,1,2016-12-14,2020-01-30,ORGAN RECOVERY SYSTEMS
"Medegen Medical Products, LLC",2,1,2003-04-30,2003-04-30,MEDEGEN MEDICAL PRODUCTS
Oridion Capnography Inc,2,1,2007-07-28,2007-07-28,ORIDION CAPNOGRAPHY
Emerson Radio Corp.,2,1,2003-04-09,2003-04-09,EMERSON RADIO
Meddev Corp,2,1,2024-07-12,2024-07-12,MEDDEV
Cook Women'S Health,2,1,2010-01-08,2010-01-08,COOK WOMEN S HEALTH
"Orthalign, Inc",2,1,2026-02-10,2026-02-10,ORTHALIGN
Cook Medical Llc,2,1,2020-12-16,2023-12-07,COOK MEDICAL
Empowered Diagnostics LLC,2,1,2021-12-22,2021-12-22,EMPOWERED DIAGNOSTICS
"Ortho Organizers, Inc.",2,1,2019-04-02,2019-04-02,ORTHO ORGANIZERS
Ortho Solutions Inc,2,1,2016-07-21,2017-04-19,ORTHO SOLUTIONS
"Ortho8, Inc.",2,1,2021-07-09,2021-07-09,ORTHO8
OrthoHelix Surgical Designs Inc,2,1,2006-08-03,2007-09-04,ORTHOHELIX SURGICAL DESIGNS
Convergent Dental,2,1,2013-09-12,2023-09-01,CONVERGENT DENTAL
Orthofix Srl Via Delle Nazioni 9 Bussolengo (Verona) Italy,2,1,2010-02-22,2010-02-22,ORTHOFIX VIA DELLE NAZIONI 9 BUSSOLENGO VERONA ITALY
"MedX Holdings, Inc.",2,1,2013-12-03,2013-12-03,MEDX
Med Tec Inc dba CIVCO Medical Solutions,2,1,2008-02-28,2008-02-28,MED TEC CIVCO MEDICAL SOLUTIONS
"Contamac Solutions, Inc.",2,1,2021-07-27,2025-05-15,CONTAMAC SOLUTIONS
Endogastric Solutions Inc,2,1,2013-02-04,2013-06-06,ENDOGASTRIC SOLUTIONS
Orthorebirth Co Ltd 3 Chome 17-43 Chigasakihigashi; Tsuzuki Yokohama Japan,2,1,2026-03-25,2026-03-25,ORTHOREBIRTH 3 CHOME 17 43 CHIGASAKIHIGASHI TSUZUKI YOKOHAMA JAPAN
Mechatronics USA,2,1,2023-04-14,2023-04-14,MECHATRONICS
Confirm Biosciences Inc,2,1,2021-01-29,2021-01-29,CONFIRM BIOSCIENCES
"Compumedics Usa, Ltd",2,1,2005-02-24,2005-02-24,COMPUMEDICS
"Endoplus, Inc.",2,1,2013-07-15,2013-07-15,ENDOPLUS
Papablic Inc,2,1,2026-05-21,2026-05-21,PAPABLIC
PROCEPT BIOROBOTICS CORPORATION,2,1,2019-03-06,2021-07-09,PROCEPT BIOROBOTICS
Epocal,2,1,2008-10-16,2013-03-13,EPOCAL
Cerner Corp,2,1,2007-08-23,2009-01-19,CERNER
"Cerapedics, Inc.",2,1,2022-04-14,2025-12-29,CERAPEDICS
"Philips And Neusoft Medical Systems Co., Ltd. Neusoft Park, Hun Nan Industrial Area Shenyang, Liaoning China",2,1,2007-12-17,2010-02-10,PHILIPS AND NEUSOFT MEDICAL SYSTEMS NEUSOFT PARK HUN NAN INDUSTRIAL AREA SHENYANG LIAONING CHINA
Maquet Cardiopulmonary Gmbh Kehler Str. 31 Rastatt Germany,2,1,2025-06-27,2026-01-09,MAQUET CARDIOPULMONARY KEHLER STR 31 RASTATT GERMANY
Celsion Corporation,2,1,2004-07-19,2006-05-04,CELSION
Cellestis Inc,2,1,2012-09-27,2012-09-27,CELLESTIS
"Philips Ultrasound, LLC",2,1,2022-07-14,2025-10-31,PHILIPS ULTRASOUND
Philips Visicu,2,1,2016-03-10,2017-03-02,PHILIPS VISICU
"PhotoMedex, Inc.",2,1,2013-01-04,2015-03-26,PHOTOMEDEX
Cellavision AB Forskningsbyn Ideon Scheelevagen 19a Lund Sweden,2,1,2017-12-04,2025-10-08,CELLAVISION FORSKNINGSBYN IDEON SCHEELEVAGEN 19A LUND SWEDEN
Physio-Control Inc,2,1,2019-02-01,2019-02-01,PHYSIO CONTROL
Peters Surgical 42 Rue Benoit Frachon Bobigny France,2,1,2014-06-25,2014-06-25,PETERS SURGICAL 42 RUE BENOIT FRACHON BOBIGNY FRANCE
Pinook-Usa,2,1,2013-05-23,2013-05-23,PINOOK
"Catheter Research, Inc",2,1,2006-04-24,2015-04-07,CATHETER RESEARCH
Pml Microbiologicals Inc.,2,1,2007-04-23,2007-08-17,PML MICROBIOLOGICALS
Catch Incorporated,2,1,2007-01-18,2011-06-27,CATCH
"Polymedco, Inc., Polymedco Cancer Diagnostic Products, Llc",2,1,2018-04-30,2018-04-30,POLYMEDCO POLYMEDCO CANCER DIAGNOSTIC PRODUCTS
"Carroll Healthcare Inc.
 1881 Huron St
 London Canada N6E1P5
 Ontario",2,1,2005-05-17,2005-05-17,CARROLL HEALTHCARE 1881 HURON ST LONDON CANADA N6E1P5 ONTARIO
Carolina Liquid Chemistries Corp,2,1,2020-01-20,2020-02-10,CAROLINA LIQUID CHEMISTRIES
"Polymer Technology Systems, Inc. dba PTS Diagnostics, Inc.",2,1,2022-08-16,2024-09-18,POLYMER TECHNOLOGY SYSTEMS PTS DIAGNOSTICS
Carolina Liquid Chemistries,2,1,2019-01-16,2019-01-16,CAROLINA LIQUID CHEMISTRIES
Praxair Distribution Inc.,2,1,2005-12-21,2005-12-21,PRAXAIR DISTRIBUTION
Maquet Cardiovascular,2,1,2009-05-19,2010-06-04,MAQUET CARDIOVASCULAR
"Ceterix Orthopedics, Inc.",2,1,2015-10-13,2018-05-16,CETERIX ORTHOPEDICS
"Clark Laboratories, Inc.",2,1,2021-03-17,2021-10-11,CLARK LABORATORIES
"PerMedics, Inc.",2,1,2010-03-23,2010-11-04,PERMEDICS
PTW-FREIBURG Lorracher Str. 7 Freiburg Im Breisgau Germany,2,1,2023-06-07,2024-02-08,PTW FREIBURG LORRACHER STR 7 FREIBURG IM BREISGAU GERMANY
Pall Corporation,2,1,2011-05-26,2014-06-04,PALL
Medical Compression Systems 2 Hallan St OR Aqiva Israel,2,1,2011-08-28,2011-08-28,MEDICAL COMPRESSION SYSTEMS 2 HALLAN ST OR AQIVA ISRAEL
Materialise N.V. 15 Technologielaan Heverlee Belgium,2,1,2015-02-04,2015-09-23,MATERIALISE N V 15 TECHNOLOGIELAAN HEVERLEE BELGIUM
"Paragon 28, Inc.",2,1,2017-12-19,2018-09-28,PARAGON 28
Maquet SAS Parc De Limere Avenue De La Pomme De Pin Orleans France,2,1,2018-04-19,2018-06-14,MAQUET SAS PARC DE LIMERE AVENUE DE LA POMME DE PIN ORLEANS FRANCE
Parker Medical,2,1,2016-06-02,2016-12-16,PARKER MEDICAL
"Pear Therapeutics, Inc.",2,1,2021-06-07,2021-06-07,PEAR THERAPEUTICS
Cholestech Corp,2,1,2006-08-03,2006-08-09,CHOLESTECH
Childrens Medical Ventures,2,1,2014-04-29,2014-05-28,CHILDRENS MEDICAL VENTURES
Eos Imaging Inc,2,1,2012-06-19,2015-02-17,EOS IMAGING
Permobile Inc.,2,1,2003-01-01,2003-03-07,PERMOBILE
"Epic Extremity, LLC",2,1,2018-03-20,2018-03-20,EPIC EXTREMITY
Perkin Elmer,2,1,2009-01-15,2009-01-15,PERKIN ELMER
Perkin Elmer Life and Analytical Sciences Inc,2,1,2004-01-09,2004-01-09,PERKIN ELMER LIFE AND ANALYTICAL SCIENCES
Checkpoint Surgical Inc,2,1,2025-02-24,2025-02-24,CHECKPOINT SURGICAL
PerkinElmer LIfe Sciences Inc,2,1,2002-05-16,2003-01-08,PERKINELMER LIFE SCIENCES
Chattanooga Corp.,2,1,2003-05-30,2003-05-30,CHATTANOOGA
"Channel Medsystems, Inc.",2,1,2024-05-03,2025-03-20,CHANNEL MEDSYSTEMS
"PerkinElmer, Inc",2,1,2016-06-24,2016-10-13,PERKINELMER
"Change Healthcare Israel Ltd. 26, Ha-Rokmim Holon Israel",2,1,2019-03-25,2019-03-25,CHANGE HEALTHCARE ISRAEL 26 HA ROKMIM HOLON ISRAEL
Permobil,2,1,2023-05-10,2023-05-10,PERMOBIL
Optimedica Corporation,2,1,2013-12-20,2015-02-20,OPTIMEDICA
Ellipse A/S Agern Alle 11 Horsholm Denmark,2,1,2016-05-05,2016-05-05,ELLIPSE A S AGERN ALLE 11 HORSHOLM DENMARK
Opti Medical Systems Inc,2,1,2007-07-18,2008-05-08,OPTI MEDICAL SYSTEMS
Monarch Medical Technologies,2,1,2019-05-03,2019-10-01,MONARCH MEDICAL TECHNOLOGIES
Medtronic Heart Valve Division,2,1,2008-03-25,2008-03-25,MEDTRONIC HEART VALVE DIVISION
"Microtek Medical, Inc.",2,2,2010-08-23,2025-04-13,MICROTEK MEDICAL
Midmark Corp dba Progeny Inc,2,1,2013-09-20,2014-09-04,MIDMARK PROGENY
"Miltex, Inc.",2,1,2007-04-09,2008-11-17,MILTEX
Minolta Corp,2,1,2003-11-14,2003-11-14,MINOLTA
Minxray Inc,2,1,2004-06-29,2004-06-29,MINXRAY
"Miramar Labs, Inc.",2,1,2011-04-24,2015-10-09,MIRAMAR LABS
Mivi Neuroscience Inc,2,1,2021-07-23,2021-07-23,MIVI NEUROSCIENCE
Medtronic CoreValve LLC,2,1,2020-01-14,2020-01-14,MEDTRONIC COREVALVE
Discus Dental LLC,2,2,2011-07-21,2014-10-24,DISCUS DENTAL
Moller Vital Hadelandsvegan 2,2,1,2013-02-15,2013-02-15,MOLLER VITAL HADELANDSVEGAN 2
"Mortara Instrument, Inc",2,1,2014-10-07,2015-05-29,MORTARA INSTRUMENT
Naviscan PET Systems,2,1,2007-08-01,2008-06-19,NAVISCAN PET SYSTEMS
Myco Medical Supplies Inc,2,1,2013-02-07,2015-11-06,MYCO MEDICAL SUPPLIES
Myoscience Inc,2,1,2013-06-21,2015-07-01,MYOSCIENCE
"NDDd Medical Technologies, Inc.",2,1,2017-08-15,2017-08-15,NDDD MEDICAL TECHNOLOGIES
NERL Diagnostics Corporation,2,1,2010-01-15,2010-01-15,NERL DIAGNOSTICS
Eizo Corporation Eizo Kabu Hakusan Japan,2,1,2019-07-30,2019-07-30,EIZO EIZO KABU HAKUSAN JAPAN
"Dharma Research, Inc.",2,1,2014-09-29,2014-09-29,DHARMA RESEARCH
"Elana, Inc.",2,1,2013-02-14,2016-11-09,ELANA
"Nanotherapeutics, Inc",2,1,2011-03-10,2011-03-10,NANOTHERAPEUTICS
National Distribution & Contracting Inc,2,1,2021-08-24,2021-08-24,NATIONAL DISTRIBUTION AND CONTRACTING
Natus Medical Incorporated 2568 Bristol Circle Oakville Canada Ontario,2,1,2015-01-02,2015-01-02,NATUS MEDICAL 2568 BRISTOL CIRCLE OAKVILLE CANADA ONTARIO
"Dentsply IH, Inc.",2,1,2025-07-24,2025-07-24,DENTSPLY IH
Dynavox Systems Llc,2,1,2017-12-14,2017-12-14,DYNAVOX SYSTEMS
Microport Orthopedics INC.,2,1,2014-04-30,2015-02-02,MICROPORT ORTHOPEDICS
"Efoora, Inc. dba Virotek, L.L.C.",2,1,2005-05-05,2005-05-05,EFOORA VIROTEK L L C
Medtronic Minimally Invasive Therapies Group,2,1,2017-10-14,2017-10-24,MEDTRONIC MINIMALLY INVASIVE THERAPIES
Eagle Parts and Products,2,1,2006-07-11,2006-07-11,EAGLE PARTS AND PRODUCTS
"Echopixel, Inc.",2,1,2016-04-11,2018-02-21,ECHOPIXEL
Menarini Silicon Biosystems,2,1,2018-04-04,2022-05-20,MENARINI SILICON BIOSYSTEMS
Edermy LLC,2,1,2026-01-14,2026-01-14,EDERMY
Medtronic Powered Surgical Solutions,2,1,2005-06-29,2008-05-30,MEDTRONIC POWERED SURGICAL SOLUTIONS
"Mercedes Medical, Inc.",2,1,2021-06-10,2021-06-10,MERCEDES MEDICAL
"Edwards Lifesciences AG Parque Industrial Itabo Km. 18.5 Carr. Sanchez Haina, San Cristobal Dominican Republic",2,1,2003-11-20,2008-03-14,EDWARDS LIFESCIENCES PARQUE INDUSTRIAL ITABO KM 18 5 CARR SANCHEZ HAINA SAN CRISTOBAL DOMINICAN REPUBLIC
EUROTROL INC,2,1,2018-10-18,2018-10-18,EUROTROL
Edwards Lifesciences Corporation of Puerto Rico,2,1,2003-10-08,2006-11-02,EDWARDS LIFESCIENCES OF PUERTO RICO
ESAOTE S.P.A Via Enrico Melen,2,1,2020-09-08,2020-09-08,ESAOTE S P A VIA ENRICO MELEN
ENDOMAGNETICS LTD St. Johns Innovation Park Cowley Road Cambridge United Kingdom,2,1,2025-10-01,2025-10-01,ENDOMAGNETICS ST JOHNS INNOVATION PARK COWLEY ROAD CAMBRIDGE UNITED KINGDOM
Mesa Laboratories Bozeman Manufacturing Facility,2,1,2018-02-12,2018-02-12,MESA LABORATORIES BOZEMAN MANUFACTURING FACILITY
"Mesa Laboratories, Inc.",2,1,2013-09-13,2017-05-12,MESA LABORATORIES
"Mesa Laboratories, Inc., Bozeman Manufacturing Facility",2,1,2013-06-04,2013-06-04,MESA LABORATORIES BOZEMAN MANUFACTURING FACILITY
EMD Millipore Corporation,2,1,2023-10-17,2024-01-26,EMD MILLIPORE
Miach Orthopaedics,2,1,2023-02-02,2025-12-31,MIACH ORTHOPAEDICS
"Medtronic Navigation, Inc.-Boxborough",2,1,2025-05-27,2026-05-19,MEDTRONIC NAVIGATION BOXBOROUGH
Micro Therapeutics Inc,2,1,2021-07-13,2021-07-13,MICRO THERAPEUTICS
ELEKTA SOLUTIONS AB,2,1,2021-09-28,2025-09-17,ELEKTA SOLUTIONS
MicroSurgical Technology Inc,2,1,2024-09-17,2025-08-20,MICROSURGICAL TECHNOLOGY
Microaire Surgical Instruments,2,1,2003-09-23,2003-09-23,MICROAIRE SURGICAL INSTRUMENTS
ECOLAB INC,2,1,2017-11-22,2017-11-22,ECOLAB
"EBI Patient Care, Inc.",2,1,2017-04-20,2017-04-20,EBI PATIENT CARE
Medtox Diagnostics Inc,2,1,2008-02-08,2013-04-05,MEDTOX DIAGNOSTICS
Nellcor Puritan Bennett Inc,2,1,2004-12-16,2004-12-17,NELLCOR PURITAN BENNETT
Opgen Inc,2,1,2018-05-14,2019-03-18,OPGEN
Cygnus LLC,2,1,2005-02-04,2005-09-08,CYGNUS
Medical Plastics Devices Inc,2,0,2006-10-13,2006-10-13,MEDICAL PLASTICS DEVICES
"Medical Information Technology, Inc. Meditech Circle",2,1,2012-03-30,2013-05-07,MEDICAL INFORMATION TECHNOLOGY MEDITECH CIRCLE
"Novadaq Technologies, Inc.
 13155 Delf Place
 Richmond Canada British Columbia",2,1,2014-11-04,2014-11-04,NOVADAQ TECHNOLOGIES 13155 DELF PLACE RICHMOND CANADA BRITISH COLUMBIA
"Novocol, Inc.",2,1,2014-07-16,2014-07-16,NOVOCOL
Novomedicus Llc,2,1,2011-06-22,2011-06-22,NOVOMEDICUS
Ellex USA,2,0,2007-06-13,2007-06-13,ELLEX
Nucletron BV Waardgelder 1 POBox 930 Veenendaal Netherlands,2,1,2017-08-10,2019-11-18,NUCLETRON WAARDGELDER 1 POBOX 930 VEENENDAAL NETHERLANDS
"Cytrellis Biosystems, Inc.",2,1,2023-04-07,2023-06-23,CYTRELLIS BIOSYSTEMS
Nuvectra,2,1,2016-04-06,2016-10-11,NUVECTRA
NxStage Medical Inc,2,1,2024-05-14,2025-04-28,NXSTAGE MEDICAL
Medical Industries America Inc,2,1,2004-09-03,2004-09-07,MEDICAL INDUSTRIES AMERICA
Cure Medical LLC,2,1,2012-09-19,2014-11-11,CURE MEDICAL
Dental EZ Stardental Division,2,1,2010-08-11,2013-05-28,DENTAL EZ STARDENTAL DIVISION
Cti Pet Systems Inc,2,1,2003-03-04,2003-10-02,CTI PET SYSTEMS
Ogenix Corporation,2,1,2006-03-24,2012-04-16,OGENIX
"Craftmatic Industries, Inc.",2,1,2017-03-24,2017-03-24,CRAFTMATIC INDUSTRIES
"Ohmeda Medical, A division of Datex-Ohmeda, Inc.",2,1,2003-06-13,2005-04-25,OHMEDA MEDICAL A DIVISION OF DATEX OHMEDA
"Cosmedent, Inc.",2,1,2017-09-28,2023-07-20,COSMEDENT
"Ellex iScience, Inc.",2,1,2014-08-06,2018-01-11,ELLEX ISCIENCE
Olympus America Inc. Two,2,1,2003-03-05,2003-08-19,OLYMPUS AMERICA TWO
Eatonform Inc,2,1,2006-08-02,2006-09-28,EATONFORM
"Omnicell, Inc.",2,1,2025-02-20,2026-03-25,OMNICELL
"Omron Healthcare, Inc.",2,1,2004-11-02,2005-10-25,OMRON HEALTHCARE
"On-X Life Technologies, Inc.",2,1,2016-12-13,2026-02-01,ON X LIFE TECHNOLOGIES
Northern Digital Inc. 103 Randall Drive Waterloo Canada Ontario,2,1,2015-05-20,2015-06-10,NORTHERN DIGITAL 103 RANDALL DRIVE WATERLOO CANADA ONTARIO
Elite Biomedical Solutions LLC,2,1,2015-06-03,2015-06-03,ELITE BIOMEDICAL SOLUTIONS
Elekta Limited Fleming Way Crawley United Kingdom,2,1,2017-11-20,2017-11-20,ELEKTA FLEMING WAY CRAWLEY UNITED KINGDOM
"Northeast Laboratory Services, Inc.",2,1,2015-12-21,2015-12-21,NORTHEAST LABORATORY SERVICES
Medstone International Inc,2,1,2003-08-11,2004-06-11,MEDSTONE
"NeoCoil, LLC",2,1,2015-12-18,2016-06-17,NEOCOIL
"Medshape, INC.",2,1,2021-11-17,2025-06-02,MEDSHAPE
Medrobotics Corporation,2,1,2019-01-25,2019-01-25,MEDROBOTICS
Neoprobe Corp,2,1,2004-12-13,2004-12-13,NEOPROBE
Neotract Inc,2,1,2018-07-06,2022-06-24,NEOTRACT
"Delfi Medical Innovations, Inc.",2,1,2019-04-03,2019-04-03,DELFI MEDICAL INNOVATIONS
"Del Medical, Inc.",2,1,2015-12-03,2015-12-03,DEL MEDICAL
Medivance Inc.,2,1,2024-02-16,2024-06-27,MEDIVANCE
"Precept Medical Products, Inc.",2,1,2007-09-14,2007-09-14,PRECEPT MEDICAL PRODUCTS
Deerfield Imaging,2,1,2016-02-10,2017-08-14,DEERFIELD IMAGING
New Medical Technologies Gmbh Wankdorffeldstrasse,2,1,2024-12-19,2024-12-19,NEW MEDICAL TECHNOLOGIES WANKDORFFELDSTRASSE
Nexstim PLC Elimaenkatu 9B Helsinki Finland,2,1,2017-03-14,2017-03-14,NEXSTIM ELIMAENKATU 9B HELSINKI FINLAND
DeRoyal Lafollette,2,1,2007-07-03,2007-07-03,DEROYAL LAFOLLETTE
Nidek Inc.,2,1,2017-12-20,2018-06-14,NIDEK
Medisystems a NX Stage Company,2,1,2012-12-20,2012-12-20,MEDISYSTEMS A NX STAGE
"Nipro Renal Soultions USA, Corporation",2,1,2024-11-22,2025-04-11,NIPRO RENAL SOULTIONS
Nobel Biocare Vastra Hamngatan 1 Goteborg Sweden,2,1,2022-07-25,2025-01-10,NOBEL BIOCARE VASTRA HAMNGATAN 1 GOTEBORG SWEDEN
"Non-Invasive Monitoring Systems, Inc.",2,1,2012-05-07,2012-05-07,NON INVASIVE MONITORING SYSTEMS
Medistim Asa Okernveien,2,1,2017-04-25,2025-09-26,MEDISTIM ASA OKERNVEIEN
DRG International Inc,2,1,2009-11-09,2009-11-09,DRG
Medimaps Group Fongit Chemin des Aulx 18 Plan-les-Ouates Switzerland,2,1,2016-10-03,2025-02-03,MEDIMAPS FONGIT CHEMIN DES AULX 18 PLAN LES OUATES SWITZERLAND
North Coast Medical Inc 8100 Camino Arroyo,2,1,2011-07-11,2012-03-20,NORTH COAST MEDICAL 8100 CAMINO ARROYO
Defibtech LLC,2,1,2010-05-21,2010-05-21,DEFIBTECH
Christie Medical Holding Inc,2,1,2012-03-14,2012-03-14,CHRISTIE MEDICAL
"Caridian BCT, Incorporated",2,1,2010-12-09,2011-09-21,CARIDIAN BCT
Anthogyr 2237 Avenue Andre Lasquin Sallanches France,2,1,2016-06-20,2016-06-20,ANTHOGYR 2237 AVENUE ANDRE LASQUIN SALLANCHES FRANCE
Thermedx LLC,2,1,2014-02-10,2014-09-01,THERMEDX
"Thermo Biostar, Incorporated",2,1,2003-02-07,2003-02-07,THERMO BIOSTAR
Thommen Medical AG Eschenweg 3 Bettlach Switzerland,2,1,2019-04-03,2024-01-24,THOMMEN MEDICAL ESCHENWEG 3 BETTLACH SWITZERLAND
"Anchor Products Company, Inc.",2,1,2010-12-09,2010-12-09,ANCHOR PRODUCTS
Thornhill Research Inc,2,1,2015-11-19,2015-11-19,THORNHILL RESEARCH
"Tobii Assistive Technology, Inc.",2,1,2011-05-31,2013-01-14,TOBII ASSISTIVE TECHNOLOGY
Amsino Medical USA,2,1,2012-08-15,2012-08-15,AMSINO MEDICAL
"Topcon Medical Laser Systems, Inc",2,1,2012-03-27,2016-07-15,TOPCON MEDICAL LASER SYSTEMS
Tornier S.A.S. 161 Rue Lavoisier Montbonnot St Martin France,2,1,2021-06-25,2024-04-16,TORNIER S A S 161 RUE LAVOISIER MONTBONNOT ST MARTIN FRANCE
"American Diagnostica, Inc.",2,1,2007-02-28,2010-03-05,AMERICAN DIAGNOSTICA
Total Resources Intl,2,1,2022-03-11,2022-03-11,TOTAL RESOURCES
Trackx Technology Inc,2,1,2022-10-24,2024-09-03,TRACKX TECHNOLOGY
Ameditech Inc 10340 Camino Santa Fe,2,1,2011-04-26,2011-06-07,AMEDITECH 10340 CAMINO SANTA FE
"Ameda, Inc.",2,1,2015-02-12,2015-02-12,AMEDA
"Transonic Systems Inc
 34 Dutch Mill Rd
 Warren Road Business Park
 Ithaca NY 14850-9785",2,1,2013-03-28,2015-02-17,TRANSONIC SYSTEMS 34 DUTCH MILL RD WARREN ROAD BUSINESS PARK ITHACA NY 14850 9785
"Amd-Ritmed, Inc.",2,1,2016-03-30,2016-06-08,AMD RITMED
"Altimate Medical, Inc.",2,1,2022-10-04,2022-11-30,ALTIMATE MEDICAL
Trinity Biotech USA,2,1,2004-10-27,2025-07-22,TRINITY BIOTECH
"Tung Keng Enterprise Co., Ltd.
 No.1, Lane 160, Section 2,
 Tan-Fu Road
 Tai-Tzu Hsiang, Taichung County Taiwan",2,1,2005-11-01,2005-11-01,TUNG KENG ENTERPRISE NO 1 LANE 160 SECTION 2 TAN FU ROAD TAI TZU HSIANG TAICHUNG COUNTY TAIWAN
"Allison Medical, Inc.",2,1,2018-01-19,2020-09-03,ALLISON MEDICAL
"Turncare, Inc",2,1,2023-08-10,2023-11-01,TURNCARE
Allergan Medical Optics Inc,2,1,2003-07-02,2004-03-29,ALLERGAN MEDICAL OPTICS
Allergan,2,1,2010-09-16,2011-03-21,ALLERGAN
Allen Medical Systems One Post Office Square,2,0,2004-07-12,2005-03-04,ALLEN MEDICAL SYSTEMS ONE POST OFFICE SQUARE
"Alere Scarborough, Inc. dba Binax, Inc.",2,1,2015-04-22,2015-06-26,ALERE SCARBOROUGH BINAX
Unomedical A/S Osted Aholmvej 1,2,1,2024-03-05,2024-07-23,UNOMEDICAL A S OSTED AHOLMVEJ 1
Uromedica Inc.,2,1,2019-04-10,2021-11-22,UROMEDICA
Ansell Healthcare Inc,2,1,2002-11-25,2002-11-25,ANSELL HEALTHCARE
Theken Spine Llc,2,1,2010-07-29,2010-08-26,THEKEN SPINE
Pride Mobility Product Corp,2,0,2004-07-01,2004-07-01,PRIDE MOBILITY PRODUCT
The Straumann Company,2,1,2004-05-21,2004-11-11,STRAUMANN
Suros Surgical Systems Inc.,2,1,2006-05-25,2006-12-15,SUROS SURGICAL SYSTEMS
Swissray Medical Hohenrainstrasse 61 Hochdorf Switzerland,2,1,2016-08-09,2016-11-18,SWISSRAY MEDICAL HOHENRAINSTRASSE 61 HOCHDORF SWITZERLAND
SynCardia Systems LLC,2,1,2022-11-02,2023-08-01,SYNCARDIA SYSTEMS
Synapse Biomedical Inc,2,1,2022-05-31,2022-07-11,SYNAPSE BIOMEDICAL
"B & K Medical Systems, Inc.",2,1,2006-03-16,2008-01-24,B AND K MEDICAL SYSTEMS
"Azer Scientific, Inc.",2,1,2016-08-24,2016-08-24,AZER SCIENTIFIC
"Avitus Orthopaedics, Inc.",2,1,2019-02-18,2019-02-18,AVITUS ORTHOPAEDICS
"System 02 Inc
 1090 Upper Hembree Rd
 Roswell GA 300761140",2,1,2003-05-01,2003-05-01,SYSTEM 02 1090 UPPER HEMBREE RD ROSWELL GA 300761140
"Auris Health, Inc",2,2,2025-10-18,2026-01-21,AURIS HEALTH
"Atlas Spine, Inc.",2,1,2009-06-04,2013-07-26,ATLAS SPINE
Athena Medical Products Inc,2,1,2021-08-20,2021-08-20,ATHENA MEDICAL PRODUCTS
Talladium Inc,2,1,2020-08-06,2020-10-09,TALLADIUM
"Tearscience, Inc",2,1,2016-09-13,2017-01-30,TEARSCIENCE
"Tekia, Inc.",2,1,2015-09-29,2018-11-09,TEKIA
"Teleflex Medical, Inc.",2,1,2004-05-13,2004-05-13,TELEFLEX MEDICAL
Tenacore LLC,2,1,2021-02-25,2021-02-25,TENACORE
Aribex Inc,2,1,2016-07-18,2016-07-18,ARIBEX
Argo Medical Technologies Ltd Matambuilding 30p.O.Box,2,1,2017-08-14,2020-02-28,ARGO MEDICAL TECHNOLOGIES MATAMBUILDING 30P O BOX
"Terang Nusa Sdn Bhd 1, Jalan 8, Pengkalan Chepa 2, Ind Zone Kota Bharu Malaysia",2,1,2006-05-23,2006-12-18,TERANG NUSA SDN BHD 1 JALAN 8 PENGKALAN CHEPA 2 IND ZONE KOTA BHARU MALAYSIA
Arcoma AB Annavagen,2,1,2021-05-05,2021-05-05,ARCOMA ANNAVAGEN
Arcadia Medical Corporation,2,1,2011-05-08,2012-04-18,ARCADIA MEDICAL
Aquila Corporation,2,1,2023-07-06,2023-07-06,AQUILA
Thayer Medical Corporation,2,1,2012-06-06,2016-09-29,THAYER MEDICAL
App Pharmaceuticals Llc,2,1,2010-05-20,2010-05-20,APP PHARMACEUTICALS
"Apothecary Products, LLC",2,1,2023-03-30,2023-03-30,APOTHECARY PRODUCTS
Apollo Endosurgery Inc,2,1,2014-08-15,2017-11-22,APOLLO ENDOSURGERY
The Raymond Corporation S Canal,2,1,2011-11-28,2011-11-28,RAYMOND S CANAL
Uvlizer c/o RAIS INTERNATIONAL LLC,2,1,2026-03-06,2026-03-06,UVLIZER C O RAIS
VBM Medical Inc.,2,1,2011-05-09,2011-05-09,VBM MEDICAL
VIBE Technologies,2,1,2008-10-01,2008-10-01,VIBE TECHNOLOGIES
"Akita Sumitomo Bakelite Co., Ltd. 27-4, Aza Nakajimita Akita Japan",2,1,2016-09-09,2016-09-09,AKITA SUMITOMO BAKELITE 27 4 AZA NAKAJIMITA AKITA JAPAN
"Waismed Ltd. 11, Galgalei Ha-Plada Pob 12135 Herzliya Israel",2,1,2025-06-05,2025-06-05,WAISMED 11 GALGALEI HA PLADA POB 12135 HERZLIYA ISRAEL
"Wako Chemicals USA, Inc.",2,1,2007-03-30,2012-01-30,WAKO CHEMICALS
"AccessClosure, Inc., A Cardinal Health Company",2,1,2016-07-13,2016-10-06,ACCESSCLOSURE A CARDINAL HEALTH
Accelerated Care Plus Corporation,2,1,2013-06-12,2021-08-25,ACCELERATED CARE PLUS
"Water Pik, Inc.",2,1,2012-04-03,2018-07-02,WATER PIK
"Abbott Vascular, Inc.",2,2,2007-01-31,2013-11-25,ABBOTT VASCULAR
Abbott GmbH Max-Planck-Ring 2 Wiesbaden Germany,2,1,2024-03-04,2024-03-04,ABBOTT MAX PLANCK RING 2 WIESBADEN GERMANY
"Aaron Medical Industries, Inc.",2,1,2004-06-29,2004-06-29,AARON MEDICAL INDUSTRIES
Won Industry Co. 7-12 Bangadari-Gil Siheung-si Korea (the Republic of),2,1,2017-01-13,2017-01-13,WON INDUSTRY 7 12 BANGADARI GIL SIHEUNG SI KOREA REPUBLIC OF
Woodside Acquisitions Inc.,2,1,2022-04-09,2022-04-09,WOODSIDE ACQUISITIONS
AZIYO BIOLOGICS,2,1,2019-08-21,2019-08-21,AZIYO BIOLOGICS
"ATS Medical, Inc.",2,1,2004-02-18,2006-05-05,ATS MEDICAL
"Xcision Medical Systems, LLC",2,1,2019-07-03,2023-11-30,XCISION MEDICAL SYSTEMS
Xintec Corp,2,1,2017-06-23,2017-10-29,XINTEC
Xiros Plc 28-30 Blenheim Terrace Leeds United Kingdom,2,1,2006-05-17,2006-05-17,XIROS 28 30 BLENHEIM TERRACE LEEDS UNITED KINGDOM
YAMAHA MOTOR CORPORATION,2,1,2024-04-17,2024-04-17,YAMAHA MOTOR
ARJOHUNTLEIGH POLSKA Sp. z.o.o. UI. KS. PIOTRA WAWRZYNIAKA 2 KOMORNIKI Poland,2,1,2014-07-28,2016-06-29,ARJOHUNTLEIGH POLSKA SP Z O O UI KS PIOTRA WAWRZYNIAKA 2 KOMORNIKI POLAND
"ZYTO Technologies, Inc.",2,1,2015-11-23,2015-11-23,ZYTO TECHNOLOGIES
Zap Surgical Systems,2,1,2022-07-05,2025-07-25,ZAP SURGICAL SYSTEMS
Zest Anchors LLC,2,1,2014-01-16,2019-11-22,ZEST ANCHORS
AMD Medicom Inc.,2,1,2019-10-11,2019-10-11,AMD MEDICOM
Ziemer Usa Inc,2,1,2013-04-16,2014-12-18,ZIEMER
AESDEX,2,1,2018-04-02,2018-04-02,AESDEX
A M Systems Inc,2,1,2010-03-31,2018-08-10,A M SYSTEMS
"A & E Industries, Ltd. Shenghui, South Road, Nantou Town, Zhong Shan City Guangdong China",2,1,2006-06-30,2006-06-30,A AND E INDUSTRIES SHENGHUI SOUTH ROAD NANTOU TOWN ZHONG SHAN CITY GUANGDONG CHINA
Zymed Laboratories Inc.,2,1,2004-04-06,2004-04-06,ZYMED LABORATORIES
"3B Medical, Inc.
 5475 Rings Rd Ste 550
 Dublin OH 43017-7537",2,1,2023-06-15,2026-02-04,3B MEDICAL 5475 RINGS RD STE 550 DUBLIN OH 43017 7537
WOM World Of Medicine AG Alte Poststr. 11 Ludwigsstadt Germany,2,1,2023-07-17,2024-05-24,WOM WORLD OF MEDICINE ALTE POSTSTR 11 LUDWIGSSTADT GERMANY
"WINGDERM ELECTRO-OPTICS LTD. Room 312 Building D-3, Dongsheng Science Park, No.66 Of Xixiaokou Road, Haidian District Beijing China",2,1,2024-08-23,2024-08-23,WINGDERM ELECTRO OPTICS ROOM 312 BUILDING D 3 DONGSHENG SCIENCE PARK NO 66 OF XIXIAOKOU ROAD HAIDIAN DISTRICT BEIJING CHINA
"WHILL, INC. 2 Chome 1-11 Higashishinagawa Shinagawa Japan",2,1,2025-12-29,2025-12-29,WHILL 2 CHOME 1 11 HIGASHISHINAGAWA SHINAGAWA JAPAN
"Visicu, Inc.",2,1,2012-02-22,2015-03-27,VISICU
"Valeris Medical, LLC",2,1,2018-01-22,2018-07-16,VALERIS MEDICAL
"Valleylab, Inc",2,1,2003-07-16,2003-07-16,VALLEYLAB
Airgas Puritan Medical Puritan Medical Unit,2,0,2009-08-06,2009-08-06,AIRGAS PURITAN MEDICAL PURITAN MEDICAL UNIT
"Ventana Medical Systems, Inc.",2,1,2022-11-18,2024-06-27,VENTANA MEDICAL SYSTEMS
Ventlab LLC,2,1,2014-05-16,2016-03-15,VENTLAB
"Ventus Medical, Inc.",2,1,2009-12-03,2012-02-03,VENTUS MEDICAL
"Viasys Respiratory Care, Inc.",2,1,2006-10-20,2006-10-20,VIASYS RESPIRATORY CARE
Aesculap AG Am Aesculap-Platz 1 Tuttlingen Germany,2,1,2025-08-18,2025-08-18,AESCULAP AM AESCULAP PLATZ 1 TUTTLINGEN GERMANY
Vidacare Corporation,2,1,2014-03-31,2015-05-12,VIDACARE
Aerolase Corporation,2,1,2019-08-01,2019-08-01,AEROLASE
"Virtual Imaging, Inc.",2,2,2014-09-22,2018-11-02,VIRTUAL IMAGING
"Visgeneer, Inc.
 No. 335 Zhong Hua Rd., Sec. 6
 Xiangshan Dist.
 Hsinchu City Taiwan",2,1,2023-10-04,2023-10-04,VISGENEER NO 335 ZHONG HUA RD SEC 6 XIANGSHAN DIST HSINCHU CITY TAIWAN
Vision RT Ltd Dove House Arcadia Avenue London United Kingdom,2,1,2018-08-24,2025-08-27,VISION RT DOVE HOUSE ARCADIA AVENUE LONDON UNITED KINGDOM
"W L Gore & Assoc, Inc.",2,1,2006-04-28,2006-04-28,W L GORE AND ASSOC
"Vision RT Ltd Dove House, Arcadia Avenue London United Kingdom",2,1,2016-06-30,2016-06-30,VISION RT DOVE HOUSE ARCADIA AVENUE LONDON UNITED KINGDOM
Vision Rt Inc,2,1,2014-10-15,2014-11-11,VISION RT
"Vision-Sciences, Inc.",2,1,2011-12-27,2011-12-27,VISION SCIENCES
Vistakon,2,1,2009-04-20,2010-07-16,VISTAKON
Advanced Medical Solutions Ltd. Premier,2,1,2015-01-15,2015-01-15,ADVANCED MEDICAL SOLUTIONS PREMIER
"Advanced Instruments, LLC",2,1,2018-02-07,2024-03-11,ADVANCED INSTRUMENTS
Advanced Bionics Corporation,2,1,2004-07-27,2004-11-11,ADVANCED BIONICS
"Advanced Back Technologies, Inc.",2,1,2015-05-13,2015-05-13,ADVANCED BACK TECHNOLOGIES
"Vortran Medical Technology 1, Inc",2,1,2017-04-20,2017-04-20,VORTRAN MEDICAL TECHNOLOGY 1
"Acuity Surgical Devices, LLC",2,1,2019-01-07,2019-01-07,ACUITY SURGICAL DEVICES
"Activbody, Inc.",2,1,2021-11-30,2021-11-30,ACTIVBODY
Vygon US LLC,2,1,2003-09-09,2003-09-09,VYGON
BERLIN HEART GMBH Wiesenweg 10 Berlin Germany,2,1,2018-05-18,2026-04-24,BERLIN HEART WIESENWEG 10 BERLIN GERMANY
Surgical Appliance Industries,2,1,2011-10-07,2011-10-07,SURGICAL APPLIANCE INDUSTRIES
"SuperDimension, Inc.",2,1,2006-11-29,2006-11-29,SUPERDIMENSION
"Schiller, Ag Altgasse 68 Baar Switzerland",2,1,2024-07-24,2025-08-08,SCHILLER ALTGASSE 68 BAAR SWITZERLAND
Rayner Intraocular Lenses Limited The Ridley Innovation Centre 10 Dominion Way Worthing United Kingdom,2,1,2018-08-09,2020-03-17,RAYNER INTRAOCULAR LENSES RIDLEY INNOVATION CENTRE 10 DOMINION WAY WORTHING UNITED KINGDOM
ReCor Medical Inc.,2,1,2026-01-29,2026-01-29,RECOR MEDICAL
Cadence Inc.,2,1,2015-07-09,2015-07-09,CADENCE
"CTS, Inc. dba Guidant Cardiac Surgery",2,1,2008-09-09,2009-02-05,CTS GUIDANT CARDIAC SURGERY
CTI PET Systems Inc,2,1,2004-05-27,2005-04-05,CTI PET SYSTEMS
"Remington Medical, Inc.",2,1,2022-12-02,2023-11-03,REMINGTON MEDICAL
"CORENTEC CO., LTD 12 Yeongsanhong1-Gil; Seobuk Cheonan Korea (the Republic of)",2,1,2024-03-29,2024-03-29,CORENTEC 12 YEONGSANHONG1 GIL SEOBUK CHEONAN KOREA REPUBLIC OF
COLLINS AEROSPACE,2,1,2019-01-29,2019-01-29,COLLINS AEROSPACE
Reshape Medical Inc 100 Calle Iglesia San,2,1,2016-05-04,2016-10-14,RESHAPE MEDICAL 100 CALLE IGLESIA SAN
Resonance Technology Inc,2,1,2007-05-14,2007-05-14,RESONANCE TECHNOLOGY
Riverain Medical Group,2,1,2006-05-04,2006-05-04,RIVERAIN MEDICAL
C.A. Greiner & Sohne Gesellschaftmbh Greiner St. # 70 Kremsmunster Austria,2,1,2020-04-03,2020-07-27,C A GREINER AND SOHNE GESELLSCHAFTMBH GREINER ST 70 KREMSMUNSTER AUSTRIA
"Butterfly Network, Inc.",2,1,2020-02-24,2020-02-24,BUTTERFLY NETWORK
Bryan Medical Inc,2,1,2013-04-17,2023-05-16,BRYAN MEDICAL
Royal Global Wholesale,2,1,2006-11-01,2006-11-01,ROYAL GLOBAL WHOLESALE
"Rymed Technologies, LLC",2,1,2016-01-05,2016-01-05,RYMED TECHNOLOGIES
SCIENCE & BIO MATERIALS Zi Du Monge Lourdes France,2,1,2021-10-07,2025-04-07,SCIENCE AND BIO MATERIALS ZI DU MONGE LOURDES FRANCE
"SD Biosensor, Inc. 1556 Beon-Gil, Yeongtong C4th & 5th Floor Digital Empire",2,1,2022-01-31,2023-03-31,SD BIOSENSOR 1556 BEON GIL YEONGTONG C4TH AND 5TH FLOOR DIGITAL EMPIRE
"Breg Inc, An Orthofix Company",2,1,2009-06-18,2010-08-11,BREG AN ORTHOFIX
Branan Medical Corporation,2,1,2014-03-26,2016-07-05,BRANAN MEDICAL
SSC- Surgical Specialties Corporation,2,1,2016-05-20,2026-04-23,SSC SURGICAL SPECIALTIES
SVS LLC,2,1,2018-10-01,2024-05-13,SVS
"Sage Products Inc
 3909 3 Oaks Rd
 Cary IL 60013-1804",2,1,2018-12-05,2023-10-23,SAGE PRODUCTS 3909 3 OAKS RD CARY IL 60013 1804
Salter Labs 2365 Camino Vida Roble,2,1,2015-08-04,2016-01-05,SALTER LABS 2365 CAMINO VIDA ROBLE
Sam Medical Products,2,1,2014-08-14,2022-01-28,SAM MEDICAL PRODUCTS
Sanarus Medical Inc,2,1,2003-05-13,2003-06-16,SANARUS MEDICAL
Boston Foundation For Sight,2,1,2025-06-10,2025-06-10,BOSTON FOUNDATION FOR SIGHT
Mallinckrodt Manufacturing LLC,2,2,2014-10-17,2023-08-08,MALLINCKRODT MANUFACTURING
Ranir Corporation,2,1,2013-12-18,2013-12-18,RANIR
"Randox Laboratories, Limited Ardmore 55 The Diamond Road Crumlin United Kingdom",2,1,2016-04-14,2017-08-08,RANDOX LABORATORIES ARDMORE 55 DIAMOND ROAD CRUMLIN UNITED KINGDOM
Cardima Inc,2,1,2010-05-20,2010-05-20,CARDIMA
Primus Corporation dba Trinity Biotech,2,1,2021-10-05,2021-10-05,PRIMUS TRINITY BIOTECH
Carefusion Corporation,2,1,2013-03-06,2013-03-06,CAREFUSION
"Carefusion 211 Inc
 22745 Savi Ranch Pkwy
 Yorba Linda CA 92887-4668",2,1,2011-07-13,2011-09-08,CAREFUSION 211 22745 SAVI RANCH PKWY YORBA LINDA CA 92887 4668
"Prismatik Dentalcraft, Inc.",2,1,2025-04-14,2025-09-30,PRISMATIK DENTALCRAFT
"Care Essentials Pty., Ltd.",2,1,2020-01-07,2020-01-07,CARE ESSENTIALS PTY
CardioTek BV Amerikalaan 70 Maastricht-Airport Netherlands,2,1,2017-04-13,2022-04-25,CARDIOTEK AMERIKALAAN 70 MAASTRICHT AIRPORT NETHERLANDS
Propper Mfg Co Inc,2,1,2002-08-09,2008-02-07,PROPPER MFG
"Prytime Medical Devices, Inc.",2,2,2020-10-29,2020-12-14,PRYTIME MEDICAL DEVICES
QUIDEL CARDIOVASCULAR INC,2,1,2019-04-09,2023-05-25,QUIDEL CARDIOVASCULAR
QUIDEL ORTHO,2,1,2024-12-05,2024-12-05,QUIDEL ORTHO
QUIDELORTHO,2,1,2024-04-09,2024-04-09,QUIDELORTHO
Cardinal Health NeuroCare Division,2,1,2008-06-05,2008-06-13,CARDINAL HEALTH NEUROCARE DIVISION
"Cardica, Inc.",2,1,2015-11-06,2015-11-06,CARDICA
Cadwell Industries Inc,2,1,2024-04-23,2024-05-17,CADWELL INDUSTRIES
Cardiac Science Corporation,2,1,2012-01-13,2019-06-04,CARDIAC SCIENCE
"Carbon Medical Technologies, Inc.",2,1,2022-12-16,2024-07-26,CARBON MEDICAL TECHNOLOGIES
"Quest Medical, Inc",2,1,2003-05-23,2010-07-29,QUEST MEDICAL
Capsule Tech Inc.,2,1,2010-08-25,2012-08-10,CAPSULE TECH
"Canon Inc. 30-2, Shimomaruko 3-chome, Ohta-ku Tokyo Japan",2,1,2010-11-01,2012-12-05,CANON 30 2 SHIMOMARUKO 3 CHOME OHTA KU TOKYO JAPAN
"RF Technologies, Inc.",2,1,2002-12-16,2013-05-17,RF TECHNOLOGIES
RM Temena GmbH Mittelhoefer Str. 1 D-34587 Felsberg Germany,2,1,2014-03-19,2014-03-19,RM TEMENA MITTELHOEFER STR 1 D 34587 FELSBERG GERMANY
"RTI Surgical, Inc.",2,1,2013-12-06,2017-01-23,RTI SURGICAL
Ra Medical Systems Inc,2,1,2014-06-30,2018-02-15,RA MEDICAL SYSTEMS
"Cambridge Endoscopic Devices, Incorporated",2,1,2011-05-20,2011-05-20,CAMBRIDGE ENDOSCOPIC DEVICES
Rainbow Specialty & Health Products,2,1,2015-11-18,2015-11-18,RAINBOW SPECIALTY AND HEALTH PRODUCTS
RanD S.r.l. Strada Statale 62 Medolla Italy,2,1,2021-04-30,2021-04-30,RAND S R L STRADA STATALE 62 MEDOLLA ITALY
Schaerer Medical USA Inc,2,1,2016-09-27,2016-09-27,SCHAERER MEDICAL
Scican Ltd.,2,1,2023-06-22,2023-06-22,SCICAN
BIOSENSE WEBSTER,2,1,2020-04-22,2020-04-22,BIOSENSE WEBSTER
"Scion Cardio-Vascular, Inc.",2,1,2003-05-23,2003-06-30,SCION CARDIO VASCULAR
"BioReference Health, LLC",2,1,2022-11-18,2023-10-31,BIOREFERENCE HEALTH
"Sotera Wireless, Inc.",2,1,2013-05-23,2013-05-23,SOTERA WIRELESS
"Sound Surgical Technologies, LLC",2,1,2007-12-28,2010-12-21,SOUND SURGICAL TECHNOLOGIES
"Southern Implants, Inc",2,1,2013-09-13,2015-01-23,SOUTHERN IMPLANTS
"Southmedic Inc
 Po Box 1365
 Barrie Canada Ontario",2,1,2006-04-21,2006-04-21,SOUTHMEDIC PO BOX 1365 BARRIE CANADA ONTARIO
Bio-Signal Group Corp.,2,1,2019-10-29,2019-10-29,BIO SIGNAL
Spacelabs Medical Inc.,2,1,2004-05-07,2004-05-07,SPACELABS MEDICAL
Spectral Instruments Inc,2,1,2025-05-13,2025-05-13,SPECTRAL INSTRUMENTS
Bio-Logic Systems Corp,2,1,2007-02-26,2007-07-26,BIO LOGIC SYSTEMS
"Spine Wave, Inc.",2,1,2013-05-14,2015-05-04,SPINE WAVE
SpineNet,2,1,2013-02-04,2013-02-05,SPINENET
Staar Surgical AG Haupt Strasse 104 Nidau Switzerland,2,1,2026-01-21,2026-04-20,STAAR SURGICAL HAUPT STRASSE 104 NIDAU SWITZERLAND
"Benlan, Inc.",2,1,2011-12-12,2015-12-11,BENLAN
Stellate Systems,2,1,2009-04-06,2009-04-16,STELLATE SYSTEMS
Belmont Instrument Corporation,2,1,2012-09-25,2021-07-20,BELMONT INSTRUMENT
Baylis Medical Corp,2,1,2010-02-08,2010-05-12,BAYLIS MEDICAL
Baylis Medical Company Inc.,2,1,2019-10-07,2019-10-07,BAYLIS MEDICAL
"Bayer Healthcare, LLC",2,1,2011-08-12,2015-06-22,BAYER HEALTHCARE
"Bausch and Lomb, Incorporated",2,1,2011-11-14,2012-11-15,BAUSCH AND LOMB
Bausch & Lomb Inc- Greenville Solutions Plant,2,1,2014-04-21,2014-09-25,BAUSCH AND LOMB GREENVILLE SOLUTIONS PLANT
Stryker Leibinger GmbH & Co. KG Botzinger Strasse 41 Freiburg Germany,2,1,2017-01-03,2017-01-03,STRYKER LEIBINGER AND KG BOTZINGER STRASSE 41 FREIBURG GERMANY
"BatteryZone, Inc.",2,1,2007-08-24,2007-08-24,BATTERYZONE
"Barrx Medical, Inc.",2,1,2008-09-18,2011-05-25,BARRX MEDICAL
"Banyan Medical, LLC",2,1,2016-09-07,2016-09-07,BANYAN MEDICAL
Sunnex Inc.,2,1,2007-02-13,2007-02-13,SUNNEX
Bacchus Vascular Inc,2,1,2003-11-24,2003-11-24,BACCHUS VASCULAR
"BRAEMAR, INC.",2,1,2011-05-02,2012-02-24,BRAEMAR
"BioSense Webster, Inc. Circuito Interior Norte, # 1820 Parque Industrial Salvarcar Cd. Juarez, Chihuahua Mexico",2,1,2008-10-02,2008-10-02,BIOSENSE WEBSTER CIRCUITO INTERIOR NORTE 1820 PARQUE INDUSTRIAL SALVARCAR CD JUAREZ CHIHUAHUA MEXICO
"Sorin CRM SAS Cvk 4, avenue Reaumur Clamart Cedex France",2,1,2018-07-09,2018-07-09,SORIN CRM SAS CVK 4 AVENUE REAUMUR CLAMART CEDEX FRANCE
Biocare Medical Llc,2,1,2012-03-13,2014-12-12,BIOCARE MEDICAL
Biosense Webster Inc,2,1,2008-03-25,2008-03-25,BIOSENSE WEBSTER
Scottcare Corporation,2,1,2012-01-19,2016-02-25,SCOTTCARE
Scrip Inc,2,1,2021-08-18,2021-08-18,SCRIP
"Sedecal S.A. C/Pelaya, 9-13 Pol. Industrial Rio De Janiero Algete Spain",2,1,2014-08-06,2015-07-13,SEDECAL S A C PELAYA 9 13 POL INDUSTRIAL RIO DE JANIERO ALGETE SPAIN
Sedecal S.A. Pol. Industrial Rio De Janiero Calle Pelaya 9-13 Algete Spain,2,1,2016-01-18,2018-07-18,SEDECAL S A POL INDUSTRIAL RIO DE JANIERO CALLE PELAYA 9 13 ALGETE SPAIN
Sekisui Diagnostics P.E.I. Inc.,2,1,2016-01-22,2016-11-29,SEKISUI DIAGNOSTICS P E I
"Bock, Otto, Orthopedic Ind, Inc",2,1,2003-10-29,2004-07-15,BOCK OTTO ORTHOPEDIC IND
"Shape Medical Systems, Inc",2,1,2014-05-28,2014-12-23,SHAPE MEDICAL SYSTEMS
"Shent USA, Inc.",2,1,2021-01-12,2021-01-12,SHENT
"Blackrock Microsystems, LLC",2,1,2016-08-10,2016-08-10,BLACKROCK MICROSYSTEMS
"Siemans Medial Solutions USA, Inc",2,1,2003-04-01,2004-02-02,SIEMANS MEDIAL SOLUTIONS
Bisco Inc,2,1,2008-04-28,2008-04-28,BISCO
"Bioventus, LLC",2,1,2019-02-13,2020-12-17,BIOVENTUS
"Biopro, Inc.",2,1,2011-09-21,2011-09-21,BIOPRO
"SoClean, Inc",2,1,2023-11-15,2023-11-15,SOCLEAN
Bioplate Inc,2,1,2006-09-12,2010-03-31,BIOPLATE
Siemens Microscan,2,1,2008-07-31,2008-07-31,SIEMENS MICROSCAN
"Simpleware Product Group, SYNOPSYS NORTHERN EUROPE Bradninch Hall Castle Street Exeter United Kingdom",2,1,2021-06-04,2021-06-04,SIMPLEWARE PRODUCT SYNOPSYS NORTHERN EUROPE BRADNINCH HALL CASTLE STREET EXETER UNITED KINGDOM
"Skytron, LLC",2,1,2023-08-01,2023-08-01,SKYTRON
"Biomedical Polymers, Inc.",2,1,2019-09-18,2019-09-18,BIOMEDICAL POLYMERS
"Small Bone Innovations, Inc.",2,1,2013-09-06,2014-04-07,SMALL BONE INNOVATIONS
Biomed Devices,2,1,2010-10-19,2010-10-19,BIOMED DEVICES
Biolase Technology Inc,2,1,2005-01-17,2014-06-12,BIOLASE TECHNOLOGY
"Smiths Medical ASD, Inc Anesthesia and Safety Devices Division",2,0,2004-05-19,2004-05-19,SMITHS MEDICAL ASD ANESTHESIA AND SAFETY DEVICES DIVISION
Biokit U.S.A. Inc.,2,1,2010-04-14,2010-04-14,BIOKIT U S A
"Biodex Medical Systems, Inc.",2,1,2021-08-16,2021-08-16,BIODEX MEDICAL SYSTEMS
Snug Seat Inc,2,1,2008-11-06,2013-08-26,SNUG SEAT
RaySearch America Inc,2,1,2021-01-22,2022-02-11,RAYSEARCH AMERICA
ulrich medical USA Inc,2,1,2019-03-08,2019-12-31,ULRICH MEDICAL
"Laax, Inc.",2,1,2015-03-25,2015-03-25,LAAX
Exocomm Tech Grp,2,1,2007-09-03,2007-09-03,EXOCOMM TECH GRP
"Fisher Diagnostic, A Company of Fisher Scientific LLC",2,1,2004-07-01,2004-09-03,FISHER DIAGNOSTIC A OF FISHER SCIENTIFIC
GN Otometrics Horskatten 9 Taastrup Denmark,2,1,2019-05-28,2019-08-01,GN OTOMETRICS HORSKATTEN 9 TAASTRUP DENMARK
"Genesys Orthopedic Systems, LLC",2,1,2011-08-24,2013-02-20,GENESYS ORTHOPEDIC SYSTEMS
"Leica Biosystems Imaging, Inc.",2,1,2014-02-07,2018-12-10,LEICA BIOSYSTEMS IMAGING
Luminex Molecular Diagnostics Inc,2,1,2024-09-05,2024-09-05,LUMINEX MOLECULAR DIAGNOSTICS
"J. Jamner Surgical Instruments, Inc.",2,1,2006-04-24,2006-11-14,J JAMNER SURGICAL INSTRUMENTS
Luminex Molecular Diagnostics,2,1,2019-02-22,2019-07-16,LUMINEX MOLECULAR DIAGNOSTICS
"Highland Metals, Inc.",2,1,2013-12-13,2013-12-13,HIGHLAND METALS
GN Hearing A/S Lautrupbjerg 7 Ballerup Denmark,2,1,2019-09-18,2019-09-18,GN HEARING A S LAUTRUPBJERG 7 BALLERUP DENMARK
Leica Microsystems (Schweiz) Ag 201 Max Schmidheiny-Strasse Heerbrugg Switzerland,2,1,2012-12-18,2012-12-18,LEICA MICROSYSTEMS SCHWEIZ 201 MAX SCHMIDHEINY STRASSE HEERBRUGG SWITZERLAND
Eyezone,2,1,2011-12-05,2011-12-05,EYEZONE
"Genetic Testing Institute, inc",2,1,2013-02-04,2014-12-15,GENETIC TESTING INSTITUTE
James Leckey Design Ltd 19C Ballinderry Road Lisburn United Kingdom,2,1,2020-02-18,2021-03-01,JAMES LECKEY DESIGN 19C BALLINDERRY ROAD LISBURN UNITED KINGDOM
"Lucid Diagnostics, Inc.",2,1,2024-04-24,2024-04-24,LUCID DIAGNOSTICS
Lucero Medical LLC,2,1,2012-01-11,2012-07-15,LUCERO MEDICAL
"Hitachi America, Ltd., Power Systems Division",2,1,2015-04-21,2019-04-15,HITACHI AMERICA POWER SYSTEMS DIVISION
"Gentherm Medical, LLC",2,1,2021-06-17,2021-11-22,GENTHERM MEDICAL
"Lorad, A Division of Hologic",2,1,2004-01-14,2004-01-14,LORAD A DIVISION OF HOLOGIC
"Jewel Precision Sheet Metal & Machining Co, Inc.",2,1,2025-05-22,2025-05-23,JEWEL PRECISION SHEET METAL AND MACHINING
Incisive Surgical Inc,2,1,2015-03-19,2018-08-29,INCISIVE SURGICAL
INNOKAS MEDICAL OY TARJUSOJANTIE 12 KEMPELE Finland,2,1,2014-12-03,2016-07-27,INNOKAS MEDICAL TARJUSOJANTIE 12 KEMPELE FINLAND
Gentueri Inc,2,1,2020-07-06,2021-03-18,GENTUERI
Lumitex Inc,2,1,2009-07-01,2019-12-11,LUMITEX
"Fort Defiance Industries, LLC",2,1,2018-05-24,2021-08-19,FORT DEFIANCE INDUSTRIES
"INTELERAD MEDICAL SYSTEMS INCORPORATED 800, Boul. de Maisonneuve Est 12th floor Montreal Canada",2,1,2025-02-05,2025-10-17,INTELERAD MEDICAL SYSTEMS 800 BOUL DE MAISONNEUVE EST 12TH FLOOR MONTREAL CANADA
Intelifuse Inc,2,1,2008-07-30,2008-07-30,INTELIFUSE
"Greer Laboratories, Inc.",2,1,2022-10-25,2022-10-25,GREER LABORATORIES
Implantech Associates Inc,2,1,2013-08-30,2014-01-29,IMPLANTECH ASSOCIATES
Gibson Laboratories Inc,2,1,2009-12-17,2009-12-17,GIBSON LABORATORIES
"Konica Medical Imaging, Inc.",2,1,2003-10-09,2005-03-30,KONICA MEDICAL IMAGING
"Irvine Biomedical Inc, a St. Jude Medical Co.",2,1,2020-08-24,2020-08-24,IRVINE BIOMEDICAL A ST JUDE MEDICAL
Intelerad Medical Systems Inc. 460 Ste-Catherine West Suite 210 Montreal Canada,2,1,2008-10-27,2008-10-27,INTELERAD MEDICAL SYSTEMS 460 STE CATHERINE WEST SUITE 210 MONTREAL CANADA
"IsoTis OrthoBiologics, Inc.",2,1,2024-11-27,2024-11-27,ISOTIS ORTHOBIOLOGICS
"Heraeus Kulzer Inc., Dental Products Division",2,1,2007-07-09,2007-07-09,HERAEUS KULZER DENTAL PRODUCTS DIVISION
"Heraeus Kulzer, LLC.",2,1,2014-02-10,2014-04-23,HERAEUS KULZER
"In2bones USA, LLC Attn: Tommy Turpin",2,1,2018-07-16,2018-07-16,IN2BONES ATTN TOMMY TURPIN
Klinika Mdical Gmb Achtzehnmorgenweg 6 Usingen Germany,2,1,2025-04-04,2025-04-04,KLINIKA MDICAL GMB ACHTZEHNMORGENWEG 6 USINGEN GERMANY
Laserex Systems Inc.,2,2,2016-02-01,2017-04-04,LASEREX SYSTEMS
Generic Medical Devices,2,1,2009-06-18,2011-02-14,GENERIC MEDICAL DEVICES
Inari Medical Oak Canyon,2,1,2024-07-19,2025-04-08,INARI MEDICAL OAK CANYON
Lutronic Corporation 219 Sowon-Ro; Deogyang Goyang Korea (the Republic of),2,1,2025-09-04,2026-01-27,LUTRONIC 219 SOWON RO DEOGYANG GOYANG KOREA REPUBLIC OF
Lee Medical International Inc,2,1,2011-03-22,2011-08-15,LEE MEDICAL
"GF Health Products, Inc./d.b.a.Basic American Metal Products",2,1,2012-04-17,2014-07-21,GF HEALTH PRODUCTS D B A BASIC AMERICAN METAL PRODUCTS
"Guangdong Haiou Medical Apparatus Co., Ltd Nanyuan Industrial Zone, North Liusha Puning China",2,1,2022-06-10,2022-06-10,GUANGDONG HAIOU MEDICAL APPARATUS NANYUAN INDUSTRIAL ZONE NORTH LIUSHA PUNING CHINA
"Intellijoint Surgical, Inc.",2,1,2019-06-28,2020-02-11,INTELLIJOINT SURGICAL
Jolife AB Scheelevagen 17 Ideon Science Park Lund Sweden,2,1,2025-05-21,2026-04-13,JOLIFE SCHEELEVAGEN 17 IDEON SCIENCE PARK LUND SWEDEN
Inovel LLC,2,1,2006-02-20,2008-07-23,INOVEL
Getinge USA Inc,2,1,2012-05-25,2013-08-02,GETINGE
Liko North America Inc,2,1,2008-11-11,2008-11-11,LIKO NORTH AMERICA
"Guangzhou Pluslife Biotech Co., Ltd.",2,1,2025-01-24,2025-01-24,GUANGZHOU PLUSLIFE BIOTECH
First Source Inc,2,1,2024-05-09,2024-05-09,FIRST SOURCE
"GE Medical Systems Information Technologies, Inc.",2,1,2017-07-13,2018-01-11,GE MEDICAL SYSTEMS INFORMATION TECHNOLOGIES
"GE Medical Systems China Co., Ltd. National Hi-Tech Dev. Zone NO.",2,1,2017-10-11,2017-10-11,GE MEDICAL SYSTEMS CHINA NATIONAL HI TECH DEV ZONE NO
"Hypoguard USA, Inc.",2,1,2003-11-26,2003-11-26,HYPOGUARD
Fisher Scientific Co,2,1,2013-06-05,2014-02-05,FISHER SCIENTIFIC
"Hydrocision, Inc.",2,1,2006-09-07,2006-09-07,HYDROCISION
"Human Care USA, Inc.",2,1,2021-11-01,2021-11-01,HUMAN CARE
Lifesync Corporation,2,1,2007-12-13,2007-12-13,LIFESYNC
Kapp Surgical Instrument Inc,2,1,2008-03-05,2011-05-24,KAPP SURGICAL INSTRUMENT
"Fisher & Paykel Healthcare, Ltd.",2,1,2012-11-19,2013-04-22,FISHER AND PAYKEL HEALTHCARE
Hummingbird Med,2,1,2015-03-11,2015-10-01,HUMMINGBIRD MED
"Lifeline Systems, Incorporated",2,1,2015-04-22,2015-07-23,LIFELINE SYSTEMS
KaVo Dental Technologies LLC,2,1,2018-12-31,2019-04-29,KAVO DENTAL TECHNOLOGIES
Kalila Medical,2,1,2017-12-14,2017-12-14,KALILA MEDICAL
Hycor Biomedical Inc,2,1,2018-02-21,2018-03-19,HYCOR BIOMEDICAL
Karl Storz Endoscopy America Inc 600 Corporate Pointe,2,1,2006-03-10,2007-08-17,KARL STORZ ENDOSCOPY AMERICA 600 CORPORATE POINTE
"Firefly Medical, Inc.",2,1,2016-11-01,2017-08-24,FIREFLY MEDICAL
IMPLANTCAST GMBH Luneburger Schanze 26 Buxtehude Germany,2,1,2017-12-28,2021-05-10,IMPLANTCAST LUNEBURGER SCHANZE 26 BUXTEHUDE GERMANY
"Hoya Surgical Optics, Inc.",2,1,2011-06-17,2011-06-17,HOYA SURGICAL OPTICS
"Hitachi, Ltd. Radiation Oncology Systems, Kashiwanoha 44-141-1, W 226 Wakashiba Kashiwa Japan",2,1,2026-02-06,2026-02-06,HITACHI RADIATION ONCOLOGY SYSTEMS KASHIWANOHA 44 141 1 W 226 WAKASHIBA KASHIWA JAPAN
"Instradent USA, Inc.",2,1,2014-08-11,2017-03-13,INSTRADENT
Fx Solutions 1663 Rue de Majornas Viriat Rhone-Alpes France,2,1,2018-06-04,2018-06-04,FX SOLUTIONS 1663 RUE DE MAJORNAS VIRIAT RHONE ALPES FRANCE
"Levitronix, Llc",2,1,2008-03-17,2008-03-17,LEVITRONIX
G & H Wire Company,2,1,2021-01-21,2023-12-21,G AND H WIRE
"Jinan Bodor Cnc Machine Co Ltd NO.1299, XINLUO AVE HI-TECH ZONE Jinan China",2,1,2024-12-19,2025-02-07,JINAN BODOR CNC MACHINE NO 1299 XINLUO AVE HI TECH ZONE JINAN CHINA
Linet Spol. S.r.o. Zelevcice 5 Slany Czech Republic,2,1,2019-01-07,2019-11-13,LINET SPOL S R O ZELEVCICE 5 SLANY CZECH REPUBLIC
Linet Americas Inc,2,1,2011-05-02,2011-12-08,LINET AMERICAS
Jjgc Industria E Comercio De Materials Dentarios Sa Av Juscelino Kubitschek De Oliveira Curitiba Brazil,2,1,2019-12-23,2021-10-11,JJGC INDUSTRIA E COMERCIO DE MATERIALS DENTARIOS AV JUSCELINO KUBITSCHEK DE OLIVEIRA CURITIBA BRAZIL
IHB OPERATIONS B.V. Floresstraat 52 Zwolle Netherlands,2,1,2023-07-19,2025-03-27,IHB OPERATIONS B V FLORESSTRAAT 52 ZWOLLE NETHERLANDS
Gulf South Medical Supply Inc,2,1,2006-04-10,2012-06-20,GULF SOUTH MEDICAL SUPPLY
Horiba Instruments Incorporated,2,2,2018-10-30,2024-03-28,HORIBA INSTRUMENTS
"GE Hangwei Medical Systems, Co. LTD
 West Area Bldg. 3, No.1 Yongchang North Road
 1 Yongchangbeilu; Beijing Economic and Technological Development Area
 Beijing China",2,1,2023-11-07,2023-11-07,GE HANGWEI MEDICAL SYSTEMS WEST AREA BLDG 3 NO 1 YONGCHANG NORTH ROAD 1 YONGCHANGBEILU BEIJING ECONOMIC AND TECHNOLOGICAL DEVELOPMENT AREA BEIJING CHINA
"Flir Systems, Inc.",2,1,2009-01-30,2009-03-10,FLIR SYSTEMS
Howmedica Osteonics Corp,2,1,2002-11-12,2002-11-12,HOWMEDICA OSTEONICS
Howmedica Osteonics Corp dba Stryker Craniomaxillofacial,2,1,2011-12-16,2012-03-20,HOWMEDICA OSTEONICS STRYKER CRANIOMAXILLOFACIAL
Joerns Healthcare Inc.,2,1,2006-01-06,2007-02-21,JOERNS HEALTHCARE
"Ferndale Laboratories, Inc.",2,1,2010-07-07,2025-11-25,FERNDALE LABORATORIES
GE Medical Systems LLC,2,1,2006-06-01,2006-12-21,GE MEDICAL SYSTEMS
"Freudenberg Medical, Llc",2,1,2022-02-21,2022-02-21,FREUDENBERG MEDICAL
Integra Pain Management,2,1,2008-03-18,2008-07-07,INTEGRA PAIN MANAGEMENT
Kamiya Biomedical Company,2,1,2004-03-29,2006-04-11,KAMIYA BIOMEDICAL
Imaging Sciences Intl Inc,2,1,2008-03-19,2008-03-19,IMAGING SCIENCES
"Impact Instrumentation, Inc.",2,1,2012-03-19,2012-03-30,IMPACT INSTRUMENTATION
Gambro Renal Products Inc,2,1,2014-11-05,2014-11-05,GAMBRO RENAL PRODUCTS
MHC Medical Products LLC,2,1,2018-04-06,2018-04-06,MHC MEDICAL PRODUCTS
Hawaii Medical LLC,2,1,2007-05-11,2007-05-11,HAWAII MEDICAL
Immunotech A.S. Radiova 1 Prague,2,1,2025-06-12,2025-12-15,IMMUNOTECH A S RADIOVA 1 PRAGUE
International Chemical Inc.,2,1,2004-10-07,2004-10-07,CHEMICAL
Ergosafe Products LLC DBA Prism Medical Services USA,2,1,2013-10-30,2013-10-30,ERGOSAFE PRODUCTS PRISM MEDICAL SERVICES
Helix Medical LLC,2,1,2012-03-08,2013-10-01,HELIX MEDICAL
"Essential Medical Supply, Inc.",2,1,2009-05-08,2009-12-21,ESSENTIAL MEDICAL SUPPLY
"Frank Mobility Systems, Inc.",2,1,2004-08-01,2004-08-01,FRANK MOBILITY SYSTEMS
"LTS Therapy Systems, LLC",2,1,2025-05-22,2025-05-22,LTS THERAPY SYSTEMS
"LAP of America Laser Applications, LLC",2,1,2013-10-07,2014-03-21,LAP OF AMERICA LASER APPLICATIONS
"Intrinsic Therapeutics, Inc.",2,1,2020-07-24,2024-07-25,INTRINSIC THERAPEUTICS
LEONI CIA CABLE SYSTEMS 5 avenue Victor Hugo Chartres France,2,1,2023-10-06,2023-10-06,LEONI CIA CABLE SYSTEMS 5 AVENUE VICTOR HUGO CHARTRES FRANCE
"Health Directions, Inc",2,1,2004-04-08,2007-07-19,HEALTH DIRECTIONS
"Heartsine Technologies, Limited
 203 Airport Road West
 Belfast United Kingdom",2,1,2012-09-13,2014-06-12,HEARTSINE TECHNOLOGIES 203 AIRPORT ROAD WEST BELFAST UNITED KINGDOM
Kung Shin Plastics Co. Ltd. 65-2 Erh Chia Road Ying Kuo Town Taipei Hsien Taiwan,2,1,2025-01-09,2025-01-09,KUNG SHIN PLASTICS 65 2 ERH CHIA ROAD YING KUO TOWN TAIPEI HSIEN TAIWAN
"LUMENIS, LTD. Yokneam Ind. Park 6, Ha-Kidma Yokne'Am Ilit Israel",2,1,2025-01-23,2025-07-22,LUMENIS YOKNEAM IND PARK 6 HA KIDMA YOKNE AM ILIT ISRAEL
Global Healthcare Inc,2,1,2016-01-06,2016-08-09,GLOBAL HEALTHCARE
Heartsine Technologies Inc,2,1,2005-02-14,2005-10-05,HEARTSINE TECHNOLOGIES
"International Rehabilitative Sciences, Inc.",2,1,2008-06-11,2010-05-17,REHABILITATIVE SCIENCES
Hamilton Medical AG via Crusch 8 Bonaduz Switzerland,2,1,2018-03-12,2018-03-12,HAMILTON MEDICAL VIA CRUSCH 8 BONADUZ SWITZERLAND
"Handicare USA, Inc.",2,1,2014-04-15,2015-03-26,HANDICARE
Immuno Concepts Inc,2,1,2008-11-25,2008-12-04,IMMUNO CONCEPTS
ImaCor Inc.,2,1,2024-09-16,2025-08-29,IMACOR
"Golden Technologies, Inc.",2,1,2014-01-21,2020-07-06,GOLDEN TECHNOLOGIES
Iantrek Inc.,2,1,2025-09-06,2025-09-06,IANTREK
"Glycar SA Pty., Ltd.",2,1,2025-10-09,2025-10-09,GLYCAR PTY
"LEPU MEDICAL TECHNOLOGY (BEIJING) CO., LTD
 Building 7-1
 NO. 37 Chaoqian Rd; Changping Tech Zone
 Beijing China",2,1,2021-04-26,2021-04-26,LEPU MEDICAL TECHNOLOGY BEIJING BUILDING 7 1 NO 37 CHAOQIAN RD CHANGPING TECH ZONE BEIJING CHINA
Intervascular S.A.S. Zone Industrielle Athelia I La Ciotat Cedex France,2,1,2009-12-09,2009-12-09,INTERVASCULAR S A S ZONE INDUSTRIELLE ATHELIA I LA CIOTAT CEDEX FRANCE
IV Flush LLC,2,1,2005-01-26,2005-01-26,IV FLUSH
Given Imaging Ltd.,2,1,2011-03-08,2012-01-11,GIVEN IMAGING
"Kova Laboratories, Inc.",2,1,2014-03-21,2014-03-21,KOVA LABORATORIES
"Ethicon Sarl, a Johnson & Johnson Company rue du Puits-Godet 20 Neuchatel Switzerland",2,1,2024-06-11,2024-06-11,ETHICON SARL A JOHNSON AND JOHNSON RUE DU PUITS GODET 20 NEUCHATEL SWITZERLAND
HemoSense Inc,2,1,2005-09-07,2008-12-23,HEMOSENSE
"Magnolia Medical Technologies, Inc.",2,1,2021-08-02,2021-11-02,MAGNOLIA MEDICAL TECHNOLOGIES
"Ethicon, Inc US",2,1,2004-12-16,2005-08-31,ETHICON
LMA North America Inc,2,1,2003-06-18,2012-05-23,LMA NORTH AMERICA
LIFELINES NEURO COMPANY,2,1,2019-10-11,2019-10-11,LIFELINES NEURO
Hemostatix Medical Technologies LLC,2,1,2010-07-27,2010-07-27,HEMOSTATIX MEDICAL TECHNOLOGIES
Intertrade Imports Inc.,2,1,2014-09-10,2014-09-10,INTERTRADE IMPORTS
Galil Medical,2,1,2007-12-11,2010-11-11,GALIL MEDICAL
Gambro Renal Products,2,1,2002-11-13,2005-08-16,GAMBRO RENAL PRODUCTS
"Fresenius Hemocare, Inc.",2,1,2003-01-21,2003-07-11,FRESENIUS HEMOCARE
"Invuity, Inc.",2,1,2012-05-12,2017-06-12,INVUITY
SpineMatrix Inc,1,1,2010-01-29,2010-01-29,SPINEMATRIX
"TZ Medical, Inc.",1,1,2016-07-07,2016-07-07,TZ MEDICAL
"TERRIFIC CARE LLC
 61 Willet St
 Bldg A-1, Fl 2
 Passaic NJ 07055-1971",1,1,2018-12-20,2018-12-20,TERRIFIC CARE 61 WILLET ST BLDG A 1 FL 2 PASSAIC NJ 07055 1971
BigTree Sales Inc.,1,1,2025-08-29,2025-08-29,BIGTREE SALES
"Tactical Medical Solutions, Inc.",1,1,2018-04-17,2018-04-17,TACTICAL MEDICAL SOLUTIONS
Stockwell Scientific Inc,1,1,2003-12-29,2003-12-29,STOCKWELL SCIENTIFIC
"Spineology, Inc.",1,1,2024-09-16,2024-09-16,SPINEOLOGY
"Stingray Surgical Products, LLC",1,1,2012-05-23,2012-05-23,STINGRAY SURGICAL PRODUCTS
"Beaver-Visitec International, Inc.",1,1,2025-12-05,2025-12-05,BEAVER VISITEC
Bebig Isotopentechnik Gmbh Robert-Rossle-Str. 10 Berlin Germany,1,1,2023-10-17,2023-10-17,BEBIG ISOTOPENTECHNIK ROBERT ROSSLE STR 10 BERLIN GERMANY
"Innovative Neurotronics, Inc.",1,1,2008-08-06,2008-08-06,INNOVATIVE NEUROTRONICS
"St. Jude Medical, Atrial Fibrillation Division, Inc.",1,1,2023-12-18,2023-12-18,ST JUDE MEDICAL ATRIAL FIBRILLATION DIVISION
TELEFLEX-MORRISVILLE,1,1,2019-06-14,2019-06-14,TELEFLEX MORRISVILLE
"Strata Skin Sciences, Inc.",1,1,2017-01-23,2017-01-23,STRATA SKIN SCIENCES
Innokas Medical Oy Vihikari 10 Kempele Finland,1,1,2015-10-22,2015-10-22,INNOKAS MEDICAL VIHIKARI 10 KEMPELE FINLAND
Bd Diagnostic,1,1,2015-12-14,2015-12-14,BD DIAGNOSTIC
Bd Diagnostic Systems Tripath,1,1,2008-09-26,2008-09-26,BD DIAGNOSTIC SYSTEMS TRIPATH
Augmedics Ltd. 2 Ha-Otsma St Yokneam Illit Northern Israel,1,1,2025-04-14,2025-04-14,AUGMEDICS 2 HA OTSMA ST YOKNEAM ILLIT NORTHERN ISRAEL
Straumann Manufacturing Inc,1,1,2005-06-06,2005-06-06,STRAUMANN MANUFACTURING
TEI Biosciences,1,1,2017-06-15,2017-06-15,TEI BIOSCIENCES
"Straight Smile, LLC",1,1,2024-11-04,2024-11-04,STRAIGHT SMILE
Atos Medical AB Kraftgatan,1,1,2021-03-29,2021-03-29,ATOS MEDICAL KRAFTGATAN
Bd Medical Systems,1,1,2010-06-24,2010-06-24,BD MEDICAL SYSTEMS
TEKNIMED SAS Zone Industrielle Montredone 11 Rue D Apollo L'Union France,1,1,2022-12-15,2022-12-15,TEKNIMED SAS ZONE INDUSTRIELLE MONTREDONE 11 RUE D APOLLO L UNION FRANCE
"Atossa Genetics, Inc.",1,1,2013-09-19,2013-09-19,ATOSSA GENETICS
"BearCare, Inc.",1,1,2023-05-10,2023-05-10,BEARCARE
"Innovative Ophthalmic Products, Inc",1,1,2016-02-22,2016-02-22,INNOVATIVE OPHTHALMIC PRODUCTS
"Spinetronics, LLC",1,1,2011-08-11,2011-08-11,SPINETRONICS
"Stille-Sonesta, Inc",1,1,2006-11-09,2006-11-09,STILLE SONESTA
Steris Corportion,1,1,2004-04-28,2004-04-28,STERIS CORPORTION
"Beckman Coulter Biomedical Division Lismeehan, O'Callaghan's Mills County Clare Ireland",1,1,2023-09-06,2023-09-06,BECKMAN COULTER BIOMEDICAL DIVISION LISMEEHAN O CALLAGHAN S MILLS COUNTY CLARE IRELAND
Beckman Coulter Biomedical GmbH Sauerbruchstr. 50 Munich Germany,1,1,2020-06-17,2020-06-17,BECKMAN COULTER BIOMEDICAL SAUERBRUCHSTR 50 MUNICH GERMANY
"Berkeley Advanced Biomaterials, LLC",1,1,2025-09-02,2025-09-02,BERKELEY ADVANCED BIOMATERIALS
Sr Instruments Inc,1,1,2012-12-13,2012-12-13,SR INSTRUMENTS
Stardental Division,1,1,2006-12-01,2006-12-01,STARDENTAL DIVISION
Stanmore Implants Worldwide Ltd. Centennial Park,1,1,2017-07-04,2017-07-04,STANMORE IMPLANTS WORLDWIDE CENTENNIAL PARK
"Besmed Health Business Corporation
 No.5, Lane 116, Wu-Kong 2nd Road
 Wu-Ku District
 New Taipei City Taiwan",1,1,2018-08-09,2018-08-09,BESMED HEALTH BUSINESS NO 5 LANE 116 WU KONG 2ND ROAD WU KU DISTRICT NEW TAIPEI CITY TAIWAN
"Associates of Cape Cod, Inc. 124 Bernard E Saint Jean East",1,1,2018-12-19,2018-12-19,ASSOCIATES OF CAPE COD 124 BERNARD E SAINT JEAN EAST
Best Sanitizers Inc,1,1,2016-08-02,2016-08-02,BEST SANITIZERS
"Bestmed, LLC 331 Corporate Cirle Unit E",1,1,2015-11-12,2015-11-12,BESTMED 331 CORPORATE CIRLE UNIT E
"TURBETT SURGICAL, LLC",1,1,2022-04-01,2022-04-01,TURBETT SURGICAL
St. Francis Medical Technologies Inc,1,1,2006-06-06,2006-06-06,ST FRANCIS MEDICAL TECHNOLOGIES
Standex Intl Corp,1,1,2017-01-01,2017-01-01,STANDEX
"Associates of Cape Cod, Inc.",1,1,2022-08-17,2022-08-17,ASSOCIATES OF CAPE COD
"Aspyra, Inc.",1,1,2007-01-31,2007-01-31,ASPYRA
Standard Imaging Inc.,1,1,2003-05-28,2003-05-28,STANDARD IMAGING
Innovative Implant Technology,1,1,2008-09-30,2008-09-30,INNOVATIVE IMPLANT TECHNOLOGY
"Stat Medical Devices, Inc.",1,1,2009-05-29,2009-05-29,STAT MEDICAL DEVICES
Bien Air Dental SA Langgasse 60 Biel/bienne Switzerland,1,1,2015-08-27,2015-08-27,BIEN AIR DENTAL LANGGASSE 60 BIEL BIENNE SWITZERLAND
TAS Medical Inc,1,1,2025-01-27,2025-01-27,TAS MEDICAL
Bellus Medical,1,1,2019-01-18,2019-01-18,BELLUS MEDICAL
"Innomed, Inc.",1,1,2024-03-07,2024-03-07,INNOMED
"Beeken Biomedical, LLC",1,1,2021-10-14,2021-10-14,BEEKEN BIOMEDICAL
Innovative Magnetic Resonance Imaging Systems Inc.,1,1,2012-10-19,2012-10-19,INNOVATIVE MAGNETIC RESONANCE IMAGING SYSTEMS
Immersivetouch Inc,1,1,2020-04-03,2020-04-03,IMMERSIVETOUCH
Innominata Dba Genbio,1,1,2013-02-11,2013-02-11,INNOMINATA GENBIO
Belcher Pharmaceuticals Inc.,1,1,2006-09-25,2006-09-25,BELCHER PHARMACEUTICALS
Innovacon Inc,1,1,2007-10-01,2007-10-01,INNOVACON
Stentor Inc,1,1,2005-12-20,2005-12-20,STENTOR
THREAD COUNSEL INC DBA LAWS OF MOTION,1,1,2020-09-17,2020-09-17,THREAD COUNSEL LAWS OF MOTION
"SteriGear, LLC",1,1,2011-01-11,2011-01-11,STERIGEAR
"Bemis Health Care, Inc",1,1,2006-08-23,2006-08-23,BEMIS HEALTH CARE
Stentor Inc A Phillips Medical Systems Co.,1,1,2007-02-14,2007-02-14,STENTOR A PHILLIPS MEDICAL SYSTEMS
TIDI PRODUCTS,1,1,2019-04-12,2019-04-12,TIDI PRODUCTS
Astora,1,1,2015-10-26,2015-10-26,ASTORA
"Getinge/Castle, Inc.",1,1,2003-03-25,2003-03-25,GETINGE CASTLE
"B.H.M. Medical, Inc.",1,1,2009-04-07,2009-04-07,B H M MEDICAL
"Baylis Medical Company Inc.
 5160 Explorer Drive #33
 Mississauga Canada Ontario",1,1,2012-10-04,2012-10-04,BAYLIS MEDICAL 5160 EXPLORER DRIVE 33 MISSISSAUGA CANADA ONTARIO
BEST THERATRONICS LTD.,1,1,2016-05-06,2016-05-06,BEST THERATRONICS
"Surge Medical Sales, LLC (DBA Surge Cardiovascular)",1,1,2018-07-18,2018-07-18,SURGE MEDICAL SALES SURGE CARDIOVASCULAR
BIGFOOT BIOMEDICAL,1,1,2025-05-21,2025-05-21,BIGFOOT BIOMEDICAL
Superior Products Inc,1,1,2007-10-19,2007-10-19,SUPERIOR PRODUCTS
"InSound Medical, Inc.",1,1,2010-01-19,2010-01-19,INSOUND MEDICAL
BIOMERIEUX Grenoble Biomerieux Institut Christophe Merieux; 5 Rue Des Berges; Cs,1,1,2020-01-10,2020-01-10,BIOMERIEUX GRENOBLE BIOMERIEUX INSTITUT CHRISTOPHE MERIEUX 5 RUE DES BERGES CS
"GlaxoSmithKline, LLC.",1,1,2013-10-17,2013-10-17,GLAXOSMITHKLINE
BIOMET FRANCE S.A.R.L. plateau de lautagne valence cedex,1,1,2015-05-14,2015-05-14,BIOMET FRANCE S A R L PLATEAU DE LAUTAGNE VALENCE CEDEX
"Sunrise Medical, Inc.",1,1,2005-02-03,2005-02-03,SUNRISE MEDICAL
Gi Supply,1,1,2016-01-28,2016-01-28,GI SUPPLY
Sunrise Medical HHG Inc. dba DeVilbiss Healthcare,1,1,2011-03-11,2011-03-11,SUNRISE MEDICAL HHG DEVILBISS HEALTHCARE
"BIOTRONIK, Inc.",1,1,2015-06-30,2015-06-30,BIOTRONIK
B & K Medical Systems Inc.,1,1,2004-11-12,2004-11-12,B AND K MEDICAL SYSTEMS
BSN Medical Inc,1,1,2022-02-01,2022-02-01,BSN MEDICAL
Synthes,1,1,2006-12-05,2006-12-05,SYNTHES
Synthes (USA),1,0,2006-03-30,2006-03-30,SYNTHES
"BTE Technologies, Inc.",1,1,2015-04-09,2015-04-09,BTE TECHNOLOGIES
Synthes Produktions GmbH Eimattstrasse,1,1,2020-06-16,2020-06-16,SYNTHES PRODUKTIONS EIMATTSTRASSE
"Axonics Modulation Technologies, Inc.",1,1,2021-06-03,2021-06-03,AXONICS MODULATION TECHNOLOGIES
Synthes U S A,1,1,2008-07-23,2008-07-23,SYNTHES U S A
BEYOND WHITE SPA LLC D.B.A. EZYWIPE OF AMERCIA,1,1,2020-07-21,2020-07-21,BEYOND WHITE D B A EZYWIPE OF AMERCIA
Synovis Micro Companies Alliance Inc,1,1,2008-05-14,2008-05-14,SYNOVIS MICRO COMPANIES ALLIANCE
"Gf Health Products, Inc.",1,1,2009-09-14,2009-09-14,GF HEALTH PRODUCTS
Surgical Design Inc,1,1,2011-01-26,2011-01-26,SURGICAL DESIGN
BBI SOLUTIONS OEM LTD 8 Tom McDonald Avenue Dundee United Kingdom,1,1,2016-06-01,2016-06-01,BBI SOLUTIONS OEM 8 TOM MCDONALD AVENUE DUNDEE UNITED KINGDOM
Given Imaging Inc,1,1,2007-12-13,2007-12-13,GIVEN IMAGING
Sybron Dental Specialties,1,1,2003-02-25,2003-02-25,SYBRON DENTAL SPECIALTIES
BC Group International Inc,1,1,2015-10-28,2015-10-28,BC
Implant Resource Inc,1,1,2021-07-21,2021-07-21,IMPLANT RESOURCE
Swissray Medical AG Turbistrasse 25-27 Hochdorf Switzerland,1,1,2018-11-14,2018-11-14,SWISSRAY MEDICAL TURBISTRASSE 25 27 HOCHDORF SWITZERLAND
Synaptic Corp,1,1,2008-07-18,2008-07-18,SYNAPTIC
B.Braun Medical S.A.S. Celsa Lg Medical 30 avenue des Temps Modernes; Cs 10031 Chasseneuil du Poitou CEDEX France,1,1,2025-07-21,2025-07-21,B BRAUN MEDICAL S A S CELSA LG MEDICAL 30 AVENUE DES TEMPS MODERNES CS 10031 CHASSENEUIL DU POITOU CEDEX FRANCE
Sutter Medizintechnik GmbH Tullastr. 87 Freiburg Im Breisgau Germany,1,1,2020-06-23,2020-06-23,SUTTER MEDIZINTECHNIK TULLASTR 87 FREIBURG IM BREISGAU GERMANY
"Synaptive Medical, Inc.",1,1,2015-12-04,2015-12-04,SYNAPTIVE MEDICAL
Given Imaging Ltd. New Industrial Park,1,1,2025-06-03,2025-06-03,GIVEN IMAGING NEW INDUSTRIAL PARK
Gibson Laboratories LLC,1,1,2017-01-20,2017-01-20,GIBSON LABORATORIES
BD KIESTRA LAB AUTOMATION Marconilaan 6 Drachten Netherlands,1,1,2026-02-06,2026-02-06,BD KIESTRA LAB AUTOMATION MARCONILAAN 6 DRACHTEN NETHERLANDS
BD LIFE SCIENCES,1,1,2015-07-29,2015-07-29,BD LIFE SCIENCES
Surgical Specialties Mexico S DE RL DE CV Corredor Tijuana Rosarito 2000-24702 B Ejido Francisco Villa Tijuana Mexico,1,1,2016-09-24,2016-09-24,SURGICAL SPECIALTIES MEXICO S DE RL DE CV CORREDOR TIJUANA ROSARITO 2000 24702 B EJIDO FRANCISCO VILLA TIJUANA MEXICO
"BECKMAN COULTER LABORATORY SYSTEMS (SUZHOU) CO., LTD. No.",1,1,2025-01-10,2025-01-10,BECKMAN COULTER LABORATORY SYSTEMS SUZHOU NO
BEMER INT. AG Austrasse 15 Triesen Liechtenstein,1,1,2021-01-13,2021-01-13,BEMER INT AUSTRASSE 15 TRIESEN LIECHTENSTEIN
Surgical Innovations Ltd Clayton House 6 Clayton Wood Rise Leeds United Kingdom,1,1,2022-06-02,2022-06-02,SURGICAL INNOVATIONS CLAYTON HOUSE 6 CLAYTON WOOD RISE LEEDS UNITED KINGDOM
Gibson Bioscience,1,1,2021-07-01,2021-07-01,GIBSON BIOSCIENCE
Synthes USA,1,1,2011-09-29,2011-09-29,SYNTHES
"Immunostics, Inc.",1,1,2023-08-25,2023-08-25,IMMUNOSTICS
"Straumann Usa, Llc",1,1,2008-01-10,2008-01-10,STRAUMANN
Basic Reset Inc.,1,1,2019-10-18,2019-10-18,BASIC RESET
"Infraredx, Inc.",1,1,2016-12-15,2016-12-15,INFRAREDX
Battle Creek Equipment Co.,1,1,2016-09-15,2016-09-15,BATTLE CREEK EQUIPMENT
Gf Health Products,1,1,2021-03-24,2021-03-24,GF HEALTH PRODUCTS
"Infusion Dynamics, A Div. of Zoll Med Corpinfusion Dynamics",1,1,2004-09-21,2004-09-21,INFUSION DYNAMICS A DIV OF ZOLL MED CORPINFUSION DYNAMICS
Stryker Instruments,1,1,2022-06-24,2022-06-24,STRYKER INSTRUMENTS
"Bausch & Lomb, Inc.",1,1,2016-10-12,2016-10-12,BAUSCH AND LOMB
"T.A.G. MEDICAL PRODUCTS CORPORATION, LTD. Kibbutz Gatton Naharia Israel",1,1,2020-01-20,2020-01-20,T A G MEDICAL PRODUCTS KIBBUTZ GATTON NAHARIA ISRAEL
T.G. Eakin Limited,1,1,2024-08-08,2024-08-08,T G EAKIN
Infusion Pump Repair,1,1,2021-03-26,2021-03-26,INFUSION PUMP REPAIR
"Bayer HealthCare LLC, Diagnostics Div",1,1,2003-06-19,2003-06-19,BAYER HEALTHCARE DIAGNOSTICS DIV
BASE 10 GENETICS INC,1,1,2022-01-10,2022-01-10,BASE 10 GENETICS
"Bayer Healthcare LLC
 1884 Miles Ave
 Buildings 110 (Adlake), 17 & 18
 Elkhart IN 46514-2291",1,1,2004-03-12,2004-03-12,BAYER HEALTHCARE 1884 MILES AVE BUILDINGS 110 ADLAKE 17 AND 18 ELKHART IN 46514 2291
"Stryker Communications, Inc.",1,1,2012-09-25,2012-09-25,STRYKER COMMUNICATIONS
Bayer Healthcare Llc,1,1,2013-08-26,2013-08-26,BAYER HEALTHCARE
TAG Medical Corp. Kibbutz Gaaton Naharia Israel,1,1,2009-12-04,2009-12-04,TAG MEDICAL KIBBUTZ GAATON NAHARIA ISRAEL
"TANGENT ENDOSCOPY, LLC",1,1,2026-03-23,2026-03-23,TANGENT ENDOSCOPY
Inlightened Partners LLC,1,1,2019-06-04,2019-06-04,INLIGHTENED PARTNERS
"Inmar Supply Chain Solutions, LLC",1,1,2023-08-24,2023-08-24,INMAR SUPPLY CHAIN SOLUTIONS
Streck,1,1,2017-02-23,2017-02-23,STRECK
Battelle Memorial Institute,1,1,2020-08-13,2020-08-13,BATTELLE MEMORIAL INSTITUTE
"Stryker Orthobiologics, Inc.",1,1,2012-07-26,2012-07-26,STRYKER ORTHOBIOLOGICS
"Axcentria Pharmaceuticals, LLC",1,1,2014-06-05,2014-06-05,AXCENTRIA PHARMACEUTICALS
"Infinium Medical, Inc",1,1,2019-05-31,2019-05-31,INFINIUM MEDICAL
Back 2 Basics Direct LLC,1,1,2018-06-29,2018-06-29,BACK 2 BASICS DIRECT
Sun Nuclear Corporation,1,1,2014-08-08,2014-08-08,SUN NUCLEAR
"Synthes, Inc.",1,1,2012-01-06,2012-01-06,SYNTHES
Banbury Business Park Adderbury Banbury Oxfordshire United Kingdom,1,1,2019-03-15,2019-03-15,BANBURY BUSINESS PARK ADDERBURY BANBURY OXFORDSHIRE UNITED KINGDOM
Global Cooling Inc,1,1,2014-03-20,2014-03-20,GLOBAL COOLING
"Sun Med, Inc.",1,1,2007-04-27,2007-04-27,SUN MED
Infantino LLC,1,1,2014-01-06,2014-01-06,INFANTINO
"Summit Medical, LLC",1,1,2023-01-13,2023-01-13,SUMMIT MEDICAL
Barco Inc.,1,1,2015-05-28,2015-05-28,BARCO
Avid Medical Inc,1,1,2005-09-09,2005-09-09,AVID MEDICAL
Barcoview 35 President Kennedy Park Kortrijk Belgium,1,1,2008-09-09,2008-09-09,BARCOVIEW 35 PRESIDENT KENNEDY PARK KORTRIJK BELGIUM
"Avanta Orthopaedics, Inc.",1,1,2003-01-24,2003-01-24,AVANTA ORTHOPAEDICS
Sulzer Spine-Tech,1,1,2003-01-17,2003-01-17,SULZER SPINE TECH
Suarez Corporation Industries,1,1,2006-08-07,2006-08-07,SUAREZ INDUSTRIES
Immunodiagnostics Systems Inc,1,1,2008-08-02,2008-08-02,IMMUNODIAGNOSTICS SYSTEMS
Global Focus Marketing & Develop,1,1,2011-07-15,2011-07-15,GLOBAL FOCUS MARKETING AND DEVELOP
"Stryker Sustainability Solutions, Inc.",1,1,2009-06-01,2009-06-01,STRYKER SUSTAINABILITY SOLUTIONS
"Bard Brachytherapy, Inc.",1,1,2018-04-10,2018-04-10,BARD BRACHYTHERAPY
"Baro-Therapies, Inc",1,1,2014-08-08,2014-08-08,BARO THERAPIES
Inion Ltd. Laakarinkatu 2 FIN-33520 Tampere Finland,1,1,2017-03-01,2017-03-01,INION LAAKARINKATU 2 FIN 33520 TAMPERE FINLAND
Southern Prosthetic Supply Co.,1,1,2006-10-03,2006-10-03,SOUTHERN PROSTHETIC SUPPLY
Spine Wave Inc Two,1,1,2010-10-22,2010-10-22,SPINE WAVE TWO
Blue Torch Medical Technologies,1,1,2003-07-10,2003-07-10,BLUE TORCH MEDICAL TECHNOLOGIES
"Sensus Healthcare, Inc.",1,1,2023-02-10,2023-02-10,SENSUS HEALTHCARE
Sensory Medical Inc,1,1,2022-03-14,2022-03-14,SENSORY MEDICAL
"Senseonics, Inc.",1,1,2019-09-18,2019-09-18,SENSEONICS
Intelligent Hearing Systems Corp.,1,1,2008-10-21,2008-10-21,INTELLIGENT HEARING SYSTEMS
Boddingtons Plastics Ltd Wheelbarrow Park Estate Pattenden Lane Tonbridge United Kingdom,1,1,2020-03-11,2020-03-11,BODDINGTONS PLASTICS WHEELBARROW PARK ESTATE PATTENDEN LANE TONBRIDGE UNITED KINGDOM
SenTec AG Ringstrasse,1,1,2015-03-25,2015-03-25,SENTEC RINGSTRASSE
Selectivemed Components Inc,1,1,2005-03-15,2005-03-15,SELECTIVEMED COMPONENTS
Gendex Corp,1,1,2014-08-12,2014-08-12,GENDEX
Sekisui Diagnostics LLC,1,1,2013-09-16,2013-09-16,SEKISUI DIAGNOSTICS
Seiler Instr. & Mfg. Co. Inc.,1,1,2017-01-01,2017-01-01,SEILER INSTR AND MFG
InterValve Inc,1,1,2014-03-14,2014-03-14,INTERVALVE
"Sedecal USA, Inc",1,1,2003-10-27,2003-10-27,SEDECAL
"Intera Oncology, Inc.",1,1,2022-07-10,2022-07-10,INTERA ONCOLOGY
"Interactive Motion Technologies, Inc.",1,1,2012-05-05,2012-05-05,INTERACTIVE MOTION TECHNOLOGIES
"Bolder Surgical, LLC",1,1,2022-01-25,2022-01-25,BOLDER SURGICAL
Bomimed 1-100 Irene St Winnipeg Canada,1,1,2017-07-13,2017-07-13,BOMIMED 1 100 IRENE ST WINNIPEG CANADA
Seca Hammer Steindamm 9-25 Hamburg Germany,1,1,2019-06-19,2019-06-19,SECA HAMMER STEINDAMM 9 25 HAMBURG GERMANY
"Sebia, Inc.",1,1,2006-08-29,2006-08-29,SEBIA
Bomimed Inc 96 Terracon Pl Winnipeg Canada Manitoba,1,1,2010-12-08,2010-12-08,BOMIMED 96 TERRACON PL WINNIPEG CANADA MANITOBA
SeaSpine Inc,1,1,2014-05-21,2014-05-21,SEASPINE
Intermed Gas Products Corporation,1,1,2009-03-27,2009-03-27,INTERMED GAS PRODUCTS
"International Biomedical, Ltd.",1,1,2013-05-24,2013-05-24,BIOMEDICAL
Gen Probe Inc,1,1,2004-06-11,2004-06-11,GEN PROBE
Sentinel CH SPA Via Robert Koch,1,1,2017-05-22,2017-05-22,SENTINEL CH VIA ROBERT KOCH
Sentinel CH SpA Via Robert Koch 2 Milano Italy,1,1,2015-09-22,2015-09-22,SENTINEL CH VIA ROBERT KOCH 2 MILANO ITALY
"Siemens Medical Solutions USA, INC",1,1,2017-08-22,2017-08-22,SIEMENS MEDICAL SOLUTIONS
SentreHeart Inc,1,1,2016-09-29,2016-09-29,SENTREHEART
Bioteque America Inc,1,1,2005-02-24,2005-02-24,BIOTEQUE AMERICA
"Genesee BioMedical, Inc.",1,1,2018-02-26,2018-02-26,GENESEE BIOMEDICAL
"Siemens Hearing Instruments, Inc",1,1,2005-07-01,2005-07-01,SIEMENS HEARING INSTRUMENTS
Integrated Science Systems Inc,1,1,2016-02-19,2016-02-19,INTEGRATED SCIENCE SYSTEMS
"Shockwave Medical, Inc.",1,1,2018-07-18,2018-07-18,SHOCKWAVE MEDICAL
Bk Medical Mileparken 34 Iierlev Denmark,1,1,2008-09-08,2008-09-08,BK MEDICAL MILEPARKEN 34 IIERLEV DENMARK
General Electric Med. Sys. Ultrasound,1,1,2006-02-24,2006-02-24,GENERAL ELECTRIC MED SYS ULTRASOUND
"ShinChang Medical Co., Ltd. 144 1gongdan-Ro Gumi Korea (the Republic of)",1,1,2018-08-24,2018-08-24,SHINCHANG MEDICAL 144 1GONGDAN RO GUMI KOREA REPUBLIC OF
Blackstone Medical Inc.,1,1,2005-12-23,2005-12-23,BLACKSTONE MEDICAL
"Blease Medical Equipment, Ltd. Deansway, Chesham Bucks, England United Kingdom",1,1,2010-03-26,2010-03-26,BLEASE MEDICAL EQUIPMENT DEANSWAY CHESHAM BUCKS ENGLAND UNITED KINGDOM
"Geneoscopy, Inc.",1,1,2025-05-20,2025-05-20,GENEOSCOPY
"Shelhigh, Inc.",1,1,2006-01-18,2006-01-18,SHELHIGH
Shelhigh Inc,1,1,2003-12-19,2003-12-19,SHELHIGH
"Sheffield Pharmaceuticals, LLC",1,1,2015-04-27,2015-04-27,SHEFFIELD PHARMACEUTICALS
Sheathing Technologies Inc,1,1,2025-11-17,2025-11-17,SHEATHING TECHNOLOGIES
Sharp Medical Products,1,1,2021-02-08,2021-02-08,SHARP MEDICAL PRODUCTS
Intelerad Medical Systems 895 Rue De La Gauchetiere O Montreal Canada,1,1,2014-07-03,2014-07-03,INTELERAD MEDICAL SYSTEMS 895 RUE DE LA GAUCHETIERE O MONTREAL CANADA
Blue Ortho 22 Chemin Du Vieux Chene Meylan France,1,1,2024-08-30,2024-08-30,BLUE ORTHO 22 CHEMIN DU VIEUX CHENE MEYLAN FRANCE
"Sgarlato Med, LLC",1,1,2009-03-01,2009-03-01,SGARLATO MED
"Seradyn, Inc.",1,1,2007-12-20,2007-12-20,SERADYN
Sequent Medical Inc,1,1,2016-09-23,2016-09-23,SEQUENT MEDICAL
Sequal Technologies Inc,1,1,2009-10-01,2009-10-01,SEQUAL TECHNOLOGIES
"Separation Technology, Inc.",1,1,2013-03-13,2013-03-13,SEPARATION TECHNOLOGY
"Boss Instruments, Ltd.",1,1,2020-06-26,2020-06-26,BOSS INSTRUMENTS
Gebauer Co,1,1,2004-02-23,2004-02-23,GEBAUER
Scholly Fiberoptic Gmbh Robert-Bosch-Str. 1-3 Denzlingen Germany,1,1,2023-06-23,2023-06-23,SCHOLLY FIBEROPTIC ROBERT BOSCH STR 1 3 DENZLINGEN GERMANY
Ge Medical Systems Information T,1,1,2013-02-18,2013-02-18,GE MEDICAL SYSTEMS INFORMATION T
Safco Dental Supply Co. Inc.,1,1,2003-06-03,2003-06-03,SAFCO DENTAL SUPPLY
Gaymar Industries Inc,1,1,2004-10-25,2004-10-25,GAYMAR INDUSTRIES
International Technidyne Corp,1,1,2006-01-23,2006-01-23,TECHNIDYNE
SURGICAL SPECIALTIES,1,1,2024-03-26,2024-03-26,SURGICAL SPECIALTIES
Brahms GmbH Neuendorfstr. 25 Hennigsdorf Germany,1,1,2026-03-12,2026-03-12,BRAHMS NEUENDORFSTR 25 HENNIGSDORF GERMANY
"SUMMA THERAPEUTICS, LLC",1,1,2025-07-21,2025-07-21,SUMMA THERAPEUTICS
Brainlab AG Olof-Palme-Str. 9 Munich Germany,1,1,2025-02-10,2025-02-10,BRAINLAB OLOF PALME STR 9 MUNICH GERMANY
Brainreader ApS Emil Mollers Gade 41 REGION Horsens Denmark,1,1,2020-12-14,2020-12-14,BRAINREADER APS EMIL MOLLERS GADE 41 REGION HORSENS DENMARK
STEP-HAR MEDICAL LLC,1,1,2021-02-26,2021-02-26,STEP HAR MEDICAL
STANLEY BLACK & DECKER INC.,1,1,2019-11-21,2019-11-21,STANLEY BLACK AND DECKER
SSL Americas Inc.,1,1,2002-11-25,2002-11-25,SSL AMERICAS
"Gauthier Biomedical, Inc.",1,1,2024-11-11,2024-11-11,GAUTHIER BIOMEDICAL
SRI Surgical,1,1,2008-07-16,2008-07-16,SRI SURGICAL
"Intersect ENT, Inc.",1,1,2022-10-21,2022-10-21,INTERSECT ENT
"Brasseler USA, Medical L.L.C.",1,1,2022-01-28,2022-01-28,BRASSELER MEDICAL L L C
SONEX HEALTH LLC,1,1,2022-06-29,2022-06-29,SONEX HEALTH
"SML Distribution, LLC",1,1,2022-03-04,2022-03-04,SML DISTRIBUTION
SIN SISTEMA DE IMPLANTE NACIONAL S.A Jardim Analia Franco Rua Soldador Ocimar Guimaraes da Silva,1,1,2024-09-01,2024-09-01,SIN SISTEMA DE IMPLANTE NACIONAL S A JARDIM ANALIA FRANCO RUA SOLDADOR OCIMAR GUIMARAES DA SILVA
"SIMPLIVIA HEALTHCARE LTD. NORTH IND. ZONE, (MIGADA PLANT) NORTH IND. ZONE PoBOX",1,1,2022-03-08,2022-03-08,SIMPLIVIA HEALTHCARE NORTH IND ZONE MIGADA PLANT NORTH IND ZONE POBOX
"SIEMENS MEDICAL SOLUTIONS USA, INC",1,1,2025-01-02,2025-01-02,SIEMENS MEDICAL SOLUTIONS
"SIE AG, Surgical Instrument Engineering Allmendstrasse",1,1,2018-01-21,2018-01-21,SIE SURGICAL INSTRUMENT ENGINEERING ALLMENDSTRASSE
SICAT GMBH & CO. KG Brunnenallee,1,1,2020-07-15,2020-07-15,SICAT AND KG BRUNNENALLEE
Braxton Medical Corporation,1,1,2020-09-04,2020-09-04,BRAXTON MEDICAL
Bradshaw Medical Inc.,1,1,2015-02-02,2015-02-02,BRADSHAW MEDICAL
Bracco Injeneering S.A. Avenue De Sevelin 46 Lausanne Switzerland,1,1,2018-11-12,2018-11-12,BRACCO INJENEERING S A AVENUE DE SEVELIN 46 LAUSANNE SWITZERLAND
Safety & Supplies Co. Inc.,1,1,2007-02-02,2007-02-02,SAFETY AND SUPPLIES
Ge Inspection Technologies Llc,1,1,2020-09-29,2020-09-29,GE INSPECTION TECHNOLOGIES
Scanlan International Inc,1,1,2007-02-19,2007-02-19,SCANLAN
"International Medical Industries, Inc.",1,1,2022-09-16,2022-09-16,MEDICAL INDUSTRIES
Sartorius Corporation,1,1,2022-03-11,2022-03-11,SARTORIUS
Sarstedt Inc,1,1,2008-08-27,2008-08-27,SARSTEDT
"Boston Medical Products, Inc.",1,1,2003-01-22,2003-01-22,BOSTON MEDICAL PRODUCTS
"Boston Scientific Cupertino, Corporation",1,1,2006-05-15,2006-05-15,BOSTON SCIENTIFIC CUPERTINO
"Saranas, Inc.",1,1,2022-08-10,2022-08-10,SARANAS
Santanello Surgical LLC,1,1,2019-06-10,2019-06-10,SANTANELLO SURGICAL
Sanofi Genzyme,1,1,2017-12-11,2017-12-11,SANOFI GENZYME
Boston Scientific Marlbourgh,1,1,2005-07-28,2005-07-28,BOSTON SCIENTIFIC MARLBOURGH
"Sammons Preston Rolyan, An Ability One Company",1,1,2005-07-13,2005-07-13,SAMMONS PRESTON ROLYAN AN ABILITY ONE
Safety Syringes Inc,1,1,2002-09-05,2002-09-05,SAFETY SYRINGES
Salyer Prn Biomedical,1,1,2013-01-31,2013-01-31,SALYER PRN BIOMEDICAL
International Remote Imaging Systems Inc,1,1,2005-04-29,2005-04-29,REMOTE IMAGING SYSTEMS
Salter Labs,1,1,2014-06-25,2014-06-25,SALTER LABS
Bound Tree Medical,1,1,2020-05-14,2020-05-14,BOUND TREE MEDICAL
"Salient Surgical Technologies, Inc",1,0,2011-07-18,2011-07-18,SALIENT SURGICAL TECHNOLOGIES
Sakura Finetek USA Inc,1,1,2014-04-16,2014-04-16,SAKURA FINETEK
"Sakar International, Inc.",1,1,2007-11-30,2007-11-30,SAKAR
"Sagemax Bioceramics, Inc.",1,1,2025-12-11,2025-12-11,SAGEMAX BIOCERAMICS
"International Science & Technology, LP, DBA Diamatrix Ltd.",1,1,2022-02-24,2022-02-24,SCIENCE AND TECHNOLOGY DIAMATRIX
"SagaTech Electronics, Inc.",1,1,2008-05-08,2008-05-08,SAGATECH ELECTRONICS
"Biostructures, LLC",1,1,2011-01-31,2011-01-31,BIOSTRUCTURES
"Integrated Measurement Systems, Inc.",1,1,2007-01-30,2007-01-30,INTEGRATED MEASUREMENT SYSTEMS
"Spine Smith Holdings, LLC",1,1,2013-07-31,2013-07-31,SPINE SMITH
"BioMotion Medical Systems, LLC",1,1,2012-11-12,2012-11-12,BIOMOTION MEDICAL SYSTEMS
Immedica Inc,1,1,2003-02-10,2003-02-10,IMMEDICA
"Southern Implants, (Pty.) Ltd. One Albert Road Irene, Gauteng South Africa",1,1,2018-03-08,2018-03-08,SOUTHERN IMPLANTS PTY ONE ALBERT ROAD IRENE GAUTENG SOUTH AFRICA
Source Production & Equipment Inc,1,1,2008-03-03,2008-03-03,SOURCE PRODUCTION AND EQUIPMENT
"Inovise Medical, Inc.",1,1,2003-01-12,2003-01-12,INOVISE MEDICAL
Getinge (Suzhou) Co Ltd NO 158 Fangzhoulu Zhong Xin Gongyeyuanqu Suzhou City China,1,1,2021-04-15,2021-04-15,GETINGE SUZHOU NO 158 FANGZHOULU ZHONG XIN GONGYEYUANQU SUZHOU CITY CHINA
"Geomed Medizin-Technik Gmbh & Co. Ludwigstaler Strasse 27, Postfach 4047 Tuttlingen Germany",1,1,2011-12-16,2011-12-16,GEOMED MEDIZIN TECHNIK AND LUDWIGSTALER STRASSE 27 POSTFACH 4047 TUTTLINGEN GERMANY
"Inrad, Inc",1,1,2010-12-20,2010-12-20,INRAD
"Sorin Group Italia S.r.l. Via Crescentino Saluggia, VC Italy",1,1,2013-11-20,2013-11-20,SORIN ITALIA S R L VIA CRESCENTINO SALUGGIA VC ITALY
"BioTek Instruments, Inc. Highland Park/Box",1,1,2009-03-12,2009-03-12,BIOTEK INSTRUMENTS HIGHLAND PARK BOX
Sorin Group Deutschland GmbH Lindberghstr. 25 Munich Germany,1,1,2017-10-30,2017-10-30,SORIN DEUTSCHLAND LINDBERGHSTR 25 MUNICH GERMANY
Genzyme Diagnostics,1,1,2004-02-23,2004-02-23,GENZYME DIAGNOSTICS
Insightra Medical Inc,1,1,2025-07-19,2025-07-19,INSIGHTRA MEDICAL
Sophysa Rue Sophie Germain Besancon France,1,1,2025-11-17,2025-11-17,SOPHYSA RUE SOPHIE GERMAIN BESANCON FRANCE
Sony Medical Systems,1,1,2015-01-13,2015-01-13,SONY MEDICAL SYSTEMS
Sony Latin America,1,1,2015-03-05,2015-03-05,SONY LATIN AMERICA
"Gentuity, LLC",1,1,2026-03-23,2026-03-23,GENTUITY
Sonogage Inc,1,1,2013-08-09,2013-08-09,SONOGAGE
"SonoSite, Inc.",1,1,2013-09-11,2013-09-11,SONOSITE
Biocare Systems Inc.,1,1,2006-06-14,2006-06-14,BIOCARE SYSTEMS
Sonesta Medical Ab Adolfsbergsvagen 31 Bromma Sweden,1,1,2017-03-08,2017-03-08,SONESTA MEDICAL ADOLFSBERGSVAGEN 31 BROMMA SWEDEN
Sonesta Medical AB Industrivagen,1,1,2025-08-22,2025-08-22,SONESTA MEDICAL INDUSTRIVAGEN
Biocartis Nv B 3 Generaal De Wittelaan 11 Mechelen Belgium,1,1,2024-12-10,2024-12-10,BIOCARTIS B 3 GENERAAL DE WITTELAAN 11 MECHELEN BELGIUM
Biochemical Diagnostics Inc,1,1,2015-09-14,2015-09-14,BIOCHEMICAL DIAGNOSTICS
Inova Lasers LLC,1,1,2020-01-29,2020-01-29,INOVA LASERS
"BioMimetic Therapeutics, LLC",1,1,2021-07-23,2021-07-23,BIOMIMETIC THERAPEUTICS
"Biosense Webster (israel), Ltd.",1,1,2020-06-22,2020-06-22,BIOSENSE WEBSTER ISRAEL
BioMedical Equipment Service Co (BMES),1,1,2021-02-25,2021-02-25,BIOMEDICAL EQUIPMENT SERVICE BMES
Bigwall Enterprises,1,1,2015-11-20,2015-11-20,BIGWALL ENTERPRISES
"Innovative Orthopedic Technologies, LLC",1,1,2021-09-13,2021-09-13,INNOVATIVE ORTHOPEDIC TECHNOLOGIES
Binding Site Inc The,1,1,2003-03-27,2003-03-27,BINDING SITE
Spiggle & Theis Mt Gmbh Lagerstr. 11 Dieburg Germany,1,1,2025-06-27,2025-06-27,SPIGGLE AND THEIS MT LAGERSTR 11 DIEBURG GERMANY
Spiegelberg Gmbh & Co. KG Tempowerkring 4 Hamburg Germany,1,1,2009-12-29,2009-12-29,SPIEGELBERG AND KG TEMPOWERKRING 4 HAMBURG GERMANY
"Binx Health, Inc.
 245 1st St Ste 18
 Riverview II
 Cambridge MA 02142-1292",1,1,2023-03-29,2023-03-29,BINX HEALTH 245 1ST ST STE 18 RIVERVIEW II CAMBRIDGE MA 02142 1292
"Spencer Technologies, Inc.",1,1,2004-02-19,2004-02-19,SPENCER TECHNOLOGIES
Innovative Sterlization Technologies LLC,1,1,2014-02-03,2014-02-03,INNOVATIVE STERLIZATION TECHNOLOGIES
Spectrum Medical Inc,1,1,2025-01-16,2025-01-16,SPECTRUM MEDICAL
Spectrum Dynamics 22 Bareket St Caesarea Israel,1,1,2011-07-15,2011-07-15,SPECTRUM DYNAMICS 22 BAREKET ST CAESAREA ISRAEL
"Bio-Rad Laboratories, Inc., Hercules, CA
 4000 Alfred Nobel Dr
 Hercules CA 94547-1803",1,1,2010-09-08,2010-09-08,BIO RAD LABORATORIES HERCULES CA 4000 ALFRED NOBEL DR HERCULES CA 94547 1803
Innovision A/S Skovvaenget 2 Glamsbjerg Denmark,1,1,2016-05-13,2016-05-13,INNOVISION A S SKOVVAENGET 2 GLAMSBJERG DENMARK
Bio-Rad Labroatories Inc.,1,1,2007-09-25,2007-09-25,BIO RAD LABROATORIES
"Specialized Health Products, Inc.",1,1,2003-04-17,2003-04-17,SPECIALIZED HEALTH PRODUCTS
Spark Biomedical Inc,1,1,2025-07-02,2025-07-02,SPARK BIOMEDICAL
Bio-Rad Labs,1,1,2019-04-03,2019-04-03,BIO RAD LABS
Ino Therapeutics,1,1,2010-11-30,2010-11-30,INO THERAPEUTICS
"Inogen, Inc",1,1,2005-08-01,2005-08-01,INOGEN
"Spacelabs Healthcare, Ltd. Foxholes Centre, Unit B John Tate Road Hertford United Kingdom",1,1,2017-10-11,2017-10-11,SPACELABS HEALTHCARE FOXHOLES CENTRE UNIT B JOHN TATE ROAD HERTFORD UNITED KINGDOM
"BioCheck, Inc.",1,1,2021-10-14,2021-10-14,BIOCHECK
"Inotech Biosystems Intl., Inc",1,1,2007-08-20,2007-08-20,INOTECH BIOSYSTEMS
"BioFire Diagnostics, Inc.",1,1,2014-05-27,2014-05-27,BIOFIRE DIAGNOSTICS
Getinge Disinfection Ljungadalsgatan,1,1,2013-07-30,2013-07-30,GETINGE DISINFECTION LJUNGADALSGATAN
Somatex Medical Technologies GmbH Rheinstr. 7 d Teltow Germany,1,1,2017-05-22,2017-05-22,SOMATEX MEDICAL TECHNOLOGIES RHEINSTR 7 D TELTOW GERMANY
Somatex Medical Technologies GMBH Hohenzollerndamm 150-151 Berlin Germany,1,1,2021-02-03,2021-02-03,SOMATEX MEDICAL TECHNOLOGIES HOHENZOLLERNDAMM 150 151 BERLIN GERMANY
Soma Access Systems LLC,1,1,2014-03-24,2014-03-24,SOMA ACCESS SYSTEMS
"Soleil Systems, Inc.",1,1,2004-08-02,2004-08-02,SOLEIL SYSTEMS
Sky Medical Supplies and Equipments LLC,1,1,2021-01-19,2021-01-19,SKY MEDICAL SUPPLIES AND EQUIPMENTS
"Biomedix, Inc.",1,1,2014-08-14,2014-08-14,BIOMEDIX
Integra Life Sciences Corp.,1,1,2003-03-19,2003-03-19,INTEGRA LIFE SCIENCES
Biomerica,1,1,2014-09-18,2014-09-18,BIOMERICA
Skeletal Dynamics,1,1,2014-10-16,2014-10-16,SKELETAL DYNAMICS
Biomet France SARL Plateau de Lautagne Valence Cedex,1,1,2016-01-21,2016-01-21,BIOMET FRANCE SARL PLATEAU DE LAUTAGNE VALENCE CEDEX
Simmler Inc,1,1,2002-12-12,2002-12-12,SIMMLER
Silver Star Brands,1,1,2014-10-10,2014-10-10,SILVER STAR BRANDS
Silkprousa LLC,1,1,2024-05-20,2024-05-20,SILKPROUSA
Silk Road Medical Inc,1,1,2021-01-13,2021-01-13,SILK ROAD MEDICAL
"Silhouette Lift, Inc.",1,1,2015-07-02,2015-07-02,SILHOUETTE LIFT
Biomet Spine LLC.,1,1,2011-03-09,2011-03-09,BIOMET SPINE
Signature Orthopedics Pty Limited,1,1,2018-02-02,2018-02-02,SIGNATURE ORTHOPEDICS PTY
"Signature Orthopaedics Europe Ltd Unit A, IDA Business & Technology Park Garrycastle Athlone Ireland",1,1,2019-10-09,2019-10-09,SIGNATURE ORTHOPAEDICS EUROPE UNIT A IDA BUSINESS AND TECHNOLOGY PARK GARRYCASTLE ATHLONE IRELAND
"Genesys Orthopedics Systems, LLC
 1250 S Capital of Texas Hwy Ste 600 
 Bldg # 3
 West Lake Hills TX 78746-6446",1,1,2015-11-05,2015-11-05,GENESYS ORTHOPEDICS SYSTEMS 1250 S CAPITAL OF TEXAS HWY STE 600 BLDG 3 WEST LAKE HILLS TX 78746 6446
Integra Lifesciences Sales Llc,1,1,2019-11-04,2019-11-04,INTEGRA LIFESCIENCES SALES
"Sight Sciences, Inc.",1,1,2022-03-23,2022-03-23,SIGHT SCIENCES
Sierra Scientific Instruments Inc,1,1,2011-10-12,2011-10-12,SIERRA SCIENTIFIC INSTRUMENTS
"Genesys Orthopedics Systems, LLC",1,1,2014-04-02,2014-04-02,GENESYS ORTHOPEDICS SYSTEMS
"Siemens Medical Solutions, Oncology Care Systems, 4040 Nelson Ave., Concord, CA 94510
 4040 Nelson Ave
 Concord CA 94520-1200",1,1,2010-08-13,2010-08-13,SIEMENS MEDICAL SOLUTIONS ONCOLOGY CARE SYSTEMS 4040 NELSON AVE CONCORD CA 94510 4040 NELSON AVE CONCORD CA 94520 1200
Biorep Technologies,1,1,2014-03-19,2014-03-19,BIOREP TECHNOLOGIES
"Siemens Medical Solutions USA, Inc., Concord, CA 
 4040 Nelson Ave
 Concord CA 94520-1200",1,1,2010-12-03,2010-12-03,SIEMENS MEDICAL SOLUTIONS CONCORD CA 4040 NELSON AVE CONCORD CA 94520 1200
Bios S.r.l. Via Guido Rossa 10/12 Vimodrone Italy,1,1,2017-07-13,2017-07-13,BIOS S R L VIA GUIDO ROSSA 10 12 VIMODRONE ITALY
"Biomedicare, Inc.",1,1,2007-06-29,2007-06-29,BIOMEDICARE
"Integra Burlington MA, Inc.",1,1,2013-03-18,2013-03-18,INTEGRA BURLINGTON MA
Sleep Modus,1,1,2010-09-15,2010-09-15,SLEEP MODUS
Biointellisense Inc. 570 El Camino Real,1,1,2024-07-19,2024-07-19,BIOINTELLISENSE 570 EL CAMINO REAL
"Solafeet, Inc.",1,1,2009-09-08,2009-09-08,SOLAFEET
"Biocompatibles U.K., Ltd. Bortoli House Weydon Lane; Old Farnham Lane Farnham United Kingdom",1,1,2015-09-21,2015-09-21,BIOCOMPATIBLES U K BORTOLI HOUSE WEYDON LANE OLD FARNHAM LANE FARNHAM UNITED KINGDOM
"Biocomposites, Ltd. Keele Science Park Keele Staffordshire United Kingdom",1,1,2020-11-12,2020-11-12,BIOCOMPOSITES KEELE SCIENCE PARK KEELE STAFFORDSHIRE UNITED KINGDOM
Sofradim Production 116 avenue de Formans Trevoux France,1,1,2018-02-23,2018-02-23,SOFRADIM PRODUCTION 116 AVENUE DE FORMANS TREVOUX FRANCE
Sobel Westex,1,1,2020-08-13,2020-08-13,SOBEL WESTEX
"Instituto Grifols, S.A. # 2 Can Guasch Street, Poligono Levante Parets Del Valles",1,1,2005-11-29,2005-11-29,INSTITUTO GRIFOLS S A 2 CAN GUASCH STREET POLIGONO LEVANTE PARETS DEL VALLES
"Instratek, Incorporated",1,1,2012-09-18,2012-09-18,INSTRATEK
"Instratek, Incorporated
 15200 Middlebrook Dr
 Ste G
 Houston TX 77058-1216",1,1,2013-04-25,2013-04-25,INSTRATEK 15200 MIDDLEBROOK DR STE G HOUSTON TX 77058 1216
"Biogenex Laboratories, Inc.",1,1,2014-07-01,2014-07-01,BIOGENEX LABORATORIES
Smiths Medical International Ltd Reachfields Boundry Road Hythe United Kingdom,1,1,2005-06-07,2005-06-07,SMITHS MEDICAL REACHFIELDS BOUNDRY ROAD HYTHE UNITED KINGDOM
"Instratek, Incorporated
 15200 Middlebrook Dr Ste G
 Houston TX 77058-1217",1,1,2015-11-24,2015-11-24,INSTRATEK 15200 MIDDLEBROOK DR STE G HOUSTON TX 77058 1217
Integra Biotechnical LLC,1,1,2007-02-01,2007-02-01,INTEGRA BIOTECHNICAL
"Biokit, S.A. Avinguda De Can Montcau 7 (Barcelona) Llica D'Amunt Spain",1,1,2022-09-28,2022-09-28,BIOKIT S A AVINGUDA DE CAN MONTCAU 7 BARCELONA LLICA D AMUNT SPAIN
"Smiths Medical ASD, Inc",1,0,2004-01-26,2004-01-26,SMITHS MEDICAL ASD
Smith and Nephew Wound Management (La Jolla),1,1,2003-05-02,2003-05-02,SMITH AND NEPHEW WOUND MANAGEMENT LA JOLLA
"Instrumentarium Dental, Inc.",1,1,2006-04-28,2006-04-28,INSTRUMENTARIUM DENTAL
"Instrumentarium Dental, PaloDEx Group Oy Nahkelantie 160 Tuusula Finland",1,1,2014-01-14,2014-01-14,INSTRUMENTARIUM DENTAL PALODEX NAHKELANTIE 160 TUUSULA FINLAND
"Smith & Nephew Orthopaedics Ltd. (Aurora) Aurora, Spa Park Harrison Way Leamington Spa United Kingdom",1,1,2021-07-14,2021-07-14,SMITH AND NEPHEW ORTHOPAEDICS AURORA AURORA PARK HARRISON WAY LEAMINGTON UNITED KINGDOM
Smith & Nephew Orthopaedics AG Schachenallee 29 Aarau Switzerland,1,1,2020-07-22,2020-07-22,SMITH AND NEPHEW ORTHOPAEDICS SCHACHENALLEE 29 AARAU SWITZERLAND
Biological and Environmental Control Laboratories Inc,1,1,2006-03-29,2006-03-29,BIOLOGICAL AND ENVIRONMENTAL CONTROL LABORATORIES
Gentian AS Bjornasveien,1,1,2020-09-02,2020-09-02,GENTIAN BJORNASVEIEN
Small Bone Innovations,1,1,2014-05-19,2014-05-19,SMALL BONE INNOVATIONS
"Taewoong Medical Co., Ltd. 14 Gojeong-ro, Wolgot-Myeon, Gimpo-Si, Gyeonggi-Do Korea (the Republic of)",1,1,2019-10-18,2019-10-18,TAEWOONG MEDICAL 14 GOJEONG RO WOLGOT MYEON GIMPO SI GYEONGGI DO KOREA REPUBLIC OF
Epocal Inc,1,1,2011-06-28,2011-06-28,EPOCAL
Aspen Surgical Puerto Rico Corp. Rd 183 Km 20.3 Las,1,1,2016-06-27,2016-06-27,ASPEN SURGICAL PUERTO RICO RD 183 KM 20 3 LAS
W & H DentalWerk Buermoos GMBH 53 Ignaz-Glazer-Strasse Burmoos Austria,1,1,2011-05-24,2011-05-24,W AND H DENTALWERK BUERMOOS 53 IGNAZ GLAZER STRASSE BURMOOS AUSTRIA
Acera Surgical Inc,1,1,2022-03-21,2022-03-21,ACERA SURGICAL
"Acon Biotech (Hangzhou) Co., Ltd.",1,1,2022-01-09,2022-01-09,ACON BIOTECH HANGZHOU
WAVi Co.,1,1,2023-12-08,2023-12-08,WAVI
WASATCH PHOTONICS,1,1,2025-08-04,2025-08-04,WASATCH PHOTONICS
WANDERCRAFT SAS,1,1,2025-04-03,2025-04-03,WANDERCRAFT SAS
WALLAC OY Mustionkatu 6 Turku Varsinais-Suomi Finland,1,1,2026-05-18,2026-05-18,WALLAC MUSTIONKATU 6 TURKU VARSINAIS SUOMI FINLAND
"Acon Laboratories, Inc.",1,1,2015-06-17,2015-06-17,ACON LABORATORIES
Acorn Stairlifts Inc,1,1,2016-02-17,2016-02-17,ACORN STAIRLIFTS
"Acorn Stairlifts, Inc",1,1,2016-04-20,2016-04-20,ACORN STAIRLIFTS
Hiossen Inc. Keystone Industrial Port Complex,1,1,2023-04-06,2023-04-06,HIOSSEN KEYSTONE INDUSTRIAL PORT COMPLEX
W & H DentalWerk Burmoos GMBH Site 1 Ignaz-Glaser-Strasse 53 Burmoos Austria,1,1,2017-12-21,2017-12-21,W AND H DENTALWERK BURMOOS SITE 1 IGNAZ GLASER STRASSE 53 BURMOOS AUSTRIA
W & H DENTALWERK BUERMOOS GMBH Ignaz Glaser Strase 53 53 IGNAZ-GLASER-STRASSE BUERMOOS Austria,1,1,2024-01-16,2024-01-16,W AND H DENTALWERK BUERMOOS IGNAZ GLASER STRASE 53 53 IGNAZ GLASER STRASSE BUERMOOS AUSTRIA
"Adler MicroMed, Inc.",1,1,2021-04-23,2021-04-23,ADLER MICROMED
Vysis,1,1,2004-02-19,2004-02-19,VYSIS
"Hitachi Aloka Medical, Ltd.",1,1,2014-06-11,2014-06-11,HITACHI ALOKA MEDICAL
Acrymed Incorporated,1,1,2008-06-30,2008-06-30,ACRYMED
"HANGZHOU BEVER MEDICAL DEVICES CO., LTD.",1,1,2025-11-29,2025-11-29,HANGZHOU BEVER MEDICAL DEVICES
"AcuFocus, Inc.",1,1,2016-02-11,2016-02-11,ACUFOCUS
"Vycor Medical, Inc.",1,1,2012-08-21,2012-08-21,VYCOR MEDICAL
"Vyaire Medical, Inc. Leibnizstr. 7 Hochberg Germany",1,1,2024-04-08,2024-04-08,VYAIRE MEDICAL LEIBNIZSTR 7 HOCHBERG GERMANY
Acute Innovations Llc,1,1,2011-02-28,2011-02-28,ACUTE INNOVATIONS
Hitachi Chemical Diagnostics Inc,1,1,2012-12-21,2012-12-21,HITACHI CHEMICAL DIAGNOSTICS
Adenna Inc,1,1,2011-12-22,2011-12-22,ADENNA
Voluntis 22 Quai Gallieni Suresnes France,1,1,2018-10-08,2018-10-08,VOLUNTIS 22 QUAI GALLIENI SURESNES FRANCE
HEALTH ROBOTICS S.R.L. Via Sebastian Altmann 9 A 39100 Bolzano Italy,1,1,2016-11-23,2016-11-23,HEALTH ROBOTICS S R L VIA SEBASTIAN ALTMANN 9 A 39100 BOLZANO ITALY
WHPM Inc.,1,1,2022-03-04,2022-03-04,WHPM
WISSNER-BOSSERHOFF GMBH Hauptstr. 4-6 Wickede (Ruhr) Germany,1,1,2022-07-11,2022-07-11,WISSNER BOSSERHOFF HAUPTSTR 4 6 WICKEDE RUHR GERMANY
"WNCK, Inc",1,1,2005-11-30,2005-11-30,WNCK
HUBO INTERNATIONAL INC,1,1,2020-10-23,2020-10-23,HUBO
"Heritage Medical Products, Inc.",1,1,2016-09-02,2016-09-02,HERITAGE MEDICAL PRODUCTS
Access Scientific Inc,1,1,2013-08-16,2013-08-16,ACCESS SCIENTIFIC
"Access Vascular, Inc.",1,1,2021-02-24,2021-02-24,ACCESS VASCULAR
Wally's Natural Products,1,1,2010-02-17,2010-02-17,WALLY S NATURAL PRODUCTS
Walkmed Infusion LLC,1,1,2010-06-17,2010-06-17,WALKMED INFUSION
"WalkMed, LLC",1,1,2017-09-27,2017-09-27,WALKMED
Hermes Medical Solutions AB Strandbergsgatan 16 Stockholm Sweden,1,1,2024-10-31,2024-10-31,HERMES MEDICAL SOLUTIONS STRANDBERGSGATAN 16 STOCKHOLM SWEDEN
Walgreen Company,1,1,2011-11-23,2011-11-23,WALGREEN
Acclarent Inc,1,1,2006-01-20,2006-01-20,ACCLARENT
Accora Inc,1,1,2021-06-21,2021-06-21,ACCORA
Waldemar Link GmbH & Co. KG (Corp. Hq.) Barkhausenweg 10 Hamburg Germany,1,1,2024-09-11,2024-09-11,WALDEMAR LINK AND KG HQ BARKHAUSENWEG 10 HAMBURG GERMANY
"Accriva Diagnostics Inc., dba ITC, dba Accumetrics",1,1,2016-04-22,2016-04-22,ACCRIVA DIAGNOSTICS ITC ACCUMETRICS
"Wal Mart Stores, Inc",1,1,2014-02-26,2014-02-26,WAL MART STORES
"Wako Life Sciences, Inc.",1,1,2013-04-30,2013-04-30,WAKO LIFE SCIENCES
"Wako Chemicals, USA Inc",1,1,2006-07-06,2006-07-06,WAKO CHEMICALS
Hero Health,1,1,2021-07-02,2021-07-02,HERO HEALTH
"HILL-ROM MANUFACTURING, INC.",1,1,2017-09-15,2017-09-15,HILL ROM MANUFACTURING
"Waismed Ltd 10, Amal St Rosh Haayin Israel",1,1,2016-08-18,2016-08-18,WAISMED 10 AMAL ST ROSH HAAYIN ISRAEL
"Accure Acne, Inc",1,1,2023-12-06,2023-12-06,ACCURE ACNE
"WRP Asia Pacific Sdn Bhd Lot 1, Perusahaan Bandar Baru Jalan",1,1,2018-05-07,2018-05-07,WRP ASIA PACIFIC SDN BHD LOT 1 PERUSAHAAN BANDAR BARU JALAN
Accuro Medical Product LLC,1,1,2012-08-31,2012-08-31,ACCURO MEDICAL PRODUCT
HF Acquisition Co. LLC,1,1,2020-06-05,2020-06-05,HF ACQUISITION
Adept-Med International Inc,1,1,2004-08-17,2004-08-17,ADEPT MED
"Advance Dx, Inc.",1,1,2021-07-06,2021-07-06,ADVANCE DX
Asensus Surgical Inc,1,1,2023-09-15,2023-09-15,ASENSUS SURGICAL
Afassco Inc,1,1,2012-02-08,2012-02-08,AFASSCO
"Advanced Research Medical, LLC",1,1,2023-03-14,2023-03-14,ADVANCED RESEARCH MEDICAL
"Aerin Medical, Inc.",1,1,2024-11-12,2024-11-12,AERIN MEDICAL
Aerolase,1,1,2011-06-07,2011-06-07,AEROLASE
"Gulf Medical Fiberoptics, Inc.",1,1,2011-05-13,2011-05-13,GULF MEDICAL FIBEROPTICS
"Vidco, Inc.",1,1,2015-11-08,2015-11-08,VIDCO
"Victus, Inc.",1,1,2011-09-20,2011-09-20,VICTUS
"Gulf Fiberoptics, Inc.",1,1,2012-04-09,2012-04-09,GULF FIBEROPTICS
"Vertebral Technologies, Inc.",1,1,2017-01-13,2017-01-13,VERTEBRAL TECHNOLOGIES
"Aesthetics Biomedical, Inc.",1,1,2020-03-13,2020-03-13,AESTHETICS BIOMEDICAL
Aesthetics Systems Usa Inc,1,1,2021-08-23,2021-08-23,AESTHETICS SYSTEMS
"Vermed, Inc.",1,1,2011-02-08,2011-02-08,VERMED
Affymetrix Inc,1,1,2016-04-14,2016-04-14,AFFYMETRIX
Voco GmbH Anton-Flettner-Strasse 1-3 Cuxhaven Germany,1,1,2016-11-03,2016-11-03,VOCO ANTON FLETTNER STRASSE 1 3 CUXHAVEN GERMANY
Verathon Inc,1,1,2017-03-03,2017-03-03,VERATHON
Guidant Corporation Advanced CardiovascularSystem,1,1,2005-01-27,2005-01-27,GUIDANT ADVANCED CARDIOVASCULARSYSTEM
"Affymetrix, Inc.",1,1,2005-04-26,2005-04-26,AFFYMETRIX
Agendia Inc,1,1,2010-03-03,2010-03-03,AGENDIA
Hudson Respiratory Care Inc,1,1,2004-04-20,2004-04-20,HUDSON RESPIRATORY CARE
Hudson Scientific LLC,1,1,2018-07-02,2018-07-02,HUDSON SCIENTIFIC
Venoscope LLC,1,1,2005-04-28,2005-04-28,VENOSCOPE
Venetec Intl Inc,1,1,2003-05-12,2003-05-12,VENETEC
"Velocity Medical Solutions, LLC",1,1,2013-07-25,2013-07-25,VELOCITY MEDICAL SOLUTIONS
Velano Vascular,1,1,2021-11-10,2021-11-10,VELANO VASCULAR
Vectornate USA Inc,1,1,2021-02-16,2021-02-16,VECTORNATE
"Home Health US, Incorporated",1,1,2025-07-25,2025-07-25,HOME HEALTH
Virtual Radiologic Corp.,1,1,2023-05-09,2023-05-09,VIRTUAL RADIOLOGIC
"Advanced Orthogonal Equipment, Incorporated",1,1,2013-03-06,2013-03-06,ADVANCED ORTHOGONAL EQUIPMENT
Viscot Medical LLC,1,1,2012-08-22,2012-08-22,VISCOT MEDICAL
Advance Medical Designs Inc,1,1,2004-06-18,2004-06-18,ADVANCE MEDICAL DESIGNS
"Vivorte, Inc.",1,1,2018-09-09,2018-09-09,VIVORTE
"Vitrolife, Inc.",1,1,2011-05-12,2011-05-12,VITROLIFE
Vitrolife Inc,1,1,2014-12-22,2014-12-22,VITROLIFE
Advance-Esthetic LLC,1,1,2023-10-09,2023-10-09,ADVANCE ESTHETIC
Hitachi Healthcare Americas Corp Informatics Division,1,1,2018-08-28,2018-08-28,HITACHI HEALTHCARE AMERICAS INFORMATICS DIVISION
Vitalgo Inc.,1,1,2018-04-12,2018-04-12,VITALGO
Vitalconnect Inc.,1,1,2020-05-21,2020-05-21,VITALCONNECT
"HANGZHOU ACOSOUND TECHNOLOGY CO., LTD. No.2 Building Room 401 No.",1,1,2025-04-25,2025-04-25,HANGZHOU ACOSOUND TECHNOLOGY NO 2 BUILDING ROOM 401 NO
"Hitachi Ltd., Medical System Operations Group 2-1 Shintoyofuta Kashiwa Japan",1,1,2017-12-08,2017-12-08,HITACHI MEDICAL SYSTEM OPERATIONS 2 1 SHINTOYOFUTA KASHIWA JAPAN
"Advanced Instruments, Inc. Two Technology Way",1,1,2011-01-19,2011-01-19,ADVANCED INSTRUMENTS TWO TECHNOLOGY WAY
"H & P Industries, Inc. dba Triad Group",1,1,2010-12-23,2010-12-23,H AND P INDUSTRIES TRIAD
Visx Inc,1,1,2007-05-30,2007-05-30,VISX
H & H Associates,1,1,2013-08-27,2013-08-27,H AND H ASSOCIATES
Hoana Medical,1,1,2007-11-07,2007-11-07,HOANA MEDICAL
"Visionsense, Ltd. 20 Hamagshimim St. Petach, Tikva Israel",1,1,2011-03-21,2011-03-21,VISIONSENSE 20 HAMAGSHIMIM ST PETACH TIKVA ISRAEL
"Gyrus Medical, Inc.",1,1,2006-05-15,2006-05-15,GYRUS MEDICAL
"Vision Systems Group, A Div of Viking Systems",1,1,2007-04-05,2007-04-05,VISION SYSTEMS A DIV OF VIKING SYSTEMS
Hocoma AG Florastrasse 47 Zuerich Switzerland,1,1,2009-05-27,2009-05-27,HOCOMA FLORASTRASSE 47 ZUERICH SWITZERLAND
Hocoma AG Industriestrasse 4 Volketswil Switzerland,1,1,2020-06-08,2020-06-08,HOCOMA INDUSTRIESTRASSE 4 VOLKETSWIL SWITZERLAND
Gynex Corporation,1,1,2012-09-06,2012-09-06,GYNEX
Hollister Stier Laboratories LLC,1,1,2006-04-20,2006-04-20,HOLLISTER STIER LABORATORIES
Home Access Health Corp (HAHC),1,1,2006-10-06,2006-10-06,HOME ACCESS HEALTH HAHC
Waters Medical Systems LLC,1,1,2022-03-21,2022-03-21,WATERS MEDICAL SYSTEMS
Watson Diagnostics Inc.,1,1,2003-08-07,2003-08-07,WATSON DIAGNOSTICS
Wavelight AG Industriegebiet Doellnitz 5 Pressath Germany,1,1,2011-04-18,2011-04-18,WAVELIGHT INDUSTRIEGEBIET DOELLNITZ 5 PRESSATH GERMANY
APN Health LLC,1,1,2023-11-07,2023-11-07,APN HEALTH
"Zimmer Austin, Inc",1,1,2004-12-17,2004-12-17,ZIMMER AUSTIN
"Zien Medical Technologies, Inc",1,1,2015-08-18,2015-08-18,ZIEN MEDICAL TECHNOLOGIES
"Healthway Home Products, Inc.",1,1,2012-01-09,2012-01-09,HEALTHWAY HOME PRODUCTS
"Zhejiang Luyao Electronics Technology Co., Ltd. Pingyang County Wenzhou China",1,1,2025-01-17,2025-01-17,ZHEJIANG LUYAO ELECTRONICS TECHNOLOGY PINGYANG COUNTY WENZHOU CHINA
"AMEDA, INC.",1,1,2017-07-10,2017-07-10,AMEDA
AMF Support Surfaces Inc,1,1,2005-01-27,2005-01-27,AMF SUPPORT SURFACES
"AMO Puerto Rico Manufacturing, Inc. Rd #",1,1,2026-02-19,2026-02-19,AMO PUERTO RICO MANUFACTURING RD
Handicare Accessibility,1,1,2012-11-29,2012-11-29,HANDICARE ACCESSIBILITY
Zest Anchors Inc,1,1,2008-04-09,2008-04-09,ZEST ANCHORS
"Zeppessis Reprocessing, LLC",1,1,2013-08-16,2013-08-16,ZEPPESSIS REPROCESSING
AMTEC SALES Inc,1,1,2021-08-12,2021-08-12,AMTEC SALES
ARJOHUNTLEIGH POLSKA SP. ZO.O. UI. KS. WAWRZYNIAKA 2 KOMORNIKI POZNAN Poland,1,1,2014-06-10,2014-06-10,ARJOHUNTLEIGH POLSKA SP ZO O UI KS WAWRZYNIAKA 2 KOMORNIKI POZNAN POLAND
Weber Marking System Inc.,1,1,2003-09-12,2003-09-12,WEBER MARKING SYSTEM
Hand Biomechanics Lab Inc,1,1,2016-09-14,2016-09-14,HAND BIOMECHANICS LAB
Zap Lasers LLC,1,1,2008-08-08,2008-08-08,ZAP LASERS
"Heartport, Inc. Route",1,1,2005-04-12,2005-04-12,HEARTPORT ROUTE
ZIMMER ORTHOPEDICS MANFACTURING LIMITED-GALWAY Deerpark Industrial Estate Oranmore Ireland,1,1,2025-03-03,2025-03-03,ZIMMER ORTHOPEDICS MANFACTURING GALWAY DEERPARK INDUSTRIAL ESTATE ORANMORE IRELAND
Young Dental Mfg Co I LLC,1,1,2021-12-29,2021-12-29,YOUNG DENTAL MFG I
"Hebron International, Inc.",1,1,2006-05-10,2006-05-10,HEBRON
"Young Dental Manufacturing Co, LLC",1,1,2019-10-30,2019-10-30,YOUNG DENTAL MANUFACTURING
Heidelberg Engineering,1,1,2017-12-08,2017-12-08,HEIDELBERG ENGINEERING
"AS Software, Inc.",1,1,2018-09-20,2018-09-20,SOFTWARE
Xsensor Technology Corporation 111,1,1,2009-07-20,2009-07-20,XSENSOR TECHNOLOGY 111
"Xoran Technologies, LLC",1,1,2014-09-08,2014-09-08,XORAN TECHNOLOGIES
"AMD Lasers, LLC",1,1,2010-04-15,2010-04-15,AMD LASERS
AGILENT TECHNOLOGIES INC./US,1,1,2023-02-17,2023-02-17,AGILENT TECHNOLOGIES
Health Care Manufacturing Inc,1,1,2003-05-15,2003-05-15,HEALTH CARE MANUFACTURING
"ACUTE Innovations, LLC",1,1,2013-10-30,2013-10-30,ACUTE INNOVATIONS
"superDimension, Inc",1,1,2012-06-18,2012-06-18,SUPERDIMENSION
p-Chip Corporation,1,1,2021-03-03,2021-03-03,P CHIP
mobility unlimited inc,1,1,2013-04-11,2013-04-11,MOBILITY UNLIMITED
"3B Medical, Inc.
 203 Avenue A Nw Ste 300
 Winter Haven FL 33881-4540",1,1,2024-11-27,2024-11-27,3B MEDICAL 203 AVENUE A NW STE 300 WINTER HAVEN FL 33881 4540
iwalk inc,1,1,2012-10-26,2012-10-26,IWALK
Handpiece Headquarters,1,1,2018-04-04,2018-04-04,HANDPIECE HEADQUARTERS
"ev3, Inc.",1,1,2016-03-29,2016-03-29,EV3
3M Espe Dental Products,1,1,2007-02-12,2007-02-12,3M ESPE DENTAL PRODUCTS
eSwallow USA LLC,1,1,2011-06-22,2011-06-22,ESWALLOW
3M Unitek Corporation,1,1,2024-11-26,2024-11-26,3M UNITEK
Harvest Technologies Corporation,1,1,2013-09-11,2013-09-11,HARVEST TECHNOLOGIES
Zoll Medical Corporation,1,1,2024-05-31,2024-05-31,ZOLL MEDICAL
Zoll Manufacturing Corp.,1,1,2017-09-12,2017-09-12,ZOLL MANUFACTURING
3m Imtec Corporation,1,1,2010-05-14,2010-05-14,3M IMTEC
A & D Enginering Inc,1,1,2016-09-12,2016-09-12,A AND D ENGINERING
Zinnanti Surgical Design LLC,1,1,2007-07-12,2007-07-12,ZINNANTI SURGICAL DESIGN
"He, Inc",1,1,2010-03-01,2010-03-01,HE
Healgen Scientific Llc,1,1,2024-08-22,2024-08-22,HEALGEN SCIENTIFIC
A-Dec Inc,1,1,2009-04-01,2009-04-01,A DEC
A.R.C. Laser Corp,1,1,2003-06-06,2003-06-06,A R C LASER
AB SCIEX,1,1,2021-10-04,2021-10-04,SCIEX
AB ULAX Merkuriusgatan 8 Motala Sweden,1,1,2020-09-04,2020-09-04,ULAX MERKURIUSGATAN 8 MOTALA SWEDEN
ACTIM OY Klovinpellontie 3 Espoo Finland,1,1,2023-11-23,2023-11-23,ACTIM KLOVINPELLONTIE 3 ESPOO FINLAND
"ASI Medical, Inc.",1,1,2013-11-05,2013-11-05,ASI MEDICAL
Xoft Inc.,1,1,2011-02-03,2011-02-03,XOFT
Heidelberg Engineering GmbH Tiergartenstr. 15 Heidelberg Germany,1,1,2019-07-03,2019-07-03,HEIDELBERG ENGINEERING TIERGARTENSTR 15 HEIDELBERG GERMANY
Abbott Electrophysiology,1,1,2015-08-12,2015-08-12,ABBOTT ELECTROPHYSIOLOGY
"William C. Domb, D.M.D., A Professional Corporation",1,1,2014-04-23,2014-04-23,WILLIAM C DOMB D M D A PROFESSIONAL
Wiener Laboratories Street Riobamba Argentina,1,1,2017-11-10,2017-11-10,WIENER LABORATORIES STREET RIOBAMBA ARGENTINA
Widex A/S Nymollevej 6 Lynge Denmark,1,1,2018-08-31,2018-08-31,WIDEX A S NYMOLLEVEJ 6 LYNGE DENMARK
Whiteside Biomechanics,1,1,2006-09-15,2006-09-15,WHITESIDE BIOMECHANICS
Whirlpool Corporation World Headquarters Benton,1,1,2020-07-02,2020-07-02,WHIRLPOOL WORLD HEADQUARTERS BENTON
Abbott GmBH & Co. KG Max-Planck-Ring 2 65205 Wiesbaden Germany,1,1,2019-10-23,2019-10-23,ABBOTT AND KG MAX PLANCK RING 2 65205 WIESBADEN GERMANY
HUMAN MED AG Wilhelm-Hennemann-Str. 9 Schwerin Germany,1,1,2024-10-18,2024-10-18,HUMAN MED WILHELM HENNEMANN STR 9 SCHWERIN GERMANY
Wfr/aquaplast Corp,1,1,2016-01-07,2016-01-07,WFR AQUAPLAST
Wexford Labs Inc,1,1,2013-09-10,2013-09-10,WEXFORD LABS
"Westone Laboratories, Inc.",1,1,2012-07-13,2012-07-13,WESTONE LABORATORIES
Abbott Gmbh & Co. KG Max-planck-ring 2 65205 Wiesbaden Germany,1,1,2018-12-20,2018-12-20,ABBOTT AND KG MAX PLANCK RING 2 65205 WIESBADEN GERMANY
"Abbott Health Products, Inc. Hwy 2 Km 58.0 Cruze Davila",1,1,2005-03-23,2005-03-23,ABBOTT HEALTH PRODUCTS HWY 2 KM 58 0 CRUZE DAVILA
Abbott Ireland Limited Finisklin Business & Technology Park Sligo Ireland,1,1,2023-04-24,2023-04-24,ABBOTT IRELAND FINISKLIN BUSINESS AND TECHNOLOGY PARK SLIGO IRELAND
Abbott Laboratories Inc. (St Jude Medical) One,1,1,2019-04-05,2019-04-05,ABBOTT LABORATORIES ST JUDE MEDICAL ONE
Abbott Labs,1,1,2004-05-11,2004-05-11,ABBOTT LABS
"Abbott Nutrition, Abbott Laboratories",1,1,2009-09-04,2009-09-04,ABBOTT NUTRITION ABBOTT LABORATORIES
"West Pharmaceutical Services AZ, Inc.",1,1,2024-09-24,2024-09-24,WEST PHARMACEUTICAL SERVICES AZ
Abbott Vascular Devices,1,1,2003-07-21,2003-07-21,ABBOTT VASCULAR DEVICES
"Wescam Inc
 649 North Service Road West
 Burlington Canada Ontario",1,1,2009-08-01,2009-08-01,WESCAM 649 NORTH SERVICE ROAD WEST BURLINGTON CANADA ONTARIO
Wescam Inc,1,1,2018-05-08,2018-05-08,WESCAM
Wellspring Pharmaceutical Corporation,1,1,2014-03-25,2014-03-25,WELLSPRING PHARMACEUTICAL
Ability Dynamics LLC,1,1,2014-06-02,2014-06-02,ABILITY DYNAMICS
Acacia Engineered Products LLC,1,1,2008-07-09,2008-07-09,ACACIA ENGINEERED PRODUCTS
WillowWood Global Llc,1,1,2021-04-20,2021-04-20,WILLOWWOOD GLOBAL
Abbott Diagnostics Technologies AS Kjelsasveien,1,1,2024-06-17,2024-06-17,ABBOTT DIAGNOSTICS TECHNOLOGIES KJELSASVEIEN
"Xlumena, Inc.",1,1,2013-04-17,2013-04-17,XLUMENA
Abbott Diagnostics Technologies AS Kjelsaasveien,1,1,2020-03-23,2020-03-23,ABBOTT DIAGNOSTICS TECHNOLOGIES KJELSAASVEIEN
Heinz Kurz GmbH Medizintechnik Tuebinger Strasse 3 Dillingen Germany,1,1,2011-04-27,2011-04-27,HEINZ KURZ MEDIZINTECHNIK TUEBINGER STRASSE 3 DILLINGEN GERMANY
"Xhale Assurance, Inc.",1,1,2019-05-08,2019-05-08,XHALE ASSURANCE
ASPEN SURGICAL,1,1,2024-06-03,2024-06-03,ASPEN SURGICAL
Hager & Meisinger Gmbh Ronsdorferstrasse 22 Dusseldorf Germany,1,1,2018-11-07,2018-11-07,HAGER AND MEISINGER RONSDORFERSTRASSE 22 DUSSELDORF GERMANY
XVIVO PERFUSION AB Massans Gata 10 Goteborg Sweden,1,1,2022-04-08,2022-04-08,XVIVO PERFUSION MASSANS GATA 10 GOTEBORG SWEDEN
XENEX Disinfection Services Inc.,1,1,2024-03-18,2024-03-18,XENEX DISINFECTION SERVICES
"ASTRA, LLC",1,1,2019-04-25,2019-04-25,ASTRA
X-Laser Llc,1,1,2017-07-24,2017-07-24,X LASER
X-Cel X-Ray Corp,1,1,2002-11-12,2002-11-12,X CEL X RAY
HemoCue AB Kuvettgatan 1 Angelholm Sweden,1,1,2025-05-12,2025-05-12,HEMOCUE KUVETTGATAN 1 ANGELHOLM SWEDEN
Hager & Meisinger Gmbh Hansemannstr. 10 Neuss Germany,1,1,2020-07-15,2020-07-15,HAGER AND MEISINGER HANSEMANNSTR 10 NEUSS GERMANY
"Worldwide Medical Technologies, LLC",1,1,2011-08-12,2011-08-12,WORLDWIDE MEDICAL TECHNOLOGIES
AZURE BIOTECH INC,1,1,2021-03-02,2021-03-02,AZURE BIOTECH
"Wolf, Henke Sass, Gmbh Kronenstrasse 16 Tuttlingen Germany",1,1,2023-07-27,2023-07-27,WOLF HENKE SASS KRONENSTRASSE 16 TUTTLINGEN GERMANY
Aadco Medical Inc.,1,1,2007-11-01,2007-11-01,AADCO MEDICAL
Witt Biomedical Corporation,1,1,2005-09-16,2005-09-16,WITT BIOMEDICAL
Withings Sas 2 rue Maurice Hartmann Issy les Moulineaux France,1,1,2018-06-11,2018-06-11,WITHINGS SAS 2 RUE MAURICE HARTMANN ISSY LES MOULINEAUX FRANCE
Withings 37 Bis Rue Du General Leclerc Issy les Moulineaux CEDEX France,1,1,2022-12-19,2022-12-19,WITHINGS 37 BIS RUE DU GENERAL LECLERC ISSY LES MOULINEAUX CEDEX FRANCE
Aaren Scientific Inc.,1,1,2017-09-01,2017-09-01,AAREN SCIENTIFIC
Haemacure Corporation,1,1,2009-11-16,2009-11-16,HAEMACURE
"Abbott Diagnostics Division, 5440 Patrick Henry Drive, Santa Clara, CA
 5440 Patrick Henry Dr
 Santa Clara CA 95054-1113",1,1,2010-07-23,2010-07-23,ABBOTT DIAGNOSTICS DIVISION 5440 PATRICK HENRY DRIVE SANTA CLARA CA 5440 PATRICK HENRY DR SANTA CLARA CA 95054 1113
"Abbott Diagnostics International, Ltd. Carr # 2 Km 58.0 Cruce Davila",1,1,2009-12-30,2009-12-30,ABBOTT DIAGNOSTICS CARR 2 KM 58 0 CRUCE DAVILA
"Winco, Inc.",1,1,2010-09-07,2010-09-07,WINCO
"VasoNova, Inc.",1,1,2015-03-30,2015-03-30,VASONOVA
"Agfa-Gevaert, N.V. Prins Boudewijnlaan Kontich Belgium",1,1,2018-12-04,2018-12-04,AGFA GEVAERT N V PRINS BOUDEWIJNLAAN KONTICH BELGIUM
"Aggredyne, Inc.",1,1,2019-07-23,2019-07-23,AGGREDYNE
"Ansar Group, Inc. Dba Ansar Medical Technologies, Inc",1,1,2014-07-01,2014-07-01,ANSAR ANSAR MEDICAL TECHNOLOGIES
"INO Therapeutics, Inc.",1,1,2006-06-29,2006-06-29,INO THERAPEUTICS
"Thommen Medical, AG Hauptstrasse, 87 Waldenburg Switzerland",1,1,2007-04-19,2007-04-19,THOMMEN MEDICAL HAUPTSTRASSE 87 WALDENBURG SWITZERLAND
INO therapeutics LLC/dba ikaria,1,1,2018-07-09,2018-07-09,INO THERAPEUTICS IKARIA
Thomas Scientific,1,1,2020-07-14,2020-07-14,THOMAS SCIENTIFIC
Anewmed Corporation,1,1,2019-05-23,2019-05-23,ANEWMED
"Angel Medical Systems, Inc.",1,1,2023-09-01,2023-09-01,ANGEL MEDICAL SYSTEMS
Thermofisher Scientive,1,1,2013-10-29,2013-10-29,THERMOFISHER SCIENTIVE
"ThermoFisher Scientific Co., LLC",1,1,2008-05-01,2008-05-01,THERMOFISHER SCIENTIFIC
Thermo Fisher Scientific Ratashe 2 Vantaa Finland,1,1,2021-02-01,2021-02-01,THERMO FISHER SCIENTIFIC RATASHE 2 VANTAA FINLAND
Anjon Holdings,1,1,2020-06-18,2020-06-18,ANJON
Anodyne Surgical,1,1,2021-04-21,2021-04-21,ANODYNE SURGICAL
Thermo Fisher,1,1,2018-05-04,2018-05-04,THERMO FISHER
IN MY BATHROOM LLC,1,1,2022-01-27,2022-01-27,IN MY BATHROOM
Thermo Finnigan LLC,1,1,2016-07-19,2016-07-19,THERMO FINNIGAN
"INSTITUT GEORGES LOPEZ
 6 ROUTE DE SAINT BONNET
 ST LAURENT DE CHAMOUSSET France",1,1,2025-03-13,2025-03-13,INSTITUT GEORGES LOPEZ 6 ROUTE DE SAINT BONNET ST LAURENT DE CHAMOUSSET FRANCE
"Ansh Labs, LLC",1,1,2020-12-18,2020-12-18,ANSH LABS
IPG Medical Corporation,1,1,2026-05-05,2026-05-05,IPG MEDICAL
"Antigua Carretera Sanchez Itabo, Haina Dominican Republic (the)",1,1,2021-07-30,2021-07-30,ANTIGUA CARRETERA SANCHEZ ITABO HAINA DOMINICAN REPUBLIC
Apatech Limited 370 Centennial Ave Elstree United Kingdom,1,1,2015-08-18,2015-08-18,APATECH 370 CENTENNIAL AVE ELSTREE UNITED KINGDOM
"Apellis Pharmaceuticals, Inc.",1,1,2023-08-22,2023-08-22,APELLIS PHARMACEUTICALS
Greer Laboratories Inc,1,1,2005-01-28,2005-01-28,GREER LABORATORIES
Aperio Technologies Inc,1,1,2013-02-22,2013-02-22,APERIO TECHNOLOGIES
Theken Companies LLC,1,1,2025-09-11,2025-09-11,THEKEN COMPANIES
"ITC-Nexus Dx, Inc.",1,1,2011-01-21,2011-01-21,ITC NEXUS DX
Amvex Corporation,1,1,2009-05-29,2009-05-29,AMVEX
Greiner Bio-One GmbH Bad Haller Strase,1,1,2024-11-19,2024-11-19,GREINER BIO ONE BAD HALLER STRASE
ThyroTec Inc,1,1,2007-01-24,2007-01-24,THYROTEC
ThyssenKrupp Access Corp,1,1,2012-08-06,2012-08-06,THYSSENKRUPP ACCESS
AmeriWater Inc,1,1,2012-08-09,2012-08-09,AMERIWATER
American Catheter Corp,1,1,2015-03-17,2015-03-17,AMERICAN CATHETER
INCIPIO DEVICES avenue des Paquiers 16 St-Blaise Switzerland,1,1,2024-10-30,2024-10-30,INCIPIO DEVICES AVENUE DES PAQUIERS 16 ST BLAISE SWITZERLAND
American Healthcare Products Inc,1,1,2002-07-23,2002-07-23,AMERICAN HEALTHCARE PRODUCTS
Toshiba American Medical Systems,1,1,2017-03-23,2017-03-23,TOSHIBA AMERICAN MEDICAL SYSTEMS
American National Mfg Inc,1,1,2016-07-11,2016-07-11,AMERICAN NATIONAL MFG
"Tornier, Inc.",1,0,2009-04-06,2009-04-06,TORNIER
"American Science & Engineering, Inc.",1,1,2015-05-22,2015-05-22,AMERICAN SCIENCE AND ENGINEERING
"American Stress Technologies, Inc.",1,1,2011-04-27,2011-04-27,AMERICAN STRESS TECHNOLOGIES
"INGfertility, LLC",1,1,2008-09-22,2008-09-22,INGFERTILITY
"American Surgical Company, LLC",1,1,2024-09-18,2024-09-18,AMERICAN SURGICAL
Ameriwater Inc,1,1,2004-09-03,2004-09-03,AMERIWATER
AmniSure International LLC,1,1,2007-10-03,2007-10-03,AMNISURE
Tomy International Inc.,1,1,2022-12-02,2022-12-02,TOMY
Tomtec Imaging Systems Gmbh Edisonstr. 6 Unterschleisheim Germany,1,1,2019-09-23,2019-09-23,TOMTEC IMAGING SYSTEMS EDISONSTR 6 UNTERSCHLEISHEIM GERMANY
Gsi Group Inc,1,1,2015-12-02,2015-12-02,GSI
Tollos,1,1,2022-10-24,2022-10-24,TOLLOS
"Toby Orthopaedics, Inc.",1,1,2013-06-05,2013-06-05,TOBY ORTHOPAEDICS
Tobii Dynavox Llc,1,1,2023-02-24,2023-02-24,TOBII DYNAVOX
Groman Inc.,1,1,2010-12-13,2010-12-13,GROMAN
"Tnco, Inc.",1,1,2005-12-02,2005-12-02,TNCO
Amstech Incorporated,1,1,2010-08-17,2010-08-17,AMSTECH
Amtryke LLC,1,1,2015-03-27,2015-03-27,AMTRYKE
The Standing Company,1,1,0013-05-16,0013-05-16,STANDING
The Sisus Corporation,1,1,2007-06-01,2007-06-01,SISUS
The See Clear Company,1,1,2017-01-06,2017-01-06,SEE CLEAR
Ikaria Holdings,1,0,2010-07-21,2010-07-21,IKARIA
ArjoHuntleigh Inc.,1,1,2013-09-11,2013-09-11,ARJOHUNTLEIGH
Globalmed Logistix,1,1,2015-12-15,2015-12-15,GLOBALMED LOGISTIX
Teledyne Instruments Analytical Instruments,1,1,2010-11-29,2010-11-29,TELEDYNE INSTRUMENTS ANALYTICAL INSTRUMENTS
Teledyne Analytical Instruments,1,1,2003-10-27,2003-10-27,TELEDYNE ANALYTICAL INSTRUMENTS
"Telcare, LLC",1,1,2025-01-30,2025-01-30,TELCARE
Teknimed SA 11 Rue Apollo L France,1,1,2006-08-31,2006-08-31,TEKNIMED 11 RUE APOLLO L FRANCE
Global Protection Corp.,1,1,2007-09-11,2007-09-11,GLOBAL PROTECTION
Tekia Inc,1,1,2004-07-02,2004-07-02,TEKIA
Tedan Surgical Innovations Llc,1,1,2012-06-11,2012-06-11,TEDAN SURGICAL INNOVATIONS
Armstrong Medical Services Limited NewBridge Road Wattstown Business Park Coleraine Ireland,1,1,2021-08-05,2021-08-05,ARMSTRONG MEDICAL SERVICES NEWBRIDGE ROAD WATTSTOWN BUSINESS PARK COLERAINE IRELAND
Technological Medical Advancements LLC,1,1,2026-01-09,2026-01-09,TECHNOLOGICAL MEDICAL ADVANCEMENTS
"Arobella Medical, LLC",1,1,2012-11-05,2012-11-05,AROBELLA MEDICAL
Technidata S.A. 387 Avenue Jean Kuntzmann Montbonnot St Martin France,1,1,2023-03-27,2023-03-27,TECHNIDATA S A 387 AVENUE JEAN KUNTZMANN MONTBONNOT ST MARTIN FRANCE
Technicality Inc.,1,1,2024-01-31,2024-01-31,TECHNICALITY
"Arstasis, Inc",1,1,2010-10-19,2010-10-19,ARSTASIS
"Ascensia Diabetes Care US, Inc.",1,1,2023-05-19,2023-05-19,ASCENSIA DIABETES CARE
Ascom (US) Inc.,1,1,2018-11-02,2018-11-02,ASCOM
Tec Com Gmbh Eingang B Am Krummling 1 Kabelsketal Germany,1,1,2018-08-14,2018-08-14,TEC COM EINGANG B AM KRUMMLING 1 KABELSKETAL GERMANY
Imalux Corporation,1,1,2011-12-22,2011-12-22,IMALUX
"Ascom US, INC.",1,1,2015-12-10,2015-12-10,ASCOM
"Tcoag Us, Incorporated",1,1,2011-06-13,2011-06-13,TCOAG
"Taut, Inc.",1,1,2007-01-19,2007-01-19,TAUT
Tapemark Company,1,1,2021-11-10,2021-11-10,TAPEMARK
Arjo Hospital Equipment AB Verkstadsvagen,1,1,2014-03-17,2014-03-17,ARJO HOSPITAL EQUIPMENT VERKSTADSVAGEN
Ii Vi Incorporated,1,1,2017-12-13,2017-12-13,II VI
Apic Yamada America,1,1,2025-04-07,2025-04-07,APIC YAMADA AMERICA
SEPPIM SAS ZONE INDUSTRIELLE SEES France,1,1,2013-09-04,2013-09-04,SEPPIM SAS ZONE INDUSTRIELLE SEES FRANCE
"Great Basin Scientific, Inc.",1,1,2016-12-12,2016-12-12,GREAT BASIN SCIENTIFIC
"The OR Group, Inc. A Subsidiary of Hill-Rom Inc. One Post Office Square",1,0,2003-06-02,2003-06-02,OR A SUBSIDIARY OF HILL ROM ONE POST OFFICE SQUARE
"Aplicare, Inc.",1,1,2010-03-03,2010-03-03,APLICARE
Iba Dosimetry,1,1,2017-04-26,2017-04-26,IBA DOSIMETRY
"The Contact Lens Store, Inc.",1,1,2004-06-07,2004-06-07,CONTACT LENS STORE
"Grace Medical, Inc.",1,1,2026-04-03,2026-04-03,GRACE MEDICAL
The Biomed Guys,1,1,2021-03-25,2021-03-25,BIOMED GUYS
Applied Composite Technology,1,1,2007-06-20,2007-06-20,APPLIED COMPOSITE TECHNOLOGY
Appliedvr,1,1,2023-02-27,2023-02-27,APPLIEDVR
"Icecure Medical Ltd 7, Ha-Eshel Caesarea Israel",1,1,2019-09-16,2019-09-16,ICECURE MEDICAL 7 HA ESHEL CAESAREA ISRAEL
"Thayer Intellectual Property, Inc.",1,1,2016-11-04,2016-11-04,THAYER INTELLECTUAL PROPERTY
Texas Medical Technology Inc.,1,1,2022-09-01,2022-09-01,TEXAS MEDICAL TECHNOLOGY
"Teva Pharmaceuticals USA, Inc.",1,1,2012-03-30,2012-03-30,TEVA PHARMACEUTICALS
Aptalis Pharmatech Inc.,1,1,2014-11-13,2014-11-13,APTALIS PHARMATECH
"Gordian Surgical Tchelet 17, Trendlines Building, Misgav Misgav Israel",1,1,2020-09-22,2020-09-22,GORDIAN SURGICAL TCHELET 17 TRENDLINES BUILDING MISGAV MISGAV ISRAEL
Arc Medical Inc,1,1,2015-02-19,2015-02-19,ARC MEDICAL
Ideal Implant Incorporated,1,1,2019-03-18,2019-03-18,IDEAL IMPLANT
"Ideal Optics, Inc.",1,1,2004-10-12,2004-10-12,IDEAL OPTICS
"Arcos, Inc",1,1,2015-03-16,2015-03-16,ARCOS
"Idev Technologies, Inc.",1,1,2012-01-31,2012-01-31,IDEV TECHNOLOGIES
"TeraRecon, Inc.",1,1,2015-01-21,2015-01-21,TERARECON
Tepha Incorporated,1,1,2016-11-21,2016-11-21,TEPHA
Tenex Health Inc,1,1,2014-04-14,2014-04-14,TENEX HEALTH
"Total Joint Orthopedics, Inc.",1,1,2025-09-23,2025-09-23,TOTAL JOINT ORTHOPEDICS
Touch US Llc,1,1,2022-06-21,2022-06-21,TOUCH
Agilent Technologies,1,1,2024-04-02,2024-04-02,AGILENT TECHNOLOGIES
Uplift Technologies Inc.,1,1,2011-06-27,2011-06-27,UPLIFT TECHNOLOGIES
"VGI Medical, LLC",1,1,2018-04-09,2018-04-09,VGI MEDICAL
"VEO DIAGNOSTICS, LLC",1,1,2020-11-05,2020-11-05,VEO DIAGNOSTICS
VARIAN MEDICAL SYSTEMS PARTICLE THERAPY GMBH FRIEDRICH-EBERT-STR. 1 BERGISCH GLADBACH Germany,1,1,2014-05-09,2014-05-09,VARIAN MEDICAL SYSTEMS PARTICLE THERAPY FRIEDRICH EBERT STR 1 BERGISCH GLADBACH GERMANY
Albahealth LLC,1,1,2011-10-12,2011-10-12,ALBAHEALTH
Hycor Biomedical LLC,1,1,2018-07-25,2018-07-25,HYCOR BIOMEDICAL
Utak Laboratories Inc,1,1,2020-03-20,2020-03-20,UTAK LABORATORIES
Alcon Grieshaber AG Winkelriedstrasse 52 Schaffhausen Switzerland,1,1,2013-04-17,2013-04-17,ALCON GRIESHABER WINKELRIEDSTRASSE 52 SCHAFFHAUSEN SWITZERLAND
Us Endovascular,1,1,2016-02-11,2016-02-11,ENDOVASCULAR
"Hydro Med Products, Inc",1,1,2000-09-28,2000-09-28,HYDRO MED PRODUCTS
"Alcon Laboratories Ireland, Ltd Cork Business And Technology Park Model Farm Road Cork Ireland",1,1,2022-05-11,2022-05-11,ALCON LABORATORIES IRELAND CORK BUSINESS AND TECHNOLOGY PARK MODEL FARM ROAD CORK IRELAND
Ups Supply Chain Solutions,1,1,2005-02-04,2005-02-04,UPS SUPPLY CHAIN SOLUTIONS
Uoc Usa Inc,1,1,2021-08-27,2021-08-27,UOC
AmeriSource Bergen,1,0,2004-01-30,2004-01-30,AMERISOURCE BERGEN
Hyperion Medical,1,1,2013-11-20,2013-11-20,HYPERION MEDICAL
"Alcon Refractive Horizons, Inc.",1,1,2007-02-21,2007-02-21,ALCON REFRACTIVE HORIZONS
Alcon Research Laboratories Ltd. Aspex Facility,1,1,2018-07-17,2018-07-17,ALCON RESEARCH LABORATORIES ASPEX FACILITY
"Alcor Scientific, Inc.",1,1,2022-07-20,2022-07-20,ALCOR SCIENTIFIC
Alere San Diego Inc. DBA Immunalysis Corporation,1,1,2017-11-28,2017-11-28,ALERE SAN DIEGO IMMUNALYSIS
"United Nuclear Scientific Supplies, LLC",1,1,2016-08-25,2016-08-25,UNITED NUCLEAR SCIENTIFIC SUPPLIES
Unistrip Technologies LLC,1,1,2014-11-20,2014-11-20,UNISTRIP TECHNOLOGIES
"Alfa Wassermann, Inc",1,1,2006-01-26,2006-01-26,ALFA WASSERMANN
Alivecor SFO,1,1,2015-01-09,2015-01-09,ALIVECOR SFO
I2s Micro Implantable Systems Llc,1,1,2010-03-26,2010-03-26,I2S MICRO IMPLANTABLE SYSTEMS
IBA Dosimetry GmbH Bahnhofstr. 5 Schwarzenbruck Germany,1,1,2025-04-01,2025-04-01,IBA DOSIMETRY BAHNHOFSTR 5 SCHWARZENBRUCK GERMANY
Huntleigh Healthcare Ltd.,1,1,2022-02-11,2022-02-11,HUNTLEIGH HEALTHCARE
VIRTUAL INCISION CORPORATION,1,1,2025-04-23,2025-04-23,VIRTUAL INCISION
VISBY MEDICAL INC,1,1,2020-12-05,2020-12-05,VISBY MEDICAL
Alaris Medical Systems Inc,1,1,2004-11-10,2004-11-10,ALARIS MEDICAL SYSTEMS
"Vascular Solutions, Inc",1,1,2003-10-09,2003-10-09,VASCULAR SOLUTIONS
"Vascular Insights, LLC",1,1,2017-11-09,2017-11-09,VASCULAR INSIGHTS
"Vasca, Inc.",1,1,2003-09-22,2003-09-22,VASCA
"Varian, Inc.",1,1,2003-07-18,2003-07-18,VARIAN
"Varian Medical Systems, Palo Alto, CA
 911 Hansen Way
 Palo Alto CA 94304-1028",1,1,0010-08-17,0010-08-17,VARIAN MEDICAL SYSTEMS PALO ALTO CA 911 HANSEN WAY PALO ALTO CA 94304 1028
Agiliti Health Ellis,1,1,2026-01-21,2026-01-21,AGILITI HEALTH ELLIS
"AirStrip Technologies, Inc.",1,1,2016-08-04,2016-08-04,AIRSTRIP TECHNOLOGIES
"Varian Medical Systems Inc
 3100 Hansen Way
 M/S E-210
 Palo Alto CA 94304-1030",1,1,2005-02-04,2005-02-04,VARIAN MEDICAL SYSTEMS 3100 HANSEN WAY M S E 210 PALO ALTO CA 94304 1030
"Varian Medical Systems Inc
 3100 Hansen Way
 M/S E-210
 Palo Alto CA 94304",1,1,2005-03-30,2005-03-30,VARIAN MEDICAL SYSTEMS 3100 HANSEN WAY M S E 210 PALO ALTO CA 94304
Varian Medical Systems Imaging Laboratory GmbH Tafernstrasse 7 DATTWIL Baden Switzerland,1,1,2022-03-21,2022-03-21,VARIAN MEDICAL SYSTEMS IMAGING LABORATORY TAFERNSTRASSE 7 DATTWIL BADEN SWITZERLAND
Varian Brachytherary Virginia,1,1,2003-10-31,2003-10-31,VARIAN BRACHYTHERARY VIRGINIA
Aircraft Medical Limited 9-10 SAINT ANDREW SQUARE EDINBURGH United Kingdom,1,1,2014-11-04,2014-11-04,AIRCRAFT MEDICAL 9 10 SAINT ANDREW SQUARE EDINBURGH UNITED KINGDOM
Vapotherm,1,1,2022-12-16,2022-12-16,VAPOTHERM
Vantive US Healthcare LLC,1,1,2025-08-28,2025-08-28,VANTIVE HEALTHCARE
"Vanguard Medical Concepts, Inc",1,1,2006-03-17,2006-03-17,VANGUARD MEDICAL CONCEPTS
Human Care Hc Sweden Ab Arstaangsvagen 21 B Stockholm Sweden,1,1,2024-02-23,2024-02-23,HUMAN CARE HC SWEDEN ARSTAANGSVAGEN 21 B STOCKHOLM SWEDEN
Vance Products Inc. dba Cook Urological Inc. & Cook OB/GYN,1,1,2010-12-13,2010-12-13,VANCE PRODUCTS COOK UROLOGICAL AND COOK OB GYN
"Value Plastics, Inc.",1,1,2015-12-18,2015-12-18,VALUE PLASTICS
Airways Development LLC,1,1,2015-09-24,2015-09-24,AIRWAYS DEVELOPMENT
"Aizu Olympus Co., Ltd. 1 Chome 1-1 Niiderakita Aizuwakamatsu Japan",1,1,2022-07-20,2022-07-20,AIZU OLYMPUS 1 CHOME 1 1 NIIDERAKITA AIZUWAKAMATSU JAPAN
Human Design Medical Llc,1,1,2018-05-08,2018-05-08,HUMAN DESIGN MEDICAL
Valeant Pharmaceuticals North America LLC,1,1,2015-09-14,2015-09-14,VALEANT PHARMACEUTICALS NORTH AMERICA
"Aksys, Ltd.",1,1,2006-06-26,2006-06-26,AKSYS
"IDEV Technologies, Inc.",1,1,2012-05-29,2012-05-29,IDEV TECHNOLOGIES
"Ultra Clean Systems, Inc.",1,1,2025-03-31,2025-03-31,ULTRA CLEAN SYSTEMS
"Ulti Med, Inc.",1,1,2010-02-05,2010-02-05,ULTI MED
Trophy SAS Trophy Sas Trophy; Croissy Beaubourg,1,1,2021-07-21,2021-07-21,TROPHY SAS TROPHY SAS TROPHY CROISSY BEAUBOURG
Alpha Omega Engineering,1,1,2018-09-04,2018-09-04,ALPHA OMEGA ENGINEERING
Alpha-Omega Services Inc,1,1,2003-09-04,2003-09-04,ALPHA OMEGA SERVICES
Alpine Biomed Aps 16-18 Tonsbakken Skovlunde Denmark,1,1,2013-04-09,2013-04-09,ALPINE BIOMED APS 16 18 TONSBAKKEN SKOVLUNDE DENMARK
"Alter-G, Incorporated",1,1,2011-07-15,2011-07-15,ALTER G
Trionix Research Laboratory Inc,1,1,2006-08-01,2006-08-01,TRIONIX RESEARCH LABORATORY
"AlterG, Incorporated",1,1,2014-01-28,2014-01-28,ALTERG
IMPERATIVE CARE INC,1,1,2021-08-13,2021-08-13,IMPERATIVE CARE
Trimble Ab Rinkebyvagen 17 Danderyd Sweden,1,1,2025-03-26,2025-03-26,TRIMBLE RINKEBYVAGEN 17 DANDERYD SWEDEN
Trilliant Surgical LTD,1,1,2009-04-14,2009-04-14,TRILLIANT SURGICAL
Alung Technologies Inc,1,1,2020-12-18,2020-12-18,ALUNG TECHNOLOGIES
"Alveolus, Inc.",1,1,2004-04-22,2004-04-22,ALVEOLUS
Amd Ritmed 1200 Av 55e Lachine Canada,1,1,2016-02-24,2016-02-24,AMD RITMED 1200 AV 55E LACHINE CANADA
Trexo Robotics Holdings Inc.,1,1,2023-05-31,2023-05-31,TREXO ROBOTICS
IMPULSE DYNAMICS (USA) INC,1,1,2024-01-05,2024-01-05,IMPULSE DYNAMICS
"Treace Medical Concepts, Inc.",1,1,2024-06-02,2024-06-02,TREACE MEDICAL CONCEPTS
IMRIS Imaging Inc,1,1,2025-12-08,2025-12-08,IMRIS IMAGING
IMRIS Inc,1,1,2014-10-01,2014-10-01,IMRIS
IMTEC Corporation,1,1,2009-07-07,2009-07-07,IMTEC
"Transenterix, INC",1,1,2010-06-22,2010-06-22,TRANSENTERIX
TransMotion Medical Inc,1,1,2014-11-14,2014-11-14,TRANSMOTION MEDICAL
"Trans American Medical, Inc.",1,1,2013-08-22,2013-08-22,TRANS AMERICAN MEDICAL
IMTEC IMAGING L.L.C.,1,1,2009-08-03,2009-08-03,IMTEC IMAGING L L C
"Amendia, Inc dba Spinal Elements",1,1,2017-11-13,2017-11-13,AMENDIA SPINAL ELEMENTS
Almore International Inc,1,1,2017-04-20,2017-04-20,ALMORE
Alltech Medical Systems America Inc,1,1,2015-01-09,2015-01-09,ALLTECH MEDICAL SYSTEMS AMERICA
Ulthera Inc,1,1,2016-11-14,2016-11-14,ULTHERA
TruAbutment Inc.,1,1,2023-12-27,2023-12-27,TRUABUTMENT
Ulrich Medical USA Inc,1,1,2017-03-07,2017-03-07,ULRICH MEDICAL
"USA Medical, LLC",1,1,2022-04-04,2022-04-04,MEDICAL
IDS (Immunodiagnostic Systems Ltd.) Usworth Hall Washington United Kingdom,1,1,2012-11-07,2012-11-07,IDS IMMUNODIAGNOSTIC SYSTEMS USWORTH HALL WASHINGTON UNITED KINGDOM
USA Instruments Inc.,1,1,2004-03-19,2004-03-19,INSTRUMENTS
US Infusion Inc dba Trucare Biomedix-USA,1,1,2014-10-10,2014-10-10,INFUSION TRUCARE BIOMEDIX
Allergen Medical,1,1,2013-01-08,2013-01-08,ALLERGEN MEDICAL
"US Endodontics, LLC",1,1,2025-01-02,2025-01-02,ENDODONTICS
"UNIMAX MEDICAL SYSTEMS INC 8F-2, NO",1,1,2024-06-25,2024-06-25,UNIMAX MEDICAL SYSTEMS 8F 2 NO
"Allergy Laboratories, Inc.",1,1,2015-02-03,2015-02-03,ALLERGY LABORATORIES
UFSK International OSYS Gmbh Kirchhoffstr. 1 Ratisbon Germany,1,1,2023-05-31,2023-05-31,UFSK OSYS KIRCHHOFFSTR 1 RATISBON GERMANY
"U.S. Filter/Ionpure, Inc.",1,1,2005-02-28,2005-02-28,U S FILTER IONPURE
U-systems Inc,1,1,2013-05-16,2013-05-16,U SYSTEMS
U & I CORP. 20 Sandan-Ro 76 Beon-Gil Uijeongbu-Si Gyeonggi-Do Korea (the Republic of),1,1,2019-01-30,2019-01-30,U AND I 20 SANDAN RO 76 BEON GIL UIJEONGBU SI GYEONGGI DO KOREA REPUBLIC OF
U & I CORP. 20 Sandan-Ro 76 Beon-Gil Uijeongbu Korea (the Republic of),1,1,2020-05-26,2020-05-26,U AND I 20 SANDAN RO 76 BEON GIL UIJEONGBU KOREA REPUBLIC OF
Allesee Orthodontic Appliances,1,1,2014-02-24,2014-02-24,ALLESEE ORTHODONTIC APPLIANCES
Alliance Partners LLC,1,1,2015-06-09,2015-06-09,ALLIANCE PARTNERS
"Alliance Tech Medical, Inc",1,1,2014-10-06,2014-10-06,ALLIANCE TECH MEDICAL
Allied Vision Group Inc,1,1,2018-08-01,2018-08-01,ALLIED VISION
IDS LTD 194 Simgung-Ro Gwangtan-Myeon Paju Korea (the Republic of),1,1,2024-10-16,2024-10-16,IDS 194 SIMGUNG RO GWANGTAN MYEON PAJU KOREA REPUBLIC OF
Turkuaz Saglik Hizmetleri Medikal Temizlik Kim. Ur. San. ve Tic. A.S. Akcaburgaz Mahallesi Muhsin Yazicioglu Caddesi No:45/5 Esenyurt Turkey,1,1,2023-06-09,2023-06-09,TURKUAZ SAGLIK HIZMETLERI MEDIKAL TEMIZLIK KIM UR SAN VE TIC A S AKCABURGAZ MAHALLESI MUHSIN YAZICIOGLU CADDESI NO 45 5 ESENYURT TURKEY
"IMMUNDIAGNOSTIK, Inc",1,1,2023-03-27,2023-03-27,IMMUNDIAGNOSTIK
"AlloSource, Inc.",1,1,2014-03-25,2014-03-25,ALLOSOURCE
Trumpf Medical Systems,1,1,2013-07-24,2013-07-24,TRUMPF MEDICAL SYSTEMS
SHENZHEN ATOMSTACK TECHNOLOGIES,1,1,2025-09-30,2025-09-30,SHENZHEN ATOMSTACK TECHNOLOGIES
"C P Medical, Inc.",1,1,2014-09-22,2014-09-22,C P MEDICAL
SEER MEDICAL PTY LTD 278-284 Queensberry St Melbourne Australia,1,1,2024-08-12,2024-08-12,SEER MEDICAL PTY 278 284 QUEENSBERRY ST MELBOURNE AUSTRALIA
"Fisher Diagnostics, A Company of Fisher Scientific LLC",1,1,2010-10-06,2010-10-06,FISHER DIAGNOSTICS A OF FISHER SCIENTIFIC
Flight Medical Ltd.,1,1,2011-08-10,2011-08-10,FLIGHT MEDICAL
FlexDex Inc.,1,1,2021-12-22,2021-12-22,FLEXDEX
Fisher Wallace Laboratories Inc.,1,1,2023-04-06,2023-04-06,FISHER WALLACE LABORATORIES
"Dentech Corp. 53 Shimizu-Cho, Itabashi-Ku Tokyo Japan",1,1,2021-04-21,2021-04-21,DENTECH 53 SHIMIZU CHO ITABASHI KU TOKYO JAPAN
Neilmed Pharmaceuticals Inc,1,1,2024-12-28,2024-12-28,NEILMED PHARMACEUTICALS
"Nebion, LLC",1,1,2008-06-25,2008-06-25,NEBION
"Life-Tech International, Inc",1,1,2001-05-09,2001-05-09,LIFE TECH
Navinetics Inc,1,1,2024-02-26,2024-02-26,NAVINETICS
Navajo Manufacturing Company,1,1,2026-02-18,2026-02-18,NAVAJO MANUFACTURING
Natus Neurology Incorporated,1,1,2013-02-27,2013-02-27,NATUS NEUROLOGY
Dentsply Worldwide Headqrt,1,1,2009-03-20,2009-03-20,DENTSPLY WORLDWIDE HEADQRT
Natus Manufacturing Limited Ida Business Park Glenbrack Road Galway Ireland,1,1,2021-01-12,2021-01-12,NATUS MANUFACTURING IDA BUSINESS PARK GLENBRACK ROAD GALWAY IRELAND
NOX MEDICAL Keldnaholt Reykjavik Iceland,1,1,2021-09-07,2021-09-07,NOX MEDICAL KELDNAHOLT REYKJAVIK ICELAND
"Natus Manufacturing Limited IDA Business Park GORT, Galway Ireland",1,1,2016-10-15,2016-10-15,NATUS MANUFACTURING IDA BUSINESS PARK GORT GALWAY IRELAND
LifeNet,1,1,2002-12-19,2002-12-19,LIFENET
"Depuy Ireland UC Loughbeg, Ringaskiddy Co. Cork Munster Ireland",1,1,2022-12-19,2022-12-19,DEPUY IRELAND UC LOUGHBEG RINGASKIDDY CORK MUNSTER IRELAND
"Lifecore Biomedical, Inc.",1,1,2004-06-03,2004-06-03,LIFECORE BIOMEDICAL
Namsa,1,1,2005-03-18,2005-03-18,NAMSA
"Nalu Medical, Inc.",1,1,2024-06-03,2024-06-03,NALU MEDICAL
DermLite LLC,1,1,2023-03-20,2023-03-20,DERMLITE
NXTHERA,1,1,2017-07-28,2017-07-28,NXTHERA
"Derma Pen, LLC",1,1,2015-02-05,2015-02-05,DERMA PEN
NRT X-RAY A/S Birkegardsvej 16 BIRKEGAARDSVEJ 16 Hasselager Denmark,1,1,2022-01-21,2022-01-21,NRT X RAY A S BIRKEGARDSVEJ 16 BIRKEGAARDSVEJ 16 HASSELAGER DENMARK
NRT Nordisk Rontgen Teknik A/S Birkegaardsvej 16 Hasselager Denmark,1,1,2009-05-01,2009-05-01,NRT NORDISK RONTGEN TEKNIK A S BIRKEGAARDSVEJ 16 HASSELAGER DENMARK
"Nelson Innovaions, Llc",1,1,2020-02-11,2020-02-11,NELSON INNOVAIONS
"Nemschoff Chairs, Inc.",1,1,2011-10-14,2011-10-14,NEMSCHOFF CHAIRS
"Nemschoff Chairs, Inc.
 909 N 8th St
 2218 Julson Ct
 Sheboygan WI 53081-4056",1,1,2011-01-18,2011-01-18,NEMSCHOFF CHAIRS 909 N 8TH ST 2218 JULSON CT SHEBOYGAN WI 53081 4056
"Neo Medical, Inc.",1,1,2011-04-05,2011-04-05,NEO MEDICAL
Del Laboratories Inc.,1,1,2005-06-09,2005-06-09,DEL LABORATORIES
Lexamed,1,1,2009-01-13,2009-01-13,LEXAMED
Neuropro Spinal Jaxx,1,1,2018-01-18,2018-01-18,NEUROPRO SPINAL JAXX
"Neuronetrix Solutions, LLC dba Cognision",1,1,2019-11-07,2019-11-07,NEURONETRIX SOLUTIONS COGNISION
"Neuronetics, Inc.",1,1,2009-03-16,2009-03-16,NEURONETICS
"NeuroSync, Inc.",1,1,2023-09-19,2023-09-19,NEUROSYNC
"Liberty Medical Solutions, LLC",1,1,2023-11-03,2023-11-03,LIBERTY MEDICAL SOLUTIONS
Neuro-Fitness LLC,1,1,2007-10-29,2007-10-29,NEURO FITNESS
Neuro Resource Group Inc,1,1,2011-02-07,2011-02-07,NEURO RESOURCE
Neuro Kinetics,1,1,2009-07-24,2009-07-24,NEURO KINETICS
Neuralynx Inc,1,1,2022-03-14,2022-03-14,NEURALYNX
"Neuisys, LLC",1,1,2008-07-21,2008-07-21,NEUISYS
Delphi Medical Systems,1,1,2006-03-29,2006-03-29,DELPHI MEDICAL SYSTEMS
Nestle HealthCare Nutrition,1,1,2013-07-24,2013-07-24,NESTLE HEALTHCARE NUTRITION
Nerl Diagnostics LLC,1,1,2008-04-23,2008-04-23,NERL DIAGNOSTICS
"Den-Tal-Ez Inc, Star Dental Div",1,1,2003-05-16,2003-05-16,DEN TAL EZ STAR DENTAL DIV
"Lidco Ltd
 16 Orsman Road
 London United Kingdom",1,1,2020-11-19,2020-11-19,LIDCO 16 ORSMAN ROAD LONDON UNITED KINGDOM
"Life Force of Tampa, LLC",1,1,2014-06-27,2014-06-27,LIFE FORCE OF TAMPA
Neomend Inc,1,1,2012-08-13,2012-08-13,NEOMEND
Neomedix Corp,1,1,2007-05-28,2007-05-28,NEOMEDIX
"Neocis, Inc.",1,1,2020-10-30,2020-10-30,NEOCIS
Dental Choice Holding Llc,1,1,2022-05-23,2022-05-23,DENTAL CHOICE
"Life Recovery Systems HD, LLC",1,1,2011-10-21,2011-10-21,LIFE RECOVERY SYSTEMS HD
Detect Headquarters,1,1,2022-12-08,2022-12-08,DETECT HEADQUARTERS
NOBEL BIOCARE SERVICES AG Balz-zimmermannstrasse 7 Kloten Switzerland,1,1,2020-07-20,2020-07-20,NOBEL BIOCARE SERVICES BALZ ZIMMERMANNSTRASSE 7 KLOTEN SWITZERLAND
Breas Medical AB Foretagsvagen 1 Molnlycke Sweden,1,1,2014-11-07,2014-11-07,BREAS MEDICAL FORETAGSVAGEN 1 MOLNLYCKE SWEDEN
"LimFlow, Inc.",1,1,2025-12-05,2025-12-05,LIMFLOW
Molnlycke Health Care Inc,1,1,2003-07-14,2003-07-14,MOLNLYCKE HEALTH CARE
Discount Diabetic Supply,1,1,2006-10-19,2006-10-19,DISCOUNT DIABETIC SUPPLY
First Quality Hygienic Inc,1,1,2010-03-25,2010-03-25,FIRST QUALITY HYGIENIC
Mobius Mobility LLC,1,1,2025-04-24,2025-04-24,MOBIUS MOBILITY
"Mobius Medical Systems, LP",1,1,2015-02-23,2015-02-23,MOBIUS MEDICAL SYSTEMS
First Medical Source LLC,1,1,2011-07-09,2011-07-09,FIRST MEDICAL SOURCE
"Moberg Research, Inc.",1,1,2023-02-20,2023-02-20,MOBERG RESEARCH
"Mizuho USA, Inc.",1,1,2006-11-17,2006-11-17,MIZUHO
Djo Surgical,1,1,2014-02-07,2014-02-07,DJO SURGICAL
"Doctor's Research Group, Inc.",1,1,2012-04-06,2012-04-06,DOCTOR S RESEARCH
Dokitz NovoSci,1,1,2014-09-18,2014-09-18,DOKITZ NOVOSCI
"Dollar Tree Distribution, Inc.",1,1,2022-02-18,2022-02-18,DOLLAR TREE DISTRIBUTION
NOA Medical Industries Inc,1,1,2024-11-05,2024-11-05,NOA MEDICAL INDUSTRIES
"Mitaka USA, Inc.",1,1,2009-02-27,2009-02-27,MITAKA
"Domain Surgical, Inc.",1,1,2016-10-24,2016-10-24,DOMAIN SURGICAL
"Misonix, Inc",1,1,2003-08-13,2003-08-13,MISONIX
"Dornier Medtech America, Inc.",1,1,2019-04-01,2019-04-01,DORNIER MEDTECH AMERICA
Dow Corning Corp.,1,1,2003-09-05,2003-09-05,DOW CORNING
Limacorporate S.p.A Via Nazionale 52 Frazione Villanova San Daniele del Friuli Italy,1,1,2017-09-08,2017-09-08,LIMACORPORATE S P A VIA NAZIONALE 52 FRAZIONE VILLANOVA SAN DANIELE DEL FRIULI ITALY
Dr Franz Koehler Chemie Gmbh Werner-Von-Siemens-Str. 14-28 Bensheim Germany,1,1,2024-01-09,2024-01-09,DR FRANZ KOEHLER CHEMIE WERNER VON SIEMENS STR 14 28 BENSHEIM GERMANY
Ferring Pharmaceuticals Inc,1,1,2010-04-16,2010-04-16,FERRING PHARMACEUTICALS
Minntech Corp,1,1,2010-06-15,2010-06-15,MINNTECH
Draegerwerk Ag & Co. Kgaa Dragerwerk Ag & Co. Kgaa Accounts Payable Moislinger Allee,1,1,2023-11-17,2023-11-17,DRAEGERWERK AND KGAA DRAGERWERK AND KGAA ACCOUNTS PAYABLE MOISLINGER ALLEE
"Drs Vascular, Inc",1,1,2025-05-16,2025-05-16,DRS VASCULAR
Disc Orthopaedic Technologies Inc,1,1,2002-12-11,2002-12-11,DISC ORTHOPAEDIC TECHNOLOGIES
"Monarch Labs, LLC",1,1,2009-05-03,2009-05-03,MONARCH LABS
"Diopsys, Inc.",1,1,2007-04-02,2007-04-02,DIOPSYS
LightMed USA Inc,1,1,2003-11-11,2003-11-11,LIGHTMED
"NIPRO Technical Services, Inc.",1,1,2025-12-12,2025-12-12,NIPRO TECHNICAL SERVICES
"NIHON KOHDEN ORANGEMED, INC",1,1,2021-07-20,2021-07-20,NIHON KOHDEN ORANGEMED
NEUSOFT MEDICAL SYSTEMS IMP &,1,1,2019-01-09,2019-01-09,NEUSOFT MEDICAL SYSTEMS IMP AND
Lifeline Systems Company,1,1,2017-11-13,2017-11-13,LIFELINE SYSTEMS
NEOSTEO 2 rue Robert Schuman Reze France,1,1,2020-11-03,2020-11-03,NEOSTEO 2 RUE ROBERT SCHUMAN REZE FRANCE
"NEO METRICS, INC.",1,1,2014-03-31,2014-03-31,NEO METRICS
"NDO Surgical, Inc.",1,1,2007-01-26,2007-01-26,NDO SURGICAL
Diagnos Inc,1,1,2022-01-11,2022-01-11,DIAGNOS
Myolyn Inc.,1,1,2022-07-19,2022-07-19,MYOLYN
Myofunctional Research Company USA,1,1,2025-10-09,2025-10-09,MYOFUNCTIONAL RESEARCH
Fisher & Paykel Healthcare Ltd 15 Maurice Paykel Place Auckland New Zealand,1,1,2006-10-09,2006-10-09,FISHER AND PAYKEL HEALTHCARE 15 MAURICE PAYKEL PLACE AUCKLAND NEW ZEALAND
My Cosmetics Inc,1,1,2002-11-13,2002-11-13,MY COSMETICS
Diagnostic Products Corp.,1,1,2006-01-03,2006-01-03,DIAGNOSTIC PRODUCTS
"Diametrics Medical, Inc.",1,1,2003-07-14,2003-07-14,DIAMETRICS MEDICAL
Multidata Systems Intl Corp,1,1,2002-11-10,2002-11-10,MULTIDATA SYSTEMS
Dick's Sporting Goods,1,1,2014-12-29,2014-12-29,DICK S SPORTING GOODS
"Mueller Sports Medicine, Inc",1,1,2020-06-18,2020-06-18,MUELLER SPORTS MEDICINE
"Dignitana, Inc.",1,1,2021-11-05,2021-11-05,DIGNITANA
"Moximed, Inc.",1,1,2024-12-02,2024-12-02,MOXIMED
Diopsys Inc,1,1,2004-09-15,2004-09-15,DIOPSYS
Motorola Inc,1,1,2012-04-27,2012-04-27,MOTOROLA
"Motion Control, Inc.",1,1,2005-02-01,2005-02-01,MOTION CONTROL
Motion Concepts 84 Citation Drive Units 1-7 Concord Canada,1,1,2014-08-28,2014-08-28,MOTION CONCEPTS 84 CITATION DRIVE UNITS 1 7 CONCORD CANADA
Neusoft Medical System Co,1,1,2014-03-08,2014-03-08,NEUSOFT MEDICAL SYSTEM
Leventon S. A. U. Calle Newton 18 24 Sant Esteve Sesrovires Barcelona Spain,1,1,2019-05-23,2019-05-23,LEVENTON S A U CALLE NEWTON 18 24 SANT ESTEVE SESROVIRES BARCELONA SPAIN
"New Era Orthopaedics, LLc",1,1,2017-02-13,2017-02-13,NEW ERA ORTHOPAEDICS
D.T. Davis Enterprises Ltd.,1,1,2005-09-13,2005-09-13,D T DAVIS ENTERPRISES
"Custom Spine, Inc.",1,1,2013-03-28,2013-03-28,CUSTOM SPINE
"Cyberkinetics Neurotechnology Systems, Inc.",1,1,2009-02-04,2009-02-04,CYBERKINETICS NEUROTECHNOLOGY SYSTEMS
O'Ryan Industries Inc,1,1,2012-04-23,2012-04-23,O RYAN INDUSTRIES
Cygnus Medical,1,1,2016-03-17,2016-03-17,CYGNUS MEDICAL
"Cynosure, Inc.",1,1,2014-10-09,2014-10-09,CYNOSURE
"Laerdal Medical (Suzhou) Co., Ltd. Science & Technology Ind. Park No.",1,1,2020-12-18,2020-12-18,LAERDAL MEDICAL SUZHOU SCIENCE AND TECHNOLOGY IND PARK NO
NxStage MDS Corporation,1,1,2024-01-29,2024-01-29,NXSTAGE MDS
Nuwellis Inc,1,1,2024-12-11,2024-12-11,NUWELLIS
Forbes Rehab Services Inc,1,1,2021-10-11,2021-10-11,FORBES REHAB SERVICES
"Cytophil, Inc",1,1,2012-01-11,2012-01-11,CYTOPHIL
"3-D Matrix, Inc.",1,1,2019-12-02,2019-12-02,3 D MATRIX
DCI Donor Services Tissue Services Division,1,1,2002-08-20,2002-08-20,DCI DONOR SERVICES TISSUE SERVICES DIVISION
"Leventon S. A. U. C/ Newton, 18-24 Sant Esteve Sesrovires Barcelona Spain",1,1,2011-03-11,2011-03-11,LEVENTON S A U C NEWTON 18 24 SANT ESTEVE SESROVIRES BARCELONA SPAIN
DDS Lab,1,1,2024-12-06,2024-12-06,DDS LAB
Nucryo Vascular Inc.,1,1,2019-10-11,2019-10-11,NUCRYO VASCULAR
Lansinoh Laboratories Inc,1,1,2012-08-14,2012-08-14,LANSINOH LABORATORIES
Nuclein LLC,1,1,2025-06-25,2025-06-25,NUCLEIN
DERMASENSOR INC,1,1,2025-10-13,2025-10-13,DERMASENSOR
Novus Scientific Ab Virdings Alle 2 Uppsala Sweden,1,1,2016-07-19,2016-07-19,NOVUS SCIENTIFIC VIRDINGS ALLE 2 UPPSALA SWEDEN
"Novosource, LLC",1,1,2024-09-19,2024-09-19,NOVOSOURCE
Novosci Corp,1,1,2003-11-24,2003-11-24,NOVOSCI
"Lanx, Inc.",1,1,2013-11-04,2013-11-04,LANX
Laser Peripherals LLC,1,1,2014-06-20,2014-06-20,LASER PERIPHERALS
Novasys Medical Inc,1,1,2009-07-27,2009-07-27,NOVASYS MEDICAL
OCULOGICA,1,1,2019-04-16,2019-04-16,OCULOGICA
Custom Assemblies Inc,1,1,2017-06-15,2017-06-15,CUSTOM ASSEMBLIES
"OLEA MEDICAL 93 AVANUE DU SORBIER, ZONE ATHELIA IV LA CIOTAT France",1,1,2023-08-10,2023-08-10,OLEA MEDICAL 93 AVANUE DU SORBIER ZONE ATHELIA IV LA CIOTAT FRANCE
"OMM Imports, Inc. dba Zero Gravity",1,1,2022-09-01,2022-09-01,OMM IMPORTS ZERO GRAVITY
Creganna Medical Devices Parkmore House Mweeloon Galway Ireland,1,1,2023-06-22,2023-06-22,CREGANNA MEDICAL DEVICES PARKMORE HOUSE MWEELOON GALWAY IRELAND
Laborie Medical Technologies Cor,1,1,2009-04-09,2009-04-09,LABORIE MEDICAL TECHNOLOGIES COR
Office Depot Inc,1,1,2020-07-27,2020-07-27,OFFICE DEPOT
Odin Medical Technologies Ltd. Kochav Yokneam 1 Hamelacha St. Yokneam Elit Israel,1,1,2010-07-01,2010-07-01,ODIN MEDICAL TECHNOLOGIES KOCHAV YOKNEAM 1 HAMELACHA ST YOKNEAM ELIT ISRAEL
"Oculus Technologies of Mexico, S.A. de C.V. Calle Industria Vidriera 81 Industrial Zapopan Norte Zapopan Mexico",1,1,2026-04-27,2026-04-27,OCULUS TECHNOLOGIES OF MEXICO S A DE C V CALLE INDUSTRIA VIDRIERA 81 INDUSTRIAL ZAPOPAN NORTE ZAPOPAN MEXICO
Crimson Trace Corporation,1,1,2017-10-10,2017-10-10,CRIMSON TRACE
"Oculus Innovative Sciences, Inc.",1,1,2016-11-21,2016-11-21,OCULUS INNOVATIVE SCIENCES
Critical Diagnostics,1,1,2012-02-28,2012-02-28,CRITICAL DIAGNOSTICS
"Ocular Sciences, Inc.",1,1,2004-12-09,2004-12-09,OCULAR SCIENCES
Obalon Therapeutics Inc,1,1,2019-05-23,2019-05-23,OBALON THERAPEUTICS
"CrossRoads Extremity Systems, LLC",1,1,2019-09-19,2019-09-19,CROSSROADS EXTREMITY SYSTEMS
Crossroads Extremity Systems Llc,1,1,2017-02-16,2017-02-16,CROSSROADS EXTREMITY SYSTEMS
"Oak Tree International Holdings, LLC, Inc.",1,1,2009-05-26,2009-05-26,OAK TREE
CryoCath Technologies Inc. 16771 Chemin Ste-Marie Kirkland Canada,1,1,2006-08-04,2006-08-04,CRYOCATH TECHNOLOGIES 16771 CHEMIN STE MARIE KIRKLAND CANADA
"OSTEOPORE INTERNATIONAL PTE LTD
 10, SCIENCE PARK ROAD
 THE ALPHA, #02-28
 SINGAPORE Singapore",1,1,2011-04-27,2011-04-27,OSTEOPORE 10 SCIENCE PARK ROAD ALPHA 02 28 SINGAPORE SINGAPORE
Laborie Medical Technologies Corp,1,1,2026-05-21,2026-05-21,LABORIE MEDICAL TECHNOLOGIES
ORTOMA AB Falkenbergsgatan 3 Goteborg Sweden,1,1,2025-07-28,2025-07-28,ORTOMA FALKENBERGSGATAN 3 GOTEBORG SWEDEN
ORTHOPEDIATRICS CANADA ULC Dba PEGA MEDICAL 1111 Chomedey (A-13) E Laval Canada,1,1,2024-07-04,2024-07-04,ORTHOPEDIATRICS CANADA ULC PEGA MEDICAL 1111 CHOMEDEY A 13 E LAVAL CANADA
Cuattro LLC,1,1,2019-10-15,2019-10-15,CUATTRO
"Curbell Medical, Inc.",1,1,2014-08-05,2014-08-05,CURBELL MEDICAL
Labories Medical Technologies,1,1,2023-02-07,2023-02-07,LABORIES MEDICAL TECHNOLOGIES
Curon Medical Inc,1,1,2003-02-21,2003-02-21,CURON MEDICAL
OMNI LIFE SCIENCE,1,1,2016-10-14,2016-10-14,OMNI LIFE SCIENCE
"DIABETIC SUPPLY OF SUNCOAST, INC. Barrio",1,1,2014-05-05,2014-05-05,DIABETIC SUPPLY OF SUNCOAST BARRIO
DICOM GRID INC,1,1,2016-12-16,2016-12-16,DICOM GRID
"Novapproach Spine, LLC",1,1,2026-04-23,2026-04-23,NOVAPPROACH SPINE
Dana Diabecare USA LLC,1,1,2004-05-26,2004-05-26,DANA DIABECARE
Lens.com,1,1,2018-08-14,2018-08-14,LENS COM
Dannoritzer Medizintechnik GmbH & Co. KG Sattlerstr. 25 Tuttlingen Germany,1,1,2018-08-06,2018-08-06,DANNORITZER MEDIZINTECHNIK AND KG SATTLERSTR 25 TUTTLINGEN GERMANY
"Danville Materials, Inc.",1,1,2016-06-24,2016-06-24,DANVILLE MATERIALS
"Nipro Diabetes Systems, Inc.",1,1,2004-05-07,2004-05-07,NIPRO DIABETES SYSTEMS
Nipro Corp,1,1,2002-11-08,2002-11-08,NIPRO
Ninepoint Medical Inc.,1,1,2018-04-11,2018-04-11,NINEPOINT MEDICAL
Nikon Metrology,1,1,2019-12-23,2019-12-23,NIKON METROLOGY
Nikkiso Ltd Shizuoka Plant 498 1 Shizutani; Shizuoka-Ken Makinohara Japan,1,1,2021-11-24,2021-11-24,NIKKISO SHIZUOKA PLANT 498 1 SHIZUTANI SHIZUOKA KEN MAKINOHARA JAPAN
"Flowonix Medical, Inc.",1,1,2017-05-22,2017-05-22,FLOWONIX MEDICAL
"Nidek, Inc.",1,1,2019-02-25,2019-02-25,NIDEK
Datascope Collagen Products Division,1,1,2003-07-28,2003-07-28,DATASCOPE COLLAGEN PRODUCTS DIVISION
Flowcardia Inc.,1,1,2009-01-09,2009-01-09,FLOWCARDIA
Datascope Interventional Products Division,1,1,2004-07-12,2004-07-12,DATASCOPE INTERVENTIONAL PRODUCTS DIVISION
"Datex - Ohmeda, Inc",1,0,2008-08-28,2008-08-28,DATEX OHMEDA
De Royal Industries,1,1,2003-02-14,2003-02-14,DE ROYAL INDUSTRIES
DeGotzen via Roma 45 Olgiate Olona Varese Italy,1,1,2012-09-26,2012-09-26,DEGOTZEN VIA ROMA 45 OLGIATE OLONA VARESE ITALY
"Flosonics Medical (R/A 1929803 ONTARIO CORP.)
 Fourth Floor, Oneeleven
 325 Front St W
 Toronto Canada",1,1,2025-08-07,2025-08-07,FLOSONICS MEDICAL R A 1929803 ONTARIO FOURTH FLOOR ONEELEVEN 325 FRONT ST W TORONTO CANADA
LetsGetChecked Inc.,1,1,2022-03-16,2022-03-16,LETSGETCHECKED
DeRoyal Surgical Tray,1,1,2004-01-19,2004-01-19,DEROYAL SURGICAL TRAY
DeRoyal Technologies Inc,1,1,2004-11-22,2004-11-22,DEROYAL TECHNOLOGIES
"New Wave Endo-Surgical, Corp.",1,1,2020-07-08,2020-07-08,NEW WAVE ENDO SURGICAL
DeRoyal Wound Care,1,1,2004-07-08,2004-07-08,DEROYAL WOUND CARE
Deals Nothing Over A Dollar,1,1,2005-02-16,2005-02-16,DEALS NOTHING OVER A DOLLAR
Danatech Medical Systems Inc,1,1,2003-12-05,2003-12-05,DANATECH MEDICAL SYSTEMS
Noah Medical Corporation,1,1,2025-09-12,2025-09-12,NOAH MEDICAL
Novapproach Spine LLC,1,1,2022-10-12,2022-10-12,NOVAPPROACH SPINE
"Dako Colorado, Inc.",1,1,2006-10-02,2006-10-02,DAKO COLORADO
Novadaq Technologies Inc.,1,1,2016-01-29,2016-01-29,NOVADAQ TECHNOLOGIES
"DICOM Grid, Inc.",1,1,2025-11-18,2025-11-18,DICOM GRID
"DICOM Grid, Inc. d/b/a Ambra Health",1,1,2022-06-23,2022-06-23,DICOM GRID D B A AMBRA HEALTH
"DIGIMED CO., LTD
 401, 402, 406~411-ho, A-dong 101, Gasan digital 2-ro, Geumcheon-Gu
 Seoul Korea (the Republic of)",1,1,2025-06-19,2025-06-19,DIGIMED 401 402 406 411 HO A DONG 101 GASAN DIGITAL 2 RO GEUMCHEON GU SEOUL KOREA REPUBLIC OF
Norwex Usa Inc,1,1,2015-02-03,2015-02-03,NORWEX
Laserworld Usa Inc,1,1,2012-07-19,2012-07-19,LASERWORLD
Northridge Tri-Modality Imaging,1,1,2016-05-24,2016-05-24,NORTHRIDGE TRI MODALITY IMAGING
Laurimed LLC,1,1,2014-04-07,2014-04-07,LAURIMED
DRE Medical Group Inc,1,1,2023-05-15,2023-05-15,DRE MEDICAL
Leibel-Flarsheim Company LLC,1,1,2013-04-25,2013-04-25,LEIBEL FLARSHEIM
North Star Imaging Inc,1,1,2017-08-23,2017-08-23,NORTH STAR IMAGING
Leica Biosystems Melbourne Pty Ltd,1,1,2025-04-02,2025-04-02,LEICA BIOSYSTEMS MELBOURNE PTY
"Leica Biosystems Newcastle Ltd. Balliol Business Park West, Benton Lane Newcastle Upon Tyne United Kingdom",1,1,2013-07-31,2013-07-31,LEICA BIOSYSTEMS NEWCASTLE BALLIOL BUSINESS PARK WEST BENTON LANE NEWCASTLE UPON TYNE UNITED KINGDOM
"Focalyx Technologies, LLC.",1,1,2025-12-23,2025-12-23,FOCALYX TECHNOLOGIES
North American Diagnostics,1,1,2022-06-15,2022-06-15,NORTH AMERICAN DIAGNOSTICS
"DWL Systems, Inc.",1,1,2004-01-05,2004-01-05,DWL SYSTEMS
"Normand Informatique
 Normand Informatique
 Sci Git; 57 Grand place; Cs 10451
 Arras CEDEX France",1,1,2017-10-16,2017-10-16,NORMAND INFORMATIQUE NORMAND INFORMATIQUE SCI GIT 57 GRAND PLACE CS 10451 ARRAS CEDEX FRANCE
Dade Behring,1,1,2005-02-07,2005-02-07,DADE BEHRING
"Dade Behring, Inc.",1,1,2006-09-27,2006-09-27,DADE BEHRING
Flux Technology Inc.,1,1,2025-02-19,2025-02-19,FLUX TECHNOLOGY
"Dain Technology, Inc. (Subsidiary of Soundable Health, Inc.) Seocho-Daero, Seocho # 413 398 Platinum Tower Seoul Korea (the Republic of)",1,1,2022-04-21,2022-04-21,DAIN TECHNOLOGY SUBSIDIARY OF SOUNDABLE HEALTH SEOCHO DAERO SEOCHO 413 398 PLATINUM TOWER SEOUL KOREA REPUBLIC OF
Nobel Biocare USA LLC,1,1,2007-11-02,2007-11-02,NOBEL BIOCARE
Nobel Biocare USA Inc,1,1,2003-01-27,2003-01-27,NOBEL BIOCARE
"Milwaukee Notions, Inc",1,1,2006-10-10,2006-10-10,MILWAUKEE NOTIONS
Dufner Instrumente GmbH Fohrenstr. 9 Tuttlingen Germany,1,1,2020-06-03,2020-06-03,DUFNER INSTRUMENTE FOHRENSTR 9 TUTTLINGEN GERMANY
Dukal Corp.,1,1,2017-06-01,2017-06-01,DUKAL
Medi-Physics Inc. dba GE Healthcare,1,1,2011-09-20,2011-09-20,MEDI PHYSICS GE HEALTHCARE
"Ethox International, Inc.",1,1,2011-03-25,2011-03-25,ETHOX
MEDTECH SAS Parc Euromedecine Batiment,1,1,2018-05-08,2018-05-08,MEDTECH SAS PARC EUROMEDECINE BATIMENT
"Medical Indicators, Inc.",1,1,2013-07-10,2013-07-10,MEDICAL INDICATORS
Medical Device Group Inc.,1,1,2005-06-08,2005-06-08,MEDICAL DEVICE
"MELA Sciences, Inc.",1,1,2015-04-02,2015-04-02,MELA SCIENCES
MERCHSOURCE LLC,1,1,2022-08-01,2022-08-01,MERCHSOURCE
"MESA BIOTECH, INC",1,1,2022-04-06,2022-04-06,MESA BIOTECH
Elucent Medical Inc,1,1,2024-11-18,2024-11-18,ELUCENT MEDICAL
Embecta Corp.,1,1,2024-06-18,2024-06-18,EMBECTA
Embeem Inc.,1,1,2006-11-09,2006-11-09,EMBEEM
"Medibo N.V. Heikant 5 Hanmont, Achel Belgium",1,1,2004-08-04,2004-08-04,MEDIBO N V HEIKANT 5 HANMONT ACHEL BELGIUM
Medi Manufacturing Inc,1,1,2006-08-11,2006-08-11,MEDI MANUFACTURING
Medrad Inc dba Bayer R & I,1,1,2013-09-20,2013-09-20,MEDRAD BAYER R AND I
Embla System Llc,1,1,2013-04-24,2013-04-24,EMBLA SYSTEM
Emergency Products & Research,1,1,2024-02-27,2024-02-27,EMERGENCY PRODUCTS AND RESEARCH
"Mederi Therapeutics, Inc",1,1,2017-04-03,2017-04-03,MEDERI THERAPEUTICS
Medela Inc. EF Division,1,1,2015-02-13,2015-02-13,MEDELA EF DIVISION
Emergent Protective Products USA Inc,1,1,2022-11-24,2022-11-24,EMERGENT PROTECTIVE PRODUCTS
Medela AG Medical Technology Lattichstrasse 4b Baai Switzerland,1,1,2020-12-02,2020-12-02,MEDELA MEDICAL TECHNOLOGY LATTICHSTRASSE 4B BAAI SWITZERLAND
"Estill Medical Technologies, Inc",1,1,2014-07-25,2014-07-25,ESTILL MEDICAL TECHNOLOGIES
MIM Software Inc,1,1,2025-02-19,2025-02-19,MIM SOFTWARE
"Medartis, Inc.",1,1,2014-10-01,2014-10-01,MEDARTIS
Medartis Inc.,1,1,2024-04-12,2024-04-12,MEDARTIS
MIMvista Corp,1,1,2008-04-23,2008-04-23,MIMVISTA
Medical Intelligence Medizintechnik Gmbh Robert-bosch-str. 8 Schwabmunchen Germany,1,1,2019-07-18,2019-07-18,MEDICAL INTELLIGENCE MEDIZINTECHNIK ROBERT BOSCH STR 8 SCHWABMUNCHEN GERMANY
"Medical Modeling, Inc.",1,1,2022-05-17,2022-05-17,MEDICAL MODELING
European Custom Manufacturing B.V. Oost-Om 54 Gemert Netherlands,1,1,2011-04-18,2011-04-18,EUROPEAN CUSTOM MANUFACTURING B V OOST OM 54 GEMERT NETHERLANDS
Ellex Medical Pty Ltd.,1,1,2023-03-16,2023-03-16,ELLEX MEDICAL PTY
Medos International Sarl Chemin Blanc 36 Le Locle Switzerland,1,1,2024-02-02,2024-02-02,MEDOS SARL CHEMIN BLANC 36 LE LOCLE SWITZERLAND
"Medminder Systems, Inc.",1,1,2022-03-28,2022-03-28,MEDMINDER SYSTEMS
Event Medical LTD,1,1,2015-10-13,2015-10-13,EVENT MEDICAL
Medline Industries Inc. 12001 General Milton,1,1,2022-07-21,2022-07-21,MEDLINE INDUSTRIES 12001 GENERAL MILTON
Elekta Impac Software,1,1,2019-09-24,2019-09-24,ELEKTA IMPAC SOFTWARE
"MDS Canada Inc. DBA MDS Nordion
 447 March Road
 Ottawa Canada Ontario",1,1,2009-02-24,2009-02-24,MDS CANADA MDS NORDION 447 MARCH ROAD OTTAWA CANADA ONTARIO
Event Medical,1,1,2005-08-12,2005-08-12,EVENT MEDICAL
Medisystems Corp,1,0,2012-01-31,2012-01-31,MEDISYSTEMS
Medisurg Research & Management Corp,1,1,2006-04-28,2006-04-28,MEDISURG RESEARCH AND MANAGEMENT
"MEDDEV USA, INC.",1,1,2012-05-10,2012-05-10,MEDDEV
Medispectra Inc.,1,1,2007-05-15,2007-05-15,MEDISPECTRA
Medishop USA,1,1,2006-10-17,2006-10-17,MEDISHOP
Medimop Medical Projects Ltd.,1,1,2017-10-06,2017-10-06,MEDIMOP MEDICAL PROJECTS
"MEDICAMAT S.A. 59, Avenue Augustin-Dumont Malakoff France",1,1,2013-02-18,2013-02-18,MEDICAMAT S A 59 AVENUE AUGUSTIN DUMONT MALAKOFF FRANCE
MEDIVANCE INC.,1,1,2005-01-05,2005-01-05,MEDIVANCE
MEDLINE IND,1,1,2016-12-12,2016-12-12,MEDLINE IND
Elite Medical Group,1,1,2003-07-03,2003-07-03,ELITE MEDICAL
Medicel Ag Luchton 1262 Wolfhalden Switzerland,1,1,2013-08-05,2013-08-05,MEDICEL LUCHTON 1262 WOLFHALDEN SWITZERLAND
Medicalplastic S.R.L. Via Saverio Mercadante,1,1,2021-06-17,2021-06-17,MEDICALPLASTIC S R L VIA SAVERIO MERCADANTE
MedicalCommunications GmbH Max-Jarecki-Str. 8 Heidelberg Germany,1,1,2025-09-09,2025-09-09,MEDICALCOMMUNICATIONS MAX JARECKI STR 8 HEIDELBERG GERMANY
Medical Vision Ab Haestholmsvaegen,1,1,2016-05-10,2016-05-10,MEDICAL VISION HAESTHOLMSVAEGEN
"Medical Specialties Distributors, Inc.",1,1,2012-08-03,2012-08-03,MEDICAL SPECIALTIES DISTRIBUTORS
Ellex Inc.,1,1,2007-09-25,2007-09-25,ELLEX
Medagent Inc,1,1,2023-12-21,2023-12-21,MEDAGENT
Enchroma Inc,1,1,2024-09-06,2024-09-06,ENCHROMA
Encompass Therapeutic Support Systems dba BG North America,1,1,2010-03-05,2010-03-05,ENCOMPASS THERAPEUTIC SUPPORT SYSTEMS BG NORTH AMERICA
"Matrix Distributors, Inc.",1,1,2006-10-09,2006-10-09,MATRIX DISTRIBUTORS
"Esaote S.p.A. Via Di Caciolle, 15 Firenze Italy",1,1,2016-06-06,2016-06-06,ESAOTE S P A VIA DI CACIOLLE 15 FIRENZE ITALY
"MRP, LLC dba Aquabiliti",1,1,2023-12-28,2023-12-28,MRP AQUABILITI
Marknew Products,1,1,2007-11-28,2007-11-28,MARKNEW PRODUCTS
Market-Tiers Inc,1,1,2014-07-16,2014-07-16,MARKET TIERS
MTI Precision Products LLC.,1,1,2012-05-07,2012-05-07,MTI PRECISION PRODUCTS
Marietta Vision,1,1,2011-02-21,2011-02-21,MARIETTA VISION
Mar-Med Co,1,1,2020-12-28,2020-12-28,MAR MED
"Maquet Medical Systems, Usa",1,1,2012-04-13,2012-04-13,MAQUET MEDICAL SYSTEMS
Mac Medical Supply Co Inc,1,1,2021-08-04,2021-08-04,MAC MEDICAL SUPPLY
"Macan Engineering and Manufacturing Co., Inc.",1,1,2006-04-05,2006-04-05,MACAN ENGINEERING AND MANUFACTURING
"Enztec Limited 26 Dakota Crescent, Sockburn Christchurch New Zealand",1,1,2019-08-16,2019-08-16,ENZTEC 26 DAKOTA CRESCENT SOCKBURN CHRISTCHURCH NEW ZEALAND
"Eos Imaging 10, Rue Mercoeur Paris France",1,1,2011-04-13,2011-04-13,EOS IMAGING 10 RUE MERCOEUR PARIS FRANCE
Macherey Nagel Gmbh & Co. Kg Valencienner Str. 11 Duren Germany,1,1,2024-04-04,2024-04-04,MACHEREY NAGEL AND KG VALENCIENNER STR 11 DUREN GERMANY
"Ergoactives, Llc",1,1,2016-01-19,2016-01-19,ERGOACTIVES
Epigenomics Ag Geneststr. 5 Berlin Germany,1,1,2017-11-02,2017-11-02,EPIGENOMICS GENESTSTR 5 BERLIN GERMANY
"ErgoSafe Product LLC dba Prism Medical Services 
 480 University Avenue, Suite 510
 Toronto, ON Canada M5GiV2",1,0,2013-05-10,2013-05-10,ERGOSAFE PRODUCT PRISM MEDICAL SERVICES 480 UNIVERSITY AVENUE SUITE 510 TORONTO ON CANADA M5GIV2
"Magnivision, Inc.",1,1,2003-05-02,2003-05-02,MAGNIVISION
Epilog Laser Corp.,1,1,2024-08-08,2024-08-08,EPILOG LASER
Maquet Cardiopulmonary Ag Kehler Str. 31 Rastatt Germany,1,1,2025-04-30,2025-04-30,MAQUET CARDIOPULMONARY KEHLER STR 31 RASTATT GERMANY
Maquet,1,1,2017-05-22,2017-05-22,MAQUET
"Epitope Diagnostics, Inc.",1,1,2020-10-01,2020-10-01,EPITOPE DIAGNOSTICS
"Manan Medical Products, Inc.",1,1,2005-05-03,2005-05-03,MANAN MEDICAL PRODUCTS
"Mallinckrodt, LLC.",1,1,2022-06-23,2022-06-23,MALLINCKRODT
"Enhancement Medical, LLC",1,1,2013-08-07,2013-08-07,ENHANCEMENT MEDICAL
Matrix Medical Network,1,1,2022-01-24,2022-01-24,MATRIX MEDICAL NETWORK
MITO RED LIGHT INC,1,1,2025-02-12,2025-02-12,MITO RED LIGHT
Enginivity LLC,1,1,2009-03-23,2009-03-23,ENGINIVITY
"Endo-Therapeutics, Inc.",1,1,2022-10-24,2022-10-24,ENDO THERAPEUTICS
Med-logics Inc,1,1,2015-01-13,2015-01-13,MED LOGICS
"EndoChoice, Inc.
 11810 Wills Rd Ste 100
 ATTN: Theron Gober
 Alpharetta GA 30009-2081",1,1,2015-12-18,2015-12-18,ENDOCHOICE 11810 WILLS RD STE 100 ATTN THERON GOBER ALPHARETTA GA 30009 2081
"Med-Hot Thermal Imaging, Inc.",1,1,2017-01-14,2017-01-14,MED HOT THERMAL IMAGING
"Espiner Medical Ltd
 Yeo Bank
 3, Kenn Road
 Clevedon United Kingdom",1,1,2018-06-20,2018-06-20,ESPINER MEDICAL YEO BANK 3 KENN ROAD CLEVEDON UNITED KINGDOM
Escalon Medical Corp,1,1,2010-05-05,2010-05-05,ESCALON MEDICAL
Med Michigan Holding Llc,1,1,2024-11-19,2024-11-19,MED MICHIGAN
MONICA HEALTHCARE LTD Interchange 25 Business Park Bostocks Lane Nottingham United Kingdom,1,1,2017-04-28,2017-04-28,MONICA HEALTHCARE INTERCHANGE 25 BUSINESS PARK BOSTOCKS LANE NOTTINGHAM UNITED KINGDOM
"Endologix, Inc.",1,1,2020-05-06,2020-05-06,ENDOLOGIX
MOTEK MEDICAL B.V. Hogehilweg 18 18 Unit C Amsterdam Netherlands,1,1,2019-07-29,2019-07-29,MOTEK MEDICAL B V HOGEHILWEG 18 18 UNIT C AMSTERDAM NETHERLANDS
MRIMed Inc.,1,1,2025-10-13,2025-10-13,MRIMED
Mckesson Medical Imaging,1,1,2016-12-02,2016-12-02,MCKESSON MEDICAL IMAGING
Energetiq Technology Inc,1,1,2019-09-27,2019-09-27,ENERGETIQ TECHNOLOGY
"McKesson Technologies, Inc.",1,1,2014-06-15,2014-06-15,MCKESSON TECHNOLOGIES
Energizer Personal Care,1,1,2014-03-18,2014-03-18,ENERGIZER PERSONAL CARE
McKesson Provider Technologies,1,1,2007-11-12,2007-11-12,MCKESSON PROVIDER TECHNOLOGIES
"McKesson Israel Ltd. Or Towers Bldg. B 4, Nehoshet St. Tel Aviv Israel",1,1,2018-03-12,2018-03-12,MCKESSON ISRAEL OR TOWERS BLDG B 4 NEHOSHET ST TEL AVIV ISRAEL
"McKesson Israel Ltd. 4 Nehoshet St., or Towers Bldg. B Tel Aviv Israel",1,1,2014-12-19,2014-12-19,MCKESSON ISRAEL 4 NEHOSHET ST OR TOWERS BLDG B TEL AVIV ISRAEL
McKesson General Medical Corporation,1,1,2003-10-31,2003-10-31,MCKESSON GENERAL MEDICAL
Mazor Robotics Ltd,1,1,2014-11-26,2014-11-26,MAZOR ROBOTICS
Maytex Corp,1,1,2013-05-15,2013-05-15,MAYTEX
Maximus Medical Products Inc,1,1,2003-10-30,2003-10-30,MAXIMUS MEDICAL PRODUCTS
"Engineered Medical Systems, Inc",1,1,2011-09-12,2011-09-12,ENGINEERED MEDICAL SYSTEMS
Electro Medical Systems (EMS SA) Rte de Champ-Colin,1,1,2003-10-03,2003-10-03,ELECTRO MEDICAL SYSTEMS EMS RTE DE CHAMP COLIN
Medrad Mr Inc,1,1,2013-11-21,2013-11-21,MEDRAD MR
Duke Manufacturing Co.,1,1,2010-05-12,2010-05-12,DUKE MANUFACTURING
"Michigan Orthopaedic Products, Inc.",1,1,2008-05-05,2008-05-05,MICHIGAN ORTHOPAEDIC PRODUCTS
EEG Info,1,1,2012-11-15,2012-11-15,EEG INFO
"Lockheed Martin Gyrocam Systems, Inc.",1,1,2010-01-21,2010-01-21,LOCKHEED MARTIN GYROCAM SYSTEMS
Micro-X Ltd. A14 6 MAB Eastern Promenade Tonsley Australia,1,1,2022-08-31,2022-08-31,MICRO X A14 6 MAB EASTERN PROMENADE TONSLEY AUSTRALIA
"EITAN MEDICAL LTD 29, Yad Kharutsim Netanya Israel",1,1,2023-09-11,2023-09-11,EITAN MEDICAL 29 YAD KHARUTSIM NETANYA ISRAEL
Micro-Tech Usa,1,1,2020-10-05,2020-10-05,MICRO TECH
Lodox Na Llc,1,1,2004-05-10,2004-05-10,LODOX NA
ELITech Clinical Systems SAS Zone Industrielle des Fourneaux Sees France,1,1,2017-04-18,2017-04-18,ELITECH CLINICAL SYSTEMS SAS ZONE INDUSTRIELLE DES FOURNEAUX SEES FRANCE
ELITech Group B.V. Van Rensselaerweg 4 Spankeren Netherlands,1,1,2016-07-12,2016-07-12,ELITECH B V VAN RENSSELAERWEG 4 SPANKEREN NETHERLANDS
"ELLUME LTD
 57 Didsbury St
 East Brisbane Australia",1,1,2021-10-01,2021-10-01,ELLUME 57 DIDSBURY ST EAST BRISBANE AUSTRALIA
Loma Vista Medical,1,1,2013-03-18,2013-03-18,LOMA VISTA MEDICAL
Mick Radio Nuclear Instr Inc,1,1,2005-03-30,2005-03-30,MICK RADIO NUCLEAR INSTR
EM Innovations Inc,1,1,2006-04-03,2006-04-03,EM INNOVATIONS
MDC Acquisition Co.,1,1,2010-04-23,2010-04-23,MDC ACQUISITION
EMD Chemicals Inc.,1,1,2011-04-04,2011-04-04,EMD CHEMICALS
"Miami Fat Supply, Inc",1,1,2016-04-21,2016-04-21,MIAMI FAT SUPPLY
"Miami Device Solutions, LLC.",1,1,2019-01-15,2019-01-15,MIAMI DEVICE SOLUTIONS
"Lorad, A Hologic, Inc.",1,1,2008-02-28,2008-02-28,LORAD A HOLOGIC
Mettler Electronics Corp,1,1,2011-04-14,2011-04-14,METTLER ELECTRONICS
Metrika Inc,1,1,2007-08-31,2007-08-31,METRIKA
"EMG Technology Co., Ltd.",1,1,2014-08-03,2014-08-03,EMG TECHNOLOGY
EMPATICA SRL Via Enrico Stendhal,1,1,2023-07-13,2023-07-13,EMPATICA VIA ENRICO STENDHAL
FEMSelect Ltd HaMa'ayan 2 First Floor Modi'in Israel,1,1,2021-12-13,2021-12-13,FEMSELECT HAMA AYAN 2 FIRST FLOOR MODI IN ISRAEL
Lsi Medience Corporation 13-4 Uchikanda,1,1,2016-08-16,2016-08-16,LSI MEDIENCE 13 4 UCHIKANDA
Mesa Laboratories Inc,1,1,2016-04-04,2016-04-04,MESA LABORATORIES
"MicroPort Orthopedics, Inc.",1,1,2015-08-04,2015-08-04,MICROPORT ORTHOPEDICS
Livongo Health,1,1,2016-02-18,2016-02-18,LIVONGO HEALTH
"FMS, Finapres Medical Systems BV Paasheuvelweg 34A 1105 BJ Amsterdam Netherlands",1,1,2012-07-06,2012-07-06,FMS FINAPRES MEDICAL SYSTEMS PAASHEUVELWEG 34A 1105 BJ AMSTERDAM NETHERLANDS
Linvatec Imaging,1,1,2005-08-01,2005-08-01,LINVATEC IMAGING
"Milestone Scientific, Inc.",1,1,2015-02-11,2015-02-11,MILESTONE SCIENTIFIC
Milestone S.R.L. Via Fatebenefratelli 1/5 Sorisole Italy,1,1,2026-03-09,2026-03-09,MILESTONE S R L VIA FATEBENEFRATELLI 1 5 SORISOLE ITALY
Milabs Bv Heidelberglaan,1,1,2012-04-15,2012-04-15,MILABS HEIDELBERGLAAN
Migo Trading LLC,1,1,2021-11-04,2021-11-04,MIGO TRADING
"Migada Inc.
 P.O Box 888
 Kiryat Shmona Israel",1,1,2008-12-18,2008-12-18,MIGADA P O BOX 888 KIRYAT SHMONA ISRAEL
Midmark Corportation,1,1,2011-10-24,2011-10-24,MIDMARK CORPORTATION
"Linde Gas North America Llc
 575 Mountain Ave
 Attn Import Compliance Manager
 New Providence NJ 07974",1,1,2013-03-08,2013-03-08,LINDE GAS NORTH AMERICA 575 MOUNTAIN AVE ATTN IMPORT COMPLIANCE MANAGER NEW PROVIDENCE NJ 07974
Midmark Corp,1,1,2003-03-05,2003-03-05,MIDMARK
Micrus Endovascular Corporation,1,1,2006-09-08,2006-09-08,MICRUS ENDOVASCULAR
"Micrus Endovascular Corp., 821 Fox Lane, San Jose, CA 95131 
 821 Fox Ln
 San Jose CA 95131-1601",1,1,2010-10-21,2010-10-21,MICRUS ENDOVASCULAR 821 FOX LANE SAN JOSE CA 95131 821 FOX LN SAN JOSE CA 95131 1601
Microvision Medical Holding B.V. Meibergdreef 45 Amsterdam Netherlands,1,1,2006-07-21,2006-07-21,MICROVISION MEDICAL B V MEIBERGDREEF 45 AMSTERDAM NETHERLANDS
Linet Americas,1,1,2020-03-06,2020-03-06,LINET AMERICAS
Dynasthetics LLC,1,1,2022-05-09,2022-05-09,DYNASTHETICS
Linet Spol. S.r.o. Zelevcice 5 Zelevcice Czech Republic,1,1,2023-01-18,2023-01-18,LINET SPOL S R O ZELEVCICE 5 ZELEVCICE CZECH REPUBLIC
Facet Technologies,1,1,2008-07-18,2008-07-18,FACET TECHNOLOGIES
Linvatec Corp DBA Linvatec/Hal,1,1,2003-01-24,2003-01-24,LINVATEC LINVATEC HAL
"Micromedical Technologies, Inc",1,1,2009-11-16,2009-11-16,MICROMEDICAL TECHNOLOGIES
E Med Future Inc,1,1,2002-08-15,2002-08-15,E MED FUTURE
Microline Surgical,1,1,2014-04-14,2014-04-14,MICROLINE SURGICAL
FX SHOULDER,1,1,2023-08-08,2023-08-08,FX SHOULDER
"E.M.S. Electro Medical Systems SA Chemin de la Vuarpilliere 31 Nyon, Vaud Switzerland",1,1,2005-03-16,2005-03-16,E M S ELECTRO MEDICAL SYSTEMS CHEMIN DE LA VUARPILLIERE 31 NYON VAUD SWITZERLAND
"FSC Laboratories, Inc",1,1,2016-05-16,2016-05-16,FSC LABORATORIES
Microcare Medical,1,1,2024-08-29,2024-08-29,MICROCARE MEDICAL
"ENDO Pharmaceuticals Solutions, Inc.",1,1,2022-11-08,2022-11-08,ENDO PHARMACEUTICALS SOLUTIONS
Mermaid Medical A/S Frydensbergvej 25 Stenlose Denmark,1,1,2024-05-01,2024-05-01,MERMAID MEDICAL A S FRYDENSBERGVEJ 25 STENLOSE DENMARK
Mermaid Medical A/S Frydensbergvej 25 Stenl?se Denmark,1,1,2015-06-15,2015-06-15,MERMAID MEDICAL A S FRYDENSBERGVEJ 25 STENL SE DENMARK
Exocad GmbH Julius-Reiber-Str. 37 Darmstadt Germany,1,1,2023-08-17,2023-08-17,EXOCAD JULIUS REIBER STR 37 DARMSTADT GERMANY
Medtronic Navigation Kochav Yokneam 1 Hamelacha St. Yokne'am Ilit Israel,1,1,2016-06-20,2016-06-20,MEDTRONIC NAVIGATION KOCHAV YOKNEAM 1 HAMELACHA ST YOKNE AM ILIT ISRAEL
Luv N' Care Ltd,1,1,2009-07-17,2009-07-17,LUV N CARE
Medtronic International Trade Inc,1,1,2008-05-07,2008-05-07,MEDTRONIC TRADE
"Medtronic Image Guided Neurologics, Inc.",1,1,2007-10-04,2007-10-04,MEDTRONIC IMAGE GUIDED NEUROLOGICS
Luxottica Optical Manufacturing,1,1,2010-06-30,2010-06-30,LUXOTTICA OPTICAL MANUFACTURING
Lymol Medical Corporation,1,1,2021-07-29,2021-07-29,LYMOL MEDICAL
Eight Medical International BV Laan Van Hildernisse-Noord 2a Bergen Op Zoom Netherlands,1,1,2021-06-04,2021-06-04,EIGHT MEDICAL LAAN VAN HILDERNISSE NOORD 2A BERGEN OP ZOOM NETHERLANDS
Exalenz Bioscience Ltd Hamaayan 4 Modiin Israel,1,1,2011-06-07,2011-06-07,EXALENZ BIOSCIENCE HAMAAYAN 4 MODIIN ISRAEL
MAQUET GMBH Kehler Str. 31 Rastatt Germany,1,1,2025-07-14,2025-07-14,MAQUET KEHLER STR 31 RASTATT GERMANY
Exact Sciences Corporation,1,1,2017-04-28,2017-04-28,EXACT SCIENCES
Ekla Corporation,1,1,2016-10-20,2016-10-20,EKLA
Medtronic Cardiovascular,1,1,2008-11-24,2008-11-24,MEDTRONIC CARDIOVASCULAR
"Elan Diagnostics, Inc.",1,1,2002-11-07,2002-11-07,ELAN DIAGNOSTICS
MARVAO MEDICAL DEVICES LTD. Unit 1 Galway Business Park Dangan Galway Ireland,1,1,2020-02-11,2020-02-11,MARVAO MEDICAL DEVICES UNIT 1 GALWAY BUSINESS PARK DANGAN GALWAY IRELAND
"Medtrol, Inc.",1,1,2009-12-02,2009-12-02,MEDTROL
"MAST Biosurgery USA, Inc",1,1,2014-08-26,2014-08-26,MAST BIOSURGERY
"MedtestDx, Inc.",1,1,2015-05-15,2015-05-15,MEDTESTDX
MAX LUX CORP 03e 01 01 Yangxi Indust Ry Zone Yangjiangyangjiang China,1,1,2021-10-26,2021-10-26,MAX LUX 03E 01 01 YANGXI INDUST RY ZONE YANGJIANGYANGJIANG CHINA
MCKESSON TECHNOLOGIES INC,1,1,2013-07-22,2013-07-22,MCKESSON TECHNOLOGIES
"Medspira, Llc",1,1,2017-06-14,2017-06-14,MEDSPIRA
MCKESSON TECHNOLOGIES INC.,1,1,2013-03-15,2013-03-15,MCKESSON TECHNOLOGIES
"Medshape Solutions, INC.",1,1,2013-04-04,2013-04-04,MEDSHAPE SOLUTIONS
Medscience Inc,1,1,2016-03-22,2016-03-22,MEDSCIENCE
Edwards Lifesciences Technology SARL,1,1,2006-11-27,2006-11-27,EDWARDS LIFESCIENCES TECHNOLOGY SARL
Edge Biologicals Inc,1,1,2023-10-02,2023-10-02,EDGE BIOLOGICALS
ENDOTRONIX,1,1,2019-09-25,2019-09-25,ENDOTRONIX
"Lumiport, LLC",1,1,2006-09-28,2006-09-28,LUMIPORT
EP Medsystems,1,1,2006-04-04,2006-04-04,EP MEDSYSTEMS
Lumend Inc,1,1,2004-05-18,2004-05-18,LUMEND
"ETHICON, INC. Calle Durango 2751 Col. Parque Industrial Americas, Juarez Juarez Mexico",1,1,2024-10-08,2024-10-08,ETHICON CALLE DURANGO 2751 COL PARQUE INDUSTRIAL AMERICAS JUAREZ JUAREZ MEXICO
"Meretek Diagnostics, Inc.",1,1,2007-05-02,2007-05-02,MERETEK DIAGNOSTICS
"Lumenis 13 Hayetzira St., Yokneam Ind. Park Yokneam Israel",1,1,2015-07-30,2015-07-30,LUMENIS 13 HAYETZIRA ST YOKNEAM IND PARK YOKNEAM ISRAEL
Merck Millipore Ltd. Tullagreen Carrigtwohill County Cork Ireland,1,1,2018-05-14,2018-05-14,MERCK MILLIPORE TULLAGREEN CARRIGTWOHILL COUNTY CORK IRELAND
Eyemart Express Ltd,1,1,2014-09-12,2014-09-12,EYEMART EXPRESS
EVIDENT SCIENTIFIC INC,1,1,2024-07-22,2024-07-22,EVIDENT SCIENTIFIC
"Lumenis Ltd
 13 Hayetzira St.,Yokneam Ind. Park
 Yokneam Israel",1,1,2015-11-17,2015-11-17,LUMENIS 13 HAYETZIRA ST YOKNEAM IND PARK YOKNEAM ISRAEL
Memphis Fertility Laboratory Inc,1,1,2009-07-10,2009-07-10,MEMPHIS FERTILITY LABORATORY
EYE COMFORT CARE LLC,1,1,2024-02-08,2024-02-08,EYE COMFORT CARE
Extended Care Air Therapy Systems Inc,1,1,2006-04-05,2006-04-05,EXTENDED CARE AIR THERAPY SYSTEMS
Exsurco Medical,1,1,2018-04-17,2018-04-17,EXSURCO MEDICAL
Medtronics Midas Rex,1,1,2002-11-11,2002-11-11,MEDTRONICS MIDAS REX
"Medtronic formerly Covidien Michael Collins Road, Mervue Ind. Park Galway Ireland",1,1,2022-03-25,2022-03-25,MEDTRONIC FORMERLY COVIDIEN MICHAEL COLLINS ROAD MERVUE IND PARK GALWAY IRELAND
"Lumicell, Inc.",1,1,2025-07-31,2025-07-31,LUMICELL
Medtronic Vascular Galway Limited Parkmore Business Park West Galway Ireland,1,1,2009-08-06,2009-08-06,MEDTRONIC VASCULAR GALWAY PARKMORE BUSINESS PARK WEST GALWAY IRELAND
Echonous Inc,1,1,2024-05-09,2024-05-09,ECHONOUS
"Ecolab, Inc.",1,1,2017-10-13,2017-10-13,ECOLAB
Medtronic Spine LLC (formerly Kyphon Inc.),1,1,2011-03-23,2011-03-23,MEDTRONIC SPINE FORMERLY KYPHON
"Edan Instruments, Inc.
 7/F, Yuehai Office Bldg.
 1128 Nanyou Road
 Nanshan, Shenzhen Guangdong China",1,1,2010-09-10,2010-09-10,EDAN INSTRUMENTS 7 F YUEHAI OFFICE BLDG 1128 NANYOU ROAD NANSHAN SHENZHEN GUANGDONG CHINA
Edap Technomed Inc.,1,1,2017-08-14,2017-08-14,EDAP TECHNOMED
Eden Spine Europe SA rue du,1,1,2017-03-17,2017-03-17,EDEN SPINE EUROPE RUE DU
Ohio Medical Instrument Co Inc,1,1,2003-02-26,2003-02-26,OHIO MEDICAL INSTRUMENT
Laborie Medical Technologies,1,1,2006-10-04,2006-10-04,LABORIE MEDICAL TECHNOLOGIES
"Ohmeda Medical, A Div of Datex-Ohmeda Inc",1,1,2003-10-17,2003-10-17,OHMEDA MEDICAL A DIV OF DATEX OHMEDA
QURA S.R.L. Via Di Mezzo,1,1,2021-03-22,2021-03-22,QURA S R L VIA DI MEZZO
Janus Trade Group,1,1,2020-03-23,2020-03-23,JANUS TRADE
Jarvik Heart Inc,1,1,2018-10-15,2018-10-15,JARVIK HEART
Quality Electrodynamics Llc,1,1,2008-12-29,2008-12-29,QUALITY ELECTRODYNAMICS
Cardinal Health Inc,1,1,2011-02-18,2011-02-18,CARDINAL HEALTH
Qualitest Pharmaceuticals Inc,1,1,2005-06-14,2005-06-14,QUALITEST PHARMACEUTICALS
Cardinal Health Manufacturing LLC,1,1,2008-12-24,2008-12-24,CARDINAL HEALTH MANUFACTURING
Qrs Diagnostic,1,1,2012-02-16,2012-02-16,QRS DIAGNOSTIC
"Qiagen, GmbH Qiagen Str. 1 Hilden Germany",1,1,2017-07-22,2017-07-22,QIAGEN QIAGEN STR 1 HILDEN GERMANY
Jas Diagnostics/Drew Scientific,1,1,2016-03-10,2016-03-10,JAS DIAGNOSTICS DREW SCIENTIFIC
Jay Bird Investments Inc,1,1,2011-07-06,2011-07-06,JAY BIRD INVESTMENTS
Qapel Medical Inc.,1,1,2025-02-26,2025-02-26,QAPEL MEDICAL
Jeneric/Pentron,1,1,2009-10-22,2009-10-22,JENERIC PENTRON
"RVO 2.0, INC",1,1,2018-11-13,2018-11-13,RVO 2 0
"QLT USA, Inc.",1,1,2006-01-26,2006-01-26,QLT
"QIAGEN
 19300 GERMANTOWN RD
 GERMANTOWN MD 20874 USA
 KOELN Germany",1,1,2018-05-28,2018-05-28,QIAGEN 19300 GERMANTOWN RD GERMANTOWN MD 20874 KOELN GERMANY
Q-Med Corporation,1,1,2003-10-30,2003-10-30,Q MED
Pyng Medical Corporation 210-13480 Crestwood Pl Richmond Canada,1,1,2015-08-31,2015-08-31,PYNG MEDICAL 210 13480 CRESTWOOD PL RICHMOND CANADA
Pyng Medical Corporation,1,1,2010-11-05,2010-11-05,PYNG MEDICAL
Puritan Medical Products Inc,1,1,2003-12-02,2003-12-02,PURITAN MEDICAL PRODUCTS
"Puritan Medical Products Company, Llc",1,1,2024-02-21,2024-02-21,PURITAN MEDICAL PRODUCTS
"Puritan Medical Products Co., LLC",1,1,2014-12-22,2014-12-22,PURITAN MEDICAL PRODUCTS
Puritan Bennett Corporation,1,1,2006-08-31,2006-08-31,PURITAN BENNETT
Puritan Bennett,1,1,2005-04-20,2005-04-20,PURITAN BENNETT
Purewick Corporation,1,1,2016-02-24,2016-02-24,PUREWICK
Cardiac Science Corporation N7,1,1,2016-01-14,2016-01-14,CARDIAC SCIENCE N7
GMP Companies/Lifesync Corporation,1,1,2007-01-10,2007-01-10,GMP COMPANIES LIFESYNC
Queen Comfort Products lLC,1,1,2021-08-18,2021-08-18,QUEEN COMFORT PRODUCTS
"Carbomedics, Inc",1,1,2002-04-30,2002-04-30,CARBOMEDICS
"RTI Biologics, Inc.",1,1,2011-04-09,2011-04-09,RTI BIOLOGICS
"Canary Medical, Inc.",1,1,2025-05-02,2025-05-02,CANARY MEDICAL
RONAN MEDICAL LLC,1,1,2023-12-11,2023-12-11,RONAN MEDICAL
"J & J Solutions, Inc. DBA Corvida Medical",1,1,2016-11-22,2016-11-22,J AND J SOLUTIONS CORVIDA MEDICAL
RHONDIUM LIMITED,1,1,2019-01-31,2019-01-31,RHONDIUM
"RGI Medical Manufacturing, Inc.",1,1,2014-03-28,2014-03-28,RGI MEDICAL MANUFACTURING
J & T Health and Wellness LLC,1,1,2023-03-31,2023-03-31,J AND T HEALTH AND WELLNESS
RESPIRATORY THERAPEUTICS GROUP LLC,1,1,2019-08-19,2019-08-19,RESPIRATORY THERAPEUTICS
RESEARCH INSTRUMENTS LTD SITE B Bickland Ind. Park Falmouth United Kingdom,1,1,2016-03-11,2016-03-11,RESEARCH INSTRUMENTS SITE B BICKLAND IND PARK FALMOUTH UNITED KINGDOM
REPLIGEN CORPORATION,1,1,2025-12-10,2025-12-10,REPLIGEN
RECORDATI RARE DISEASES INC.,1,1,2025-06-11,2025-06-11,RECORDATI RARE DISEASES
Canon USA Inc,1,1,2003-03-11,2003-03-11,CANON
Capitol Vial Inc,1,1,2011-10-07,2011-10-07,CAPITOL VIAL
Capnia Inc,1,1,2025-04-21,2025-04-21,CAPNIA
R4 Vascular Inc,1,1,2011-05-03,2011-05-03,R4 VASCULAR
"R.O. Gulden & Co., Inc.",1,1,2010-02-05,2010-02-05,R O GULDEN AND
R A Medical Services Holmes House Skipton Road Keighley United Kingdom,1,1,2023-08-23,2023-08-23,R A MEDICAL SERVICES HOLMES HOUSE SKIPTON ROAD KEIGHLEY UNITED KINGDOM
"R & D Systems, Inc",1,1,2004-04-15,2004-04-15,R AND D SYSTEMS
Qvella Corporation,1,1,2022-11-02,2022-11-02,QVELLA
Caption Health,1,1,2021-05-19,2021-05-19,CAPTION HEALTH
Quest Products Inc.,1,1,2008-11-07,2008-11-07,QUEST PRODUCTS
"CarboFix Orthopedics, Ltd. 11 Ha, Hoslim St. Herzliya Israel",1,1,2016-05-10,2016-05-10,CARBOFIX ORTHOPEDICS 11 HA HOSLIM ST HERZLIYA ISRAEL
JIANGSU JUMAO X-CARE MEDICAL EQUIPMENT CO LTD No,1,1,2024-12-09,2024-12-09,JIANGSU JUMAO X CARE MEDICAL EQUIPMENT NO
Pulsion Medical Inc,1,1,2014-11-04,2014-11-04,PULSION MEDICAL
Pulse Biomedical Inc,1,1,2007-03-05,2007-03-05,PULSE BIOMEDICAL
"Pulmonx, Corp.",1,1,2023-08-31,2023-08-31,PULMONX
Preservation Solutions Inc,1,1,2010-09-24,2010-09-24,PRESERVATION SOLUTIONS
"Precision Valve & Automation, Inc",1,1,2020-06-26,2020-06-26,PRECISION VALVE AND AUTOMATION
Precision Dynamics Corporation,1,1,2013-07-10,2013-07-10,PRECISION DYNAMICS
"Jomed Catheters, Inc.",1,1,2002-11-21,2002-11-21,JOMED CATHETERS
"JosNoe Medical, Inc.",1,1,2015-12-01,2015-12-01,JOSNOE MEDICAL
Praxair Inc.,1,1,2012-11-16,2012-11-16,PRAXAIR
Jostra-Bentley Corporation,1,0,2002-11-01,2002-11-01,JOSTRA BENTLEY
"Powers Medical Devices, LLC",1,1,2015-10-01,2015-10-01,POWERS MEDICAL DEVICES
Carl Zeiss Metrology Inc,1,1,2017-11-14,2017-11-14,CARL ZEISS METROLOGY
"Potomac River Group, Corp.",1,1,2021-04-21,2021-04-21,POTOMAC RIVER
Carl Zeiss Ophthalmic Systems Inc,1,1,2004-06-03,2004-06-03,CARL ZEISS OPHTHALMIC SYSTEMS
"Carl Zeiss Suzhou Co., Ltd. Modern Industrial Square",1,1,2023-08-18,2023-08-18,CARL ZEISS SUZHOU MODERN INDUSTRIAL SQUARE
"Portex, Inc",1,1,2003-02-20,2003-02-20,PORTEX
Carleton Life Support Systems Inc,1,1,2009-07-24,2009-07-24,CARLETON LIFE SUPPORT SYSTEMS
Portex Inc.,1,1,2003-06-18,2003-06-18,PORTEX
Portex Inc,1,1,2003-10-10,2003-10-10,PORTEX
Porter Instrument Co Inc,1,1,2008-08-26,2008-08-26,PORTER INSTRUMENT
Porous Media Corporation,1,1,2007-04-26,2007-04-26,POROUS MEDIA
Popper & Sons Inc,1,1,2008-01-02,2008-01-02,POPPER AND SONS
"GE Medical Systems China Co., Ltd.
 No. 19 Changjiang Road
 Development Zone National Hi-Tech Xin District
 Wuxi China",1,1,2026-04-21,2026-04-21,GE MEDICAL SYSTEMS CHINA NO 19 CHANGJIANG ROAD DEVELOPMENT ZONE NATIONAL HI TECH XIN DISTRICT WUXI CHINA
KARDIUM INC. 100,1,1,2010-03-31,2010-03-31,KARDIUM 100
KAYSERBETTEN GMBH & CO. KG Rieper Str. 12 Bad Fallingbostel Germany,1,1,2026-05-04,2026-05-04,KAYSERBETTEN AND KG RIEPER STR 12 BAD FALLINGBOSTEL GERMANY
"Cartiva, Inc",1,1,2024-10-31,2024-10-31,CARTIVA
"GE MEDICAL SYSTEMS, ISRAEL LTD. Nativ Haa??or Street no.",1,1,2023-09-06,2023-09-06,GE MEDICAL SYSTEMS ISRAEL NATIV HAA OR STREET NO
"Jolife AB Ideon, Scheelev",1,1,2011-02-08,2011-02-08,JOLIFE IDEON SCHEELEV
"Preservation Solutions, Inc.",1,1,2018-02-26,2018-02-26,PRESERVATION SOLUTIONS
Cardinal Scale Mfg Co,1,1,2015-12-23,2015-12-23,CARDINAL SCALE MFG
"Preventice Services, LLC",1,1,2019-08-06,2019-08-06,PREVENTICE SERVICES
Psi Health Solutions,1,1,2007-04-26,2007-04-26,PSI HEALTH SOLUTIONS
"Jiangsu Well Biotech Co., Ltd. No",1,1,2022-08-09,2022-08-09,JIANGSU WELL BIOTECH NO
Provalis Diagnostics,1,1,2005-05-20,2005-05-20,PROVALIS DIAGNOSTICS
"Jiangsu Wujin Hualian Health Dressing Co., Ltd.",1,1,2011-02-22,2011-02-22,JIANGSU WUJIN HUALIAN HEALTH DRESSING
Promega Corpopration,1,1,2008-06-04,2008-06-04,PROMEGA CORPOPRATION
"Prollenium Medical Technologies Inc.
 138 Industrial Pky N
 Aurora Canada",1,1,2018-11-15,2018-11-15,PROLLENIUM MEDICAL TECHNOLOGIES 138 INDUSTRIAL PKY N AURORA CANADA
Cardio Medical Products,1,1,2013-04-26,2013-04-26,CARDIO MEDICAL PRODUCTS
ProgenaCare,1,1,2022-04-18,2022-04-18,PROGENACARE
"CardioFocus, Inc.",1,1,2025-02-07,2025-02-07,CARDIOFOCUS
"Procedure Products, Inc.",1,1,2015-10-27,2015-10-27,PROCEDURE PRODUCTS
"Cardiopulmonary Instrumentation, Inc",1,1,2011-02-17,2011-02-17,CARDIOPULMONARY INSTRUMENTATION
Pro-Med Instruments Gmbh BOETZINGER STRASSE 86 Freiburg Im Breisgau Germany,1,1,2025-03-14,2025-03-14,PRO MED INSTRUMENTS BOETZINGER STRASSE 86 FREIBURG IM BREISGAU GERMANY
Pro-Dex Inc dba Dyna-Dent,1,1,2009-01-19,2009-01-19,PRO DEX DYNA DENT
CareFusion,1,0,2010-03-08,2010-03-08,CAREFUSION
Pro Trainers' Choice Company,1,1,2011-04-18,2011-04-18,PRO TRAINERS CHOICE
Privapath Diagnostics Ltd Unit A10 Block A Calmount Park; Calmount Avenue Dublin,1,1,2019-07-01,2019-07-01,PRIVAPATH DIAGNOSTICS UNIT A10 BLOCK A CALMOUNT PARK CALMOUNT AVENUE DUBLIN
"GF Health Products, Inc",1,1,2016-09-30,2016-09-30,GF HEALTH PRODUCTS
"Prismatik Dentalcraft, Inc",1,1,2016-08-15,2016-08-15,PRISMATIK DENTALCRAFT
"Carefusion 303 Inc
 3750 Torrey View Ct
 San Diego CA 92130-2622",1,1,2012-12-20,2012-12-20,CAREFUSION 303 3750 TORREY VIEW CT SAN DIEGO CA 92130 2622
GELITA MEDICAL GMBH Uferstr. 7 Eberbach Germany,1,1,2022-07-27,2022-07-27,GELITA MEDICAL UFERSTR 7 EBERBACH GERMANY
GE Medical Systems SCS,1,1,2026-05-08,2026-05-08,GE MEDICAL SYSTEMS SCS
Primus Corporation,1,1,2020-10-09,2020-10-09,PRIMUS
Cargille-Sacher Laboratories Inc.,1,1,2006-07-07,2006-07-07,CARGILLE SACHER LABORATORIES
GRAMERCY EXTREMITY ORTHOPEDICS,1,1,2023-04-04,2023-04-04,GRAMERCY EXTREMITY ORTHOPEDICS
GRAPHENANO DENTAL SL Calle De Pau Casals,1,1,2023-10-24,2023-10-24,GRAPHENANO DENTAL SL CALLE DE PAU CASALS
GE Healthcare LLC,1,1,2026-02-27,2026-02-27,GE HEALTHCARE
"C.L.R. Medicals International, Inc.",1,1,2013-11-25,2013-11-25,C L R MEDICALS
"Rockwell Medical, Inc",1,1,2018-04-07,2018-04-07,ROCKWELL MEDICAL
Btt Health Gmbh Billerberg 7 Inning Germany,1,1,2024-08-01,2024-08-01,BTT HEALTH BILLERBERG 7 INNING GERMANY
Rocket Medical Plc Industrial Estate Sedling Road Wear Indu Tyne & Wear Washington United Kingdom,1,1,2019-08-01,2019-08-01,ROCKET MEDICAL INDUSTRIAL ESTATE SEDLING ROAD WEAR INDU TYNE AND WEAR WASHINGTON UNITED KINGDOM
Burton Medical Products Corp,1,1,2004-02-19,2004-02-19,BURTON MEDICAL PRODUCTS
Invatec Llc,1,1,2009-03-04,2009-03-04,INVATEC
Inverness Medical,1,1,2008-10-08,2008-10-08,INVERNESS MEDICAL
Mallinckrodt Pharmaceuticals Ireland Ltd College Business & Technology Park Blanchardstown Road North Dublin,1,1,2021-12-10,2021-12-10,MALLINCKRODT PHARMACEUTICALS IRELAND COLLEGE BUSINESS AND TECHNOLOGY PARK BLANCHARDSTOWN ROAD NORTH DUBLIN
Inverness Medical BioStar Inc.,1,1,2008-07-02,2008-07-02,INVERNESS MEDICAL BIOSTAR
"C. R.Bard, Inc./BardElectrophysiology Division",1,1,2008-10-01,2008-10-01,C R BARD BARDELECTROPHYSIOLOGY DIVISION
Roche Diagnostics Hematology,1,1,2018-05-07,2018-05-07,ROCHE DIAGNOSTICS HEMATOLOGY
Galt Medical Corp,1,1,2010-02-08,2010-02-08,GALT MEDICAL
CAIRE DIAGNOSTICS INC,1,1,2021-02-26,2021-02-26,CAIRE DIAGNOSTICS
Canadian Hospital Specialties Ltd.,1,1,2024-06-11,2024-06-11,CANADIAN HOSPITAL SPECIALTIES
"CARESTREAM DENTAL, LLC",1,1,2021-02-15,2021-02-15,CARESTREAM DENTAL
CAREstream Medical LLC,1,1,2018-05-15,2018-05-15,CARESTREAM MEDICAL
Invictus Scientific Inc,1,1,2007-11-26,2007-11-26,INVICTUS SCIENTIFIC
Rite-Dent Manufacturing Corp.,1,1,2005-09-21,2005-09-21,RITE DENT MANUFACTURING
Rinovum Women's Health,1,1,2019-05-02,2019-05-02,RINOVUM WOMEN S HEALTH
CARIS LIFE SCIENCES,1,1,2025-06-17,2025-06-17,CARIS LIFE SCIENCES
"CEFLA DENTAL GROUP VIA BICOCCA 14/C IMOLA, BO Italy",1,1,2012-08-10,2012-08-10,CEFLA DENTAL VIA BICOCCA 14 C IMOLA BO ITALY
Richard Wolf Medical Instrument Corp,1,1,2003-10-09,2003-10-09,RICHARD WOLF MEDICAL INSTRUMENT
"CHANGZHOU BIOMET MEDICAL DEVICES CO., LTD. No. 235 Longhutangjieban Chuangxindadao Xinbei Changzhou China",1,1,2022-06-02,2022-06-02,CHANGZHOU BIOMET MEDICAL DEVICES NO 235 LONGHUTANGJIEBAN CHUANGXINDADAO XINBEI CHANGZHOU CHINA
Rhytec Inc.,1,1,2006-10-02,2006-10-02,RHYTEC
Revmedx Inc,1,1,2015-08-12,2015-08-12,REVMEDX
Roho Inc.,1,1,2017-03-20,2017-03-20,ROHO
"Romedic, Inc.",1,1,2010-04-28,2010-04-28,ROMEDIC
Roscoe Medical Inc,1,1,2014-10-01,2014-10-01,ROSCOE MEDICAL
"IntroMedic Co., Ltd. F-Rtek 6 Floor 11-25 Simindaero327beon-Gil; Dongan Anyang Korea (the Republic of)",1,1,2017-02-15,2017-02-15,INTROMEDIC F RTEK 6 FLOOR 11 25 SIMINDAERO327BEON GIL DONGAN ANYANG KOREA REPUBLIC OF
"Gambro BCT, Inc.",1,1,2007-09-18,2007-09-18,GAMBRO BCT
"Brewer Company, LLC N88",1,1,2018-03-29,2018-03-29,BREWER N88
Intio Inc,1,1,2013-02-26,2013-02-26,INTIO
Bridge to Life Ltd,1,1,2025-06-12,2025-06-12,BRIDGE TO LIFE
SANTA JOY ORNAMENT & GIFTWARE CO 3rd Block Changtian Ind Hengli Town Dongguan City China,1,1,2017-11-21,2017-11-21,SANTA JOY ORNAMENT AND GIFTWARE 3RD BLOCK CHANGTIAN IND HENGLI TOWN DONGGUAN CITY CHINA
SANRAI INTERNATIONAL LLC,1,1,2018-08-29,2018-08-29,SANRAI
Bridgepoint Medical,1,1,2012-06-26,2012-06-26,BRIDGEPOINT MEDICAL
Briggs Medical Service Company d.b.a. Mabis,1,1,2014-06-05,2014-06-05,BRIGGS MEDICAL SERVICE D B A MABIS
SAFE ORTHOPAEDICS LLC,1,1,2022-06-03,2022-06-03,SAFE ORTHOPAEDICS
"SA3, LLC",1,1,2022-02-21,2022-02-21,SA3
S.I.N. Implant System Ltda Rua Soldador Ocimar Guimaraes da Silva 421 Jardim Analia Franco Sao Paulo Brazil,1,1,2025-07-30,2025-07-30,S I N IMPLANT SYSTEM LTDA RUA SOLDADOR OCIMAR GUIMARAES DA SILVA 421 JARDIM ANALIA FRANCO SAO PAULO BRAZIL
S.A.E. AFIKIM Kibbutz Afikem Kibbutz Afikim Israel,1,1,2013-09-27,2013-09-27,S A E AFIKIM KIBBUTZ AFIKEM KIBBUTZ AFIKIM ISRAEL
Intra Pump Infusion Systems,1,1,2013-10-18,2013-10-18,INTRA PUMP INFUSION SYSTEMS
"S & MOHR AMERICA, S.A. DE C.V. Circuito De La Industria Poniente Lote 10 C Estado De Mexico Mexico",1,1,2023-01-05,2023-01-05,S AND MOHR AMERICA S A DE C V CIRCUITO DE LA INDUSTRIA PONIENTE LOTE 10 C ESTADO DE MEXICO MEXICO
Intraop Medical Corporation,1,1,2008-06-20,2008-06-20,INTRAOP MEDICAL
"Brookstone Company, Inc.",1,1,2012-11-02,2012-11-02,BROOKSTONE
Rygel Advanced Machines d/b/a Omtech Laser,1,1,2024-06-07,2024-06-07,RYGEL ADVANCED MACHINES D B A OMTECH LASER
Rx Textiles Inc,1,1,2003-06-11,2003-06-11,RX TEXTILES
"BrosMed Medical Co., Ltd. Bubugaogaofu Lou Lou 15th Songshan Lake Hi Dongguan China",1,1,2018-12-14,2018-12-14,BROSMED MEDICAL BUBUGAOGAOFU LOU LOU 15TH SONGSHAN LAKE HI DONGGUAN CHINA
Rultract Inc,1,1,2003-09-18,2003-09-18,RULTRACT
Rubicor Medical,1,1,2006-02-17,2006-02-17,RUBICOR MEDICAL
RoyalVibe Health Ltd.,1,1,2023-08-30,2023-08-30,ROYALVIBE HEALTH
"Brushpoint Innovations, Inc.",1,1,2011-01-14,2011-01-14,BRUSHPOINT INNOVATIONS
Revision Optics Inc,1,1,2017-02-07,2017-02-07,REVISION OPTICS
"Retractable Technologies, Inc.",1,1,2024-02-05,2024-02-05,RETRACTABLE TECHNOLOGIES
CHENICA INC.,1,1,2013-01-18,2013-01-18,CHENICA
CYPRESS MEDICAL PRODUCTS,1,1,2016-10-12,2016-10-12,CYPRESS MEDICAL PRODUCTS
"Rebiscan, Inc.",1,1,2022-10-03,2022-10-03,REBISCAN
"ReNovo, Inc.",1,1,2021-01-19,2021-01-19,RENOVO
ReFlow Medical,1,1,2017-03-22,2017-03-22,REFLOW MEDICAL
Iris Sample Processing,1,1,2006-09-29,2006-09-29,IRIS SAMPLE PROCESSING
Raz Design Inc,1,1,2026-01-05,2026-01-05,RAZ DESIGN
Rayner Intraocular Lenses Ltd 10 Dominion Way Worthing United Kingdom,1,1,2022-05-13,2022-05-13,RAYNER INTRAOCULAR LENSES 10 DOMINION WAY WORTHING UNITED KINGDOM
IrriMAX Corporation,1,1,2019-08-16,2019-08-16,IRRIMAX
Rayes Inc,1,1,2005-11-14,2005-11-14,RAYES
Raye's Inc.,1,1,2024-01-25,2024-01-25,RAYE S
Rauland-Borg Corp,1,1,2013-05-10,2013-05-10,RAULAND BORG
Irvine Scientific Sales Co Inc,1,1,2008-10-23,2008-10-23,IRVINE SCIENTIFIC SALES
"Cadence Science, Inc.",1,1,2019-05-10,2019-05-10,CADENCE SCIENCE
GS Biomark LLC,1,1,2022-08-08,2022-08-08,GS BIOMARK
Randox Laboratories 55 The Diamond Road Antrim United Kingdom,1,1,2016-09-16,2016-09-16,RANDOX LABORATORIES 55 DIAMOND ROAD ANTRIM UNITED KINGDOM
Cairn Diagnostics,1,1,2021-01-08,2021-01-08,CAIRN DIAGNOSTICS
Ithera Medical Gmbh Zielstattstr. 13 Munich Germany,1,1,2025-01-08,2025-01-08,ITHERA MEDICAL ZIELSTATTSTR 13 MUNICH GERMANY
"Calyxo, Inc.",1,1,2025-02-19,2025-02-19,CALYXO
Ralston Group,1,1,2019-07-12,2019-07-12,RALSTON
"Ivenix, Inc.",1,1,2022-04-22,2022-04-22,IVENIX
"Radionics, Inc.",1,1,2004-05-25,2004-05-25,RADIONICS
Ivoclar A. G. Fl-9494 Schaan Liechtenstein,1,1,2015-10-07,2015-10-07,IVOCLAR A G FL 9494 SCHAAN LIECHTENSTEIN
"Cambridge Heart, Inc.",1,1,2010-04-29,2010-04-29,CAMBRIDGE HEART
"Rad-Source Technologies, Inc.
 20283 State Rd. 7
 Suite 107
 Boca Raton FL 33498",1,1,2002-06-01,2002-06-01,RAD SOURCE TECHNOLOGIES 20283 STATE RD 7 SUITE 107 BOCA RATON FL 33498
GSK Consumer Healthcare,1,1,2016-04-25,2016-04-25,GSK CONSUMER HEALTHCARE
Iridex Corporation,1,1,2018-02-27,2018-02-27,IRIDEX
"Response Biomedical Corp.
 1781 75th Ave W
 Vancouver Canada",1,1,2019-03-15,2019-03-15,RESPONSE BIOMEDICAL 1781 75TH AVE W VANCOUVER CANADA
GVI Technology Partners,1,1,2004-01-16,2004-01-16,GVI TECHNOLOGY PARTNERS
"CIBA Vision Puerto Rico, Inc. El Jibaro",1,1,2011-02-01,2011-02-01,CIBA VISION PUERTO RICO EL JIBARO
"Respironics Novametrix, Inc.",1,1,2002-09-02,2002-09-02,RESPIRONICS NOVAMETRIX
Respironics,1,1,2009-02-05,2009-02-05,RESPIRONICS
"Inviro Medical Devices, Inc",1,1,2010-05-10,2010-05-10,INVIRO MEDICAL DEVICES
CME America LLC,1,1,2020-02-27,2020-02-27,CME AMERICA
Invision Technologies Inc,1,1,2005-10-07,2005-10-07,INVISION TECHNOLOGIES
CMR SURGICAL LIMITED 1 Evolution Business Park Milton Road; Cam Cambridge United Kingdom,1,1,2026-06-09,2026-06-09,CMR SURGICAL 1 EVOLUTION BUSINESS PARK MILTON ROAD CAM CAMBRIDGE UNITED KINGDOM
"RenovoRx, Inc.",1,1,2015-11-25,2015-11-25,RENOVORX
"Remote Diagnostic Technologies Ltd. The Old Coach House, The Av. Farleigh Wallop, Basingstoke Hampshire United Kingdom",1,1,2011-03-25,2011-03-25,REMOTE DIAGNOSTIC TECHNOLOGIES OLD COACH HOUSE AV FARLEIGH WALLOP BASINGSTOKE HAMPSHIRE UNITED KINGDOM
Ion Beam Applications S.A. 3 Chemin Du Cyclotron Louvain-la-neuve Belgium,1,1,2022-04-20,2022-04-20,ION BEAM APPLICATIONS S A 3 CHEMIN DU CYCLOTRON LOUVAIN LA NEUVE BELGIUM
"CORENTEC CO., LTD Seobuk-gu 12 Yeongsanhong 1-gil Seobuk-gu, Cheonan-si Korea (the Republic of)",1,1,2017-02-27,2017-02-27,CORENTEC SEOBUK GU 12 YEONGSANHONG 1 GIL SEOBUK GU CHEONAN SI KOREA REPUBLIC OF
GYN Disposables Inc,1,1,2011-07-29,2011-07-29,GYN DISPOSABLES
"CORIN MEDICAL, LTD. Unit 1-57-8 Corinium Centre Cirencester United Kingdom",1,1,2025-05-23,2025-05-23,CORIN MEDICAL UNIT 1 57 8 CORINIUM CENTRE CIRENCESTER UNITED KINGDOM
"GVS TM, Inc",1,1,2025-11-03,2025-11-03,GVS TM
Iotamotion Inc,1,1,2024-09-12,2024-09-12,IOTAMOTION
Remel Inc.,1,1,2019-01-04,2019-01-04,REMEL
"CPM Medical Consultants, LLC.",1,1,2025-09-17,2025-09-17,CPM MEDICAL CONSULTANTS
Remel Europe Ltd. Clipper Boulevard West Ken Dartford United Kingdom,1,1,2026-03-25,2026-03-25,REMEL EUROPE CLIPPER BOULEVARD WEST KEN DARTFORD UNITED KINGDOM
Remel Europe Ltd. Clipper Boulevard West Dartford United Kingdom,1,1,2020-07-23,2020-07-23,REMEL EUROPE CLIPPER BOULEVARD WEST DARTFORD UNITED KINGDOM
Reliance Medical Products Inc,1,1,2017-12-06,2017-12-06,RELIANCE MEDICAL PRODUCTS
CSL Behring GmbH Emil-Von-Behring-Str. 76 Marburg Germany,1,1,2020-03-02,2020-03-02,CSL BEHRING EMIL VON BEHRING STR 76 MARBURG GERMANY
"Regulatory Insight, Inc",1,1,2008-07-01,2008-07-01,REGULATORY INSIGHT
Regenesis Biomedical Inc,1,1,2008-09-29,2008-09-29,REGENESIS BIOMEDICAL
"Pointcare Technologies, Inc.",1,1,2011-11-02,2011-11-02,POINTCARE TECHNOLOGIES
"Catheter Connections, Inc.",1,1,2014-08-05,2014-08-05,CATHETER CONNECTIONS
"Laboratoires Bodycad, Inc.",1,1,2021-07-02,2021-07-02,LABORATOIRES BODYCAD
Coltene Whaledent AG Feldwiesenstrasse 20 Altstatten Sg Switzerland,1,1,2019-07-19,2019-07-19,COLTENE WHALEDENT FELDWIESENSTRASSE 20 ALTSTATTEN SG SWITZERLAND
"Ottlite TEchnologies, Inc.",1,1,2022-11-17,2022-11-17,OTTLITE TECHNOLOGIES
"Otsuka America Pharmaceutical, Inc.",1,1,2008-01-18,2008-01-18,OTSUKA AMERICA PHARMACEUTICAL
"Koven Technology, Inc.",1,1,2026-03-04,2026-03-04,KOVEN TECHNOLOGY
Kowa Optimed Inc,1,1,2020-11-03,2020-11-03,KOWA OPTIMED
Ostial Corporation,1,1,2021-07-14,2021-07-14,OSTIAL
"College Park Industries, Inc.",1,1,2012-04-05,2012-04-05,COLLEGE PARK INDUSTRIES
Osteotec Limited,1,1,2025-06-18,2025-06-18,OSTEOTEC
"Osteomed, Lp
 3885 Arapaho Rd
 Addison TX 75001",1,1,2011-06-07,2011-06-07,OSTEOMED 3885 ARAPAHO RD ADDISON TX 75001
Kreatech Biotechnology Bv Vlierweg 20 Amsterdam Netherlands,1,1,2024-11-01,2024-11-01,KREATECH BIOTECHNOLOGY VLIERWEG 20 AMSTERDAM NETHERLANDS
"Osteogenics Biomedical, Inc.",1,1,2016-09-07,2016-09-07,OSTEOGENICS BIOMEDICAL
Kreg Medical Inc.,1,1,2012-08-02,2012-08-02,KREG MEDICAL
Kreuzer Gmbh & Co. KG BenzstraBe 26 Puchheim Germany,1,1,2010-10-26,2010-10-26,KREUZER AND KG BENZSTRABE 26 PUCHHEIM GERMANY
Klowen Braces,1,1,2026-06-08,2026-06-08,KLOWEN BRACES
"CompView Medical, LLC",1,1,2015-12-04,2015-12-04,COMPVIEW MEDICAL
Fresh Roast Systems Inc,1,1,2026-04-15,2026-04-15,FRESH ROAST SYSTEMS
"Companion Medical, Inc.",1,1,2022-11-08,2022-11-08,COMPANION MEDICAL
Osmetech Inc,1,1,2004-06-22,2004-06-22,OSMETECH
Compass Health Brands,1,1,2015-04-20,2015-04-20,COMPASS HEALTH BRANDS
"ConBio, a CynoSure Company",1,1,2013-05-09,2013-05-09,CONBIO A CYNOSURE
"Orthovita, Inc.",1,1,2011-03-31,2011-03-31,ORTHOVITA
Conavi Medical Inc.,1,1,2025-03-12,2025-03-12,CONAVI MEDICAL
Orthosensor,1,1,2012-02-04,2012-02-04,ORTHOSENSOR
Fresenius Vial Sa Le Grand Chemin Brezins France,1,1,2017-12-02,2017-12-02,FRESENIUS VIAL LE GRAND CHEMIN BREZINS FRANCE
"LABORIE MEDICAL TECHNOLOGIES, CANADA ULC",1,1,2020-04-22,2020-04-22,LABORIE MEDICAL TECHNOLOGIES CANADA ULC
Coherent Inc Laser Group,1,1,2003-11-17,2003-11-17,COHERENT LASER
Otto Bock Healthcare Product Brehmstrasse,1,1,2015-08-12,2015-08-12,OTTO BOCK HEALTHCARE PRODUCT BREHMSTRASSE
Codman & Shurtleff Inc,1,1,2019-05-16,2019-05-16,CODMAN AND SHURTLEFF
Codan Us Corporation,1,1,2011-08-17,2011-08-17,CODAN
POM Medical LLC,1,1,2018-07-11,2018-07-11,POM MEDICAL
"POLYMEDCO, INC. POLYMEDCO CANCER DIAGNOSTIC PRODUCTS, LLC",1,1,2025-10-06,2025-10-06,POLYMEDCO POLYMEDCO CANCER DIAGNOSTIC PRODUCTS
"Clarus Medical, Llc",1,1,2021-07-27,2021-07-27,CLARUS MEDICAL
"PMBS, LLC",1,1,2016-01-13,2016-01-13,PMBS
PIE Medical Imaging B.V. Demertdwarsstraat 8A01 Maastricht Netherlands,1,1,2025-07-14,2025-07-14,PIE MEDICAL IMAGING B V DEMERTDWARSSTRAAT 8A01 MAASTRICHT NETHERLANDS
PHONESOAP,1,1,2022-08-30,2022-08-30,PHONESOAP
"Koios Medical, Inc.",1,1,2019-12-31,2019-12-31,KOIOS MEDICAL
"Clinical Diagnostic Solutions, Inc.",1,1,2020-01-02,2020-01-02,CLINICAL DIAGNOSTIC SOLUTIONS
PHILIPS HOME HEALTHCARE SOLUTION,1,1,2020-12-08,2020-12-08,PHILIPS HOME HEALTHCARE SOLUTION
Clinical Diagnostic Systems,1,1,2018-01-11,2018-01-11,CLINICAL DIAGNOSTIC SYSTEMS
"PHASE SCIENTIFIC INTERNATIONAL LIMITED 1/f, E Phase 3 Hong Kong Science Park Sha Tin Hong Kong SAR",1,1,2023-10-25,2023-10-25,PHASE SCIENTIFIC 1 F E PHASE 3 HONG KONG SCIENCE PARK SHA TIN HONG KONG SAR
PFM MEDICAL INC.,1,1,2026-04-21,2026-04-21,PFM MEDICAL
"Konica Minolta Healthcare Americas, Inc.",1,1,2021-12-03,2021-12-03,KONICA MINOLTA HEALTHCARE AMERICAS
Clinician's Choice Dental Products Inc.,1,1,2022-03-18,2022-03-18,CLINICIAN S CHOICE DENTAL PRODUCTS
"Konica Minolta Healthcare, Americas, Inc.",1,1,2018-11-08,2018-11-08,KONICA MINOLTA HEALTHCARE AMERICAS
"Konica Minolta, Inc.",1,1,2017-04-24,2017-04-24,KONICA MINOLTA
"Coapt Systems, Inc.",1,0,2003-05-23,2003-05-23,COAPT SYSTEMS
"Oxysure Systems, Inc.",1,1,2015-06-12,2015-06-12,OXYSURE SYSTEMS
"Oxus America, Inc.",1,1,2013-01-14,2013-01-14,OXUS AMERICA
Oxoid Limited Wade Road Basingstoke United Kingdom,1,1,2024-12-23,2024-12-23,OXOID WADE ROAD BASINGSTOKE UNITED KINGDOM
Oxoid Australia Pty Limited 20 Dlgleish St South Australia Australia,1,1,2026-03-03,2026-03-03,OXOID AUSTRALIA PTY 20 DLGLEISH ST SOUTH AUSTRALIA AUSTRALIA
"KooJoo Trading Company 116-7 Songma-li, Daegoj-myun Gimpo City, Gyeongki-Do Korea, Republic Of (South)",1,1,2013-07-03,2013-07-03,KOOJOO TRADING 116 7 SONGMA LI DAEGOJ MYUN GIMPO CITY GYEONGKI DO KOREA REPUBLIC OF SOUTH
Codan US Corporation,1,1,2019-09-12,2019-09-12,CODAN
Orthopedic Systems Inc,1,1,2007-02-14,2007-02-14,ORTHOPEDIC SYSTEMS
Conmed Linvatec Endoscopy Division,1,1,2007-10-31,2007-10-31,CONMED LINVATEC ENDOSCOPY DIVISION
"Conseal International, Inc.",1,1,2018-04-25,2018-04-25,CONSEAL
"Copan Italia Via Perotti, 10 Brescia Italy",1,1,2013-08-09,2013-08-09,COPAN ITALIA VIA PEROTTI 10 BRESCIA ITALY
Copan WASP Via Achille Grandi,1,1,2025-05-06,2025-05-06,COPAN WASP VIA ACHILLE GRANDI
LMS Medical Systems Ltd,1,1,2005-01-11,2005-01-11,LMS MEDICAL SYSTEMS
LONGHORN VACCINES AND DIAGNOSTIC 2 Bethesda Metro Cente,1,1,2020-06-03,2020-06-03,LONGHORN VACCINES AND DIAGNOSTIC 2 BETHESDA METRO CENTE
Opternative Inc,1,1,2019-05-20,2019-05-20,OPTERNATIVE
Ontact Inc 10944 Playa Del Sol,1,1,2024-03-20,2024-03-20,ONTACT 10944 PLAYA DEL SOL
Core Brands,1,1,2005-06-22,2005-06-22,CORE BRANDS
Ondamed Inc,1,1,2017-07-07,2017-07-07,ONDAMED
On Site Gas Systems Inc.,1,1,2013-12-19,2013-12-19,ON SITE GAS SYSTEMS
"LUMINOSTICS, INC dba CLIP HEALTH",1,1,2022-09-02,2022-09-02,LUMINOSTICS CLIP HEALTH
"Omrix Biopharmaceuticals, Ltd. Plasma Fract. Inst. Magen David Adom Blood Services Ctr., Sheba Hospital Ramat Gan Israel",1,1,2004-08-06,2004-08-06,OMRIX BIOPHARMACEUTICALS PLASMA FRACT INST MAGEN DAVID ADOM BLOOD SERVICES CTR SHEBA HOSPITAL RAMAT GAN ISRAEL
Omnyx Llc,1,1,2013-10-01,2013-10-01,OMNYX
"Core Care Technologies, Inc",1,1,2006-10-14,2006-10-14,CORE CARE TECHNOLOGIES
LUMITHERA INC,1,1,2025-05-07,2025-05-07,LUMITHERA
Omnia SRL Via Fratelli Cairoli 5 Fidenza Italy,1,1,2021-03-30,2021-03-30,OMNIA VIA FRATELLI CAIROLI 5 FIDENZA ITALY
OmniLife Science,1,1,2021-10-01,2021-10-01,OMNILIFE SCIENCE
"OmniCell, Inc.",1,1,2023-03-27,2023-03-27,OMNICELL
CoreLink LLC,1,1,2022-10-20,2022-10-20,CORELINK
Coreva Health Science LLC,1,1,2015-05-18,2015-05-18,COREVA HEALTH SCIENCE
Frames Direct,1,1,2020-03-18,2020-03-18,FRAMES DIRECT
"Cosman Medical, LLC",1,1,2017-07-05,2017-07-05,COSMAN MEDICAL
"Olympus America, Inc",1,1,2005-11-18,2005-11-18,OLYMPUS AMERICA
Forte Automation Systems Inc,1,1,2017-09-05,2017-09-05,FORTE AUTOMATION SYSTEMS
"Covidien Medical Products (Shanghai) Manufacturing L.L.C. Building 10 789 Puxinglu Pujiang, Minhang Shanghaishi China",1,1,2016-02-23,2016-02-23,COVIDIEN MEDICAL PRODUCTS SHANGHAI MANUFACTURING L L C BUILDING 10 789 PUXINGLU PUJIANG MINHANG SHANGHAISHI CHINA
OptumHealth Care Solutions LLC,1,1,2024-04-18,2024-04-18,OPTUMHEALTH CARE SOLUTIONS
Copan Italia Via Francesco Perotti 10 Brescia Italy,1,1,2021-07-09,2021-07-09,COPAN ITALIA VIA FRANCESCO PEROTTI 10 BRESCIA ITALY
"LABORIE MEDICAL TECHNOLOGIES, CORP",1,1,2019-07-17,2019-07-17,LABORIE MEDICAL TECHNOLOGIES
Orbus Medical Technologies Inc,1,1,2004-03-19,2004-03-19,ORBUS MEDICAL TECHNOLOGIES
"Contec Medical Systems Co., Ltd. Economic And No.",1,1,2025-04-10,2025-04-10,CONTEC MEDICAL SYSTEMS ECONOMIC AND NO
Contego Medical LLC,1,1,2025-09-04,2025-09-04,CONTEGO MEDICAL
"LABSTYLE INNOVATIONS 7, Derekh Menakhem Begin Ramat Gan Israel",1,1,2019-08-29,2019-08-29,LABSTYLE INNOVATIONS 7 DEREKH MENAKHEM BEGIN RAMAT GAN ISRAEL
Contour Fabricators Inc,1,1,2016-09-09,2016-09-09,CONTOUR FABRICATORS
Contract Medical International GmbH Lauensteiner Str. 37 Dresden Germany,1,1,2025-07-30,2025-07-30,CONTRACT MEDICAL LAUENSTEINER STR 37 DRESDEN GERMANY
"LDR Spine USA, Inc.",1,1,2016-08-29,2016-08-29,LDR SPINE
OrthoPro LLC,1,1,2008-05-29,2008-05-29,ORTHOPRO
"Cook Ireland Ltd. O'holloran Road, National Technological Park Limerick, Peroc Ireland",1,1,2012-01-05,2012-01-05,COOK IRELAND O HOLLORAN ROAD NATIONAL TECHNOLOGICAL PARK LIMERICK PEROC IRELAND
LEASEIR TECHNOLOGIES SLU Calle Marconi G 246 Gijon Spain,1,1,2025-12-15,2025-12-15,LEASEIR TECHNOLOGIES SLU CALLE MARCONI G 246 GIJON SPAIN
"Fresenius Medical Care Holdings, Inc. dba Renal Solutions",1,1,2013-04-01,2013-04-01,FRESENIUS MEDICAL CARE RENAL SOLUTIONS
"Ortho-Clinical Diagnostics Forest Farm Estate, Whitechurch Cardiff United Kingdom",1,1,2007-02-01,2007-02-01,ORTHO CLINICAL DIAGNOSTICS FOREST FARM ESTATE WHITECHURCH CARDIFF UNITED KINGDOM
Ortho Solutions Inc 330 Franklin Tnpk,1,1,2015-07-14,2015-07-14,ORTHO SOLUTIONS 330 FRANKLIN TNPK
Ortho Organizers Inc,1,1,2010-11-01,2010-11-01,ORTHO ORGANIZERS
"Cook OB/Gyn, Inc.",1,0,2009-04-02,2009-04-02,COOK OB GYN
"Cook Vandergrift, Inc.",1,1,2023-07-24,2023-07-24,COOK VANDERGRIFT
Freedom Designs Inc,1,1,2007-05-14,2007-05-14,FREEDOM DESIGNS
"Origen Biomedical, Inc",1,1,2002-12-16,2002-12-16,ORIGEN BIOMEDICAL
"CoolSystems, Inc.",1,1,2011-08-23,2011-08-23,COOLSYSTEMS
"CooperSurgical, Inc. D.B.A. Lone Star Medical Products",1,1,2013-09-13,2013-09-13,COOPERSURGICAL D B A LONE STAR MEDICAL PRODUCTS
"LINEAGE BIOMEDICAL, INC",1,1,2024-07-12,2024-07-12,LINEAGE BIOMEDICAL
Copan Diagnostics Inc,1,1,2023-07-14,2023-07-14,COPAN DIAGNOSTICS
LINK BIO CORP,1,1,2024-06-27,2024-06-27,LINK BIO
"Orchestrate Orthodontic Technologies, Inc.",1,1,2021-11-11,2021-11-11,ORCHESTRATE ORTHODONTIC TECHNOLOGIES
PREMIA SPINE LTD Giborey Israel 7 Ramat Poleg Netanya Israel,1,1,2025-07-16,2025-07-16,PREMIA SPINE GIBOREY ISRAEL 7 RAMAT POLEG NETANYA ISRAEL
PROVIDENCE MEDICAL TECHNOLOGIES,1,1,2019-03-29,2019-03-29,PROVIDENCE MEDICAL TECHNOLOGIES
"KENT IMAGING, INC.",1,1,2023-10-30,2023-10-30,KENT IMAGING
Pfizer Global,1,1,2010-09-24,2010-09-24,PFIZER GLOBAL
Centese Inc.,1,1,2021-08-31,2021-08-31,CENTESE
Philips Consumer Lifestyle,1,1,2018-02-02,2018-02-02,PHILIPS CONSUMER LIFESTYLE
GE Healthcare Clinical Systems,1,0,2007-09-04,2007-09-04,GE HEALTHCARE CLINICAL SYSTEMS
Central Purchasing LLC DBA Harbor Freight Tools,1,1,2014-03-27,2014-03-27,CENTRAL PURCHASING HARBOR FREIGHT TOOLS
"Phasor Health, LLC",1,1,2025-03-21,2025-03-21,PHASOR HEALTH
"Pharmaplast S.A.E. Free Zone Factory POB 37 Amria Free Zone Kafr El Zayat, Gharbia Egypt",1,1,2011-02-21,2011-02-21,PHARMAPLAST S A E FREE ZONE FACTORY POB 37 AMRIA FREE ZONE KAFR EL ZAYAT GHARBIA EGYPT
Pharmacaribe llc,1,1,2015-12-29,2015-12-29,PHARMACARIBE
Cerenovus Inc,1,1,2025-10-02,2025-10-02,CERENOVUS
"Karl Storz Endovision, Inc.",1,1,2016-02-29,2016-02-29,KARL STORZ ENDOVISION
Phadia Ab Rapsgatan 7 Rapsgatan Plant Uppsala Sweden,1,1,2015-12-28,2015-12-28,PHADIA RAPSGATAN 7 RAPSGATAN PLANT UPPSALA SWEDEN
Karman Healthcare Inc,1,1,2016-01-27,2016-01-27,KARMAN HEALTHCARE
GE Healthcare Biosciences,1,1,2018-09-10,2018-09-10,GE HEALTHCARE BIOSCIENCES
PTW NORTH AMERICA CORPORATION,1,1,2021-08-27,2021-08-27,PTW NORTH AMERICA
Kavo America Corporation,1,1,2006-11-22,2006-11-22,KAVO AMERICA
Perrigo Diabetes Care,1,1,2013-12-20,2013-12-20,PERRIGO DIABETES CARE
"Perouse Medical 135, Route Neuve Irigny France",1,1,2012-05-10,2012-05-10,PEROUSE MEDICAL 135 ROUTE NEUVE IRIGNY FRANCE
Keeler Instruments Inc,1,1,2008-01-08,2008-01-08,KEELER INSTRUMENTS
Chad Therapeutics Inc,1,1,2005-03-25,2005-03-25,CHAD THERAPEUTICS
Permobil Inc,1,1,2012-02-21,2012-02-21,PERMOBIL
"GE Healthcare Beijing , Hangwei Medical Systems, Co. LTD
 No. 2 Yong Chang North Rd.
 Beijing Econ. & Tech. Dev. Zone
 Beijing China",1,1,2013-09-18,2013-09-18,GE HEALTHCARE BEIJING HANGWEI MEDICAL SYSTEMS NO 2 YONG CHANG NORTH RD BEIJING ECON AND TECH DEV ZONE BEIJING CHINA
Chalgren Enterprises Inc,1,1,2007-04-12,2007-04-12,CHALGREN ENTERPRISES
Kendall a Division of Tyco Healthcare Group LP,1,1,2006-09-11,2006-09-11,KENDALL A DIVISION OF TYCO HEALTHCARE
GE HEALTHCARE AUSTRIA GMBH & CO Tiefenbach 15 Pfaffing Austria,1,1,2023-12-22,2023-12-22,GE HEALTHCARE AUSTRIA AND TIEFENBACH 15 PFAFFING AUSTRIA
GAGA PRO LIGHTING EQUIPMENT CO.,1,1,2022-09-23,2022-09-23,GAGA PRO LIGHTING EQUIPMENT
Philips Lifeline Inc,1,1,2009-09-11,2009-09-11,PHILIPS LIFELINE
Centers For Disease Control and Prevention,1,1,2024-04-26,2024-04-26,CENTERS FOR DISEASE CONTROL AND PREVENTION
"Centerpulse Orthopedics, Inc",1,1,2003-09-30,2003-09-30,CENTERPULSE ORTHOPEDICS
Centerline Biomedical Inc,1,1,2025-04-11,2025-04-11,CENTERLINE BIOMEDICAL
Plus Endoprothetik AG Erlenstrasse 4b Rotkreuz Switzerland,1,1,2003-04-17,2003-04-17,PLUS ENDOPROTHETIK ERLENSTRASSE 4B ROTKREUZ SWITZERLAND
Plasma Surgical Inc.,1,1,2012-04-27,2012-04-27,PLASMA SURGICAL
KOB GmbH Lauterstr. 50 Wolfstein Germany,1,1,2026-01-15,2026-01-15,KOB LAUTERSTR 50 WOLFSTEIN GERMANY
Pivotal Health Solutions,1,1,2014-12-17,2014-12-17,PIVOTAL HEALTH SOLUTIONS
Pintler Medical LLC,1,1,2018-04-20,2018-04-20,PINTLER MEDICAL
"KT Health, LLC",1,1,2019-09-16,2019-09-16,KT HEALTH
Ceg Enterprises Llc,1,1,2016-04-05,2016-04-05,CEG ENTERPRISES
Celera Corporation,1,1,2013-07-12,2013-07-12,CELERA
"Physician Engineered Products, Inc.",1,1,2013-08-31,2013-08-31,PHYSICIAN ENGINEERED PRODUCTS
Phoenix Biomedical,1,1,2004-01-06,2004-01-06,PHOENIX BIOMEDICAL
Phillips Safety Products,1,1,2008-06-05,2008-06-05,PHILLIPS SAFETY PRODUCTS
"Philips and Neusoft Medical Systems Co., Ltd. No. 2 Xiu xiu Street Hunnan; Sujiatun Shenyang China",1,1,2016-03-24,2016-03-24,PHILIPS AND NEUSOFT MEDICAL SYSTEMS NO 2 XIU XIU STREET HUNNAN SUJIATUN SHENYANG CHINA
GE Healthcare Kuortaaneenkatu 2 Helsinki Finland,1,0,2008-07-16,2008-07-16,GE HEALTHCARE KUORTAANEENKATU 2 HELSINKI FINLAND
Kaneka America Corp,1,1,2022-02-17,2022-02-17,KANEKA AMERICA
Cellex,1,1,2021-03-01,2021-03-01,CELLEX
Kardium 12851 Rowan Pl Richmond Canada British Columbia,1,1,2012-08-28,2012-08-28,KARDIUM 12851 ROWAN PL RICHMOND CANADA BRITISH COLUMBIA
"Philips Nuclear Medicine, Inc.",1,1,2007-08-21,2007-08-21,PHILIPS NUCLEAR MEDICINE
Philips Medical Systems Technologies Ltd. Matam Building 8/2 Advanced Technology Center Haifa Israel,1,1,2024-10-10,2024-10-10,PHILIPS MEDICAL SYSTEMS TECHNOLOGIES MATAM BUILDING 8 2 ADVANCED TECHNOLOGY CENTER HAIFA ISRAEL
"Celsion Corporation, Inc.",1,1,2006-03-22,2006-03-22,CELSION
Philips Medical Systems Nederland B.V. Veenpluis,1,1,2025-02-28,2025-02-28,PHILIPS MEDICAL SYSTEMS NEDERLAND B V VEENPLUIS
"Philips Medical Systems Gmbh, DMC Development and Manufacturing Ctr. Roentgenstrasse 24 Hamburg Germany",1,1,2012-03-09,2012-03-09,PHILIPS MEDICAL SYSTEMS DMC DEVELOPMENT AND MANUFACTURING CTR ROENTGENSTRASSE 24 HAMBURG GERMANY
"Philips Medical Systems Gmbh, DMC Development And Manufacturing Ctr. Rontgenstr. 24-26 Hamburg Germany",1,1,2020-07-22,2020-07-22,PHILIPS MEDICAL SYSTEMS DMC DEVELOPMENT AND MANUFACTURING CTR RONTGENSTR 24 26 HAMBURG GERMANY
Celsus Laboratories Inc,1,1,2008-03-31,2008-03-31,CELSUS LABORATORIES
GA Industries,1,1,2015-04-06,2015-04-06,GA INDUSTRIES
"PerkinElmer LAS, Inc",1,1,2011-10-24,2011-10-24,PERKINELMER LAS
Kentucky Packaging Service LP,1,1,2009-09-24,2009-09-24,KENTUCKY PACKAGING SERVICE
"Patterson Dental Supply, Inc.",1,1,2010-10-15,2010-10-15,PATTERSON DENTAL SUPPLY
Partners In Medicine Llc,1,1,2015-12-01,2015-12-01,PARTNERS IN MEDICINE
"Parks Medical Electronics, Inc",1,1,2012-08-08,2012-08-08,PARKS MEDICAL ELECTRONICS
Circadiance LLC,1,1,2017-05-01,2017-05-01,CIRCADIANCE
"Fukuda Denshi Co., Ltd. 2-35-8 Hongo, Bunkyo-Ku Tokyo Japan",1,1,2017-10-16,2017-10-16,FUKUDA DENSHI 2 35 8 HONGO BUNKYO KU TOKYO JAPAN
Circulatory Technology Inc.,1,1,2021-04-27,2021-04-27,CIRCULATORY TECHNOLOGY
Paramed Systems,1,1,2008-10-29,2008-10-29,PARAMED SYSTEMS
Cisco Systems Inc,1,1,2012-07-23,2012-07-23,CISCO SYSTEMS
"Kingswood Laboratories, Inc",1,1,2005-04-22,2005-04-22,KINGSWOOD LABORATORIES
Kinova Inc,1,1,2024-08-22,2024-08-22,KINOVA
Clariance Inc,1,1,2019-07-01,2019-07-01,CLARIANCE
Clariance-SAS 18 Rue Robespierre Beaurains France,1,1,2026-02-20,2026-02-20,CLARIANCE SAS 18 RUE ROBESPIERRE BEAURAINS FRANCE
Clarity Diagnostics Llc,1,1,2018-06-22,2018-06-22,CLARITY DIAGNOSTICS
"Pall Life Sciences Puerto Rico Llc
 Pall Blvd 99 & 100
 Rd 194, Km 0.4
 Fajardo PR 00738",1,1,2011-06-15,2011-06-15,PALL LIFE SCIENCES PUERTO RICO PALL BLVD 99 AND 100 RD 194 KM 0 4 FAJARDO PR 00738
Kinsman Enterprises Inc,1,1,2021-09-10,2021-09-10,KINSMAN ENTERPRISES
"Pajunk Medical Systems, L.P.",1,1,2022-10-10,2022-10-10,PAJUNK MEDICAL SYSTEMS L P
Pajunk GmbH Karl-hall-str. 1 Geisingen Germany,1,1,2019-08-30,2019-08-30,PAJUNK KARL HALL STR 1 GEISINGEN GERMANY
Fridababy LLC,1,1,2020-01-27,2020-01-27,FRIDABABY
Pacific Consolidated Industries LLC,1,1,2007-09-08,2007-09-08,PACIFIC CONSOLIDATED INDUSTRIES
"Pacific Bioscience Lab, Inc.",1,1,2007-07-03,2007-07-03,PACIFIC BIOSCIENCE LAB
"Paa Laboratories Inc
 145 Bethridge Road
 Etobicoke Canada Ontario",1,1,2013-04-12,2013-04-12,PAA LABORATORIES 145 BETHRIDGE ROAD ETOBICOKE CANADA ONTARIO
PYRAMES INC,1,1,2025-02-24,2025-02-24,PYRAMES
PTW-Freiburg Lorracher Strasse 7 Freiburg Germany,1,1,2015-05-27,2015-05-27,PTW FREIBURG LORRACHER STRASSE 7 FREIBURG GERMANY
Klarity Medical Products LLC,1,1,2020-07-31,2020-07-31,KLARITY MEDICAL PRODUCTS
Pascal Co Inc,1,1,2005-08-09,2005-08-09,PASCAL
"Patterson Medical Holdings, Inc.",1,1,2009-04-17,2009-04-17,PATTERSON MEDICAL
"PerkinElmer Health Sciences Canada, Inc.",1,1,2018-09-24,2018-09-24,PERKINELMER HEALTH SCIENCES CANADA
"Pdg Product Design Group Inc
 9165 Shaughnessy St
 Vancouver Canada British Columbia",1,1,2012-06-12,2012-06-12,PDG PRODUCT DESIGN 9165 SHAUGHNESSY ST VANCOUVER CANADA BRITISH COLUMBIA
"Perkin Elmer Life Sciences Inc
 Laitun 4  Mustionkatu 6
 Turku Finland",1,1,2015-08-24,2015-08-24,PERKIN ELMER LIFE SCIENCES LAITUN 4 MUSTIONKATU 6 TURKU FINLAND
Perkin Elmer Life And Analytical,1,1,2005-03-11,2005-03-11,PERKIN ELMER LIFE AND ANALYTICAL
"Perkin Elmer Health Sciences, Inc.",1,1,2013-09-05,2013-09-05,PERKIN ELMER HEALTH SCIENCES
Ki Mobility Llc,1,1,2021-11-19,2021-11-19,KI MOBILITY
Peregrine Surgical Ltd,1,1,2010-07-19,2010-07-19,PEREGRINE SURGICAL
Future Diagnostics Solutions B.V. Nieuweweg 279 Wijchen Netherlands,1,1,2022-12-06,2022-12-06,FUTURE DIAGNOSTICS SOLUTIONS B V NIEUWEWEG 279 WIJCHEN NETHERLANDS
Kim's Trading Inc,1,1,2010-05-17,2010-05-17,KIM S TRADING
"Chicago X-Ray Systems, Inc.",1,1,2012-07-03,2012-07-03,CHICAGO X RAY SYSTEMS
Kinamed Inc,1,1,2010-08-18,2010-08-18,KINAMED
China Daheng Group Inc. # A9 Shangdi Xinxilu Haidian District Beijing China,1,1,2013-07-15,2013-07-15,CHINA DAHENG A9 SHANGDI XINXILU HAIDIAN DISTRICT BEIJING CHINA
Chiu Technical Corp,1,1,2007-11-09,2007-11-09,CHIU TECHNICAL
"Fukuda Denshi USA, Inc.",1,1,2015-12-21,2015-12-21,FUKUDA DENSHI
"Penlon, Ltd. (Fmly East Healthcare) Abingdon Science Park Barton Lane Abingdon United Kingdom",1,1,2011-03-10,2011-03-10,PENLON FMLY EAST HEALTHCARE ABINGDON SCIENCE PARK BARTON LANE ABINGDON UNITED KINGDOM
Pemco Inc,1,1,2013-07-10,2013-07-10,PEMCO
Pelton & Crane Marus DCI Equipment KaVo,1,1,2016-03-08,2016-03-08,PELTON AND CRANE MARUS DCI EQUIPMENT KAVO
Hans Pausch Rontgengeratebau Gmbh Graf Zeppelin Strasse 1 Erlangen Germany,1,1,2017-03-14,2017-03-14,HANS PAUSCH RONTGENGERATEBAU GRAF ZEPPELIN STRASSE 1 ERLANGEN GERMANY
"Pelstar, Llc",1,1,2011-10-07,2011-10-07,PELSTAR
Cincinnati Sub-Zero Products,1,1,2004-11-05,2004-11-05,CINCINNATI SUB ZERO PRODUCTS
Cincinnati Sub-Zero Products LLC,1,1,2017-11-27,2017-11-27,CINCINNATI SUB ZERO PRODUCTS
Pega Medical Inc. 1105 Autoroute Chomedy Laval Canada,1,1,2010-01-29,2010-01-29,PEGA MEDICAL 1105 AUTOROUTE CHOMEDY LAVAL CANADA
PediaLift LLC,1,1,2019-07-03,2019-07-03,PEDIALIFT
King International,1,1,2011-08-30,2011-08-30,KING
Peak Surgical,1,1,2009-05-19,2009-05-19,PEAK SURGICAL
Harris Medical Resources,1,1,2010-05-13,2010-05-13,HARRIS MEDICAL RESOURCES
