sponsor_norm,gvkey,map_source,map_score,compustat_conm,compustat_tic,cik,permno
acacia pharma,326702,override,,,,,
j and j pharma subsidiary,006266,override,,JOHNSON & JOHNSON,JNJ,0000200406,22111
janssen,006266,override,,JOHNSON & JOHNSON,JNJ,0000200406,22111
janssen biotech,006266,override,,JOHNSON & JOHNSON,JNJ,0000200406,22111
janssen pharmaceutica,006266,override,,JOHNSON & JOHNSON,JNJ,0000200406,22111
janssen pharmaceuticals,006266,override,,JOHNSON & JOHNSON,JNJ,0000200406,22111
janssen research and development,006266,override,,JOHNSON & JOHNSON,JNJ,0000200406,22111
johnson and johnson,006266,override,,JOHNSON & JOHNSON,JNJ,0000200406,22111
keymed biosciences,349484,override,,,,,
leo pharma,,override,,,,,
mallinckrodt,018086,override,,MALLINCKRODT PLC,MNKTQ,0001567892,23497
medicines,101310,override,,NOVARTIS AG,NVS,0001114448,88233
medimmune,028272,override,,ASTRAZENECA PLC,AZN,0000901832,79363
merck sharp and dohme,007257,override,,MERCK & CO,MRK,0000310158,22752
novo nordisk a s,008020,override,,NOVO NORDISK A/S,NVO,0000353278,63263
peplin,241956,override,,,,,
roche,025648,override,,,,,
samsung bioepis,322757,override,,,,,
shire,100718,override,,TAKEDA PHARMACEUTICAL CO LTD,TAK,0001395064,18298
spectrum pharmaceuticals,065944,override,,ASSERTIO HOLDINGS INC,ASRT,0001808665,85686
stealth biotherapeutics,034593,override,,STEALTH BIOTHERA -ADR,MITO,0001696396,18409
swedish orphan biovitrum,279143,override,,,,,
takeda,100718,override,,TAKEDA PHARMACEUTICAL CO LTD,TAK,0001395064,18298
the medicines,101310,override,,NOVARTIS AG,NVS,0001114448,88233
titan pharmaceuticals,061836,override,,TITAN PHARMACEUTICALS INC,TTNP,0000910267,82848
vbi vaccines,025289,override,,VBI VACCINES INC,VBIVQ,0000764195,16043
ipsen,156293,override,,TERCICA INC,TRCA.1,0001262175,90096
hoffmann la roche,025648,override,,,,,
novo nordisk,008020,override,,NOVO NORDISK A/S,NVO,0000353278,63263
genzyme a sanofi,101204,override,,SANOFI,SNY,0001121404,89475
glaxosmithkline,005180,override,,GSK PLC,GSK,0001131399,75064
affymax,176237,override,,AFFYMAX INC,AFFY,0001158223,91657
akeso,338273,override,,,,,
allergan,016101,override,,ABBVIE INC,ABBV,0001551152,13721
astellas pharma global development,100668,override,,,,,
astrazeneca ab,028272,override,,ASTRAZENECA PLC,AZN,0000901832,79363
basilea pharmaceutica,264031,override,,,,,
bayer,100080,override,,BAYER AG,BAYRY,0001144145,17209
beigene,026376,override,,BEONE MEDICINES LTD,ONC,0001651308,15936
beone,026376,override,,BEONE MEDICINES LTD,ONC,0001651308,15936
beone medicines,026376,override,,BEONE MEDICINES LTD,ONC,0001651308,15936
bio thera solutions,337335,override,,,,,
biogen,024468,override,,BIOGEN INC,BIIB,0000875045,76841
bausch and lomb,002085,override,,BAUSCH & LOMB HLDGS  -REDH,6583B,0001416436,26518
fibrogen,021901,override,,FIBROGEN INC,FGEN,0000921299,15065
boston scientific,025279,override,,BOSTON SCIENTIFIC CORP,BSX,0000885725,77605
bristol myers squibb,002403,override,,BRISTOL-MYERS SQUIBB CO,BMY,0000014272,19393
celltrion,275309,override,,,,,
centocor,006266,override,,JOHNSON & JOHNSON,JNJ,0000200406,22111
cti biopharma,279143,override,,,,,
eisai,100418,override,,,,,
f hoffmann la roche,025648,override,,,,,
finch research and development,038389,override,,FINCH THERA GRP INC,FNCH,0001733257,20793
galderma r and d,360835,override,,,,,
genentech,005020,override,,GENENTECH INC,DNA.2,0000318771,87031
bms,002403,override,,BRISTOL-MYERS SQUIBB CO,BMY,0000014272,19393
genzyme,101204,override,,SANOFI,SNY,0001121404,89475
novavax,061655,resolved,100.0,NOVAVAX INC,NVAX,0001000694,82779
omeros,183593,resolved,100.0,OMEROS CORP,OMER,0001285819,93085
novocure,026123,resolved,100.0,NOVOCURE LIMITED,NVCR,0001645113,15789
novartis pharmaceuticals,101310,resolved,100.0,NOVARTIS AG,NVS,0001114448,88233
novartis vaccines,101310,resolved,100.0,NOVARTIS AG,NVS,0001114448,88233
nucryst pharmaceuticals,165779,resolved,100.0,NUCRYST PHARMACEUTICALS CORP,NCST,0001344674,91013
oculis,038121,resolved,100.0,OCULIS HOLDING AG,OCS,0001953530,23801
nymox,061750,resolved,100.0,NYMOX PHARMACEUTICAL CORP,NYMXF,0001018735,85706
obseva,029718,resolved,100.0,OBSEVA SA,OBSVF,0001685316,16573
ocera therapeutics,018350,resolved,100.0,OCERA THERAPEUTICS INC,OCRX,0001274644,12698
ocular therapeutix,021015,resolved,100.0,OCULAR THERAPEUTIX INC,OCUL,0001393434,14823
novartis,101310,resolved,100.0,NOVARTIS AG,NVS,0001114448,88233
nuvation bio,038076,resolved,100.0,NUVATION BIO INC,NUVB,0001811063,19606
novabay pharmaceuticals,177228,resolved,100.0,NOVABAY PHARMACEUTICALS INC,NBY,0001389545,92345
neos therapeutics,025377,resolved,100.0,NEOS THERAPEUTICS INC,NEOS,0001467652,15531
nile therapeutics,148552,resolved,100.0,NILE THERAPEUTICS INC,NLTX.1,,92686
ngm biopharmaceuticals,034221,resolved,100.0,NGM BIOPHARMACEUTICAL INC,NGM,0001426332,18561
newlink genetics,186607,resolved,100.0,NEWLINK GENETICS CORP,NLNK,,13111
newamsterdam pharma,037513,resolved,100.0,NEWAMSTERDAM PHARMA COMPANY,NAMS,0001936258,23516
neurosense therapeutics,039912,resolved,100.0,NEUROSENSE THERAPEUTICS LTD,NRSN,0001875091,22583
neuropace,038507,resolved,100.0,NEUROPACE INC,NPCE,0001528287,21081
neurogesx,177110,resolved,100.0,NEUROGESX INC,NGSX,0001385830,92046
neurogene,019717,resolved,100.0,NEUROGENE INC,NGNE,0001404644,14535
neurogen,019069,resolved,100.0,NEUROGEN CORP,NRGN,0000849043,76000
neurocrine biosciences,062921,resolved,100.0,NEUROCRINE BIOSCIENCES INC,NBIX,0000914475,83534
neurobiological technologies,029729,resolved,100.0,NEUROBIOLOGICAL TECHN INC,NTII,0000918112,80258
nephrogenex,019416,resolved,100.0,NEPHROGENEX INC,NRXGQ,0001338095,14465
nektar therapeutics,030137,resolved,100.0,NEKTAR THERAPEUTICS,NKTR,0000906709,80539
omrix biopharmaceuticals,166450,resolved,100.0,OMRIX BIOPHARMACEUTICALS,OMRI,0001349426,91178
nivalis therapeutics,023986,resolved,100.0,NIVALIS THERAPEUTICS INC,NVLS,,15432
on target laboratories,039481,resolved,100.0,ON HOLDING AG,ONON,0001858985,22077
portola pharmaceuticals,017931,resolved,100.0,PORTOLA PHARMACEUTICALS INC,PTLA,0001269021,13940
opexa therapeutics,125531,resolved,100.0,OPEXA THERAPEUTICS INC,OPXA,,91471
progenics pharmaceuticals,065872,resolved,100.0,PROGENICS PHARMACEUTICAL INC,PGNX,0000835887,85571
progen pharmaceuticals,212639,resolved,100.0,PROGEN PHARMACEUTICALS LTD,PGLA.1,,85494
principia biopharma a sanofi,034015,resolved,100.0,PRINCIPIA BIOPHARMA,PRNB,0001510487,18126
praxis precision medicines,037187,resolved,100.0,PRAXIS PRECIS MEDI INC,PRAX,0001689548,19986
navidea biopharmaceuticals,025924,resolved,100.0,NAVIDEA BIOPHARMACEUTICALS,NAVB,0000810509,78066
poniard pharmaceuticals,014622,resolved,100.0,PONIARD PHARMACEUTICALS INC,PARD,0000755806,12063
polypid,021967,resolved,100.0,POLYPID LTD,PYPD,0001611842,19487
pliant therapeutics,036464,resolved,100.0,PLIANT THERAPEUTICS INC,PLRX,0001746473,19485
phathom pharmaceuticals,035728,resolved,100.0,PHATHOM PHARMA INC,PHAT,0001783183,19017
pharmasset,174507,resolved,100.0,PHARMASSET INC,VRUS.1,0001301081,91971
pharmacyclics,061448,resolved,100.0,PHARMACYCLICS INC,PCYC,0000949699,82513
pfizer,008530,resolved,100.0,PFIZER INC,PFE,0000078003,21936
pfenex,020798,resolved,100.0,PFENEX INC,PFNX,0001478121,14774
pepgen,041225,resolved,100.0,PEPGEN INC,PEPG,0001835597,23117
pdl biopharma,024878,resolved,100.0,PDL BIOPHARMA INC,PDLI,0000882104,77292
paxmedica,036789,resolved,100.0,PAXMEDICA INC,PXMD,0001811623,23269
pardes biosciences,037907,resolved,100.0,PARDES BIOSCIENCES INC,PRDS,0001822711,20596
opko health,061490,resolved,100.0,OPKO HEALTH INC,OPK,0000944809,82567
opthea,211559,resolved,100.0,OPTHEA LTD,OPT,0001815620,19982
optinose us,032451,resolved,100.0,OPTINOSE INC,OPTN,0001494650,16992
oragenics,154605,resolved,100.0,ORAGENICS INC,OGEN,0001174940,90170
oramed,170450,resolved,100.0,ORAMED PHARMACEUTICALS INC,ORMP,0001176309,13798
orexigen therapeutics,176861,resolved,100.0,OREXIGEN THERAPEUTICS INC,OREXQ,0001382911,91965
oncolytics biotech,126122,resolved,100.0,ONCOLYTICS BIOTECH INC,ONCY,0001129928,89175
organon and,038821,resolved,100.0,ORGANON & CO,OGN,0001821825,21124
osi pharmaceuticals,012180,resolved,100.0,OSI PHARMACEUTICALS INC,OSIP,0000729922,10143
osr medical,041238,resolved,100.0,,,,
otonomy,021145,resolved,100.0,OTONOMY INC,OTIC,0001493566,14874
oyster point pharma,035747,resolved,100.0,OYSTER POINT PHARM INC,OYST,0001720725,19016
palatin technologies,029086,resolved,100.0,PALATIN TECHNOLOGIES INC,PTNT,0000911216,79702
par pharmaceutical,008333,resolved,100.0,PAR PHARMACEUTCL HLDGS -REDH,7259B,0001559149,61138
orion orion pharma,020420,resolved,100.0,ORION SA,OEC,0001609804,14786
nabriva therapeutics,026148,resolved,100.0,NABRIVA THERAPEUTICS PLC,NBRVF,0001641640,15656
medicinova,162892,resolved,100.0,MEDICINOVA INC,MNOV,0001226616,91672
myovant sciences,028421,resolved,100.0,MYOVANT SCIENCES LTD,MYOV,0001679082,16451
macrogenics,018658,resolved,100.0,MACROGENICS INC,MGNX,0001125345,14257
lyra therapeutics,036300,resolved,100.0,LYRA THERAPEUTICS INC,LYRA,0001327273,19402
lumos pharma,036333,resolved,100.0,LUMOS PHARMA INC,LUMO,0001126234,13111
lpath,165745,resolved,100.0,LPATH INC,LPTN,,13648
longeveron,037807,resolved,100.0,LONGEVERON INC,LGVN,0001721484,20609
longboard pharmaceuticals,038284,resolved,100.0,LONGBOARD PHARMA INC,LBPH,0001832168,20834
lombard medical,274775,resolved,100.0,LOMBARD MEDICAL TECH PLC,EVARF,0001597426,14595
lipocine,018424,resolved,100.0,LIPOCINE INC,LPCN,0001535955,14545
ligand pharmaceuticals,025937,resolved,100.0,LIGAND PHARMACEUTICAL INC,LGND,0000886163,78081
lifecell,024982,resolved,100.0,LIFECELL CORP,LIFC,0000849448,77362
lexicon pharmaceuticals,133868,resolved,100.0,LEXICON PHARMACEUTICALS INC,LXRX,0001062822,88173
larimar therapeutics,036536,resolved,100.0,LARIMAR THERAPEUTICS INC,LRMR,0001374690,14711
lantern pharma,036394,resolved,100.0,LANTERN PHARMA INC,LTRN,0001763950,19479
labopharm,063128,resolved,100.0,LABOPHARM INC,DDSSF,0001284519,91174
madrigal pharmaceuticals,027716,resolved,100.0,MADRIGAL PHARMACEUTICALS INC,MDGL,0001157601,91832
la jolla pharmaceutical,030281,resolved,100.0,LA JOLLA PHARMACEUTICAL CO,LJPC,0000920465,80640
kythera biopharmaceuticals,005241,resolved,100.0,KYTHERA BIOPHARMA INC,KYTH,0001436304,13644
kura oncology,026081,resolved,100.0,KURA ONCOLOGY INC,KURA,0001422143,15847
kubota vision,006506,resolved,100.0,KUBOTA CORP,KUBTY,0000109821,59344
krystal biotech,032348,resolved,100.0,KRYSTAL BIOTECH INC,KRYS,0001711279,16928
kodiak sciences,034118,resolved,100.0,KODIAK SCIENCES INC,KOD,0001468748,18203
keryx biopharmaceuticals,138126,resolved,100.0,KERYX BIOPHARMACEUTICALS INC,KERX,0001114220,88451
kensey nash,061703,resolved,100.0,KENSEY NASH CORP,KNSY,0001002811,82717
karyopharm therapeutics,018930,resolved,100.0,KARYOPHARM THERAPEUTICS INC,KPTI,0001503802,14316
karuna therapeutics,035290,resolved,100.0,KARUNA THERPEUTICS INC,KRTX,0001771917,18777
kamada,287111,resolved,100.0,KAMADA LTD,KMDA,0001567529,13930
kalvista pharmaceuticals,029251,resolved,100.0,KALVISTA PHARMACEUTICALS,KALV,0001348911,15285
kadmon a sanofi,027476,resolved,100.0,KADMON HOLDINGS INC,KDMN,0001557142,16154
kadmon,027476,resolved,100.0,KADMON HOLDINGS INC,KDMN,0001557142,16154
jounce therapeutics,029684,resolved,100.0,JOUNCE THERAPEUTICS INC,JNCE,0001640455,16570
kyverna therapeutics,043843,resolved,100.0,KYVERNA THERAPEUTICS INC,KYTX,0001994702,24822
mannkind,160340,resolved,100.0,MANNKIND CORP,MNKD,0000899460,90285
marinus pharmaceuticals,020567,resolved,100.0,MARINUS PHARMACEUTICALS INC,MRNS,0001267813,14815
myokardia,026269,resolved,100.0,MYOKARDIA INC,MYOK,0001552451,15788
mural oncology,043551,resolved,100.0,MURAL ONCOLOGY PLC,MURA,0001971543,24495
motif bio,319507,resolved,100.0,MOTIF BIO PLC,MTFB,0001674657,16469
morphosys,231016,resolved,100.0,MORPHOSYS AG,MOR,0001340243,17694
moonlake immunotherapeutics,037240,resolved,100.0,MOONLAKE IMMUNOTHERAPEUTICS,MLTX,0001821586,19966
momenta pharmaceuticals,264414,resolved,100.0,MOMENTA PHARMACEUTICALS INC,MNTA,0001235010,90233
molecular partners,318525,resolved,100.0,MOLECULAR PARTNERS AG,MOLN,0001745114,21572
molecular insight pharmaceuticals,166200,resolved,100.0,MOLECULAR INSIGHT PHARMACTLS,MIPIQ,0001340752,91820
mirum pharmaceuticals,035375,resolved,100.0,MIRUM PHARMACEUTICALS INC,MIRM,0001759425,18846
mirati therapeutics,160770,resolved,100.0,MIRATI THERAPEUTICS INC,MRTX,0001576263,14054
minerva neurosciences,020225,resolved,100.0,MINERVA NEUROSCIENCES INC,NERV,0001598646,14822
mineralys therapeutics,041916,resolved,100.0,MINERALYS THERAPEUTICS INC,MLYS,0001933414,23730
mimedx,178157,resolved,100.0,MIMEDX GROUP INC,MDXG,0001376339,13878
millennium pharmaceuticals,062784,resolved,100.0,MILLENNIUM PHARMACEUTICALS,MLNM,0001002637,83531
millendo therapeutics sas,034528,resolved,100.0,MILLENDO THERAPEUTICS INC,MLND,,13883
mesoblast,271607,resolved,100.0,MESOBLAST LTD,MESO,0001345099,15848
merus n v,026385,resolved,100.0,MERUS NV,MRUS,0001651311,16062
marker therapeutics,107843,resolved,100.0,MARKER THERAPEUTICS INC,MRKR,0001094038,16472
mast therapeutics,063790,resolved,100.0,MAST THERAPEUTICS,MSTX.1,,90101
matinas biopharma nanotechnologies,020756,resolved,100.0,MATINAS BIOPHARMA HLDGS INC,MTNB,0001582554,16613
mbx biosciences,050526,resolved,100.0,MBX BIOSCIENCES INC,MBX,0001776111,25628
medicenna therapeutics,032321,resolved,100.0,MEDICENNA THERAPEUTICS CORP,MDNAF,0001807983,19645
prokidney,034263,resolved,100.0,PROKIDNEY CORP,PROK,0001850270,21536
nabi biopharmaceuticals,007936,resolved,100.0,NABI BIOPHARMACEUTICALS-OLD,NABI.1,,57913
mediwound,019988,resolved,100.0,MEDIWOUND LTD,MDWD,0001593984,14546
medtronic cardiac ablation solutions,007228,resolved,100.0,MEDTRONIC PLC,MDT,0001613103,60097
medtronic mitg,007228,resolved,100.0,MEDTRONIC PLC,MDT,0001613103,60097
medtronic vascular,007228,resolved,100.0,MEDTRONIC PLC,MDT,0001613103,60097
merrimack pharmaceuticals,187631,resolved,100.0,MERRIMACK PHARMACEUTICALS,MACK,0001274792,13325
medivation,164266,resolved,100.0,MEDIVATION INC,MDVN,0001011835,91141
protagonist therapeutics,027670,resolved,100.0,PROTAGONIST THERAPEUTICS INC,PTGX,0001377121,16263
sanofi,101204,resolved,100.0,SANOFI,SNY,0001121404,89475
proteon therapeutics,021802,resolved,100.0,PROTEON THERAPEUTICS INC,PRTO,,15015
unicycive therapeutics,038867,resolved,100.0,UNICYCIVE THERAPEUTICS INC,UNCY,0001766140,21780
ultragenyx pharmaceutical,019149,resolved,100.0,ULTRAGENYX PHARMACEUTICAL,RARE,0001515673,14436
tyme,023337,resolved,100.0,TYME TECHNOLOGIES INC,TYME,0001537917,16834
tricida,033600,resolved,100.0,TRICIDA INC,TCDAQ,0001595585,17900
trevi therapeutics,035054,resolved,100.0,TREVI THERAPEUTICS INC,TRVI,0001563880,18677
trevena,018925,resolved,100.0,TREVENA INC,TRVN,0001429560,14442
traws pharma,018172,resolved,100.0,TRAWS PHARMA INC,TRAW,0001130598,14056
travere therapeutics,016848,resolved,100.0,TRAVERE THERAPEUTICS INC,TVTX,0001438533,14440
tranzyme,185945,resolved,100.0,TRANZYME INC,TZYM,,12698
transgene,108564,resolved,100.0,TRANSGENE SA,TRGNY,0001056910,85890
transcept pharmaceuticals,182383,resolved,100.0,TRANSCEPT PHARMACEUTICALS,TSPT,,91279
tracon pharmaceuticals,022697,resolved,100.0,TRACON PHARMACEUTICALS INC,TCON,0001394319,15184
torreypines therapeutics,175660,resolved,100.0,TORREYPINES THERAPEUTICS INC,TPTX.1,,88148
tonix pharmaceuticals,190856,resolved,100.0,TONIX PHARMACEUTICALS HLDG,TNXP,0001430306,14107
unity biotechnology,033317,resolved,100.0,UNITY BIOTECHNOLOGY INC,UBX,0001463361,17825
tobira therapeutics,021007,resolved,100.0,TOBIRA THERAPEUTICS INC,TBRA,0001311596,14101
threshold pharmaceuticals,160204,resolved,100.0,THRESHOLD PHARMACEUTICALS,THLD,,90604
theriva biologics,177764,resolved,100.0,THERIVA BIOLOGICS INC,TOVX,0000894158,92130
theravance biopharma,020233,resolved,100.0,THERAVANCE BIOPHARMA INC,TBPH,0001583107,14674
theratechnologies,029476,resolved,100.0,THERATECHNOLOGIES INC,THTX,0001512717,12890
therapeuticsmd,183322,resolved,100.0,THERAPEUTICSMD INC,TXMD,0000025743,13863
tg therapeutics,061711,resolved,100.0,TG THERAPEUTICS INC,TGTX,0001001316,82670
tff pharmaceuticals,035611,resolved,100.0,TFF PHARMACEUTICALS INC,TFFP,0001733413,19026
tetraphase pharmaceuticals,017350,resolved,100.0,TETRAPHASE PHARMACEUTICALS,TTPH,0001373707,13829
tesaro,170969,resolved,100.0,TESARO INC,TSRO,0001491576,13456
tenax therapeutics,027939,resolved,100.0,TENAX THERAPEUTICS INC,TENX,0000034956,93237
telix pharmaceuticals innovations pty,325899,resolved,100.0,TELIX PHARMACEUTICALS LTD,TLX,0002007191,25817
telik,138747,resolved,100.0,TELIK INC -OLD,TELK.1,,88572
tiziana life sciences,240066,resolved,100.0,TIZIANA LIFE SCIENCES LTD,TLSA,0001723069,22261
urogen pharma,031061,resolved,100.0,UROGEN PHARMA LTD,URGN,0001668243,16711
urovant sciences,033816,resolved,100.0,UROVANT SCIENCES LTD,UROV,0001740547,18130
vaccinex,033780,resolved,100.0,VACCINEX INC,VCNX,0001205922,18061
zs pharma,020611,resolved,100.0,ZS PHARMA INC,ZSPH,0001459266,14712
zogenix,179686,resolved,100.0,ZOGENIX INC,ZGNX,0001375151,12413
zealand pharma,295917,resolved,100.0,ZEALAND PHARMA AS,ZEAL,0001674988,16914
zalicus,162497,resolved,100.0,ZALICUS INC,ZLCS,,90968
zai lab hong kong,032334,resolved,100.0,ZAI LAB LTD,ZLAB,0001704292,16938
zafgen,020742,resolved,100.0,ZAFGEN INC,ZFGN,,14711
ym biosciences,149065,resolved,100.0,YM BIOSCIENCES INC,YMI,0001178347,90397
y mabs therapeutics,034135,resolved,100.0,Y MABS THERAPEUTICS INC,YMAB,0001722964,18133
xenoport,162809,resolved,100.0,XENOPORT INC,XNPT,0001130591,90748
xenon pharmaceuticals,021744,resolved,100.0,XENON PHARMACEUTICALS INC,XENE,0001582313,15089
xencor,018938,resolved,100.0,XENCOR INC,XNCR,0001326732,14359
x4 pharmaceuticals,034929,resolved,100.0,,,,
windtree therapeutics,061140,resolved,100.0,WINDTREE THERAPEUTICS INC,WINT,0000946486,82156
vtv therapeutics,024515,resolved,100.0,VTV THERAPEUTICS INC,VTVT,0001641489,15542
vivus,030007,resolved,100.0,VIVUS INC,VVUSQ,0000881524,80485
vital therapies,018936,resolved,100.0,VITAL THERAPIES INC,VTL,,14615
viracta therapeutics,023813,resolved,100.0,VIRACTA THERAPEUTICS INC,VIRX,0001061027,90907
vanda pharmaceuticals,166435,resolved,100.0,VANDA PHARMACEUTICALS INC,VNDA,0001347178,91186
vasogen,108718,resolved,100.0,VASOGEN INC,VSGN,0001042018,87448
vaxcyte,036600,resolved,100.0,VAXCYTE INC,PCVX,0001649094,19484
vectivbio,038585,resolved,100.0,VECTIVBIO HOLDING AG,VECT,0001836379,21112
vera therapeutics,038782,resolved,100.0,VERA THERAPEUTICS INC,VERA,0001831828,21342
taysha gene therapies,037013,resolved,100.0,TAYSHA GENE THERPS INC,TSHA,0001806310,19847
verastem,194255,resolved,100.0,VERASTEM INC,VSTM,0001526119,13202
verona pharma,284453,resolved,100.0,VERONA PHARMA PLC,VRNA,0001657312,16684
vertex pharmaceuticals,024083,resolved,100.0,VERTEX INC,VERX,0001806837,19506
viatris innovation,007637,resolved,100.0,VIATRIS INC,VTRS,0001792044,20057
vical,027920,resolved,100.0,VICAL INC,VICL,,79022
viking therapeutics,021032,resolved,100.0,VIKING THERAPEUTICS INC,VKTX,0001607678,15303
vir biotechnology,035638,resolved,100.0,VIR BIOTECHNOLOGY INC,VIR,0001706431,19032
vericel,064334,resolved,100.0,VERICEL CORP,VCEL,0000887359,84511
tarsus pharmaceuticals,037082,resolved,100.0,TARSUS PHARMACEUTI INC,TARS,0001819790,19995
targanta therapeutics,178547,resolved,100.0,TARGANTA THERAPEUTICS CORP,TARG,0001398161,92316
targacept,162958,resolved,100.0,TARGACEPT INC,TRGT,,91184
savara,031177,resolved,100.0,SAVARA INC,SVRA,0001160308,90101
satsuma pharmaceuticals,035601,resolved,100.0,SATSUMA PHARMACEUTICALS INC,STSA,0001692830,18960
sarepta therapeutics,064857,resolved,100.0,SAREPTA THERAPEUTICS INC,SRPT,0000873303,85002
sanofi pasteur a sanofi,101204,resolved,100.0,SANOFI,SNY,0001121404,89475
johnson and johnson vision care,006266,resolved,100.0,JOHNSON & JOHNSON,JNJ,0000200406,22111
sagimet biosciences,038790,resolved,100.0,SAGIMET BIOSCIENCES INC,SGMT,0001400118,24078
sage therapeutics,020943,resolved,100.0,SAGE THERAPEUTICS INC,SAGE,0001597553,14828
rvl pharmaceuticals,034160,resolved,100.0,RVL PHARMACEUTICALS PLC,RVLPQ,0001739426,18209
rocket pharmaceuticals,032908,resolved,100.0,ROCKET PHARMACEUTICALS INC,RCKT,0001281895,15221
ritter pharmaceuticals,023422,resolved,100.0,RITTER PHARMACEUTICALS INC,RTTR,,15436
rigel pharmaceuticals,133468,resolved,100.0,RIGEL PHARMACEUTICALS INC,RIGL,0001034842,88810
rhythm pharmaceuticals,021601,resolved,100.0,RHYTHM PHARMACEUTICLS,RYTM,0001649904,17000
rexahn pharmaceuticals,163931,resolved,100.0,REXAHN PHARMACEUTICALS INC,REXN,,92665
revolution medicines,036083,resolved,100.0,REVOLUTION MEDICINES INC,RVMD,0001628171,19201
reviva pharmaceuticals,037534,resolved,100.0,REVIVA PHARMACEUTICALS HOLD,RVPH,0001742927,18215
revance therapeutics,019471,resolved,100.0,REVANCE THERAPEUTICS INC,RVNC,0001479290,14467
restorbio,032899,resolved,100.0,RESTORBIO INC,TORC,,17272
prothena biosciences,016745,resolved,100.0,PROTHENA CORPORATION PLC,PRTA,0001559053,13706
ptc therapeutics,018699,resolved,100.0,PTC INC,PTC,0000857005,75912
puma biotechnology,170945,resolved,100.0,PUMA BIOTECHNOLOGY INC,PBYI,0001401667,13621
ra pharmaceuticals,028470,resolved,100.0,RA PHARMACEUTICALS INC,RARX,0001481512,16398
radius health,170520,resolved,100.0,RADIUS HEALTH INC,RDUS.1,0001428522,14707
recursion pharmaceuticals,038474,resolved,98.03921568627452,RECURSION PHARMA INC,RXRX,0001601830,20898
savient pharmaceuticals,002222,resolved,100.0,SAVIENT PHARMACEUTICALS INC,SVNTQ,0000722104,18033
redhill biopharma,296885,resolved,100.0,REDHILL BIOPHARMA LTD,RDHL,0001553846,13707
relmada therapeutics,020720,resolved,100.0,RELMADA THERAPEUTICS INC,RLMD,0001553643,19024
relypsa,018976,resolved,100.0,RELYPSA INC,RLYP,0001416792,14321
replidyne,174158,resolved,100.0,REPLIDYNE INC,RDYN,,91365
repligen,012181,resolved,100.0,REPLIGEN CORP,RGEN,0000730272,10200
replimune,033719,resolved,100.0,REPLIMUNE GROUP INC,REPL,0001737953,17974
repros therapeutics,027988,resolved,100.0,REPROS THERAPEUTICS INC,RPRX.1,0000897075,79025
regeneron pharmaceuticals,023812,resolved,100.0,REGENERON PHARMACEUTICALS,REGN,0000872589,76614
protalix,062592,resolved,100.0,PROTALIX BIOTHERAPEUTICS INC,PLX,0001006281,86080
schering plough,009459,resolved,100.0,SCHERING-PLOUGH,SGP,,25013
sciclone pharmaceuticals,025047,resolved,100.0,SCICLONE PHARMACEUTICALS LLC,SCLN,0000880771,77413
taiwan liposome,308989,resolved,100.0,TAIWAN LIPOSOME CO LTD,TLC,0001722890,18262
syros pharmaceuticals,027392,resolved,100.0,SYROS PHARMACEUTICALS INC,SYRS,0001556263,16111
synta pharmaceuticals,162770,resolved,100.0,SYNTA PHARMACEUTICALS CORP,SNTA,,91832
synlogic,032365,resolved,100.0,SYNLOGIC INC,SYBX,0001527599,15787
syndax pharmaceuticals,020649,resolved,100.0,SYNDAX PHARMACEUTICALS INC,SNDX,0001395937,15976
sutro biopharma,034065,resolved,100.0,SUTRO BIOPHARMA INC,STRO,0001382101,18128
supernus pharmaceuticals,186159,resolved,100.0,SUPERNUS PHARMACEUTICALS INC,SUPN,0001356576,13410
sunesis pharmaceuticals,162585,resolved,100.0,SUNESIS PHARMACEUTICALS INC,SNSS,,90907
summit therapeutics,271357,resolved,100.0,SUMMIT THERAPEUTICS INC,SMMT,0001599298,19849
stereotaxis,160375,resolved,100.0,STEREOTAXIS INC,STXS,0001289340,90325
spruce biosciences,037105,resolved,100.0,SPRUCE BIOSCIENCES INC,SPRB,0001683553,19993
springworks therapeutics,035600,resolved,100.0,SPRINGWORKS THERAPEUTICS INC,SWTX,0001773427,18961
spero therapeutics,032525,resolved,100.0,SPERO THERAPEUTICS INC,SPRO,0001701108,17044
spark therapeutics,022709,resolved,100.0,SPARK THERAPEUTICS INC,ONCE,0001609351,15183
sophiris bio,154414,resolved,100.0,SOPHIRIS BIO INC,SPHS,0001563855,14105
scilex pharmaceuticals,037707,resolved,100.0,SCILEX HOLDING CO,SCLX,0001820190,20884
scolr pharma,062288,resolved,100.0,SCOLR PHARMA INC,SCLR,0000934936,90049
scpharmaceuticals,032601,resolved,100.0,SCPHARMACEUTICALS INC,SCPH,0001604950,17122
scynexis,020040,resolved,100.0,SCYNEXIS INC,SCYX,0001178253,14668
seagen,141460,resolved,100.0,SEAGEN INC,SGEN,0001060736,88949
seagen a wholly owned subsidiary of pfizer,141460,resolved,100.0,SEAGEN INC,SGEN,0001060736,88949
scholar rock,033445,resolved,100.0,SCHOLAR ROCK HOLDNG CRP,SRRK,0001727196,17821
seelos therapeutics,034709,resolved,100.0,SEELOS THERAPEUTICS INC,SEELQ,0001017491,88177
seres therapeutics,024177,resolved,100.0,SERES THERAPEUTICS INC,MCRB,0001609809,15431
sierra oncology a gsk,025129,resolved,100.0,SIERRA ONCOLOGY,SRRA,0001290149,15507
sinovac biotech,150257,resolved,100.0,SINOVAC BIOTECH LTD,SVA,0001084201,90517
soleno therapeutics,020898,resolved,100.0,SOLENO THERAPEUTICS INC,SLNO,0001484565,15058
soligenix,013484,resolved,100.0,SOLIGENIX INC,SNGX,0000812796,16533
sellas life sciences,032901,resolved,100.0,SELLAS LIFE SCIENCES GROUP I,SLS,0001390478,92594
jazz pharmaceuticals,177287,resolved,100.0,JAZZ PHARMACEUTICALS PLC,JAZZ,0001232524,92096
human genome sciences,029312,resolved,100.0,HUMAN GENOME SCIENCES INC,HGSI,0000901219,79977
iveric bio,018572,resolved,100.0,IVERIC BIO INC,ISEE,0001410939,14167
aurinia pharmaceuticals,117829,resolved,100.0,AURINIA PHARMACEUTICALS INC,AUPH,0001600620,14924
aura biosciences,039872,resolved,100.0,AURA BIOSCIENCES INC,AURA,0001501796,22184
atyr pharma,023627,resolved,100.0,ATYR PHARMA INC,ATYR,0001339970,15378
atricure,163889,resolved,100.0,ATRICURE INC,ATRC,0001323885,90856
atossa therapeutics,185659,resolved,100.0,ATOSSA THERAPEUTICS INC,ATOS,0001488039,13693
atea pharmaceuticals,037292,resolved,100.0,ATEA PHARMACEUTICALS INC,AVIR,0001593899,19939
atara biotherapeutics,021012,resolved,100.0,ATARA BIOTHERAPEUTICS INC,ATRA,0001604464,14991
astria therapeutics,023980,resolved,100.0,ASTRIA THERAPEUTICS INC,ATXS,0001454789,15416
astrazeneca,028272,resolved,100.0,ASTRAZENECA PLC,AZN,0000901832,79363
ascendis pharma endocrinology division a s,022604,resolved,90.9090909090909,ASCENDIS PHARMA AS,ASND,0001612042,15171
ascendis pharma a s,022604,resolved,97.29729729729728,ASCENDIS PHARMA AS,ASND,0001612042,15171
aryx therapeutics,178799,resolved,100.0,ARYX THERAPEUTICS INC,ARYX,0001410064,92430
arsanis,032607,resolved,100.0,ARSANIS INC,ASNS.1,,17105
ars pharmaceuticals,037495,resolved,100.0,ARS PHARMACEUTICALS INC,SPRY,0001671858,20318
auspex pharmaceuticals,019418,resolved,100.0,AUSPEX PHARMACEUTICALS INC,ASPX,0001454189,14448
arrowhead pharmaceuticals,028806,resolved,100.0,ARROWHEAD PHARMACEUTICAL INC,ARWR,0000879407,80069
argos therapeutics,187720,resolved,100.0,ARGOS THERAPEUTICS INC,ARGSQ,0001105533,14447
argenx,318005,resolved,100.0,ARGENX SE,ARGX,0001697862,16699
arena pharmaceuticals,138122,resolved,100.0,ARENA PHARMACEUTICALS INC,ARNA,0001080709,88421
ardelyx,020645,resolved,100.0,ARDELYX INC,ARDX,0001437402,14690
ardea biosciences,133328,resolved,100.0,ARDEA BIOSCIENCES INC,RDEA,0001103390,87777
arcutis biotherapeutics,036028,resolved,100.0,ARCUTIS BIOTHERAPEUTICS INC,ARQT,0001787306,19184
arbutus biopharma,062475,resolved,100.0,ARBUTUS BIOPHARMA CORP,ABUS,0001447028,12411
aradigm,063081,resolved,100.0,ARADIGM CORP,ARDMQ,0001013238,83622
aptinyx,033643,resolved,100.0,APTINYX INC,APTX,0001674365,17868
aprea therapeutics,035648,resolved,100.0,APREA THERAPEUTICS INC,APRE,0001781983,18997
applied therapeutics,035091,resolved,100.0,APPLIED THERAPEUTICS INC,APLT,0001697532,18644
apogee therapeutics,043091,resolved,100.0,APOGEE THERAPEUTICS INC,APGE,0001974640,24064
apexigen america,036869,resolved,100.0,APEXIGEN INC,APGN,0001814140,20574
apellis pharmaceuticals,026359,resolved,100.0,APELLIS PHARMACEUTICALS,APLS,0001492422,17104
ariad pharmaceuticals,030674,resolved,100.0,ARIAD PHARMACEUTICALS INC,ARIA,0000884731,80918
avadel,063005,resolved,100.0,AVADEL PHARMACEUTICALS PLC,AVDL,0001012477,25042
avanir pharmaceuticals,021776,resolved,100.0,AVANIR PHARMACEUTICALS INC,AVNR,0000858803,76383
avenue therapeutics,031848,resolved,100.0,AVENUE THERAPEUTICS INC,ATXI,0001644963,16778
calliditas therapeutics suisse,327564,resolved,93.87755102040816,CALLIDITAS THERAPE,CALT,0001795579,19467
calithera biosciences,021627,resolved,100.0,CALITHERA BIOSCIENCES INC,CALA,0001496671,14995
calcimedica,037062,resolved,100.0,CALCIMEDICA INC,CALC,0001534133,19833
cadence pharmaceuticals,175483,resolved,100.0,CADENCE PHARMACEUTICALS INC,CADX,0001333248,91495
brainsway,290977,resolved,100.0,BRAINSWAY LTD,BWAY,0001505065,18547
blueprint medicines,023407,resolved,100.0,BLUEPRINT MEDICINES CORP,BPMC,0001597264,15284
bioxcel therapeutics,032941,resolved,100.0,BIOXCEL THERAPEUTICS INC,BTAI,0001720893,17349
biovie,019549,resolved,100.0,BIOVIE INC,BIVI,0001580149,19814
bioverativ therapeutics,029819,resolved,100.0,BIOVERATIV INC,BIVV,0001681689,16544
bioverativ a sanofi,029819,resolved,100.0,BIOVERATIV INC,BIVV,0001681689,16544
biosante pharmaceuticals,105574,resolved,100.0,BIOSANTE PHARMACEUTICALS-OLD,BPAX.1,,89875
biopharmx,019722,resolved,100.0,BIOPHARMX CORP,BPMX,,15443
biontech se,035653,resolved,100.0,BIONTECH SE,BNTX,0001776985,19001
biomarin pharmaceutical,122257,resolved,100.0,BIOMARIN PHARMACEUTICAL INC,BMRN,0001048477,87056
biolinerx,282715,resolved,100.0,BIOLINERX LTD,BLRX,0001498403,12912
aveo pharmaceuticals,184046,resolved,100.0,AVEO PHARMACEUTICALS INC,AVEO,0001325879,93301
axsome therapeutics,026349,resolved,100.0,AXSOME THERAPEUTICS INC,AXSM,0001579428,15831
ayala pharmaceuticals,036302,resolved,100.0,AYALA PHARMACEUTIC INC,ADXS,0001100397,19392
baudax bio,035796,resolved,100.0,BAUDAX BIO INC,BXRXQ,0001780097,19034
beijing biostar pharmaceuticals,181794,resolved,100.0,BIOSTAR PHARMACEUTICALS INC,BSPM,0001418133,93344
belite bio,034025,resolved,100.0,BELITE BIO INC -ADR,BLTE,0001889109,23010
anthera pharmaceuticals,183879,resolved,100.0,ANTHERA PHARMACEUTCLS INC,ANTH,0001316175,93300
beyondspring pharmaceuticals,029207,resolved,100.0,BEYONDSPRING INC,BYSI,0001677940,16626
biocardia,024598,resolved,100.0,BIOCARDIA INC,BCDA,0000925741,18894
biocryst pharmaceuticals,029837,resolved,100.0,BIOCRYST PHARMACEUTICALS INC,BCRX,0000882796,80306
biodel,177112,resolved,100.0,BIODEL INC,BIOD,,92032
biofrontera bioscience,039342,resolved,100.0,BIOFRONTERA INC,BFRI,0001858685,22186
beyond air,033467,resolved,100.0,BEYOND AIR INC,XAIR,0001641631,18643
antares pharma,063700,resolved,100.0,ANTARES PHARMA INC,ATRS,0001016169,88905
annovis bio,035416,resolved,100.0,ANNOVIS BIO INC,ANVS,0001477845,19149
annexon,036768,resolved,100.0,ANNEXON INC,ANNX,0001528115,19544
akari therapeutics,026204,resolved,100.0,AKARI THERAPEUTICS PLC -ADR,AKTX,0001541157,14424
aimmune therapeutics,025077,resolved,100.0,AIMMUNE THERAPEUTICS INC,AIMT,0001631650,15630
agios pharmaceuticals,018159,resolved,100.0,AGIOS PHARMACEUTICALS,AGIO,0001439222,14044
agile therapeutics,020010,resolved,100.0,AGILE THERAPEUTICS INC,AGRX,0001261249,14645
aerie pharmaceuticals,018749,resolved,100.0,AERIE PHARMACEUTICALS INC,AERI,0001337553,14238
aeon biopharma,037857,resolved,100.0,AEON BIOPHARMA INC,AEON,0001837607,21086
adma biologics,017653,resolved,100.0,ADMA BIOLOGICS INC,ADMA,0001368514,15056
adlai nortye biopharma,043382,resolved,100.0,ADLAI NORTYE LTD,ANL,0001944552,24251
adial pharmaceuticals,032395,resolved,100.0,ADIAL PHARMACEUTICALS,ADIL,0001513525,17951
adc therapeutics s a,035649,resolved,100.0,ADC THERAPEUTICS SA,ADCT,0001771910,19391
adaptimmune,023574,resolved,100.0,ADAPTIMMUNE THERAPEUTICS,ADAP,0001621227,15361
adamas pharmaceuticals,020042,resolved,100.0,ADAMAS PHARMACEUTICALS INC,ADMS,0001328143,14589
acusphere,145160,resolved,100.0,ACUSPHERE INC,ACUS,0001115143,89859
acurx pharmaceuticals,038910,resolved,100.0,ACURX PHARMA INC,ACXP,0001736243,21512
acura pharmaceuticals,011929,resolved,100.0,ACURA PHARMACEUTICALS INC,ACUR,0000786947,10116
actuate therapeutics,045390,resolved,100.0,ACTUATE THERAPEUTICS INC,ACTU,0001652935,25392
89bio,035776,resolved,100.0,89BIO INC,ETNB,0001785173,19070
abbott,001078,resolved,100.0,ABBOTT LABORATORIES,ABT,0000001800,20482
abbvie,016101,resolved,100.0,ABBVIE INC,ABBV,0001551152,13721
abbvie prior sponsor abbott,016101,resolved,100.0,ABBVIE INC,ABBV,0001551152,13721
abiomed,013619,resolved,100.0,ABIOMED INC,ABMD,0000815094,75107
ablynx a sanofi,287218,resolved,100.0,,,,
akcea therapeutics,032046,resolved,100.0,AKCEA THERAPEUTICS INC,AKCA,0001662524,16814
acadia pharmaceuticals,141846,resolved,100.0,ACADIA PHARMACEUTICALS INC,ACAD,0001070494,90177
achaogen,019718,resolved,100.0,ACHAOGEN INC,AKAOQ,0001301501,14530
achieve life sciences,032271,resolved,100.0,ACHIEVE LIFE SCIENCES INC,ACHV,0000949858,82526
achilles therapeutics uk,038516,resolved,100.0,ACHILLES THERAPEUTI PLC -ADR,ACHL,0001830749,20761
aclaris therapeutics,025904,resolved,100.0,ACLARIS THERAPEUTICS INC,ACRS,0001557746,15775
acorda therapeutics,156617,resolved,100.0,ACORDA THERAPEUTICS INC,ACORQ,0001008848,91086
actinium pharmaceuticals,016947,resolved,100.0,ACTINIUM PHARMACEUTICALS INC,ATNM,0001388320,14497
acelyrin,042892,resolved,100.0,ACELYRIN INC,SLRN,0001962918,23874
can fite biopharma,291881,resolved,100.0,CAN FITE BIOPHARMA LTD,CANF,0001536196,14272
akebia therapeutics,019859,resolved,100.0,AKEBIA THERAPEUTICS INC,AKBA,0001517022,14531
albireo,029018,resolved,100.0,ALBIREO PHARMA INC,ALBO,0001322505,92032
anika therapeutics,028209,resolved,100.0,ANIKA THERAPEUTICS INC,ANIK,0000898437,79150
angiotech pharmaceuticals,066060,resolved,100.0,ANGIOTECH PHARMACEUTICALS,ANPM,0001096481,87584
angiodynamics,264387,resolved,100.0,ANGIODYNAMICS INC,ANGO,0001275187,90179
anesiva,162403,resolved,100.0,ANESIVA INC,ANSVQ,0001131517,90025
anebulo pharmaceuticals,038706,resolved,100.0,ANEBULO PHARMA INC,ANEB,0001815974,21269
anavex life sciences,166447,resolved,100.0,ANAVEX LIFE SCIENCES CORP,AVXL,0001314052,15776
an2 therapeutics,040833,resolved,100.0,AN2 THERAPEUTICS INC,ANTX,0001880438,22886
amylyx pharmaceuticals,040470,resolved,100.0,AMYLYX PHARMACEUTICALS INC,AMLX,0001658551,22626
amryt pharma,333960,resolved,100.0,,,,
ampio pharmaceuticals,184465,resolved,100.0,AMPIO PHARMACEUTICALS INC,AMPE,0001411906,12789
amicus therapeutics,175008,resolved,100.0,AMICUS THERAPEUTICS INC,FOLD,0001178879,92040
amgen,001602,resolved,100.0,AMGEN INC,AMGN,0000318154,14008
amag pharmaceuticals,012250,resolved,100.0,AMAG PHARMACEUTICALS INC,AMAG,0000792977,10363
alx oncology,036704,resolved,100.0,ALX ONCOLOGY HOLDI INC,ALXO,0001810182,19542
alvotech swiss,037351,resolved,100.0,ALVOTECH,ALVO,0001898416,23172
alumis,045447,resolved,100.0,ALUMIS INC,ALMS,0001847367,25205
altimmune,031249,resolved,100.0,ALTIMMUNE INC,ALT,0001326190,90926
alcobra,017071,resolved,100.0,ALCOBRA LTD,ADHD,,13918
alcon research,035056,resolved,100.0,ALCON INC,ALC,0001167379,18481
alder biopharmaceuticals,020033,resolved,100.0,ALDER BIOPHARMACEUTICALS INC,ALDR,0001423824,14646
aldeyra therapeutics,020018,resolved,100.0,ALDEYRA THERAPEUTICS INC,ALDX,0001341235,14647
alector,034616,resolved,100.0,ALECTOR INC,ALEC,0001653087,18376
alexion pharmaceuticals,062263,resolved,100.0,ALEXION PHARMACEUTICALS INC,ALXN,0000899866,83111
akero therapeutics,035267,resolved,100.0,AKERO THERAPEUTICS INC,AKRO,0001744659,18772
alexza pharmaceuticals,166414,resolved,100.0,ALEXZA PHARMACTCLS INC,ALXA,0001344413,91154
alimera sciences,180363,resolved,100.0,ALIMERA SCIENCES INC,ALIM,0001267602,93339
alkermes,024302,resolved,100.0,ALKERMES PLC,ALKS,0001520262,76736
allakos,033721,resolved,100.0,ALLAKOS INC,ALLK,0001564824,17948
allena pharmaceuticals,032529,resolved,100.0,ALLENA PHARMACEUTICALS,ALNAQ,0001624658,17042
alnylam pharmaceuticals,264265,resolved,100.0,ALNYLAM PHARMACEUTICALS INC,ALNY,0001178670,90178
alfred e tiefenbacher and kg,011361,resolved,100.0,AG&E HOLDINGS INC,AGNUQ,0000105608,63829
javelin pharmaceuticals,143892,resolved,100.0,JAVELIN PHARMACEUTICALS INC,JAV,0000050710,91382
capricor,019205,resolved,100.0,CAPRICOR THERAPEUTICS INC,CAPR,0001133869,92686
cardiol therapeutics,034570,resolved,100.0,CARDIOL THERAPEUTICS INC,CRDL,0001702123,21836
grace therapeutics,186834,resolved,100.0,,,,
global blood therapeutics,025349,resolved,100.0,GLOBAL BLOOD THERAPEUTICS,GBT,0001629137,15638
glaukos,023990,resolved,100.0,GLAUKOS CORP,GKOS,0001192448,15454
gilead sciences,024856,resolved,100.0,GILEAD SCIENCES INC,GILD,0000882095,77274
gh research ireland,038957,resolved,100.0,GH RESEARCH PLC,GHRS,0001855129,21542
geron,063405,resolved,100.0,GERON CORP,GERN,0000886744,83756
genvec,111965,resolved,100.0,GENVEC INC,GNVC,0000934473,88836
genta,024781,resolved,100.0,GENTA INC,GNTAQ,0000880643,77180
genocea biosciences,019425,resolved,100.0,GENOCEA BIOSCIENCES INC,GNCAQ,0001457612,14458
genmab,245207,resolved,100.0,GENMAB AS,GMAB,0001434265,18839
gan and lee pharmaceuticals usa,316747,resolved,100.0,GAN LTD,GAN,0001799332,19398
gamida cell,034287,resolved,100.0,GAMIDA CELL LTD,GMDAQ,0001600847,18197
gtx,156857,resolved,100.0,GTX INC,GTXI,,90031
galera therapeutics,035768,resolved,100.0,GALERA THERAPEUTICS INC,GRTX,0001563577,19072
galectin therapeutics,150221,resolved,100.0,GALECTIN THERAPEUTICS INC,GALT,0001133416,13324
galapagos,272872,resolved,100.0,GALAPAGOS NV,GLPG,0001421876,15373
g1 therapeutics,031294,resolved,100.0,G1 THERAPEUTICS INC,GTHX,0001560241,16705
furiex pharmaceuticals,184961,resolved,100.0,FURIEX PHARMACEUTICALS INC,FURX,0001484478,93392
fulcrum therapeutics,035376,resolved,100.0,FULCRUM THERAPEUTICS INC,FULC,0001680581,18838
forte biosciences,036609,resolved,100.0,FORTE BIOSCIENCES INC,FBRX,0001419041,16681
forest laboratories,004843,resolved,100.0,FOREST LABORATORIES  -CL A,FRX.1,0000038074,45241
five prime therapeutics,018430,resolved,100.0,FIVE PRIME THERAPEUTICS INC,FPRX,0001175505,14161
eyepoint pharmaceuticals,253527,resolved,100.0,EYEPOINT PHARMACEUTICALS INC,EYPT,0001314102,90542
exelixis,133885,resolved,100.0,EXELIXIS INC,EXEL,0000939767,88159
evolus,032919,resolved,100.0,EVOLUS INC,EOLS,0001570562,17317
evoke pharma,018173,resolved,100.0,EVOKE PHARMA INC,EVOK,0001403708,14158
evofem,032961,resolved,100.0,EVOFEM BIOSCIENCES INC,EVFM,0001618835,15075
galena biopharma,179605,resolved,100.0,GALENA BIOPHARMA INC,GALE.1,,92594
gw pharmaceuticals,247881,resolved,100.0,GW PHARMACEUTICALS LIMITED,GWPH,0001351288,13926
halozyme therapeutics,151630,resolved,100.0,HALOZYME THERAPEUTICS INC,HALO,0001159036,90436
hepion pharmaceuticals,019761,resolved,100.0,HEPION PHARMACEUTICALS INC,HEPA,0001583771,15219
ironwood pharmaceuticals,184256,resolved,100.0,IRONWOOD PHARMACEUTICALS INC,IRWD,0001446847,93264
iovance biotherapeutics,180057,resolved,100.0,IOVANCE BIOTHERAPEUTICS INC,IOVA,0001425205,15222
ionis pharmaceuticals,024040,resolved,100.0,IONIS PHARMACEUTICALS INC,IONS,0000874015,76661
invivyd,039266,resolved,100.0,INVIVYD INC,IVVD,0001832038,21790
inventiva pharma,323476,resolved,100.0,INVENTIVA SA,IVA,0001756594,19563
intra cellular therapies,019412,resolved,100.0,INTRA-CELLULAR THERAPIES INC,ITCI,0001567514,14432
intersect ent,021006,resolved,100.0,INTERSECT ENT INC,XENT,0001271214,14836
intermune,133246,resolved,100.0,INTERMUNE INC,ITMN,0001087432,87785
intercept pharmaceuticals,014320,resolved,100.0,INTERCEPT PHARMA INC,ICPT,0001270073,13643
inspiremd,186953,resolved,100.0,INSPIREMD INC,NSPR,0001433607,13844
insmed,136186,resolved,100.0,INSMED INC,INSM,0001104506,88351
inozyme pharma,036769,resolved,100.0,INOZYME PHARMA INC,INZY,0001693011,19559
inovio pharmaceuticals,066697,resolved,100.0,INOVIO PHARMACEUTICALS INC,INO,0001055726,86444
inotek pharmaceuticals,022129,resolved,100.0,INOTEK PHARMACEUTICALS CORP,ITEK,,15221
innocoll,020951,resolved,100.0,INNOCOLL HOLDINGS PLC,INNL,0001660484,14806
innate pharma,281420,resolved,100.0,INNATE PHARMA SA,IPHA,0001598599,19014
indivior,022410,resolved,100.0,INDIVIOR PLC,INDV,0001625297,24016
heron therapeutics,013786,resolved,100.0,HERON THERAPEUTICS INC,HRTX,0000818033,11636
hillevax,041118,resolved,100.0,HILLEVAX INC,HLVX,0001888012,23032
histogenics,022229,resolved,100.0,HISTOGENICS CORP,HSGX,,15132
humacyte,039525,resolved,100.0,HUMACYTE INC,HUMA,0001818382,20137
zymogenetics,145228,resolved,100.0,ZYMOGENETICS INC,ZGEN.2,0001129425,89313
hutchmed,278153,resolved,100.0,HUTCHMED (CHINA) LTD,HCM,0001648257,15969
evelo biosciences,033444,resolved,100.0,EVELO BIOSCIENCES INC,EVLO,0001694665,17811
icosavax,039358,resolved,100.0,ICOSAVAX INC,ICVX,0001786255,21729
immunitybio,347007,resolved,100.0,IMMUNITYBIO INC,IBRX,0001326110,15533
immunocore,037812,resolved,100.0,IMMUNOCORE HOLDINGS PLC,IMCR,0001671927,20604
immuron,247374,resolved,100.0,IMMURON LTD,IMRN,0001660046,16787
immutep s a s,253523,resolved,100.0,IMMUTEP LTD,IMMP,0001506184,13376
impax laboratories,061745,resolved,100.0,IMPAX LABORATORIES INC,IPXL,0001003642,82702
incyte,029127,resolved,100.0,INCYTE CORP,INCY,0000879169,79906
ideaya biosciences,035136,resolved,100.0,IDEAYA BIOSCIENCES INC,IDYA,0001676725,18656
evaxion biotech a s,037773,resolved,100.0,EVAXION A/S  -ADR,EVAX,0001828253,20593
eupraxia pharmaceuticals,038275,resolved,100.0,EUPRAXIA PHARMACEUTICALS INC,EPRX,0001581178,25020
esperion therapeutics,018162,resolved,100.0,ESPERION THERAPEUTICS INC,ESPR,0001434868,13954
cormedix,183945,resolved,100.0,CORMEDIX INC,CRMD,0001410098,93371
corcept therapeutics,146616,resolved,100.0,CORCEPT THERAPEUTICS INC,CORT,0001088856,90125
contrafect,021223,resolved,100.0,CONTRAFECT CORP,CFRXQ,0001478069,14927
connect biopharm,038422,resolved,96.96969696969695,CONNECT BIO HLD LTD - ADS,CNTB,0001835268,20776
concert pharmaceuticals,019534,resolved,100.0,CONCERT PHARMACEUTICLS INC,CNCE,0001367920,14451
conatus pharmaceuticals,018161,resolved,100.0,CONATUS PHARMACEUTICALS INC,CNAT,,14046
compass pathways,036975,resolved,100.0,COMPASS PATHWAYS PLC,CMPS,0001816590,19821
collagenex pharmaceuticals,063084,resolved,100.0,COLLAGENEX PHARMACEUTCLS INC,CGPI.,0001012270,83638
cognition therapeutics,039290,resolved,100.0,COGNITION THERAPEUTICS INC,CGTX,0001455365,22194
cogent biosciences,036949,resolved,100.0,COGENT BIOSCIENCES INC,COGT,0001622229,17372
clene nanomedicine,037633,resolved,100.0,CLENE INC,CLNN,0001822791,20285
clementia pharmaceuticals,032130,resolved,100.0,CLEMENTIA PHARMACEUTICALS,CMTA,0001647320,16879
clearside biomedical,026798,resolved,100.0,CLEARSIDE BIOMEDICAL INC,CLSD,0001539029,16090
clarus therapeutics,185372,resolved,100.0,CLARUS CORP,CLAR,0000913277,86092
cidara therapeutics,023358,resolved,100.0,CIDARA THERAPEUTICS INC,CDTX,0001610618,15286
chiasma,024523,resolved,100.0,CHIASMA INC,CHMA,0001339469,15497
chemgenex pharmaceuticals,024635,resolved,100.0,CHEMGENEX PHARMACEUTICALS,CXSPY,0001175965,90723
cartesian therapeutics,027354,resolved,100.0,CARTESIAN THERAPEUTICS INC,RNAC,0001453687,16108
cassava sciences,137642,resolved,100.0,CASSAVA SCIENCES INC,SAVA,0001069530,88462
catalyst pharmaceuticals,175966,resolved,97.87234042553192,CATALYST PHARMACEUTICALS INC,CPRX,0001369568,91606
cel sci,012711,resolved,100.0,CEL-SCI CORP,CVM,0000725363,44813
celgene,013599,resolved,100.0,CELGENE CORP,CELG,0000816284,11552
cell genesys,027747,resolved,100.0,CELL GENESYS INC,CEGE,0000865231,78815
cpex pharmaceuticals,180231,resolved,100.0,CPEX PHARMACEUTICALS INC,CPEX,0001418919,92717
celularity,039277,resolved,100.0,CELULARITY INC,CELU,0001752828,18840
cephalon,023945,resolved,100.0,CEPHALON INC,CEPH,0000873364,76625
cg oncology,043858,resolved,100.0,CG ONCOLOGY INC,CGON,0001991792,24685
chase pharmaceuticals an affiliate of allergan,003203,resolved,100.0,CHASE CORP,CCF,0000830524,82542
checkpoint therapeutics,029013,resolved,100.0,CHECKPOINT THERAPEUTICS INC,CKPT,0001651407,16781
chelsea therapeutics,153793,resolved,100.0,CHELSEA THERAPEUTICS INTL,CHTP,0001333763,91270
centessa pharmaceuticals uk,038805,resolved,100.0,CENTESSA PHARMACEUTICALS PLC,CNTA,0001847903,21278
capstone therapeutics,027765,resolved,100.0,CAPSTONE THERAPEUTICS CORP,CAPS,0000887151,78836
crinetics pharmaceuticals,033723,resolved,100.0,CRINETICS PHARMCTCL INC,CRNX,0001658247,17959
equillium,034164,resolved,100.0,EQUILLIUM INC,EQ,0001746466,18195
epizyme,017808,resolved,100.0,EPIZYME INC,EPZM,0001571498,13924
epix pharmaceuticals,064314,resolved,100.0,EPIX PHARMACUETICALS INC,EPIX.1,0001027702,84420
epicept,162732,resolved,100.0,EPICEPT CORP-OLD,EPCT.1,,91078
enzon pharmaceuticals,004409,resolved,100.0,ENZON PHARMACEUTICALS INC,ENZN,0000727510,33137
entera bio,032749,resolved,100.0,ENTERA BIO LTD,ENTX,0001638097,17879
entasis therapeutics,034016,resolved,100.0,ENTASIS THRPTCS HLDNG,ETTX,0001724344,18113
enlivex therapeutics,035008,resolved,100.0,ENLIVEX THERAPEUTICS LTD,ENLV,0001596812,14826
endeavor biomedicines,035245,resolved,100.0,ENDEAVOR GROUP HOLDINGS,EDR,0001766363,20923
enanta pharmaceuticals,016269,resolved,100.0,ENANTA PHARMACEUTICALS INC,ENTA,0001177648,13825
eloxx pharmaceuticals,032858,resolved,100.0,ELOXX PHARMACEUTICALS INC,ELOX,0001035354,89411
eli lilly and,006730,resolved,100.0,LILLY (ELI) & CO,LLY,0000059478,50876
eiger biopharmaceuticals,027046,resolved,100.0,EIGER BIOPHARMACEUTICALS INC,EIGRQ,0001305253,14423
eidos therapeutics a bridgebio,033641,resolved,100.0,EIDOS THERAPEUTICS INC,EIDX.,0001731831,17878
dynavax technologies,141496,resolved,100.0,DYNAVAX TECHNOLOGIES CORP,DVAX,0001029142,90029
dusa pharmaceuticals,024898,resolved,100.0,DUSA PHARMACEUTICALS INC,DUSA.1,0000879993,77289
durect,140044,resolved,100.0,DURECT CORP,DRRX,0001082038,88626
cumberland pharmaceuticals,178097,resolved,100.0,CUMBERLAND PHARMACEUTICALS,CPIX,0001087294,93004
curevac,036828,resolved,100.0,CUREVAC N.V.,CVAC,0001809122,19623
curis,138341,resolved,100.0,CURIS INC,CRIS,0001108205,88511
cyclo therapeutics,106100,resolved,100.0,CYCLO THERAPEUTICS INC,CYTH,0000922247,20288
cytokinetics,158563,resolved,100.0,CYTOKINETICS INC,CYTK,0001061983,90126
day one biopharmaceuticals,038763,resolved,100.0,DAY ONE BIOPHARMACEUTCLS INC,DAWN,0001845337,21262
critical therapeutics,264668,resolved,100.0,CRITICAL THERAPEUTICS INC,CRTX.,,90183
dbv technologies,312079,resolved,100.0,DBV TECHNOLOGIES S A,DBVT,0001613780,15002
delcath systems,140023,resolved,100.0,DELCATH SYSTEMS INC,DCTH,0000872912,89169
dendreon,136884,resolved,100.0,DENDREON CORP,DNDNQ,0001107332,88335
dermata therapeutics,038993,resolved,100.0,DERMATA THERAPEUTICS INC,DRMA,0001853816,21841
dermira,021617,resolved,100.0,DERMIRA INC,DERM.2,0001557883,15003
dipexium pharmaceuticals,019757,resolved,100.0,DIPEXIUM PHARMACEUTICALS INC,DPRX,,14538
dr reddy s laboratories,223098,resolved,100.0,DR REDDY'S LABORATORIES LTD,RDY,0001135951,88957
deciphera pharmaceuticals,032383,resolved,100.0,DECIPHERA PHRMCTAL INC,DCPH,0001654151,16924
zynerba pharmaceuticals,025128,resolved,100.0,ZYNERBA PHARMACEUTICALS INC,ZYNE,0001621443,15646
merck sharp & dohme llc,007257,fuzzy_extended,100.0,MERCK & CO,MRK,0000310158,22752
eli lilly and company,006730,fuzzy_extended,100.0,LILLY (ELI) & CO,LLY,0000059478,50876
bristol-myers squibb,002403,fuzzy_extended,100.0,BRISTOL-MYERS SQUIBB CO,BMY,0000014272,19393
novo nordisk a/s,008020,fuzzy_extended,100.0,NOVO NORDISK A/S,NVO,0000353278,63263
"janssen research & development, llc",009071,fuzzy_extended,100.0,RESEARCH INC,RESRQ,0000216983,66545
boston scientific corporation,025279,fuzzy_extended,100.0,BOSTON SCIENTIFIC CORP,BSX,0000885725,77605
"genentech, inc",005020,fuzzy_extended,100.0,GENENTECH INC,DNA.2,0000318771,87031
organon and co,038821,fuzzy_extended,100.0,ORGANON & CO,OGN,0001821825,21124
wyeth is now a wholly owned subsidiary of pfizer,001478,fuzzy_extended,100.0,WYETH,WYE,0000005187,15667
"johnson & johnson pharmaceutical research & development, l.l.c",006266,fuzzy_extended,100.0,JOHNSON & JOHNSON,JNJ,0000200406,22111
pfizer's upjohn has merged with mylan to form viatris inc,007637,fuzzy_extended,100.0,VIATRIS INC,VTRS,0001792044,20057
"sanofi pasteur, a sanofi company",101204,fuzzy_extended,100.0,SANOFI,SNY,0001121404,89475
"genzyme, a sanofi company",101204,fuzzy_extended,100.0,SANOFI,SNY,0001121404,89475
incyte corporation,029127,fuzzy_extended,100.0,INCYTE CORP,INCY,0000879169,79906
zimmer biomet,144559,fuzzy_extended,100.0,ZIMMER BIOMET HOLDINGS INC,ZBH,0001136869,89070
medimmune llc,024008,fuzzy_extended,100.0,MEDIMMUNE INC,MEDI.1,0000873591,76656
medtronic cardiac rhythm and heart failure,007228,fuzzy_extended,100.0,MEDTRONIC PLC,MDT,0001613103,60097
"alexion pharmaceuticals, inc",062263,fuzzy_extended,100.0,ALEXION PHARMACEUTICALS INC,ALXN,0000899866,83111
vertex pharmaceuticals incorporated,024344,fuzzy_extended,100.0,VERTEX PHARMACEUTICALS INC,VRTX,0000875320,76744
"abbvie (prior sponsor, abbott)",016101,fuzzy_extended,100.0,ABBVIE INC,ABBV,0001551152,13721
dr. reddy's laboratories limited,223098,fuzzy_extended,100.0,DR REDDY'S LABORATORIES LTD,RDY,0001135951,88957
bausch & lomb incorporated,040605,fuzzy_extended,100.0,BAUSCH & LOMB CORP,BLCO,0001860742,23071
"johnson & johnson vision care, inc",006266,fuzzy_extended,100.0,JOHNSON & JOHNSON,JNJ,0000200406,22111
hanmi pharmaceutical company limited,018204,fuzzy_extended,92.3076923076923,ANI PHARMACEUTICALS INC,ANIP,0001023024,89875
"millennium pharmaceuticals, inc",062784,fuzzy_extended,100.0,MILLENNIUM PHARMACEUTICALS,MLNM,0001002637,83531
medtronic - mitg,007228,fuzzy_extended,100.0,MEDTRONIC PLC,MDT,0001613103,60097
teva pharmaceuticals usa,014538,fuzzy_extended,100.0,TEVA PHARMACEUTICALS,TEVA,0000818686,75652
chiesi farmaceutici s.p.a,001059,fuzzy_extended,100.0,A P S INC,APS.1,,58958
ge healthcare,041818,fuzzy_extended,100.0,GE HEALTHCARE TECHNOLOGI INC,GEHC,0001932393,23570
mylan pharmaceuticals inc,024843,fuzzy_extended,94.11764705882354,AMYLIN PHARMACEUTICALS INC,AMLN,0000881464,77264
"kyowa kirin co., ltd",018729,fuzzy_extended,100.0,KIRIN HOLDINGS CO LTD,KNBWY,0000800901,47897
"smith & nephew, inc",101317,fuzzy_extended,100.0,SMITH & NEPHEW PLC,SNN,0000845982,87444
edwards lifesciences,133366,fuzzy_extended,100.0,EDWARDS LIFESCIENCES CORP,EW,0001099800,87657
c. r. bard,002044,fuzzy_extended,100.0,BARD (C.R.) INC,BCR,0000009892,46877
"ionis pharmaceuticals, inc",024040,fuzzy_extended,100.0,IONIS PHARMACEUTICALS INC,IONS,0000874015,76661
galapagos nv,272872,fuzzy_extended,100.0,GALAPAGOS NV,GLPG,0001421876,15373
power life sciences inc,006721,fuzzy_extended,100.0,LIFE SCIENCES INC,LFSCQ,0000059401,49526
baxalta now part of shire,022734,fuzzy_extended,100.0,BAXALTA INC,BXLT,0001620546,15401
endo pharmaceuticals,004409,fuzzy_extended,92.6829268292683,ENZON PHARMACEUTICALS INC,ENZN,0000727510,33137
resmed,031887,fuzzy_extended,100.0,RESMED INC,RMD,0000943819,81736
colgate palmolive,003170,fuzzy_extended,94.11764705882354,COLGATE-PALMOLIVE CO,CL,0000021665,18729
masimo corporation,177881,fuzzy_extended,100.0,MASIMO CORP,MASI,0000937556,92220
"pacira pharmaceuticals, inc",002293,fuzzy_extended,94.11764705882354,CIRCA PHARMACEUTICALS INC,RXC,0000013006,64178
"orion corporation, orion pharma",020420,fuzzy_extended,100.0,ORION SA,OEC,0001609804,14786
pepsico global r&d,008479,fuzzy_extended,100.0,PEPSICO INC,PEP,0000077476,13856
hk inno.n corporation,043159,fuzzy_extended,100.0,INNO HOLDINGS INC,INHD,0001961847,24656
w.l.gore & associates,017157,fuzzy_extended,100.0,W HOLDING CO INC,WHCI,0001084887,93105
seagen inc,141460,fuzzy_extended,100.0,SEAGEN INC,SGEN,0001060736,88949
"emd serono research & development institute, inc",009071,fuzzy_extended,100.0,RESEARCH INC,RESRQ,0000216983,66545
"sinovac biotech co., ltd",150257,fuzzy_extended,100.0,SINOVAC BIOTECH LTD,SVA,0001084201,90517
procter and gamble,008762,fuzzy_extended,100.0,PROCTER & GAMBLE CO,PG,0000080424,18163
fisher and paykel healthcare,101256,fuzzy_extended,100.0,FISHER & PAYKEL HEALTHCARE,FPHC,0001144690,89206
united therapeutics,121440,fuzzy_extended,100.0,UNITED THERAPEUTICS CORP,UTHR,0001082554,87006
ems,004279,fuzzy_extended,100.0,EMS TECHNOLOGIES INC,ELMG,0000032198,32110
integra lifesciences corporation,030291,fuzzy_extended,100.0,INTEGRA INC,INGA,0000915859,80609
"alkermes, inc",024302,fuzzy_extended,100.0,ALKERMES PLC,ALKS,0001520262,76736
"immunitybio, inc",347007,fuzzy_extended,100.0,IMMUNITYBIO INC,IBRX,0001326110,15533
lg life sciences,006721,fuzzy_extended,100.0,LIFE SCIENCES INC,LFSCQ,0000059401,49526
cordis us corp,003520,fuzzy_extended,100.0,CORDIS CORP,CORD.,0000024654,27255
"centocor, inc",002846,fuzzy_extended,100.0,CENTOCOR INC,CNTO.,0000708823,22016
cook group incorporated,003492,fuzzy_extended,100.0,COOK ELECTRIC CO,CEE.3,0000024351,42593
lee's pharmaceutical limited,006641,fuzzy_extended,97.43589743589743,LEE PHARMACEUTICALS,LPHM.1,,57373
"medtronic minimed, inc",061059,fuzzy_extended,100.0,MINIMED INC,MNMD.1,0000945801,81882
torrent pharmaceuticals limited,247881,fuzzy_extended,93.87755102040816,GW PHARMACEUTICALS LIMITED,GWPH,0001351288,13926
"jiangsu simcere pharmaceutical co., ltd",177129,fuzzy_extended,100.0,SIMCERE PHARMACEUTICAL GROUP,SCR.1,0001384360,91942
glaxo wellcome,013134,fuzzy_extended,100.0,WELLCOME PLC,WEL.1,0000787976,78111
medtronic cardiovascular,007228,fuzzy_extended,100.0,MEDTRONIC PLC,MDT,0001613103,60097
unilever r&d,010846,fuzzy_extended,100.0,UNILEVER PLC,UL,0000217410,28302
btl industries ltd,001955,fuzzy_extended,92.85714285714286,BTK INDUSTRIES INC,BTK,0000012152,61495
"supernus pharmaceuticals, inc",186159,fuzzy_extended,100.0,SUPERNUS PHARMACEUTICALS INC,SUPN,0001356576,13410
glaukos corporation,023990,fuzzy_extended,100.0,GLAUKOS CORP,GKOS,0001192448,15454
"cubist pharmaceuticals llc, a subsidiary of merck & co., inc. (rahway, new jersey usa)",007257,fuzzy_extended,100.0,MERCK & CO,MRK,0000310158,22752
solventum us llc,045167,fuzzy_extended,100.0,SOLVENTUM CORP,SOLV,0001964738,24877
green cross corporation,003611,fuzzy_extended,100.0,CROSS CO,CROS.2,0000025798,27757
ultragenyx pharmaceutical inc,019149,fuzzy_extended,100.0,ULTRAGENYX PHARMACEUTICAL,RARE,0001515673,14436
johnson & johnson consumer and personal products worldwide,006266,fuzzy_extended,100.0,JOHNSON & JOHNSON,JNJ,0000200406,22111
"spectrum pharmaceuticals, inc",063650,fuzzy_extended,100.0,SPECTRUM PHARMACEUTICALS INC,SPPI,0000831547,83950
warner chilcott,065252,fuzzy_extended,100.0,WARNER CHILCOTT PLC -ADR-OLD,WCRX.,0001042459,85326
mead johnson nutrition,180833,fuzzy_extended,100.0,MEAD JOHNSON NUTRITION CO,MJN,0001452575,92890
repros therapeutics inc,027988,fuzzy_extended,100.0,REPROS THERAPEUTICS INC,RPRX.1,0000897075,79025
intuitive surgical,136725,fuzzy_extended,100.0,INTUITIVE SURGICAL INC,ISRG,0001035267,88352
medtronic spinal and biologics,007228,fuzzy_extended,100.0,MEDTRONIC PLC,MDT,0001613103,60097
centogene gmbh rostock,035780,fuzzy_extended,100.0,CENTOGENE NV,CNTGF,0001757097,19067
bavarian nordic,007924,fuzzy_extended,100.0,NORDIC LIMITED INC,NORLE,,57825
"tci co., ltd",010379,fuzzy_extended,100.0,TCI INTL INC,TCII,0000357064,74895
mannkind corporation,160340,fuzzy_extended,100.0,MANNKIND CORP,MNKD,0000899460,90285
"stiefel, a gsk company",005180,fuzzy_extended,100.0,GSK PLC,GSK,0001131399,75064
"clinical nutrition research center, illinois institute of technology",010382,fuzzy_extended,100.0,TECHNOLOGY RESEARCH CORP,TRCI,0000741556,92399
johnson & johnson consumer inc. (j&jci),006266,fuzzy_extended,100.0,JOHNSON & JOHNSON,JNJ,0000200406,22111
"becton, dickinson and company",002111,fuzzy_extended,100.0,BECTON DICKINSON & CO,BDX,0000010795,39642
vantive health llc,061180,fuzzy_extended,100.0,VANTIVE CORP,VNTV.1,0000947549,82227
pharmacyclics llc,061448,fuzzy_extended,100.0,PHARMACYCLICS INC,PCYC,0000949699,82513
haleon,353444,fuzzy_extended,100.0,HALEON PLC,HLN,0001900304,23209
dompé farmaceutici s.p.a,001059,fuzzy_extended,100.0,A P S INC,APS.1,,58958
ciba vision,213449,fuzzy_extended,100.0,CIBA HOLDING AG,CSBHY,0001035497,88483
celgene corporation,013599,fuzzy_extended,100.0,CELGENE CORP,CELG,0000816284,11552
"cynosure, inc",164664,fuzzy_extended,100.0,CYNOSURE INC,CYNO,0000885306,91020
indivior inc,022410,fuzzy_extended,100.0,INDIVIOR PLC,INDV,0001625297,24016
"agios pharmaceuticals, inc",018159,fuzzy_extended,100.0,AGIOS PHARMACEUTICALS,AGIO,0001439222,14044
mirati therapeutics inc,160770,fuzzy_extended,100.0,MIRATI THERAPEUTICS INC,MRTX,0001576263,14054
"sarepta therapeutics, inc",064857,fuzzy_extended,100.0,SAREPTA THERAPEUTICS INC,SRPT,0000873303,85002
medtronic endovascular,007228,fuzzy_extended,100.0,MEDTRONIC PLC,MDT,0001613103,60097
the medicines company,138608,fuzzy_extended,100.0,MEDICINES CO (THE),MDCO,0001113481,88545
"opko health, inc",061490,fuzzy_extended,100.0,OPKO HEALTH INC,OPK,0000944809,82567
nutricia research,009071,fuzzy_extended,100.0,RESEARCH INC,RESRQ,0000216983,66545
emergent biosolutions,176022,fuzzy_extended,100.0,EMERGENT BIOSOLUTIONS INC,EBS,0001367644,91571
philogen s.p.a,001059,fuzzy_extended,100.0,A P S INC,APS.1,,58958
"kowa research institute, inc",009071,fuzzy_extended,100.0,RESEARCH INC,RESRQ,0000216983,66545
"sorrento therapeutics, inc",183602,fuzzy_extended,100.0,SORRENTO THERAPEUTICS INC,SRNE,0000850261,14262
celldex therapeutics,179598,fuzzy_extended,100.0,CELLDEX THERAPEUTICS INC,CLDX,0000744218,10258
laboratorios sophia s.a de c.v,030584,fuzzy_extended,100.0,A S V INC,ASVI,0000926763,80798
depuy orthopaedics,063905,fuzzy_extended,100.0,DEPUY INC,DPU.1,0001019900,84024
"enanta pharmaceuticals, inc",016269,fuzzy_extended,100.0,ENANTA PHARMACEUTICALS INC,ENTA,0001177648,13825
insys therapeutics inc,179731,fuzzy_extended,100.0,INSYS THERAPEUTICS INC,INSYQ,0001516479,82831
rai services company,008885,fuzzy_extended,100.0,RAI INC,RAI.1,0000081785,35684
"astex pharmaceuticals, inc",062382,fuzzy_extended,100.0,ASTEX PHARMACEUTICALS INC,ASTX,0000919722,83317
insmed incorporated,136186,fuzzy_extended,100.0,INSMED INC,INSM,0001104506,88351
laboratorios silanes s.a. de c.v,030584,fuzzy_extended,100.0,A S V INC,ASVI,0000926763,80798
stryker orthopaedics,010115,fuzzy_extended,100.0,STRYKER CORP,SYK,0000310764,73139
"sk life science, inc",006721,fuzzy_extended,94.44444444444444,LIFE SCIENCES INC,LFSCQ,0000059401,49526
cutera inc,146648,fuzzy_extended,100.0,CUTERA INC,CUTRQ,0001162461,90081
medtronic,007228,fuzzy_extended,100.0,MEDTRONIC PLC,MDT,0001613103,60097
vivus llc,030007,fuzzy_extended,100.0,VIVUS INC,VVUSQ,0000881524,80485
depuy international,063905,fuzzy_extended,100.0,DEPUY INC,DPU.1,0001019900,84024
"pearl therapeutics, inc",037827,fuzzy_extended,97.67441860465117,PEAR THERAPEUTICS INC,PEARQ,0001835567,20879
stryker trauma and extremities,010115,fuzzy_extended,100.0,STRYKER CORP,SYK,0000310764,73139
acadia pharmaceuticals inc,141846,fuzzy_extended,100.0,ACADIA PHARMACEUTICALS INC,ACAD,0001070494,90177
mcneil ab,007177,fuzzy_extended,100.0,MCNEIL CORP,MME.2,0000064305,28097
syneron medical,160902,fuzzy_extended,100.0,SYNERON MEDICAL LTD,ELOS,0001291361,90316
livanova,027810,fuzzy_extended,100.0,LIVANOVA PLC,LIVN,0001639691,15702
aziende chimiche riunite angelini francesco s.p.a,001059,fuzzy_extended,100.0,A P S INC,APS.1,,58958
philips respironics,014385,fuzzy_extended,100.0,RESPIRONICS INC,RESP.,0000780434,11927
ab science,001554,fuzzy_extended,100.0,AMERICAN SCIENCE ENGINEERING,ASEI,0000005768,58560
zeltiq aesthetics,187653,fuzzy_extended,100.0,ZELTIQ AESTHETICS INC,ZLTQ,0001415336,13049
nuvasive,264385,fuzzy_extended,100.0,NUVASIVE INC,NUVA,0001142596,90188
"intra-cellular therapies, inc",019412,fuzzy_extended,100.0,INTRA-CELLULAR THERAPIES INC,ITCI,0001567514,14432
"puma biotechnology, inc",170945,fuzzy_extended,100.0,PUMA BIOTECHNOLOGY INC,PBYI,0001401667,13621
"genuine research center, egypt",009071,fuzzy_extended,100.0,RESEARCH INC,RESRQ,0000216983,66545
crucell holland bv,140908,fuzzy_extended,100.0,CRUCELL NV,CRXLY,0001126136,88725
"mirum pharmaceuticals, inc",035375,fuzzy_extended,100.0,MIRUM PHARMACEUTICALS INC,MIRM,0001759425,18846
china national biotec group company limited,013649,fuzzy_extended,100.0,NATIONAL HOLDINGS CORP,NHLD,0001023844,11441
medline industries,007224,fuzzy_extended,100.0,MEDLINE INDUSTRIES INC,1206B,0000064666,52680
danone global research & innovation center,009071,fuzzy_extended,100.0,RESEARCH INC,RESRQ,0000216983,66545
"alza corporation, de, usa",001359,fuzzy_extended,100.0,ALZA CORP,AZA.1,0000004310,64856
"tg therapeutics, inc",061711,fuzzy_extended,100.0,TG THERAPEUTICS INC,TGTX,0001001316,82670
karyopharm therapeutics inc,018930,fuzzy_extended,100.0,KARYOPHARM THERAPEUTICS INC,KPTI,0001503802,14316
alaunos therapeutics,165215,fuzzy_extended,100.0,ALAUNOS THERAPEUTICS INC,TCRT,0001107421,91488
"kyowa kirin, inc",018729,fuzzy_extended,100.0,KIRIN HOLDINGS CO LTD,KNBWY,0000800901,47897
otsuka beijing research institute,009071,fuzzy_extended,100.0,RESEARCH INC,RESRQ,0000216983,66545
"johnson & johnson surgical vision, inc",006266,fuzzy_extended,100.0,JOHNSON & JOHNSON,JNJ,0000200406,22111
"par pharmaceutical, inc",037495,fuzzy_extended,93.33333333333333,ARS PHARMACEUTICALS INC,SPRY,0001671858,20318
mundipharma research limited,009071,fuzzy_extended,100.0,RESEARCH INC,RESRQ,0000216983,66545
"ardea biosciences, inc",133328,fuzzy_extended,100.0,ARDEA BIOSCIENCES INC,RDEA,0001103390,87777
"traws pharma, inc",018172,fuzzy_extended,100.0,TRAWS PHARMA INC,TRAW,0001130598,14056
integrative skin science and research,009071,fuzzy_extended,100.0,RESEARCH INC,RESRQ,0000216983,66545
"aldeyra therapeutics, inc",020018,fuzzy_extended,100.0,ALDEYRA THERAPEUTICS INC,ALDX,0001341235,14647
"mimedx group, inc",178157,fuzzy_extended,100.0,MIMEDX GROUP INC,MDXG,0001376339,13878
fresenius medical care deutschland gmbh,212782,fuzzy_extended,100.0,FRESENIUS MEDICAL CARE AG,FMS,0001333141,83987
zoll medical corporation,025579,fuzzy_extended,100.0,ZOLL MEDICAL CORP,ZOLL,0000887568,77787
dizal pharmaceuticals,032395,fuzzy_extended,95.23809523809524,ADIAL PHARMACEUTICALS,ADIL,0001513525,17951
reckitt benckiser healthcare (uk) limited,065920,fuzzy_extended,100.0,BENCKISER NV,BNV.,0001048131,85632
sun pharma advanced research company limited,009071,fuzzy_extended,100.0,RESEARCH INC,RESRQ,0000216983,66545
dentsply sirona implants and consumables,013700,fuzzy_extended,100.0,DENTSPLY SIRONA INC,XRAY,0000818479,11600
"aveo pharmaceuticals, inc",184046,fuzzy_extended,100.0,AVEO PHARMACEUTICALS INC,AVEO,0001325879,93301
venus concept,035850,fuzzy_extended,100.0,VENUS CONCEPT INC,VERO,0001409269,16987
newlink genetics corporation,186607,fuzzy_extended,100.0,NEWLINK GENETICS CORP,NLNK,,13111
"aclaris therapeutics, inc",025904,fuzzy_extended,100.0,ACLARIS THERAPEUTICS INC,ACRS,0001557746,15775
abiomed inc,013619,fuzzy_extended,100.0,ABIOMED INC,ABMD,0000815094,75107
"tonix pharmaceuticals, inc",190856,fuzzy_extended,100.0,TONIX PHARMACEUTICALS HLDG,TNXP,0001430306,14107
"ocular therapeutix, inc",021015,fuzzy_extended,100.0,OCULAR THERAPEUTIX INC,OCUL,0001393434,14823
"tesaro, inc",170969,fuzzy_extended,100.0,TESARO INC,TSRO,0001491576,13456
vigonvita life sciences,006721,fuzzy_extended,100.0,LIFE SCIENCES INC,LFSCQ,0000059401,49526
cook research incorporated,009071,fuzzy_extended,100.0,RESEARCH INC,RESRQ,0000216983,66545
"church & dwight company, inc",003026,fuzzy_extended,100.0,CHURCH & DWIGHT INC,CHD,0000313927,23393
fidia farmaceutici s.p.a,001059,fuzzy_extended,100.0,A P S INC,APS.1,,58958
"arqule, inc., a subsidiary of merck sharp & dohme llc, a subsidiary of merck & co., inc. (rahway, nj usa)",007257,fuzzy_extended,100.0,MERCK & CO,MRK,0000310158,22752
penumbra inc,026147,fuzzy_extended,100.0,PENUMBRA INC,PEN,0001321732,15694
"natera, inc",024176,fuzzy_extended,100.0,NATERA INC,NTRA,0001604821,15534
"atea pharmaceuticals, inc",037292,fuzzy_extended,100.0,ATEA PHARMACEUTICALS INC,AVIR,0001593899,19939
vyne therapeutics inc,021522,fuzzy_extended,100.0,VYNE THERAPEUTICS INC,VYNE,0001566044,17266
"melinta therapeutics, inc",196856,fuzzy_extended,100.0,MELINTA THERAPEUTICS INC,MLNTQ,0001461993,13263
"axsome therapeutics, inc",026349,fuzzy_extended,100.0,AXSOME THERAPEUTICS INC,AXSM,0001579428,15831
"atricure, inc",163889,fuzzy_extended,100.0,ATRICURE INC,ATRC,0001323885,90856
lumenis be ltd,019845,fuzzy_extended,100.0,LUMENIS LTD,LMNS,0001004945,14463
agenus inc,129466,fuzzy_extended,100.0,AGENUS INC,AGEN,0001098972,87583
"beckman coulter, inc",015106,fuzzy_extended,100.0,BECKMAN COULTER INC,BEC,0000840467,75383
exact sciences corporation,141277,fuzzy_extended,100.0,EXACT SCIENCES CORP,EXAS,0001124140,88863
"shandong new time pharmaceutical co., ltd",019580,fuzzy_extended,100.0,TIME INC,TIME.,0001591517,14637
blueprint medicines corporation,023407,fuzzy_extended,100.0,BLUEPRINT MEDICINES CORP,BPMC,0001597264,15284
"dexcom, inc",162887,fuzzy_extended,100.0,DEXCOM INC,DXCM,0001093557,90664
syntara,259073,fuzzy_extended,100.0,SYNTARA LIMITED,PXSL,0001301357,90869
nycomed,101397,fuzzy_extended,100.0,NYCOMED ASA,NYD,0001014667,83454
limacorporate s.p.a,001059,fuzzy_extended,100.0,A P S INC,APS.1,,58958
medtronic neurovascular clinical affairs,007228,fuzzy_extended,100.0,MEDTRONIC PLC,MDT,0001613103,60097
"seagen, a wholly owned subsidiary of pfizer",008530,fuzzy_extended,100.0,PFIZER INC,PFE,0000078003,21936
"rhythm pharmaceuticals, inc",021601,fuzzy_extended,97.67441860465117,RHYTHM PHARMACEUTICLS,RYTM,0001649904,17000
alpha tau medical ltd,037582,fuzzy_extended,100.0,ALPHA TAU MEDICAL LTD,DRTS,0001871321,22894
"calithera biosciences, inc",021627,fuzzy_extended,100.0,CALITHERA BIOSCIENCES INC,CALA,0001496671,14995
"revance therapeutics, inc",019471,fuzzy_extended,100.0,REVANCE THERAPEUTICS INC,RVNC,0001479290,14467
"gan and lee pharmaceuticals, usa",006641,fuzzy_extended,100.0,LEE PHARMACEUTICALS,LPHM.1,,57373
"arcus biosciences, inc",020911,fuzzy_extended,100.0,ARCUS INC,ARKS,0000844849,76301
endocyte,185428,fuzzy_extended,100.0,ENDOCYTE INC,ECYT,0001235007,12575
us oncology research,060835,fuzzy_extended,100.0,US ONCOLOGY INC,0994B,0000943061,81682
"shockwave medical, inc",034854,fuzzy_extended,100.0,SHOCKWAVE MEDICAL INC,SWAV,0001642545,18456
"danone asia pacific holdings pte, ltd",008268,fuzzy_extended,100.0,PACIFIC HOLDING CORP,PHC.1,0000075499,34972
"hospira, now a wholly owned subsidiary of pfizer",160255,fuzzy_extended,100.0,HOSPIRA INC,HSP,0001274057,90110
sangamo therapeutics,133871,fuzzy_extended,100.0,SANGAMO THERAPEUTICS INC,SGMO,0001001233,88195
"hologic, inc",020904,fuzzy_extended,100.0,HOLOGIC INC,HOLX,0000859737,76095
"xencor, inc",018938,fuzzy_extended,100.0,XENCOR INC,XNCR,0001326732,14359
"oncomed pharmaceuticals, inc",003169,fuzzy_extended,100.0,ONCOMED PHARMACEUTICALS,OMED.2,0001302573,14055
janssen sciences ireland uc,011007,fuzzy_extended,100.0,UC CORP,5851B,0000000051,62762
"apellis pharmaceuticals, inc",026359,fuzzy_extended,100.0,APELLIS PHARMACEUTICALS,APLS,0001492422,17104
"merit medical systems, inc",021777,fuzzy_extended,100.0,MERIT MEDICAL SYSTEMS INC,MMSI,0000856982,76392
lantheus medical imaging,021004,fuzzy_extended,100.0,LANTHEUS HOLDINGS INC,LNTH,0001521036,15429
"mondelēz international, inc",142953,fuzzy_extended,96.15384615384616,MONDELEZ INTERNATIONAL INC,MDLZ,0001103982,89006
"meridian bioscience, inc",012433,fuzzy_extended,100.0,MERIDIAN BIOSCIENCE INC,VIVO,0000794172,10530
"qiagen gaithersburg, inc",063186,fuzzy_extended,100.0,QIAGEN NV,QGEN,0001015820,83686
"varian, a siemens healthineers company",019349,fuzzy_extended,100.0,SIEMENS AG,SIEGY,0001135644,88935
organogenesis,013282,fuzzy_extended,100.0,ORGANOGENESIS INC,ORGG.,0000779733,10928
genta incorporated,024781,fuzzy_extended,100.0,GENTA INC,GNTAQ,0000880643,77180
transmedics,035062,fuzzy_extended,100.0,TRANSMEDICS GROUP INC,TMDX,0001756262,18676
medtronic brc,007228,fuzzy_extended,100.0,MEDTRONIC PLC,MDT,0001613103,60097
"sequenom, inc",128663,fuzzy_extended,100.0,SEQUENOM INC,SQNM,0001076481,87632
"ngm biopharmaceuticals, inc",034221,fuzzy_extended,98.03921568627452,NGM BIOPHARMACEUTICAL INC,NGM,0001426332,18561
"acceleron pharma, inc., a wholly-owned subsidiary of merck & co., inc., rahway, nj usa",007257,fuzzy_extended,100.0,MERCK & CO,MRK,0000310158,22752
"xenoport, inc",162809,fuzzy_extended,100.0,XENOPORT INC,XNPT,0001130591,90748
"topcon medical systems, inc",025013,fuzzy_extended,100.0,PLC SYSTEMS INC,PLCSF,,77568
hope biosciences research foundation,009071,fuzzy_extended,100.0,RESEARCH INC,RESRQ,0000216983,66545
"allist pharmaceuticals, inc",145935,fuzzy_extended,96.29629629629629,CALLISTO PHARMACEUTICALS INC,CLSP,0001142380,90372
dynavax technologies corporation,141496,fuzzy_extended,100.0,DYNAVAX TECHNOLOGIES CORP,DVAX,0001029142,90029
"astellas pharma china, inc",148239,fuzzy_extended,100.0,CHINA PHARMA HOLDINGS INC,CPHI,0001106644,93016
"ironwood pharmaceuticals, inc",184256,fuzzy_extended,100.0,IRONWOOD PHARMACEUTICALS INC,IRWD,0001446847,93264
stryker neurovascular,010115,fuzzy_extended,100.0,STRYKER CORP,SYK,0000310764,73139
omeros corporation,183593,fuzzy_extended,100.0,OMEROS CORP,OMER,0001285819,93085
"array biopharma, now a wholly owned subsidiary of pfizer",141197,fuzzy_extended,100.0,ARRAY BIOPHARMA INC,ARRY.1,0001100412,88790
inmode md ltd,035544,fuzzy_extended,100.0,INMODE LTD,INMD,0001742692,18896
hill-rom,005639,fuzzy_extended,100.0,HILL-ROM HOLDINGS INC,HRC,0000047518,52716
endologix,063083,fuzzy_extended,100.0,ENDOLOGIX INC,ELGXQ,0001013606,83633
"ablynx, a sanofi company",101204,fuzzy_extended,100.0,SANOFI,SNY,0001121404,89475
synta pharmaceuticals corp,162770,fuzzy_extended,100.0,SYNTA PHARMACEUTICALS CORP,SNTA,,91832
"arcutis biotherapeutics, inc",036028,fuzzy_extended,100.0,ARCUTIS BIOTHERAPEUTICS INC,ARQT,0001787306,19184
"cara therapeutics, inc",023358,fuzzy_extended,95.45454545454545,CIDARA THERAPEUTICS INC,CDTX,0001610618,15286
duramed research,009071,fuzzy_extended,100.0,RESEARCH INC,RESRQ,0000216983,66545
"oregon research behavioral intervention strategies, inc",009071,fuzzy_extended,100.0,RESEARCH INC,RESRQ,0000216983,66545
gan & lee pharmaceuticals,006641,fuzzy_extended,100.0,LEE PHARMACEUTICALS,LPHM.1,,57373
"amag pharmaceuticals, inc",012250,fuzzy_extended,100.0,AMAG PHARMACEUTICALS INC,AMAG,0000792977,10363
zars pharma inc,020611,fuzzy_extended,92.85714285714286,ZS PHARMA INC,ZSPH,0001459266,14712
bioray laboratories,002220,fuzzy_extended,92.3076923076923,BIO-RAD LABORATORIES INC,BIO,0000012208,61516
zimvie,040758,fuzzy_extended,100.0,ZIMVIE INC,ZIMV,0001876588,22757
"esperion therapeutics, inc",018162,fuzzy_extended,100.0,ESPERION THERAPEUTICS INC,ESPR,0001434868,13954
smith & nephew orthopaedics ag,101317,fuzzy_extended,100.0,SMITH & NEPHEW PLC,SNN,0000845982,87444
"sinovac life sciences co., ltd",006721,fuzzy_extended,100.0,LIFE SCIENCES INC,LFSCQ,0000059401,49526
sihuan pharmaceutical holdings group ltd,043638,fuzzy_extended,92.3076923076923,SU GROUP HOLDINGS LTD,SUGP,0001969863,24719
alfasigma s.p.a,001059,fuzzy_extended,100.0,A P S INC,APS.1,,58958
johnson & johnson taiwan ltd,006266,fuzzy_extended,100.0,JOHNSON & JOHNSON,JNJ,0000200406,22111
viatris innovation gmbh,007637,fuzzy_extended,100.0,VIATRIS INC,VTRS,0001792044,20057
"vir biotechnology, inc",035638,fuzzy_extended,100.0,VIR BIOTECHNOLOGY INC,VIR,0001706431,19032
"deciphera pharmaceuticals, llc",260838,fuzzy_extended,93.61702127659575,CIPHER PHARMACEUTICALS INC,CPHRF,0001358575,15061
xenon pharmaceuticals inc,021744,fuzzy_extended,100.0,XENON PHARMACEUTICALS INC,XENE,0001582313,15089
"verastem, inc",194255,fuzzy_extended,100.0,VERASTEM INC,VSTM,0001526119,13202
fate therapeutics,018562,fuzzy_extended,100.0,FATE THERAPEUTICS INC,FATE,0001434316,14245
vaxart,033114,fuzzy_extended,100.0,VAXART INC,VXRT,0000072444,57913
human genome sciences inc,029312,fuzzy_extended,100.0,HUMAN GENOME SCIENCES INC,HGSI,0000901219,79977
"otonomy, inc",021145,fuzzy_extended,100.0,OTONOMY INC,OTIC,0001493566,14874
can-fite biopharma,291881,fuzzy_extended,94.44444444444444,CAN FITE BIOPHARMA LTD,CANF,0001536196,14272
genfit,284353,fuzzy_extended,100.0,GENFIT SA,GNFT,0001757064,18468
"zai lab (shanghai) co., ltd",032334,fuzzy_extended,100.0,ZAI LAB LTD,ZLAB,0001704292,16938
"instituto grifols, s.a",277812,fuzzy_extended,100.0,GRIFOLS S A,GRFS,0001438569,12886
"cerevel therapeutics, llc",037275,fuzzy_extended,100.0,CEREVEL THERAPEUTICS HOLDING,CERE,0001805387,19547
"sinovac research and development co., ltd",009071,fuzzy_extended,100.0,RESEARCH INC,RESRQ,0000216983,66545
"casi pharmaceuticals, inc",063030,fuzzy_extended,100.0,CASI PHARMACEUTICALS INC,CASI,0001962738,83651
"scios, inc",002616,fuzzy_extended,100.0,SCIOS INC,SCIO.,0000726512,20678
"infinity pharmaceuticals, inc",175533,fuzzy_extended,100.0,INFINITY PHARMACEUTICALS INC,INFIQ,0001113148,88434
"karuna therapeutics, inc., a bristol myers squibb company",002401,fuzzy_extended,100.0,BRISTOL CORP,BRSL,,19351
"angiodynamics, inc",264387,fuzzy_extended,100.0,ANGIODYNAMICS INC,ANGO,0001275187,90179
"encore medical, l.p",062395,fuzzy_extended,100.0,ENCORE MEDICAL CORP,ENMC,0000944763,84639
"amphastar pharmaceuticals, inc",020659,fuzzy_extended,98.24561403508773,AMPHASTAR PHARMACEUTICLS INC,AMPH,0001297184,14688
"epizyme, inc",017808,fuzzy_extended,100.0,EPIZYME INC,EPZM,0001571498,13924
insulet corporation,177227,fuzzy_extended,100.0,INSULET CORP,PODD,0001145197,92050
adc therapeutics s.a,035649,fuzzy_extended,100.0,ADC THERAPEUTICS SA,ADCT,0001771910,19391
assembly biosciences,185289,fuzzy_extended,100.0,ASSEMBLY BIOSCIENCES INC,ASMB,0001426800,12497
"athenex, inc",031405,fuzzy_extended,100.0,ATHENEX INC,ATNXQ,0001300699,16777
pharming technologies b.v,232135,fuzzy_extended,100.0,PHARMING GROUP NV,PHAR,0001828316,20314
"naurex, inc, an affiliate of allergan plc",015708,fuzzy_extended,100.0,ALLERGAN INC,AGN.2,0000850693,75646
telix pharmaceuticals (innovations) pty limited,325899,fuzzy_extended,100.0,TELIX PHARMACEUTICALS LTD,TLX,0002007191,25817
vion pharmaceuticals,061167,fuzzy_extended,100.0,VION PHARMACEUTICALS INC,3VIONQ,0000944522,82201
polaris group,014311,fuzzy_extended,100.0,POLARIS INC,PII,0000931015,75182
"impax laboratories, llc",061745,fuzzy_extended,100.0,IMPAX LABORATORIES INC,IPXL,0001003642,82702
alvotech swiss ag,037351,fuzzy_extended,100.0,ALVOTECH,ALVO,0001898416,23172
respirent pharmaceuticals co ltd,016480,fuzzy_extended,92.0,RESPIRERX PHARMACEUTICALS,RSPI,0000849636,75962
bharat biotech international limited,037612,fuzzy_extended,93.33333333333333,TH INTERNATIONAL LIMITED,THCH,0001877333,23427
tracon pharmaceuticals inc,022697,fuzzy_extended,100.0,TRACON PHARMACEUTICALS INC,TCON,0001394319,15184
"kadmon corporation, llc",027476,fuzzy_extended,100.0,KADMON HOLDINGS INC,KDMN,0001557142,16154
kubota vision inc,006506,fuzzy_extended,100.0,KUBOTA CORP,KUBTY,0000109821,59344
immunovant sciences gmbh,035982,fuzzy_extended,100.0,IMMUNOVANT INC,IMVT,0001764013,18776
"molecular insight pharmaceuticals, inc",028470,fuzzy_extended,92.6829268292683,RA PHARMACEUTICALS INC,RARX,0001481512,16398
"altimmune, inc",031249,fuzzy_extended,100.0,ALTIMMUNE INC,ALT,0001326190,90926
rocket pharmaceuticals inc,032908,fuzzy_extended,100.0,ROCKET PHARMACEUTICALS INC,RCKT,0001281895,15221
"rockwell medical technologies, inc",066366,fuzzy_extended,100.0,ROCKWELL MEDICAL INC,RMTI,0001041024,85744
"scynexis, inc",020040,fuzzy_extended,100.0,SCYNEXIS INC,SCYX,0001178253,14668
gaia ag,125601,fuzzy_extended,100.0,GAIA INC,GAIA,0001089872,87321
bellus health inc. - a gsk company,137090,fuzzy_extended,100.0,BELLUS HEALTH INC,BLU,0001259942,89833
"trius therapeutics llc, a subsidiary of merck & co., inc. (rahway, new jersey usa)",007257,fuzzy_extended,100.0,MERCK & CO,MRK,0000310158,22752
"mesoblast, inc",271607,fuzzy_extended,100.0,MESOBLAST LTD,MESO,0001345099,15848
redhill biopharma limited,296885,fuzzy_extended,100.0,REDHILL BIOPHARMA LTD,RDHL,0001553846,13707
"eyepoint pharmaceuticals, inc",253527,fuzzy_extended,100.0,EYEPOINT PHARMACEUTICALS INC,EYPT,0001314102,90542
spectranetics corporation,024853,fuzzy_extended,100.0,SPECTRANETICS CORP,SPNC,0000789132,77271
olympus corporation of the americas,011151,fuzzy_extended,100.0,GROUP INC (THE),THEG,,80603
candela corporation,012390,fuzzy_extended,100.0,CANDELA CORP,CLZR,0000793279,10371
"cvrx, inc",039127,fuzzy_extended,100.0,CVRX INC,CVRX,0001235912,21527
electrocore inc,033614,fuzzy_extended,100.0,ELECTROCORE INC,ECOR,0001560258,17877
labopharm inc,063128,fuzzy_extended,100.0,LABOPHARM INC,DDSSF,0001284519,91174
"stemline therapeutics, inc",171022,fuzzy_extended,100.0,STEMLINE THERAPEUTICS INC,STML,0001264587,13761
meda pharmaceuticals,064717,fuzzy_extended,92.6829268292683,INMED PHARMACEUTICALS INC,INM,0001728328,20149
sierra oncology llc - a gsk company,025129,fuzzy_extended,100.0,SIERRA ONCOLOGY,SRRA,0001290149,15507
novocure ltd,026123,fuzzy_extended,100.0,NOVOCURE LIMITED,NVCR,0001645113,15789
agc biologics s.p.a,001059,fuzzy_extended,100.0,A P S INC,APS.1,,58958
urogen pharma ltd,031061,fuzzy_extended,100.0,UROGEN PHARMA LTD,URGN,0001668243,16711
"zogenix, inc",179686,fuzzy_extended,100.0,ZOGENIX INC,ZGNX,0001375151,12413
"tandem diabetes care, inc",018899,fuzzy_extended,100.0,TANDEM DIABETES CARE INC,TNDM,0001438133,14325
"talphera, inc",185908,fuzzy_extended,100.0,TALPHERA INC,TLPH,0001427925,12573
taiwan liposome company,308989,fuzzy_extended,100.0,TAIWAN LIPOSOME CO LTD,TLC,0001722890,18262
"biolinerx, ltd",282715,fuzzy_extended,100.0,BIOLINERX LTD,BLRX,0001498403,12912
denali therapeutics inc,065861,fuzzy_extended,100.0,DENALI INC,3DNLI,0001046594,85542
"madrigal pharmaceuticals, inc",027716,fuzzy_extended,100.0,MADRIGAL PHARMACEUTICALS INC,MDGL,0001157601,91832
"orexigen therapeutics, inc",176861,fuzzy_extended,100.0,OREXIGEN THERAPEUTICS INC,OREXQ,0001382911,91965
forum pharmaceuticals inc,004856,fuzzy_extended,100.0,FORUM GROUP INC,FOUR.2,0000033939,37365
crinetics pharmaceuticals inc,028470,fuzzy_extended,92.6829268292683,RA PHARMACEUTICALS INC,RARX,0001481512,16398
technolas perfect vision gmbh,037669,fuzzy_extended,100.0,PERFECT CORP,PERF,0001899830,23498
"dicerna pharmaceuticals, inc., a novo nordisk company",019470,fuzzy_extended,100.0,DICERNA PHARMACEUTICALS INC,DRNA,0001399529,14426
glycomimetics incorporated,018878,fuzzy_extended,100.0,GLYCOMIMETICS INC,GLYC,0001253689,14431
la jolla pharmaceutical company,030281,fuzzy_extended,100.0,LA JOLLA PHARMACEUTICAL CO,LJPC,0000920465,80640
allakos inc,033721,fuzzy_extended,100.0,ALLAKOS INC,ALLK,0001564824,17948
"tasly pharmaceuticals, inc",028470,fuzzy_extended,92.6829268292683,RA PHARMACEUTICALS INC,RARX,0001481512,16398
facet biotech,182015,fuzzy_extended,100.0,FACET BIOTECH CORP,FACT.1,0001441848,92869
"kang stem biotech co., ltd",038722,fuzzy_extended,100.0,STEM INC,STEM,0001758766,19919
"mentor worldwide, llc",007250,fuzzy_extended,100.0,MENTOR CORP,MNT,0000064892,52792
cerus corporation,064327,fuzzy_extended,100.0,CERUS CORP,CERS,0001020214,84413
"loxo oncology, inc",021016,fuzzy_extended,100.0,LOXO ONCOLOGY INC,LOXO,0001581720,14871
"anika therapeutics, inc",028209,fuzzy_extended,100.0,ANIKA THERAPEUTICS INC,ANIK,0000898437,79150
conatus pharmaceuticals inc,018161,fuzzy_extended,100.0,CONATUS PHARMACEUTICALS INC,CNAT,,14046
"arog pharmaceuticals, inc",037495,fuzzy_extended,93.61702127659575,ARS PHARMACEUTICALS INC,SPRY,0001671858,20318
"therapeutics, inc",002903,fuzzy_extended,100.0,CHAD THERAPEUTICS INC,CHADQ,0000713492,22518
coopervision international limited (cvil),037612,fuzzy_extended,93.33333333333333,TH INTERNATIONAL LIMITED,THCH,0001877333,23427
"kura oncology, inc",026081,fuzzy_extended,100.0,KURA ONCOLOGY INC,KURA,0001422143,15847
the archer-daniels-midland company,001722,fuzzy_extended,100.0,ARCHER-DANIELS-MIDLAND CO,ADM,0000007084,10516
"cyclacel pharmaceuticals, inc",160809,fuzzy_extended,100.0,CYCLACEL PHARMACEUTICALS,CYCC,0001130166,90098
regenxbio inc,026146,fuzzy_extended,100.0,REGENXBIO INC,RGNX,0001590877,15658
"aegerion pharmaceuticals, inc",177313,fuzzy_extended,100.0,AEGERION PHARMACEUTICALS INC,AEGR,0001338042,12347
"krystal biotech, inc",032348,fuzzy_extended,100.0,KRYSTAL BIOTECH INC,KRYS,0001711279,16928
"toray industries, inc",010549,fuzzy_extended,92.3076923076923,THOR INDUSTRIES INC,THO,0000730263,76081
guidant corporation,031166,fuzzy_extended,100.0,GUIDANT CORP,GDT,0000929987,81126
"lisata therapeutics, inc",004632,fuzzy_extended,100.0,LISATA THERAPEUTICS INC,LSTA,0000320017,34666
"sight sciences, inc",039171,fuzzy_extended,100.0,SIGHT SCIENCES INC,SGHT,0001531177,21764
celularity incorporated,039277,fuzzy_extended,100.0,CELULARITY INC,CELU,0001752828,18840
agennix,238455,fuzzy_extended,100.0,AGENNIX AG,GPCBY,0001117629,90226
orthofix inc,028380,fuzzy_extended,100.0,ORTHOFIX MEDICAL INC,OFIX,0000884624,78756
transonic systems inc,025013,fuzzy_extended,100.0,PLC SYSTEMS INC,PLCSF,,77568
aurinia pharmaceuticals inc,117829,fuzzy_extended,100.0,AURINIA PHARMACEUTICALS INC,AUPH,0001600620,14924
exactech,062948,fuzzy_extended,100.0,EXACTECH INC,EXAC,0000913165,83503
lumiradx uk limited,037813,fuzzy_extended,100.0,LUMIRADX LTD,LMDXF,0001685428,21941
clinuvel pharmaceuticals limited,247881,fuzzy_extended,93.87755102040816,GW PHARMACEUTICALS LIMITED,GWPH,0001351288,13926
"galera therapeutics, inc",035768,fuzzy_extended,100.0,GALERA THERAPEUTICS INC,GRTX,0001563577,19072
biohaven therapeutics ltd,041622,fuzzy_extended,100.0,BIOHAVEN LTD,BHVN,0001935979,23395
"biomet orthopedics, llc",002230,fuzzy_extended,100.0,BIOMET INC,5938B,0000351346,18092
"regenexx, llc",023039,fuzzy_extended,93.33333333333333,REGENEX INC,3RGNXE,0000863187,76429
nuvation bio inc,038076,fuzzy_extended,100.0,NUVATION BIO INC,NUVB,0001811063,19606
"tetraphase pharmaceuticals, inc",017350,fuzzy_extended,100.0,TETRAPHASE PHARMACEUTICALS,TTPH,0001373707,13829
mundipharma research gmbh & co kg,009071,fuzzy_extended,100.0,RESEARCH INC,RESRQ,0000216983,66545
"aragon pharmaceuticals, inc",028470,fuzzy_extended,92.6829268292683,RA PHARMACEUTICALS INC,RARX,0001481512,16398
pain therapeutics,038333,fuzzy_extended,94.11764705882354,GAIN THERAPEUTICS INC,GANX,0001819411,20796
kimberly-clark corporation,006435,fuzzy_extended,100.0,KIMBERLY-CLARK CORP,KMB,0000055785,17750
"taigen biotechnology co., ltd",012408,fuzzy_extended,92.3076923076923,IGENE BIOTECHNOLOGY INC,IGNE,0000793160,10512
"kartos therapeutics, inc",036328,fuzzy_extended,93.33333333333333,KEROS THERAPEUTICS INC,KROS,0001664710,19349
"immunogen, inc",017101,fuzzy_extended,100.0,IMMUNOGEN INC,IMGN,0000855654,75860
"revolution medicines, inc",036083,fuzzy_extended,100.0,REVOLUTION MEDICINES INC,RVMD,0001628171,19201
rti surgical,008918,fuzzy_extended,100.0,RTI INC,RTIIQ,0000081699,65446
rsp systems a/s,025013,fuzzy_extended,100.0,PLC SYSTEMS INC,PLCSF,,77568
geron corporation,063405,fuzzy_extended,100.0,GERON CORP,GERN,0000886744,83756
targacept inc,162958,fuzzy_extended,100.0,TARGACEPT INC,TRGT,,91184
"click therapeutics, inc",050266,fuzzy_extended,100.0,CLICK HOLDINGS LTD,CLIK,0002020027,25717
"bioverativ, a sanofi company",101204,fuzzy_extended,100.0,SANOFI,SNY,0001121404,89475
"g1 therapeutics, inc",031294,fuzzy_extended,100.0,G1 THERAPEUTICS INC,GTHX,0001560241,16705
trevena inc,018925,fuzzy_extended,100.0,TREVENA INC,TRVN,0001429560,14442
"biohaven pharmaceuticals, inc",041622,fuzzy_extended,100.0,BIOHAVEN LTD,BHVN,0001935979,23395
bellicum pharmaceuticals,022258,fuzzy_extended,100.0,BELLICUM PHARMACEUTICALS INC,BLCM,0001358403,15125
"sirion therapeutics, inc",062632,fuzzy_extended,93.33333333333333,SIRNA THERAPEUTICS INC,RNAI.1,0000892112,83412
research insight llc,009071,fuzzy_extended,100.0,RESEARCH INC,RESRQ,0000216983,66545
immunocore ltd,037812,fuzzy_extended,100.0,IMMUNOCORE HOLDINGS PLC,IMCR,0001671927,20604
"arbor pharmaceuticals, inc",013365,fuzzy_extended,93.87755102040816,BARR PHARMACEUTICALS INC,BRL,0000010081,11415
ampio pharmaceuticals. inc,184465,fuzzy_extended,100.0,AMPIO PHARMACEUTICALS INC,AMPE,0001411906,12789
"target pharmasolutions, inc",003813,fuzzy_extended,100.0,TARGET CORP,TGT,0000027419,49154
"juno therapeutics, inc., a bristol-myers squibb company",022230,fuzzy_extended,100.0,JUNO THERAPEUTICS INC,JUNO,0001594864,15134
pulmatrix inc,024506,fuzzy_extended,100.0,PULMATRIX INC,PULM,0001574235,14551
mabxience research s.l,009071,fuzzy_extended,100.0,RESEARCH INC,RESRQ,0000216983,66545
suven life sciences limited,006721,fuzzy_extended,100.0,LIFE SCIENCES INC,LFSCQ,0000059401,49526
neurobo pharmaceuticals inc,028470,fuzzy_extended,92.6829268292683,RA PHARMACEUTICALS INC,RARX,0001481512,16398
mati therapeutics inc,160770,fuzzy_extended,95.45454545454545,MIRATI THERAPEUTICS INC,MRTX,0001576263,14054
sofar s.p.a,001059,fuzzy_extended,100.0,A P S INC,APS.1,,58958
"spark therapeutics, inc",022709,fuzzy_extended,100.0,SPARK THERAPEUTICS INC,ONCE,0001609351,15183
ascendis pharma a/s,022604,fuzzy_extended,97.29729729729729,ASCENDIS PHARMA AS,ASND,0001612042,15171
hal allergy,005398,fuzzy_extended,100.0,HAL INC,9048B,,57832
"annexon, inc",036768,fuzzy_extended,100.0,ANNEXON INC,ANNX,0001528115,19544
imunon,002990,fuzzy_extended,100.0,IMUNON INC,IMNN,0000749647,88208
"nema research, inc",009071,fuzzy_extended,100.0,RESEARCH INC,RESRQ,0000216983,66545
morphic medical inc,035280,fuzzy_extended,100.0,MORPHIC HOLDING INC,MORF,0001679363,18779
globus medical inc,171002,fuzzy_extended,100.0,GLOBUS MEDICAL INC,GMED,0001237831,13543
avita medical,253355,fuzzy_extended,100.0,AVITA MEDICAL INC,RCEL,0001762303,19022
myrexis inc,183101,fuzzy_extended,100.0,MYREXIS INC,MYRX,0001459450,92941
"afferent pharmaceuticals, inc., a subsidiary of merck & co., inc. (rahway, new jersey usa)",007257,fuzzy_extended,100.0,MERCK & CO,MRK,0000310158,22752
"enzon pharmaceuticals, inc",004409,fuzzy_extended,100.0,ENZON PHARMACEUTICALS INC,ENZN,0000727510,33137
aligos therapeutics,037084,fuzzy_extended,100.0,ALIGOS THERAPEUTICS INC,ALGS,0001799448,19944
fresenius medical care north america,007206,fuzzy_extended,100.0,MEDICAL CARE AMERICA,MRX.1,0000890207,77896
bioxcel therapeutics inc,032941,fuzzy_extended,100.0,BIOXCEL THERAPEUTICS INC,BTAI,0001720893,17349
"ns pharma, inc",014221,fuzzy_extended,100.0,NS GROUP INC,NSS.1,0000745026,75262
wave life sciences ltd,026340,fuzzy_extended,100.0,WAVE LIFE SCIENCES LTD,WVE,0001631574,15857
"mast therapeutics, inc",063790,fuzzy_extended,100.0,MAST THERAPEUTICS,MSTX.1,,90101
inari medical,036236,fuzzy_extended,100.0,INARI MEDICAL INC,NARI,0001531048,19358
medtronic surgical technologies,022264,fuzzy_extended,100.0,SURGICAL TECHNOLOGIES INC,SGTI.,,76174
neuroderm ltd,021818,fuzzy_extended,100.0,NEURODERM LTD,NDRM,0001598696,15074
mateon therapeutics,028795,fuzzy_extended,100.0,MATEON THERAPEUTICS INC -OLD,MATN.1,,79516
"clovis oncology, inc",196055,fuzzy_extended,100.0,CLOVIS ONCOLOGY INC,CLVSQ,0001466301,13107
"pulse biosciences, inc",027252,fuzzy_extended,100.0,PULSE BIOSCIENCES INC,PLSE,0001625101,16066
"cogent biosciences, inc",036949,fuzzy_extended,100.0,COGENT BIOSCIENCES INC,COGT,0001622229,17372
"travere therapeutics, inc",016848,fuzzy_extended,100.0,TRAVERE THERAPEUTICS INC,TVTX,0001438533,14440
"medivation, inc",164266,fuzzy_extended,100.0,MEDIVATION INC,MDVN,0001011835,91141
janssen-cilag s.p.a,001059,fuzzy_extended,100.0,A P S INC,APS.1,,58958
"phathom pharmaceuticals, inc",028470,fuzzy_extended,92.6829268292683,RA PHARMACEUTICALS INC,RARX,0001481512,16398
"iovance biotherapeutics, inc",180057,fuzzy_extended,100.0,IOVANCE BIOTHERAPEUTICS INC,IOVA,0001425205,15222
mediwound ltd,019988,fuzzy_extended,100.0,MEDIWOUND LTD,MDWD,0001593984,14546
vericel corporation,064334,fuzzy_extended,100.0,VERICEL CORP,VCEL,0000887359,84511
elutia inc,036985,fuzzy_extended,100.0,ELUTIA INC,ELUT,0001708527,19947
volcano corporation,174118,fuzzy_extended,100.0,VOLCANO CORP,VOLC,0001354217,91371
"clearside biomedical, inc",026798,fuzzy_extended,100.0,CLEARSIDE BIOMEDICAL INC,CLSD,0001539029,16090
neuren pharmaceuticals limited,247881,fuzzy_extended,93.87755102040816,GW PHARMACEUTICALS LIMITED,GWPH,0001351288,13926
caredx,179834,fuzzy_extended,100.0,CAREDX INC,CDNA,0001217234,14797
bioventus llc,027644,fuzzy_extended,100.0,BIOVENTUS INC,BVS,0001665988,20581
sigma-tau i.f.r. s.p.a,001059,fuzzy_extended,100.0,A P S INC,APS.1,,58958
"fujifilm medical systems usa, inc",025013,fuzzy_extended,100.0,PLC SYSTEMS INC,PLCSF,,77568
corindus inc,021520,fuzzy_extended,100.0,CORINDUS VASCULAR ROBOTICS,CVRS,0001528557,15344
"mesoblast, ltd",271607,fuzzy_extended,100.0,MESOBLAST LTD,MESO,0001345099,15848
tabula rasa healthcare,026788,fuzzy_extended,100.0,TABULA RASA HEALTHCARE INC,TRHC,0001651561,16308
pt. prodia stem cell indonesia,038722,fuzzy_extended,100.0,STEM INC,STEM,0001758766,19919
verona pharma plc,284453,fuzzy_extended,100.0,VERONA PHARMA PLC,VRNA,0001657312,16684
life molecular imaging sa,006719,fuzzy_extended,100.0,LIFE IMAGING CORP,LIFQC,0001105538,49462
acutus medical,036757,fuzzy_extended,100.0,ACUTUS MEDICAL INC,AFIB,0001522860,19619
"kadmon, a sanofi company",101204,fuzzy_extended,100.0,SANOFI,SNY,0001121404,89475
agouron pharmaceuticals,013308,fuzzy_extended,100.0,AGOURON PHARMACEUTICALS INC,AGPH,0000811210,11192
"kalvista pharmaceuticals, ltd",029251,fuzzy_extended,100.0,KALVISTA PHARMACEUTICALS,KALV,0001348911,15285
apnimed,001658,fuzzy_extended,92.3076923076923,ANIMED INC,3VTESE,0000773936,21398
optinose us inc,032451,fuzzy_extended,100.0,OPTINOSE INC,OPTN,0001494650,16992
"akili interactive labs, inc",038945,fuzzy_extended,100.0,AKILI INC,AKLI,0001850266,21534
"synvista therapeutics, inc",024648,fuzzy_extended,100.0,SYNVISTA THERAPEUTICS INC,SYNI,0000878903,77086
frontier biotechnologies inc,004914,fuzzy_extended,100.0,FRONTIER HOLDINGS INC,FA.1,0000701259,40387
reckitt benckiser llc,065920,fuzzy_extended,100.0,BENCKISER NV,BNV.,0001048131,85632
"dynasplint systems, inc",025013,fuzzy_extended,100.0,PLC SYSTEMS INC,PLCSF,,77568
"catalyst pharmaceuticals, inc",175966,fuzzy_extended,100.0,CATALYST PHARMACEUTICALS INC,CPRX,0001369568,91606
"armata pharmaceuticals, inc",332115,fuzzy_extended,100.0,ARMATA PHARMACEUTICALS INC,ARMP,0000921114,80577
kyowa kirin pharmaceutical development ltd,018729,fuzzy_extended,100.0,KIRIN HOLDINGS CO LTD,KNBWY,0000800901,47897
"sprout pharmaceuticals, inc",028470,fuzzy_extended,92.6829268292683,RA PHARMACEUTICALS INC,RARX,0001481512,16398
united pharmaceuticals,010848,fuzzy_extended,95.45454545454545,UNIMED PHARMACEUTICALS INC,UMED.,0000100759,78116
pulmonx corporation,036260,fuzzy_extended,100.0,PULMONX CORP,LUNG,0001127537,19979
"gen-probe, incorporated",014186,fuzzy_extended,100.0,GEN-PROBE INC,GPRO.2,0000820237,89502
"oramed, ltd",170450,fuzzy_extended,100.0,ORAMED PHARMACEUTICALS INC,ORMP,0001176309,13798
enzymotec,018609,fuzzy_extended,100.0,ENZYMOTEC LTD,ENZY,0001578809,14157
"mei pharma, inc",157865,fuzzy_extended,100.0,MEI PHARMA INC,MEIP,0001262104,89935
"sirtris, a gsk company",005180,fuzzy_extended,100.0,GSK PLC,GSK,0001131399,75064
celyad oncology sa,315639,fuzzy_extended,100.0,CELYAD ONCOLOGY SA,CYADY,0001637890,15419
"cidara therapeutics inc., a subsidiary of merck & co., inc. (rahway, new jersey usa)",007257,fuzzy_extended,100.0,MERCK & CO,MRK,0000310158,22752
atos medical ab,022308,fuzzy_extended,95.65217391304348,ATS MEDICAL INC,ATSI,0000824068,76367
"protagonist therapeutics, inc",027670,fuzzy_extended,100.0,PROTAGONIST THERAPEUTICS INC,PTGX,0001377121,16263
"arcturus therapeutics, inc",012873,fuzzy_extended,100.0,ARCTURUS INC,5221B,0001126252,10936
"idera pharmaceuticals, inc",024908,fuzzy_extended,93.87755102040816,DURA PHARMACEUTICALS INC,DURA.1,0000882098,77325
tiziana life sciences ltd,240066,fuzzy_extended,100.0,TIZIANA LIFE SCIENCES LTD,TLSA,0001723069,22261
"shanghai chia tai tianqing pharmaceutical technology development co., ltd",010377,fuzzy_extended,100.0,TECHNOLOGY DEVELOPMENT CORP,TDCXE,0000770719,92364
noven therapeutics,015803,fuzzy_extended,92.3076923076923,NOVELION THERAPEUTICS INC,NVLNF,0000827809,78688
usmari research & innovation centre,009071,fuzzy_extended,100.0,RESEARCH INC,RESRQ,0000216983,66545
meril life sciences pvt. ltd,006721,fuzzy_extended,100.0,LIFE SCIENCES INC,LFSCQ,0000059401,49526
"scilex pharmaceuticals, inc",037707,fuzzy_extended,100.0,SCILEX HOLDING CO,SCLX,0001820190,20884
phasebio pharmaceuticals inc,034194,fuzzy_extended,93.33333333333333,PHASEBIO PHARMACEUTIC,PHASQ,0001169245,18210
"eyegate pharmaceuticals, inc",028470,fuzzy_extended,92.6829268292683,RA PHARMACEUTICALS INC,RARX,0001481512,16398
"the center for applied health sciences, llc",011151,fuzzy_extended,100.0,GROUP INC (THE),THEG,,80603
"alcon, a novartis company",101310,fuzzy_extended,100.0,NOVARTIS AG,NVS,0001114448,88233
alumis inc,045447,fuzzy_extended,100.0,ALUMIS INC,ALMS,0001847367,25205
"human genome sciences inc., a gsk company",029312,fuzzy_extended,100.0,HUMAN GENOME SCIENCES INC,HGSI,0000901219,79977
"rose research center, llc",009071,fuzzy_extended,100.0,RESEARCH INC,RESRQ,0000216983,66545
tempus ai,045462,fuzzy_extended,100.0,TEMPUS AI INC,TEM,0001717115,25142
"curis, inc",138341,fuzzy_extended,100.0,CURIS INC,CRIS,0001108205,88511
"national vaccine and serum institute, china",013649,fuzzy_extended,100.0,NATIONAL HOLDINGS CORP,NHLD,0001023844,11441
"inspire medical systems, inc",025013,fuzzy_extended,100.0,PLC SYSTEMS INC,PLCSF,,77568
"si-bone, inc",034193,fuzzy_extended,100.0,SI-BONE INC,SIBN,0001459839,18212
"illumina, inc",138205,fuzzy_extended,100.0,ILLUMINA INC,ILMN,0001110803,88446
"achaogen, inc",019718,fuzzy_extended,100.0,ACHAOGEN INC,AKAOQ,0001301501,14530
"cougar biotechnology, inc",176663,fuzzy_extended,100.0,COUGAR BIOTECHNOLOGY INC,CGRB,0001335102,92459
vantia ltd,125863,fuzzy_extended,92.3076923076923,VANTIVA SA,TCLRY,0001080259,87446
3m,007435,fuzzy_extended,100.0,3M CO,MMM,0000066740,22592
"juno therapeutics, a subsidiary of celgene",022230,fuzzy_extended,100.0,JUNO THERAPEUTICS INC,JUNO,0001594864,15134
istar medical,015142,fuzzy_extended,100.0,ISTAR INC,STAR,,75846
alto neuroscience,043837,fuzzy_extended,100.0,ALTO NEUROSCIENCE INC,ANRO,0001999480,24816
"mcneil consumer & specialty pharmaceuticals, a division of mcneil-ppc, inc",007177,fuzzy_extended,100.0,MCNEIL CORP,MME.2,0000064305,28097
"harmony biosciences management, inc",005481,fuzzy_extended,100.0,HARMONY INC,1589B,,46010
prelude therapeutics,037063,fuzzy_extended,100.0,PRELUDE THERAPEUTICS INC,PRLD,0001678660,19681
"castle creek biosciences, llc",035396,fuzzy_extended,100.0,CASTLE BIOSCIENCES INC,CSTL,0001447362,18832
"aimmune therapeutics, inc",025077,fuzzy_extended,100.0,AIMMUNE THERAPEUTICS INC,AIMT,0001631650,15630
"humacyte, inc",039525,fuzzy_extended,100.0,HUMACYTE INC,HUMA,0001818382,20137
kaleido biosciences,034640,fuzzy_extended,100.0,KALEIDO BIOSCIENCES INC,KLDO,0001751299,18408
"replimune, inc",033719,fuzzy_extended,100.0,REPLIMUNE GROUP INC,REPL,0001737953,17974
procept biorobotics,039453,fuzzy_extended,94.44444444444444,PROCEPT BIOROBTCS CORP,PRCT,0001588978,21892
"springworks therapeutics, inc",035600,fuzzy_extended,100.0,SPRINGWORKS THERAPEUTICS INC,SWTX,0001773427,18961
amylyx pharmaceuticals inc,040470,fuzzy_extended,100.0,AMYLYX PHARMACEUTICALS INC,AMLX,0001658551,22626
"sk bioscience co., ltd",022116,fuzzy_extended,92.85714285714286,SKYE BIOSCIENCE INC,SKYE,0001516551,25035
"amneal pharmaceuticals, llc",018888,fuzzy_extended,100.0,AMNEAL PHARMACEUTICALS INC,AMRX,0001723128,82702
inflarx gmbh,032640,fuzzy_extended,100.0,INFLARX NV,IFRX,0001708688,17115
apple inc,001690,fuzzy_extended,100.0,APPLE INC,AAPL,0000320193,14593
paratek pharmaceuticals inc,015539,fuzzy_extended,96.15384615384616,PARATEK PHARMACEUTCLS INC,PRTK,0001178711,91279
"cellectar biosciences, inc",186974,fuzzy_extended,100.0,CELLECTAR BIOSCIENCES INC,CLRB,0001279704,14862
bioverativ therapeutics inc,029819,fuzzy_extended,100.0,BIOVERATIV INC,BIVV,0001681689,16544
aymes international limited,037612,fuzzy_extended,93.33333333333333,TH INTERNATIONAL LIMITED,THCH,0001877333,23427
fougera pharmaceuticals inc,028470,fuzzy_extended,92.6829268292683,RA PHARMACEUTICALS INC,RARX,0001481512,16398
"aevi genomic medicine, llc, a cerecor company",293754,fuzzy_extended,100.0,AEVI GENOMIC MEDICINE INC,GNMX,0001138776,12667
jw medical systems ltd,025013,fuzzy_extended,100.0,PLC SYSTEMS INC,PLCSF,,77568
talaris therapeutics inc,025904,fuzzy_extended,95.83333333333333,ACLARIS THERAPEUTICS INC,ACRS,0001557746,15775
"beijing biostar pharmaceuticals co., ltd",181794,fuzzy_extended,100.0,BIOSTAR PHARMACEUTICALS INC,BSPM,0001418133,93344
"carevive systems, inc",025013,fuzzy_extended,100.0,PLC SYSTEMS INC,PLCSF,,77568
"candel therapeutics, inc",039269,fuzzy_extended,93.02325581395348,CANDEL THERAPTCS INC,CADL,0001841387,21705
"tarsus pharmaceuticals, inc",037495,fuzzy_extended,93.87755102040816,ARS PHARMACEUTICALS INC,SPRY,0001671858,20318
cascadian therapeutics inc,020245,fuzzy_extended,100.0,CASCADIAN THERAPEUTICS INC,CASC,0001412067,77205
veru inc,022817,fuzzy_extended,100.0,VERU INC,VERU,0000863894,76461
mereo biopharma,321764,fuzzy_extended,100.0,MEREO BIOPHARMA GROUP PLC,MREO,0001719714,18483
siemens molecular imaging,019349,fuzzy_extended,100.0,SIEMENS AG,SIEGY,0001135644,88935
"tobira therapeutics, inc",021007,fuzzy_extended,100.0,TOBIRA THERAPEUTICS INC,TBRA,0001311596,14101
momentum data,021092,fuzzy_extended,100.0,MOMENTUM CORP,MMDI,0000853436,76108
motus gi medical technologies ltd,031348,fuzzy_extended,100.0,MOTUS GI HOLDINGS INC,MOTS,0001686850,17325
"senseonics, inc",026636,fuzzy_extended,100.0,SENSEONICS HLDGS INC,SENS,0001616543,15995
"clarus therapeutics, inc",185946,fuzzy_extended,100.0,CLARUS THERAPEUTICS HOLD INC,CRXTQ,0001817944,20577
morphosys ag,231016,fuzzy_extended,100.0,MORPHOSYS AG,MOR,0001340243,17694
"vistagen therapeutics, inc",187368,fuzzy_extended,100.0,VISTAGEN THERAPEUTICS INC,VTGN,0001411685,16070
"esm technologies, llc",004279,fuzzy_extended,93.75,EMS TECHNOLOGIES INC,ELMG,0000032198,32110
myovant sciences gmbh,028421,fuzzy_extended,100.0,MYOVANT SCIENCES LTD,MYOV,0001679082,16451
"repurposed therapeutics, inc",027988,fuzzy_extended,92.0,REPROS THERAPEUTICS INC,RPRX.1,0000897075,79025
member companies of the opioid pmr consortium,011151,fuzzy_extended,100.0,GROUP INC (THE),THEG,,80603
nanogen pharmaceutical biotechnology joint stock company,109425,fuzzy_extended,100.0,NANOGEN INC,NGEN,0001030339,85995
"dusa pharmaceuticals, inc",024898,fuzzy_extended,100.0,DUSA PHARMACEUTICALS INC,DUSA.1,0000879993,77289
medtronic cardiac surgery,007228,fuzzy_extended,100.0,MEDTRONIC PLC,MDT,0001613103,60097
savara inc,031177,fuzzy_extended,100.0,SAVARA INC,SVRA,0001160308,90101
"sarfez pharmaceuticals, inc",028470,fuzzy_extended,92.6829268292683,RA PHARMACEUTICALS INC,RARX,0001481512,16398
"rhodes pharmaceuticals, l.p",009118,fuzzy_extended,100.0,RHODES INC,RHD.,0000083679,66828
autolus limited,033635,fuzzy_extended,100.0,AUTOLUS THERAPEUTICS -ADR,AUTL,0001730463,17870
delcath systems inc,140023,fuzzy_extended,100.0,DELCATH SYSTEMS INC,DCTH,0000872912,89169
"neothetics, inc",021998,fuzzy_extended,100.0,NEOTHETICS INC,NEOT,,15075
depuy spine,063905,fuzzy_extended,100.0,DEPUY INC,DPU.1,0001019900,84024
"rivus pharmaceuticals, inc",026895,fuzzy_extended,94.11764705882354,CORVUS PHARMACEUTICALS INC,CRVS,0001626971,15960
"leap therapeutics, inc",029914,fuzzy_extended,100.0,LEAP THERAPEUTICS INC,LPTX,0001509745,16542
cyclerion therapeutics,034746,fuzzy_extended,100.0,CYCLERION THERAPEUTICS,CYCN,0001755237,18427
urovant sciences gmbh,033816,fuzzy_extended,100.0,UROVANT SCIENCES LTD,UROV,0001740547,18130
vbi vaccines inc,025289,fuzzy_extended,100.0,VBI VACCINES INC,VBIVQ,0000764195,16043
"ast products, inc",064462,fuzzy_extended,93.75,ATL PRODUCTS INC,ATLPA,0001027781,84598
ocugen,035712,fuzzy_extended,100.0,OCUGEN INC,OCGN,0001372299,15132
chiron corporation,003011,fuzzy_extended,100.0,CHIRON CORP,CHIR.1,0000706539,23318
"nivalis therapeutics, inc",023986,fuzzy_extended,100.0,NIVALIS THERAPEUTICS INC,NVLS,,15432
qualia life sciences,006721,fuzzy_extended,100.0,LIFE SCIENCES INC,LFSCQ,0000059401,49526
antisoma research,009071,fuzzy_extended,100.0,RESEARCH INC,RESRQ,0000216983,66545
"palatin technologies, inc",029086,fuzzy_extended,100.0,PALATIN TECHNOLOGIES INC,PTNT,0000911216,79702
crispr therapeutics ag,028113,fuzzy_extended,100.0,CRISPR THERAPEUTICS AG,CRSP,0001674416,16383
"visioncare, inc",064611,fuzzy_extended,100.0,WESLEY JESSEN VISIONCARE INC,WJCO,0001027584,84569
"gelesis, inc",036678,fuzzy_extended,100.0,GELESIS HOLDINGS INC,GLSHQ,0001805087,19586
pharmacia and upjohn,011040,fuzzy_extended,100.0,PHARMACIA & UPJOHN INC,PNU.1,0000949573,82647
"relmada therapeutics, inc",020720,fuzzy_extended,100.0,RELMADA THERAPEUTICS INC,RLMD,0001553643,19024
verily life sciences llc,006721,fuzzy_extended,100.0,LIFE SCIENCES INC,LFSCQ,0000059401,49526
"radius health, inc",170520,fuzzy_extended,100.0,RADIUS HEALTH INC,RDUS.1,0001428522,14707
allergan medical,015708,fuzzy_extended,100.0,ALLERGAN INC,AGN.2,0000850693,75646
"kamada, ltd",287111,fuzzy_extended,100.0,KAMADA LTD,KMDA,0001567529,13930
helius medical inc,021000,fuzzy_extended,100.0,HELIUS MEDICAL TECHNOLOGIES,HSDT,0001610853,17690
cadila pharnmaceuticals,141846,fuzzy_extended,93.33333333333333,ACADIA PHARMACEUTICALS INC,ACAD,0001070494,90177
"perosphere pharmaceuticals inc, a wholly owned subsidiary of amag pharmaceuticals, inc",012250,fuzzy_extended,100.0,AMAG PHARMACEUTICALS INC,AMAG,0000792977,10363
tigenix s.a.u,283463,fuzzy_extended,100.0,TIGENIX NV,TIG.2,0001581987,16534
haemonetics corporation,024021,fuzzy_extended,100.0,HAEMONETICS CORP,HAE,0000313143,76837
"entellus medical, inc",022667,fuzzy_extended,100.0,ENTELLUS MEDICAL INC,ENTL,0001374128,15176
intech biopharm ltd,006000,fuzzy_extended,100.0,INTECH INC,INTE.,0000110640,44477
arbutus biopharma corporation,062475,fuzzy_extended,100.0,ARBUTUS BIOPHARMA CORP,ABUS,0001447028,12411
capricor inc,019205,fuzzy_extended,100.0,CAPRICOR THERAPEUTICS INC,CAPR,0001133869,92686
instituto bioclon s.a. de c.v,030584,fuzzy_extended,100.0,A S V INC,ASVI,0000926763,80798
kodiak sciences inc,034118,fuzzy_extended,100.0,KODIAK SCIENCES INC,KOD,0001468748,18203
"oyster point pharma, inc",035747,fuzzy_extended,97.77777777777777,OYSTER POINT PHARM INC,OYST,0001720725,19016
"cardurion pharmaceuticals, inc",028470,fuzzy_extended,92.6829268292683,RA PHARMACEUTICALS INC,RARX,0001481512,16398
anavex life sciences corp,166447,fuzzy_extended,100.0,ANAVEX LIFE SCIENCES CORP,AVXL,0001314052,15776
kind pharmaceuticals llc,112033,fuzzy_extended,95.0,KING PHARMACEUTICALS INC,KG.1,0001047699,86176
immutep s.a.s,253523,fuzzy_extended,100.0,IMMUTEP LTD,IMMP,0001506184,13376
plx pharma,026336,fuzzy_extended,100.0,PLX PHARMA INC,PLXPQ,0001497504,14538
aderans research institute,009071,fuzzy_extended,100.0,RESEARCH INC,RESRQ,0000216983,66545
asana biosciences,036964,fuzzy_extended,100.0,ASANA INC,ASAN,0001477720,19746
i-mab biopharma us limited,035836,fuzzy_extended,100.0,I-MAB,IMAB,0001778016,19193
"five prime therapeutics, inc",018430,fuzzy_extended,100.0,FIVE PRIME THERAPEUTICS INC,FPRX,0001175505,14161
"the emmes company, llc",011151,fuzzy_extended,100.0,GROUP INC (THE),THEG,,80603
"daré bioscience, inc",032233,fuzzy_extended,97.29729729729729,DARE BIOSCIENCE INC,DARE,0001401914,14591
"principia biopharma, a sanofi company",034015,fuzzy_extended,100.0,PRINCIPIA BIOPHARMA,PRNB,0001510487,18126
"vapotherm, inc",034327,fuzzy_extended,100.0,VAPOTHERM INC,VAPO,0001253176,18247
"evelo biosciences, inc",033444,fuzzy_extended,100.0,EVELO BIOSCIENCES INC,EVLO,0001694665,17811
"igm biosciences, inc",035639,fuzzy_extended,100.0,IGM BIOSCIENCES INC,IGMS,0001496323,18955
altria client services llc,008543,fuzzy_extended,100.0,ALTRIA GROUP INC,MO,0000764180,13901
price vision group,008746,fuzzy_extended,100.0,PRICE CO,PCLB.1,0000356461,64064
"avalo therapeutics, inc",026149,fuzzy_extended,100.0,AVALO THERAPEUTICS INC,AVTX,0001534120,15833
idea ag,035331,fuzzy_extended,100.0,AMTD IDEA GROUP,AMTD,0001769731,18887
reshape lifesciences,178847,fuzzy_extended,100.0,RESHAPE LIFESCIENCES INC,RSLS,0001427570,16393
teleflex,010407,fuzzy_extended,100.0,TELEFLEX INC,TFX,0000096943,44329
vernalis (r&d) ltd,104904,fuzzy_extended,100.0,VERNALIS PLC,VNLPY,0000851616,77759
"9 meters biopharma, inc",033048,fuzzy_extended,100.0,9 METERS BIOPHARMA INC,NMTRQ,0001551986,16178
biotie therapies inc,245397,fuzzy_extended,100.0,BIOTIE THERAPIES CORP,BITI.1,0001579695,15412
quantum genomics sa,008867,fuzzy_extended,100.0,QUANTUM CORP,QMCO,0000709283,87043
"corvus pharmaceuticals, inc",026895,fuzzy_extended,100.0,CORVUS PHARMACEUTICALS INC,CRVS,0001626971,15960
"rvl pharmaceuticals, inc",034160,fuzzy_extended,100.0,RVL PHARMACEUTICALS PLC,RVLPQ,0001739426,18209
quince therapeutics s.p.a,035102,fuzzy_extended,100.0,QUINCE THERAPEUTICS INC,QNCX,0001662774,18648
"dice therapeutics, inc., a wholly owned subsidiary of eli lilly and company",039508,fuzzy_extended,100.0,DICE THERAPEUTICS INC,DICE,0001645569,21926
kowa research europe,009071,fuzzy_extended,100.0,RESEARCH INC,RESRQ,0000216983,66545
moonlake immunotherapeutics ag,037240,fuzzy_extended,100.0,MOONLAKE IMMUNOTHERAPEUTICS,MLTX,0001821586,19966
amgen research (munich) gmbh,009071,fuzzy_extended,100.0,RESEARCH INC,RESRQ,0000216983,66545
"nurix therapeutics, inc",036767,fuzzy_extended,100.0,NURIX THERAPEUTICS INC,NRIX,0001549595,19566
eyetech pharmaceuticals,156292,fuzzy_extended,100.0,EYETECH PHARMACEUTICALS INC,EYET,0001115285,90008
molecular partners ag,318525,fuzzy_extended,100.0,MOLECULAR PARTNERS AG,MOLN,0001745114,21572
"adamas pharmaceuticals, inc",020042,fuzzy_extended,100.0,ADAMAS PHARMACEUTICALS INC,ADMS,0001328143,14589
csl limited,029836,fuzzy_extended,100.0,CSL LIGHTING MFG INC,CSLX,0000916068,80322
tetralogic pharmaceuticals,018973,fuzzy_extended,100.0,TETRALOGIC PHARMACEUTICALS,TLOG,0001361248,14356
"barron associates, inc",031807,fuzzy_extended,100.0,AG ASSOCIATES INC,AGAI,0000942124,81597
"nu eyne co., ltd",039997,fuzzy_extended,100.0,NU HOLDINGS LTD,NU,0001691493,22503
obseva sa,029718,fuzzy_extended,100.0,OBSEVA SA,OBSVF,0001685316,16573
incyte biosciences international sàrl,029127,fuzzy_extended,100.0,INCYTE CORP,INCY,0000879169,79906
union therapeutics,010859,fuzzy_extended,100.0,UNION CORP,UCO.,0000100817,44433
"momenta pharmaceuticals, inc",264414,fuzzy_extended,100.0,MOMENTA PHARMACEUTICALS INC,MNTA,0001235010,90233
barinthus biotherapeutics,038643,fuzzy_extended,100.0,BARINTHUS BIOTHERAPEUTICS,BRNS,0001828185,21111
"avidity biosciences, inc",036473,fuzzy_extended,97.77777777777777,AVIDITY BIOSCIENCE INC,RNA,0001599901,19488
cullinan therapeutics inc,037675,fuzzy_extended,100.0,CULLINAN THERAPEUTICS INC,CGEM,0001789972,20420
galmed pharmaceuticals ltd,019771,fuzzy_extended,100.0,GALMED PHARMACEUTICALS LTD,GLMD,0001595353,14540
"genocea biosciences, inc",019425,fuzzy_extended,100.0,GENOCEA BIOSCIENCES INC,GNCAQ,0001457612,14458
"progyny, inc",035708,fuzzy_extended,100.0,PROGYNY INC,PGNY,0001551306,18968
"spr therapeutics, inc",065604,fuzzy_extended,100.0,SPR INC,SPRI.,0001026493,85504
"owlet baby care, inc",039255,fuzzy_extended,100.0,OWLET INC,OWLT,0001816708,20101
longeveron inc,037807,fuzzy_extended,100.0,LONGEVERON INC,LGVN,0001721484,20609
processa pharmaceuticals,032846,fuzzy_extended,100.0,PROCESSA PHARMACEUTICALS INC,PCSA,0001533743,19985
"trivascular, inc",020131,fuzzy_extended,100.0,TRIVASCULAR TECHNOLOGIES INC,TRIV,0001432732,14612
"stemcells, inc",025095,fuzzy_extended,100.0,STEMCELLS INC,STEM.1,,77437
alector inc,034616,fuzzy_extended,100.0,ALECTOR INC,ALEC,0001653087,18376
"adverum biotechnologies, inc",021020,fuzzy_extended,100.0,ADVERUM BIOTECHNOLOGIES,ADVM,0001501756,14790
advanz pharma,019417,fuzzy_extended,100.0,ADVANZ PHARMA CORP LTD,CXRXF,0001642271,15418
nevro corp,021916,fuzzy_extended,100.0,NEVRO CORP,NVRO,0001444380,15046
nordic pharma sas,007924,fuzzy_extended,100.0,NORDIC LIMITED INC,NORLE,,57825
clementia pharmaceuticals inc,032130,fuzzy_extended,100.0,CLEMENTIA PHARMACEUTICALS,CMTA,0001647320,16879
"advaxis, inc",164511,fuzzy_extended,100.0,ADVAXIS INC-OLD,ADXS.1,,14237
kai pharmaceuticals,021362,fuzzy_extended,95.0,TOKAI PHARMACEUTICALS INC,TKAI,,14937
kedrion s.p.a,001059,fuzzy_extended,100.0,A P S INC,APS.1,,58958
"zenas biopharma (usa), llc",050517,fuzzy_extended,100.0,ZENAS BIOPHARMA INC,ZBIO,0001953926,25635
journey medical corporation,039941,fuzzy_extended,100.0,JOURNEY MEDICAL CORPO,DERM,0001867066,22296
"disc medicine, inc",026247,fuzzy_extended,100.0,DISC INC,DCSR,0000891788,78924
blue earth diagnostics,183921,fuzzy_extended,100.0,BLUE EARTH INC,BBLUQ,0001422109,14861
canopy growth corporation,020096,fuzzy_extended,100.0,CANOPY GROWTH CORP,CGC,0001737927,17827
silk road medical,034882,fuzzy_extended,100.0,SILK ROAD MEDICAL INC,SILK,0001397702,18566
"dermira, inc",021617,fuzzy_extended,100.0,DERMIRA INC,DERM.2,0001557883,15003
entero therapeutics,027699,fuzzy_extended,100.0,ENTERO THERAPEUTICS INC,ENTO,0001604191,16377
acerus pharmaceuticals corporation,037495,fuzzy_extended,92.6829268292683,ARS PHARMACEUTICALS INC,SPRY,0001671858,20318
"kymera therapeutics, inc",036819,fuzzy_extended,97.77777777777777,KYMERA THERAPEUTIC INC,KYMR,0001815442,19585
beyond air inc,033467,fuzzy_extended,100.0,BEYOND AIR INC,XAIR,0001641631,18643
novacea,166570,fuzzy_extended,100.0,NOVACEA INC,NOVC.2,,91279
galectin therapeutics inc,150221,fuzzy_extended,100.0,GALECTIN THERAPEUTICS INC,GALT,0001133416,13324
skyepharma ag,112408,fuzzy_extended,100.0,SKYEPHARMA PLC,SKYEY,0001018117,86291
schering-plough,009459,fuzzy_extended,100.0,SCHERING-PLOUGH,SGP,,25013
"eidos therapeutics, a bridgebio company",033641,fuzzy_extended,100.0,EIDOS THERAPEUTICS INC,EIDX.,0001731831,17878
"vital therapies, inc",018936,fuzzy_extended,100.0,VITAL THERAPIES INC,VTL,,14615
apyx medical,012719,fuzzy_extended,100.0,APYX MEDICAL CORP,APYX,0000719135,89891
dentsply international,003874,fuzzy_extended,100.0,DENTSPLY INTERNATIONAL INC,DSP.2,0000028154,27203
"turning point therapeutics, inc",030012,fuzzy_extended,100.0,POINT THERAPEUTICS INC,POTP,,80452
bergenbio asa,001849,fuzzy_extended,100.0,ASA HOLDINGS INC,ASAI.,0001023944,15684
"scpharmaceuticals, inc",032601,fuzzy_extended,100.0,SCPHARMACEUTICALS INC,SCPH,0001604950,17122
biotec pharmacon asa,001849,fuzzy_extended,100.0,ASA HOLDINGS INC,ASAI.,0001023944,15684
sagimet biosciences inc,038790,fuzzy_extended,100.0,SAGIMET BIOSCIENCES INC,SGMT,0001400118,24078
"molecular templates, inc",032267,fuzzy_extended,100.0,MOLECULAR TEMPLATES INC,MTEMQ,0001183765,90604
sri international,148650,fuzzy_extended,96.96969696969697,SI INTERNATIONAL INC,SINT.1,0001143363,89577
corbus pharmaceuticals inc,022035,fuzzy_extended,100.0,CORBUS PHARMACEUTICALS HLDGS,CRBP,0001595097,15287
"fujifilm pharmaceuticals u.s.a., inc",028470,fuzzy_extended,92.6829268292683,RA PHARMACEUTICALS INC,RARX,0001481512,16398
galecto biotech ab,037310,fuzzy_extended,100.0,GALECTO INC,GLTO,0001800315,19965
"seaspine, inc",024458,fuzzy_extended,100.0,SEASPINE HOLDINGS CORP,SPNE,0001637761,15407
nabriva therapeutics ag,026148,fuzzy_extended,100.0,NABRIVA THERAPEUTICS PLC,NBRVF,0001641640,15656
novocure gmbh,026123,fuzzy_extended,100.0,NOVOCURE LIMITED,NVCR,0001645113,15789
concept medical inc,003371,fuzzy_extended,100.0,CONCEPT INC,CCPT.1,0000023229,26316
gh research ireland limited,038957,fuzzy_extended,100.0,GH RESEARCH PLC,GHRS,0001855129,21542
"scholar rock, inc",033445,fuzzy_extended,100.0,SCHOLAR ROCK HOLDNG CRP,SRRK,0001727196,17821
puretech,319917,fuzzy_extended,100.0,PURETECH HEALTH PLC,PRTC,0001782999,20164
hofseth biocare asa,001849,fuzzy_extended,100.0,ASA HOLDINGS INC,ASAI.,0001023944,15684
american medical systems,021375,fuzzy_extended,100.0,AMERICAN MEDICAL HOLDINGS,AMI.1,0000861439,76190
"tranzyme, inc",185945,fuzzy_extended,100.0,TRANZYME INC,TZYM,,12698
"banyan biomarkers, inc",004933,fuzzy_extended,100.0,BANYAN CORP,3BYCP,0000744041,66560
siga technologies,065376,fuzzy_extended,100.0,SIGA TECHNOLOGIES INC,SIGA,0001010086,85401
"rxsight, inc",039184,fuzzy_extended,100.0,RXSIGHT INC,RXST,0001111485,21762
sanotize research and development corp,009071,fuzzy_extended,100.0,RESEARCH INC,RESRQ,0000216983,66545
allogene therapeutics,034161,fuzzy_extended,100.0,ALLOGENE THERAPEUTICS,ALLO,0001737287,18137
"guardant health, inc",034102,fuzzy_extended,100.0,GUARDANT HEALTH INC,GH,0001576280,18135
macmillan research group uk,006920,fuzzy_extended,100.0,MACMILLAN INC,MLL.2,0000061267,27027
"adarx pharmaceuticals, inc",028470,fuzzy_extended,92.6829268292683,RA PHARMACEUTICALS INC,RARX,0001481512,16398
ensysce biosciences,039160,fuzzy_extended,100.0,ENSYSCE BIOSCIENCES INC,ENSC,0001716947,17147
diffusion pharmaceuticals inc,028470,fuzzy_extended,92.6829268292683,RA PHARMACEUTICALS INC,RARX,0001481512,16398
"palvella therapeutics, inc",022590,fuzzy_extended,100.0,PALVELLA THERAPEUTICS INC,PVLA,0001583648,15433
smart medical systems ltd,025013,fuzzy_extended,100.0,PLC SYSTEMS INC,PLCSF,,77568
aptevo therapeutics,027338,fuzzy_extended,100.0,APTEVO THERAPEUTICS INC,APVO,0001671584,16146
aim immunotech inc,062525,fuzzy_extended,100.0,AIM IMMUNOTECH INC,AIMI,0000946644,83762
"janssen alzheimer immunotherapy research & development, llc",009071,fuzzy_extended,100.0,RESEARCH INC,RESRQ,0000216983,66545
intellia therapeutics,027155,fuzzy_extended,100.0,INTELLIA THERAPEUTICS INC,NTLA,0001652130,16064
deep breeze,002374,fuzzy_extended,100.0,BREEZE CORP,BRZ.1,,29815
biomea fusion inc,038529,fuzzy_extended,100.0,BIOMEA FUSION INC,BMEA,0001840439,21027
"erasca, inc",039198,fuzzy_extended,100.0,ERASCA INC,ERAS,0001761918,21599
"tenax therapeutics, inc",027939,fuzzy_extended,100.0,TENAX THERAPEUTICS INC,TENX,0000034956,93237
"iterum therapeutics, international limited",033466,fuzzy_extended,100.0,ITERUM THERAPEUTICS,ITRM,0001659323,17816
integra lifesciences services,030291,fuzzy_extended,100.0,INTEGRA INC,INGA,0000915859,80609
"stratatech, a mallinckrodt company",006096,fuzzy_extended,100.0,MALLINCKRODT INC,MKG,0000051396,12511
"zafgen, inc",020742,fuzzy_extended,100.0,ZAFGEN INC,ZFGN,,14711
"cassava sciences, inc",137642,fuzzy_extended,100.0,CASSAVA SCIENCES INC,SAVA,0001069530,88462
alx oncology inc,036704,fuzzy_extended,100.0,ALX ONCOLOGY HOLDI INC,ALXO,0001810182,19542
"eloxx pharmaceuticals, inc",032858,fuzzy_extended,100.0,ELOXX PHARMACEUTICALS INC,ELOX,0001035354,89411
"unity biotechnology, inc",033317,fuzzy_extended,100.0,UNITY BIOTECHNOLOGY INC,UBX,0001463361,17825
eip pharma inc,157865,fuzzy_extended,92.85714285714286,MEI PHARMA INC,MEIP,0001262104,89935
effector therapeutics,039510,fuzzy_extended,100.0,EFFECTOR THERAPEUTICS INC,EFTR,0001828522,20843
"kunming pharmaceuticals, inc",112033,fuzzy_extended,94.11764705882354,KING PHARMACEUTICALS INC,KG.1,0001047699,86176
"johnson & johnson medical, china",006266,fuzzy_extended,100.0,JOHNSON & JOHNSON,JNJ,0000200406,22111
johnson & johnson private limited,006266,fuzzy_extended,100.0,JOHNSON & JOHNSON,JNJ,0000200406,22111
dow pharmaceutical sciences,034443,fuzzy_extended,100.0,DOW INC,DOW,0001751788,18428
astra usa,030938,fuzzy_extended,100.0,ASTRA AB,A.1,0000928966,83438
klox technologies inc,107130,fuzzy_extended,93.02325581395348,KELSO TECHNOLOGIES INC,KIQSF,0001161814,14973
"kala pharmaceuticals, inc",028470,fuzzy_extended,92.6829268292683,RA PHARMACEUTICALS INC,RARX,0001481512,16398
"inception fertility research institute, llc",009071,fuzzy_extended,100.0,RESEARCH INC,RESRQ,0000216983,66545
antares pharma inc,063700,fuzzy_extended,100.0,ANTARES PHARMA INC,ATRS,0001016169,88905
merus b.v,026385,fuzzy_extended,100.0,MERUS NV,MRUS,0001651311,16062
check-cap ltd,022676,fuzzy_extended,100.0,CHECK-CAP LTD,CHEK,0001610590,15268
cepheid,136804,fuzzy_extended,100.0,CEPHEID INC,CPHD,0001037760,88331
zosano pharma corporation,021003,fuzzy_extended,100.0,ZOSANO PHARMA CORP,ZSANQ,0001587221,15187
vifor fresenius medical care renal pharma,212782,fuzzy_extended,100.0,FRESENIUS MEDICAL CARE AG,FMS,0001333141,83987
oric pharmaceuticals,036264,fuzzy_extended,100.0,ORIC PHARMACEUTICALS,ORIC,0001796280,19353
cytomx therapeutics,026112,fuzzy_extended,100.0,CYTOMX THERAPEUTICS INC,CTMX,0001501989,15779
"viking therapeutics, inc",021032,fuzzy_extended,100.0,VIKING THERAPEUTICS INC,VKTX,0001607678,15303
"cytosorbents, inc",163965,fuzzy_extended,100.0,CYTOSORBENTS CORP,CTSO,0001175151,15127
zynex monitoring solutions,129441,fuzzy_extended,100.0,ZYNEX INC,ZYXI,0000846475,18418
"cerenovus, part of depuy synthes products, inc",063905,fuzzy_extended,100.0,DEPUY INC,DPU.1,0001019900,84024
"radius pharmaceuticals, inc",028470,fuzzy_extended,92.6829268292683,RA PHARMACEUTICALS INC,RARX,0001481512,16398
shanghai golden leaf medtec co. ltd,185703,fuzzy_extended,100.0,LEAF GROUP LTD,LEAF,0001365038,12521
"atyr pharma, inc",023627,fuzzy_extended,100.0,ATYR PHARMA INC,ATYR,0001339970,15378
ziemer ophthalmic systems ag,025013,fuzzy_extended,100.0,PLC SYSTEMS INC,PLCSF,,77568
"anesiva, inc",162403,fuzzy_extended,100.0,ANESIVA INC,ANSVQ,0001131517,90025
"shenzhen core medical technology co.,ltd",024758,fuzzy_extended,100.0,CORE INC,CORE.1,,77237
"centocor ortho biotech services, l.l.c",002846,fuzzy_extended,100.0,CENTOCOR INC,CNTO.,0000708823,22016
affimed gmbh,021635,fuzzy_extended,100.0,AFFIMED NV,AFMDQ,0001608390,14923
"axonics, inc",034342,fuzzy_extended,100.0,AXONICS INC,AXNX,0001603756,18190
be medical,122075,fuzzy_extended,100.0,BE INC,BEOSZ,0000895921,87101
"nuwellis, inc",271987,fuzzy_extended,100.0,NUWELLIS INC,NUWE,0001506492,13279
"abeona therapeutics, inc",012713,fuzzy_extended,100.0,ABEONA THERAPEUTICS INC,ABEO,0000318306,87656
eyenovia inc,032861,fuzzy_extended,100.0,EYENOVIA INC,EYEN,0001682639,17263
axogen corporation,190355,fuzzy_extended,100.0,AXOGEN INC,AXGN,0000805928,10966
"aciex therapeutics, inc",032459,fuzzy_extended,93.02325581395348,ACER THERAPEUTICS INC,ACER,0001069308,91471
nordic bioscience a/s,007924,fuzzy_extended,100.0,NORDIC LIMITED INC,NORLE,,57825
verrica pharmaceuticals inc,033597,fuzzy_extended,97.77777777777777,VERRICA PHARMACEUTICAL,VRCA,0001660334,17906
provectus pharmaceuticals,009330,fuzzy_extended,94.33962264150944,PROVECTUS BIOPHARMACEUTICALS,PVCT,0000315545,68276
prothena biosciences ltd,016745,fuzzy_extended,100.0,PROTHENA CORPORATION PLC,PRTA,0001559053,13706
"rapt therapeutics, inc",035429,fuzzy_extended,100.0,RAPT THERAPEUTICS INC,RAPT,0001673772,19021
"cg oncology, inc",043858,fuzzy_extended,100.0,CG ONCOLOGY INC,CGON,0001991792,24685
paragon 28,039734,fuzzy_extended,100.0,PARAGON 28 INC,FNA,0001531978,22149
nupathe inc,184884,fuzzy_extended,100.0,NUPATHE INC,PATH.3,0001375200,12085
"aduro biotech, inc",023335,fuzzy_extended,100.0,ADURO BIOTECH INC,ADRO,,15282
adagio medical,038056,fuzzy_extended,100.0,ADAGIO MEDICAL HOLDINGS INC,ADGM,0002006986,25393
novartis gene therapies,101310,fuzzy_extended,100.0,NOVARTIS AG,NVS,0001114448,88233
"viridian therapeutics, inc",030311,fuzzy_extended,100.0,VIRIDIAN THERAPEUTICS INC,VRDN,0001590750,14708
"osprey medical, inc",012177,fuzzy_extended,100.0,OSPREY HOLDING INC,3OSPHE,0000892072,10193
"biolux research holdings, inc",009071,fuzzy_extended,100.0,RESEARCH INC,RESRQ,0000216983,66545
"cala health, inc",013188,fuzzy_extended,100.0,CALA CORP,CCAA,0000794107,10521
bionovo,164270,fuzzy_extended,100.0,BIONOVO INC,BNVIQ,0001203957,92033
pyc therapeutics,174134,fuzzy_extended,93.75,PTC THERAPEUTICS INC,PTCT,0001070081,13967
"progenics pharmaceuticals, inc",065872,fuzzy_extended,98.24561403508773,PROGENICS PHARMACEUTICAL INC,PGNX,0000835887,85571
"venatorx pharmaceuticals, inc",028470,fuzzy_extended,92.6829268292683,RA PHARMACEUTICALS INC,RARX,0001481512,16398
"novabay pharmaceuticals, inc",177228,fuzzy_extended,100.0,NOVABAY PHARMACEUTICALS INC,NBY,0001389545,92345
"bio-medical research, ltd",009071,fuzzy_extended,100.0,RESEARCH INC,RESRQ,0000216983,66545
"aft pharmaceuticals, ltd",037292,fuzzy_extended,92.3076923076923,ATEA PHARMACEUTICALS INC,AVIR,0001593899,19939
ago research gmbh,009071,fuzzy_extended,100.0,RESEARCH INC,RESRQ,0000216983,66545
aquestive therapeutics,033743,fuzzy_extended,92.6829268292683,AQUESTIVE THERAPETC INC,AQST,0001398733,17955
ac immune sa,027372,fuzzy_extended,100.0,AC IMMUNE SA,ACIU,0001651625,16281
uniqure biopharma b.v,285085,fuzzy_extended,100.0,UNIQURE NV,QURE,0001590560,14466
"apollo endosurgery, inc",029687,fuzzy_extended,100.0,APOLLO ENDOSURGERY INC,APEN,0001251769,13648
aptose biosciences inc,025750,fuzzy_extended,100.0,APTOSE BIOSCIENCES INC,APTOF,0000882361,77569
"k-group, beta, inc., a wholly owned subsidiary of zentalis pharmaceuticals, inc",036301,fuzzy_extended,100.0,ZENTALIS PHARMACEUTICALS INC,ZNTL,0001725160,19356
lipocine inc,018424,fuzzy_extended,100.0,LIPOCINE INC,LPCN,0001535955,14545
"liquidia technologies, inc",033810,fuzzy_extended,100.0,LIQUIDIA CORP,LQDA,0001819576,17968
"atossa therapeutics, inc",185659,fuzzy_extended,100.0,ATOSSA THERAPEUTICS INC,ATOS,0001488039,13693
kasiak research pvt. ltd,009071,fuzzy_extended,100.0,RESEARCH INC,RESRQ,0000216983,66545
stempeutics research pvt ltd,009071,fuzzy_extended,100.0,RESEARCH INC,RESRQ,0000216983,66545
"zs pharma, inc",020611,fuzzy_extended,100.0,ZS PHARMA INC,ZSPH,0001459266,14712
lemaitre vascular,174390,fuzzy_extended,100.0,LEMAITRE VASCULAR INC,LMAT,0001158895,91503
sophiris bio corp,154414,fuzzy_extended,100.0,SOPHIRIS BIO INC,SPHS,0001563855,14105
"grail, inc",045458,fuzzy_extended,100.0,GRAIL INC,GRAL,0001699031,25143
"alphatec spine, inc",166555,fuzzy_extended,100.0,ALPHATEC HOLDINGS INC,ATEC,0001350653,91348
"alpine immune sciences, inc",032245,fuzzy_extended,100.0,ALPINE IMMUNE SCIENCES INC,ALPN,0001626199,15432
tocagen inc,030830,fuzzy_extended,100.0,TOCAGEN INC,TOCA,,16681
gamida cell ltd,034287,fuzzy_extended,100.0,GAMIDA CELL LTD,GMDAQ,0001600847,18197
alcobra ltd,017071,fuzzy_extended,100.0,ALCOBRA LTD,ADHD,,13918
ucb celltech,201088,fuzzy_extended,100.0,CELLTECH GROUP PLC,CLL,0000877799,87531
"theriva biologics, inc",177764,fuzzy_extended,100.0,THERIVA BIOLOGICS INC,TOVX,0000894158,92130
grace therapeutics inc,025999,fuzzy_extended,93.02325581395348,GYRE THERAPEUTICS INC,GYRE,0001124105,91184
triangle pharmaceuticals,063941,fuzzy_extended,100.0,TRIANGLE PHARMACEUTICALS INC,VIRS.1,0001022622,84279
allarity therapeutics,322154,fuzzy_extended,92.3076923076923,ALLARITY THERAPEUT INC,ALLR,0001860657,22523
gedea biotech ab,035321,fuzzy_extended,92.3076923076923,EDESA BIOTECH INC,EDSA,0001540159,15854
hemaquest pharmaceuticals inc,028470,fuzzy_extended,92.6829268292683,RA PHARMACEUTICALS INC,RARX,0001481512,16398
"tscan therapeutics, inc",038745,fuzzy_extended,100.0,TSCAN THERAPEUTICS INC,TCRX,0001783328,21778
"immunovaccine technologies, inc. (imv inc.)",183669,fuzzy_extended,100.0,IMV INC,IMVIF,0001734768,17888
"immunome, inc",037035,fuzzy_extended,100.0,IMMUNOME INC,IMNM,0001472012,19969
"infacare pharmaceuticals corporation, a mallinckrodt company",006096,fuzzy_extended,100.0,MALLINCKRODT INC,MKG,0000051396,12511
usana health sciences,063863,fuzzy_extended,100.0,USANA HEALTH SCIENCES INC,USNA,0000896264,84010
fonterra research centre,009071,fuzzy_extended,100.0,RESEARCH INC,RESRQ,0000216983,66545
hudson biotech,032879,fuzzy_extended,100.0,HUDSON LTD,HUD,0001714368,17308
4d pharma plc,317168,fuzzy_extended,100.0,4D PHARMA PLC,LBPS,0001830162,20835
tengion,184079,fuzzy_extended,100.0,TENGION INC,TNGNQ,0001296391,93358
"humanigen, inc",015489,fuzzy_extended,100.0,HUMANIGEN INC,HGENQ,0001293310,13755
"anaptysbio, inc",026162,fuzzy_extended,100.0,ANAPTYSBIO INC,ANAB,0001370053,16562
"adlai nortye biopharma co., ltd",043382,fuzzy_extended,100.0,ADLAI NORTYE LTD,ANL,0001944552,24251
"shanghai yidian pharmaceutical technology development co., ltd",010377,fuzzy_extended,100.0,TECHNOLOGY DEVELOPMENT CORP,TDCXE,0000770719,92364
"avinger, inc",022704,fuzzy_extended,100.0,AVINGER INC,AVGR,0001506928,15172
"seres therapeutics, inc",024177,fuzzy_extended,100.0,SERES THERAPEUTICS INC,MCRB,0001609809,15431
vectivbio ag,038585,fuzzy_extended,100.0,VECTIVBIO HOLDING AG,VECT,0001836379,21112
"corium, inc",019912,fuzzy_extended,100.0,CORIUM INTERNATIONAL INC,CORI,0001594337,14594
medicure,119297,fuzzy_extended,100.0,MEDICURE INC,MCUJF,0001133519,90046
medtronic spine llc,007228,fuzzy_extended,100.0,MEDTRONIC PLC,MDT,0001613103,60097
"nkgen biotech, inc",038649,fuzzy_extended,100.0,NKGEN BIOTECH INC,NKGN,0001845459,21644
contineum therapeutics,045151,fuzzy_extended,100.0,CONTINEUM THERAPEUTICS INC,CTNM,0001855175,25017
"vaxcyte, inc",036600,fuzzy_extended,100.0,VAXCYTE INC,PCVX,0001649094,19484
"xbiotech, inc",023297,fuzzy_extended,100.0,XBIOTECH INC,XBIT,0001626878,15305
corixa corporation,065578,fuzzy_extended,100.0,CORIXA CORP,CRXA,0001042561,85463
shanghai hutchison pharmaceuticals limited,247881,fuzzy_extended,93.87755102040816,GW PHARMACEUTICALS LIMITED,GWPH,0001351288,13926
"samus therapeutics, inc",175008,fuzzy_extended,93.33333333333333,AMICUS THERAPEUTICS INC,FOLD,0001178879,92040
"sichuan kelun pharmaceutical research institute co., ltd",009071,fuzzy_extended,100.0,RESEARCH INC,RESRQ,0000216983,66545
"nextcure, inc",035090,fuzzy_extended,100.0,NEXTCURE INC,NXTC,0001661059,18664
danone nutricia,017452,fuzzy_extended,100.0,DANONE SA,DANOY,0001048515,85608
point therapeutics,030012,fuzzy_extended,100.0,POINT THERAPEUTICS INC,POTP,,80452
"immune design, a subsidiary of merck & co., inc. (rahway, new jersey usa)",007257,fuzzy_extended,100.0,MERCK & CO,MRK,0000310158,22752
immunic ag,331856,fuzzy_extended,100.0,IMMUNIC INC,IMUX,0001280776,14615
pharvaris netherlands b.v,037803,fuzzy_extended,100.0,PHARVARIS NV,PHVS,0001830487,20615
"immatics us, inc",036700,fuzzy_extended,100.0,IMMATICS NV,IMTX,0001809196,19558
"4life research, llc",009071,fuzzy_extended,100.0,RESEARCH INC,RESRQ,0000216983,66545
"myokardia, inc",026269,fuzzy_extended,100.0,MYOKARDIA INC,MYOK,0001552451,15788
faron pharmaceuticals ltd,025523,fuzzy_extended,93.02325581395348,ARONEX PHARMACEUTICALS INC,ARNX,0000854691,77773
vor biopharma,037844,fuzzy_extended,100.0,VOR BIOPHARMA INC,VOR,0001817229,20641
"pliant therapeutics, inc",036464,fuzzy_extended,100.0,PLIANT THERAPEUTICS INC,PLRX,0001746473,19485
immatics biotechnologies gmbh,036700,fuzzy_extended,100.0,IMMATICS NV,IMTX,0001809196,19558
hinova pharmaceuticals inc,028470,fuzzy_extended,92.6829268292683,RA PHARMACEUTICALS INC,RARX,0001481512,16398
"neumora therapeutics, inc",043287,fuzzy_extended,100.0,NEUMORA THERAPEUTICS INC,NMRA,0001885522,24275
nova biomedical,133905,fuzzy_extended,100.0,NOVA LTD,NVMI,0001109345,88181
gw pharmaceuticals ltd,247881,fuzzy_extended,100.0,GW PHARMACEUTICALS LIMITED,GWPH,0001351288,13926
proqr therapeutics,021524,fuzzy_extended,100.0,PROQR THERAPEUTICS NV,PRQR,0001612940,14935
"hangzhou acea pharmaceutical research co., ltd",009071,fuzzy_extended,100.0,RESEARCH INC,RESRQ,0000216983,66545
genaera corporation,024771,fuzzy_extended,100.0,GENAERA CORP,GENR,0000880431,77171
"gritstone bio, inc",034082,fuzzy_extended,100.0,GRITSTONE BIO INC,GRTSQ,0001656634,18116
protara therapeutics,036044,fuzzy_extended,100.0,PROTARA THERAPEUTICS INC,TARA,0001359931,15015
"proteostasis therapeutics, inc",026755,fuzzy_extended,100.0,PROTEOSTASIS THERAPEUTICS,PTI,,15950
"national health promotion associates, inc",031807,fuzzy_extended,100.0,AG ASSOCIATES INC,AGAI,0000942124,81597
polypid ltd,021967,fuzzy_extended,100.0,POLYPID LTD,PYPD,0001611842,19487
fractyl health inc,043888,fuzzy_extended,100.0,FRACTYL HEALTH INC,GUTS,0001572616,24820
bright cloud international corp,005865,fuzzy_extended,92.3076923076923,IU INTERNATIONAL CORP,IU,0000052835,24045
"g&e herbal biotechnology co., ltd",011361,fuzzy_extended,100.0,AG&E HOLDINGS INC,AGNUQ,0000105608,63829
"presidio pharmaceuticals, inc",185894,fuzzy_extended,100.0,PRESIDIO INC,PSDO,0001631825,16642
brainstorm-cell therapeutics,153957,fuzzy_extended,96.42857142857143,BRAINSTORM CELL THERAPEUTICS,BCLI,0001137883,14925
"inmune bio, inc",034078,fuzzy_extended,100.0,INMUNE BIO INC,INMB,0001711754,18406
eirion therapeutics inc,013786,fuzzy_extended,93.33333333333333,HERON THERAPEUTICS INC,HRTX,0000818033,11636
edison pharmaceuticals inc,028470,fuzzy_extended,92.6829268292683,RA PHARMACEUTICALS INC,RARX,0001481512,16398
"carmot therapeutics, inc",043555,fuzzy_extended,93.33333333333333,CARGO THERAPEUTICS INC,CRGX,0001966494,24509
"kyowa kirin korea co., ltd",018729,fuzzy_extended,100.0,KIRIN HOLDINGS CO LTD,KNBWY,0000800901,47897
elan pharmaceuticals,004245,fuzzy_extended,100.0,ELAN CORP PLC,ELN,0000737572,31799
"kezar life sciences, inc",006721,fuzzy_extended,100.0,LIFE SCIENCES INC,LFSCQ,0000059401,49526
oncosec medical incorporated,182023,fuzzy_extended,100.0,ONCOSEC MEDICAL INC,ONCSQ,0001444307,15380
"k2m, inc",020003,fuzzy_extended,100.0,K2M GROUP HOLDINGS INC,KTWO,0001499807,14658
"nimbic systems, llc",025013,fuzzy_extended,100.0,PLC SYSTEMS INC,PLCSF,,77568
cardiff oncology,155387,fuzzy_extended,100.0,CARDIFF ONCOLOGY INC,CRDF,0001213037,13411
pacific edge limited,008268,fuzzy_extended,100.0,PACIFIC HOLDING CORP,PHC.1,0000075499,34972
"johnson & johnson consumer inc., mcneil consumer healthcare division",006266,fuzzy_extended,100.0,JOHNSON & JOHNSON,JNJ,0000200406,22111
"bluejay diagnostics, inc",039821,fuzzy_extended,100.0,BLUEJAY DIAGNOSTICS INC,BJDX,0001704287,22284
luminex corporation,133504,fuzzy_extended,100.0,LUMINEX CORP,LMNX,0001033905,87789
"lyell immunopharma, inc",038883,fuzzy_extended,100.0,LYELL IMMUNOPHARMA INC,LYEL,0001806952,21351
osiris therapeutics,174648,fuzzy_extended,100.0,OSIRIS THERAPEUTICS INC,OSIR,0001360886,91434
lianbio llc,039813,fuzzy_extended,100.0,LIANBIO -ADR,LIANY,0001831283,22319
lexeo therapeutics,043385,fuzzy_extended,100.0,LEXEO THERAPEUTICS INC,LXEO,0001907108,24508
"larimar therapeutics, inc",036536,fuzzy_extended,100.0,LARIMAR THERAPEUTICS INC,LRMR,0001374690,14711
immunobiology research institute,009071,fuzzy_extended,100.0,RESEARCH INC,RESRQ,0000216983,66545
modra pharmaceuticals,024908,fuzzy_extended,92.6829268292683,DURA PHARMACEUTICALS INC,DURA.1,0000882098,77325
evofem inc,032961,fuzzy_extended,100.0,EVOFEM BIOSCIENCES INC,EVFM,0001618835,15075
adagene inc,037862,fuzzy_extended,100.0,ADAGENE INC,ADAG,0001818838,20564
cabaletta bio,035727,fuzzy_extended,100.0,CABALETTA BIO INC,CABA,0001759138,19004
integrative research laboratories ab,009071,fuzzy_extended,100.0,RESEARCH INC,RESRQ,0000216983,66545
inotek pharmaceuticals corporation,022129,fuzzy_extended,100.0,INOTEK PHARMACEUTICALS CORP,ITEK,,15221
infinite biomedical technologies,028916,fuzzy_extended,100.0,INFINITE GROUP INC,IMCI,0000884650,79595
"moleculin biotech, inc",026873,fuzzy_extended,100.0,MOLECULIN BIOTECH INC,MBRX,0001659617,16099
pharmacia,007536,fuzzy_extended,100.0,PHARMACIA CORP,PHA.1,0000067686,18382
imperial brands plc,212773,fuzzy_extended,100.0,IMPERIAL BRANDS PLC,IMBBY,0001072670,86404
"89bio, inc",035776,fuzzy_extended,100.0,89BIO INC,ETNB,0001785173,19070
cid s.p.a,001059,fuzzy_extended,100.0,A P S INC,APS.1,,58958
intec pharma ltd,294007,fuzzy_extended,100.0,INTEC PHARMA LTD,NTEC,0001638381,15642
jiangsu pacific meinuoke bio pharmaceutical co ltd,008268,fuzzy_extended,100.0,PACIFIC HOLDING CORP,PHC.1,0000075499,34972
janssen cilag n.v./s.a,030584,fuzzy_extended,100.0,A S V INC,ASVI,0000926763,80798
"adma biologics, inc",017653,fuzzy_extended,100.0,ADMA BIOLOGICS INC,ADMA,0001368514,15056
"jasper therapeutics, inc",039740,fuzzy_extended,100.0,JASPER THERAPEUTICS INC,JSPR,0001788028,19180
"calcimedica, inc",037062,fuzzy_extended,100.0,CALCIMEDICA INC,CALC,0001534133,19833
"cerus endovascular, inc",064327,fuzzy_extended,100.0,CERUS CORP,CERS,0001020214,84413
djo uk ltd,145911,fuzzy_extended,100.0,DJO INC,DJO,0001157972,89224
acelyrin inc,042892,fuzzy_extended,100.0,ACELYRIN INC,SLRN,0001962918,23874
"peloton therapeutics, inc., a subsidiary of merck & co., inc. (rahway, new jersey usa)",007257,fuzzy_extended,100.0,MERCK & CO,MRK,0000310158,22752
"epix pharmaceuticals, inc",064314,fuzzy_extended,95.83333333333333,EPIX PHARMACUETICALS INC,EPIX.1,0001027702,84420
"invivyd, inc",039266,fuzzy_extended,100.0,INVIVYD INC,IVVD,0001832038,21790
"metsera, a wholly owned subsidiary of pfizer",008530,fuzzy_extended,100.0,PFIZER INC,PFE,0000078003,21936
"intuor technologies, inc",014250,fuzzy_extended,93.33333333333333,NSTOR TECHNOLOGIES INC,NSO,0000075448,84666
nyxoah s.a,339950,fuzzy_extended,100.0,NYXOAH S A,NYXH,0001857190,21748
nykode therapeutics asa,001849,fuzzy_extended,100.0,ASA HOLDINGS INC,ASAI.,0001023944,15684
calico life sciences llc,006721,fuzzy_extended,100.0,LIFE SCIENCES INC,LFSCQ,0000059401,49526
perrigo company,024782,fuzzy_extended,100.0,PERRIGO CO PLC,PRGO,0001585364,77182
johnson & johnson enterprise innovation inc,006266,fuzzy_extended,100.0,JOHNSON & JOHNSON,JNJ,0000200406,22111
annovis bio inc,035416,fuzzy_extended,100.0,ANNOVIS BIO INC,ANVS,0001477845,19149
advanced circulatory systems,001145,fuzzy_extended,100.0,ADVANCED SYSTEMS INC,ASY.2,,65840
t2 biosystems,021033,fuzzy_extended,100.0,T2 BIOSYSTEMS INC,TTOO,0001492674,14879
regor pharmaceuticals inc,028470,fuzzy_extended,92.6829268292683,RA PHARMACEUTICALS INC,RARX,0001481512,16398
applied spectral imaging ltd,063945,fuzzy_extended,100.0,APPLIED IMAGING CORP,3AICX,0000816066,84186
biofrontera bioscience gmbh,282363,fuzzy_extended,100.0,BIOFRONTERA AG,BFAGY,0001729244,17311
rain oncology inc,038697,fuzzy_extended,100.0,RAIN ONCOLOGY INC,RAIN.3,0001724979,21089
alvine pharmaceuticals inc,028470,fuzzy_extended,92.6829268292683,RA PHARMACEUTICALS INC,RARX,0001481512,16398
seastar medical,037783,fuzzy_extended,100.0,SEASTAR MEDICAL HOLDING CORP,ICU,0001831868,20841
vascular solutions llc,125000,fuzzy_extended,100.0,VASCULAR SOLUTIONS INC,VASC,0001030206,88475
"radiopharm theranostics, ltd",350935,fuzzy_extended,100.0,RADIOPHARM THERANOSTICS LTD,RADX,0001949257,25871
sellas life sciences group,032901,fuzzy_extended,100.0,SELLAS LIFE SCIENCES GROUP I,SLS,0001390478,92594
"rxi pharmaceuticals, corp",038874,fuzzy_extended,94.73684210526315,NRX PHARMACEUTICALS INC,NRXP,0001719406,17134
"relypsa, inc",018976,fuzzy_extended,100.0,RELYPSA INC,RLYP,0001416792,14321
rempex pharmaceuticals (a wholly owned subsidiary of the medicines company),138608,fuzzy_extended,100.0,MEDICINES CO (THE),MDCO,0001113481,88545
aquinox pharmaceuticals (canada) inc,028470,fuzzy_extended,92.6829268292683,RA PHARMACEUTICALS INC,RARX,0001481512,16398
"s-infinity pharmaceuticals co., ltd",175533,fuzzy_extended,96.0,INFINITY PHARMACEUTICALS INC,INFIQ,0001113148,88434
"ascletis pharma (china) co., limited",148239,fuzzy_extended,100.0,CHINA PHARMA HOLDINGS INC,CPHI,0001106644,93016
soliton,034834,fuzzy_extended,100.0,SOLITON INC,SOLY,0001548187,18414
"soleno therapeutics, inc",020898,fuzzy_extended,100.0,SOLENO THERAPEUTICS INC,SLNO,0001484565,15058
bio-cancer treatment international limited,037612,fuzzy_extended,93.33333333333333,TH INTERNATIONAL LIMITED,THCH,0001877333,23427
artivion inc,027823,fuzzy_extended,100.0,ARTIVION INC,AORT,0000784199,78876
"biopharmx, inc",019722,fuzzy_extended,100.0,BIOPHARMX CORP,BPMX,,15443
"sutro biopharma, inc",034065,fuzzy_extended,100.0,SUTRO BIOPHARMA INC,STRO,0001382101,18128
"shanghai jiaolian drug research and development co., ltd",009071,fuzzy_extended,100.0,RESEARCH INC,RESRQ,0000216983,66545
"surmodics, inc",066588,fuzzy_extended,100.0,SURMODICS INC,SRDX,0000924717,85889
unitedhealth group,010903,fuzzy_extended,100.0,UNITEDHEALTH GROUP INC,UNH,0000731766,92655
stemirna therapeutics,026094,fuzzy_extended,92.3076923076923,MIRNA THERAPEUTICS INC,MIRN,,15787
vaccinex inc,033780,fuzzy_extended,100.0,VACCINEX INC,VCNX,0001205922,18061
"axcella health, inc",035089,fuzzy_extended,100.0,AXCELLA HEALTH INC,AXLA,0001633070,18646
"tyra biosciences, inc",039477,fuzzy_extended,100.0,TYRA BIOSCIENCES INC,TYRA,0001863127,21970
"beijing inno medicine co., ltd",043159,fuzzy_extended,100.0,INNO HOLDINGS INC,INHD,0001961847,24656
tularik,127384,fuzzy_extended,100.0,TULARIK INC,TLRK,0000889057,87513
"prometheus biosciences, inc., a subsidiary of merck & co., inc. (rahway, new jersey usa)",007257,fuzzy_extended,100.0,MERCK & CO,MRK,0000310158,22752
stryker instruments,010115,fuzzy_extended,100.0,STRYKER CORP,SYK,0000310764,73139
stryker craniomaxillofacial,010115,fuzzy_extended,100.0,STRYKER CORP,SYK,0000310764,73139
stryker japan k.k,010115,fuzzy_extended,100.0,STRYKER CORP,SYK,0000310764,73139
beyondspring pharmaceuticals inc,029207,fuzzy_extended,100.0,BEYONDSPRING INC,BYSI,0001677940,16626
aronex pharmaceuticals,025523,fuzzy_extended,100.0,ARONEX PHARMACEUTICALS INC,ARNX,0000854691,77773
"bexion pharmaceuticals, inc",062263,fuzzy_extended,94.33962264150944,ALEXION PHARMACEUTICALS INC,ALXN,0000899866,83111
"jounce therapeutics, inc",029684,fuzzy_extended,100.0,JOUNCE THERAPEUTICS INC,JNCE,0001640455,16570
biovie inc,019549,fuzzy_extended,100.0,BIOVIE INC,BIVI,0001580149,19814
otsuka frankfurt research institute gmbh,009071,fuzzy_extended,100.0,RESEARCH INC,RESRQ,0000216983,66545
"noven pharmaceuticals, inc",014918,fuzzy_extended,100.0,NOVEN PHARMACEUTICALS INC,NOVN.1,0000815838,12236
avigen,062911,fuzzy_extended,100.0,AVIGEN INC,AVGN,0000932903,83475
"medifast, inc",029517,fuzzy_extended,100.0,MEDIFAST INC,MED,0000910329,80054
array biopharma,141197,fuzzy_extended,100.0,ARRAY BIOPHARMA INC,ARRY.1,0001100412,88790
"bionumerik pharmaceuticals, inc",028470,fuzzy_extended,92.6829268292683,RA PHARMACEUTICALS INC,RARX,0001481512,16398
"shattuck labs, inc",037110,fuzzy_extended,100.0,SHATTUCK LABS INC,STTK,0001680367,19994
kenvue brands llc,041897,fuzzy_extended,100.0,KENVUE INC,KVUE,0001944048,23876
"23andme, inc",038717,fuzzy_extended,100.0,23ANDME HOLDING CO,MEHCQ,0001804591,20134
"oruka therapeutics, inc",182309,fuzzy_extended,100.0,ORUKA THERAPEUTICS INC,ORKA,0000907654,85293
"aridis pharmaceuticals, inc",033855,fuzzy_extended,100.0,ARIDIS PHARMACEUTICALS,ARDS,0001614067,18044
"rempex (a wholly owned subsidiary of melinta therapeutics, inc.)",196856,fuzzy_extended,100.0,MELINTA THERAPEUTICS INC,MLNTQ,0001461993,13263
synairgen research ltd,009071,fuzzy_extended,100.0,RESEARCH INC,RESRQ,0000216983,66545
"pmv pharmaceuticals, inc",037036,fuzzy_extended,100.0,PMV PHARMACEUTICALS INC,PMVP,0001699382,19682
"miragen therapeutics, inc",210032,fuzzy_extended,93.87755102040816,AVIRAGEN THERAPEUTICS INC,AVIR.,,57913
nordic biotic sp. z o.o,007924,fuzzy_extended,100.0,NORDIC LIMITED INC,NORLE,,57825
"applied therapeutics, inc",035091,fuzzy_extended,100.0,APPLIED THERAPEUTICS INC,APLT,0001697532,18644
"epic research & diagnostics, inc",009071,fuzzy_extended,100.0,RESEARCH INC,RESRQ,0000216983,66545
oxford immunotec,018983,fuzzy_extended,100.0,OXFORD IMMUNOTEC GLOBAL PLC,OXFD,0001586049,14319
"novacardia, inc., a subsidiary of merck & co., inc. (rahway, new jersey usa)",007257,fuzzy_extended,100.0,MERCK & CO,MRK,0000310158,22752
repligen corporation,012181,fuzzy_extended,100.0,REPLIGEN CORP,RGEN,0000730272,10200
jina pharmaceuticals inc,177606,fuzzy_extended,93.61702127659575,VIA PHARMACEUTICALS INC,VIAP,0001003929,87838
entera bio ltd,032749,fuzzy_extended,100.0,ENTERA BIO LTD,ENTX,0001638097,17879
"aravive, inc",019832,fuzzy_extended,100.0,ARAVIVE INC,ARAV,0001513818,14555
enlivex therapeutics ltd,035008,fuzzy_extended,100.0,ENLIVEX THERAPEUTICS LTD,ENLV,0001596812,14826
"sab biotherapeutics, inc",039951,fuzzy_extended,100.0,SAB BIOTHERAPEUTICS INC,SABS,0001833214,20576
silence therapeutics plc,207257,fuzzy_extended,100.0,SILENCE THERAPEUTICS PLC,SLN,0001479615,19843
"smiths medical, asd, inc",064753,fuzzy_extended,100.0,ASD GROUP INC,ADGJ,0001017875,84790
"bio-path holdings, inc",165563,fuzzy_extended,100.0,BIO-PATH HOLDINGS INC,BPTH,0001133818,14536
"olema pharmaceuticals, inc",037412,fuzzy_extended,100.0,OLEMA PHARMACEUTICALS INC,OLMA,0001750284,20058
nuvalent inc,039344,fuzzy_extended,100.0,NUVALENT INC,NUVL,0001861560,21747
"marker therapeutics, inc",107843,fuzzy_extended,100.0,MARKER THERAPEUTICS INC,MRKR,0001094038,16472
"astria therapeutics, inc",023980,fuzzy_extended,100.0,ASTRIA THERAPEUTICS INC,ATXS,0001454789,15416
solid biosciences inc,032894,fuzzy_extended,100.0,SOLID BIOSCIENCES INC,SLDB,0001707502,17271
"xynomic pharmaceuticals, inc",028470,fuzzy_extended,92.6829268292683,RA PHARMACEUTICALS INC,RARX,0001481512,16398
"biocardia, inc",024598,fuzzy_extended,100.0,BIOCARDIA INC,BCDA,0000925741,18894
chemomab ltd,038393,fuzzy_extended,100.0,CHEMOMAB THERAPEU -ADR,CMMB,0001534248,18395
"obalon therapeutics, inc",028086,fuzzy_extended,100.0,OBALON THERAPEUTICS INC,OBLN,,16393
"tuhura biosciences, inc",017175,fuzzy_extended,100.0,TUHURA BIOSCIENCES INC,HURA,0001498382,16164
md stem cells,038722,fuzzy_extended,100.0,STEM INC,STEM,0001758766,19919
smart alfa teknoloji san. ve tic. a.s,016629,fuzzy_extended,100.0,ALFA CORP,ALFA.1,0000743532,34498
"rock creek pharmaceuticals, inc",013288,fuzzy_extended,100.0,ROCK CREEK PHARMACEUTICALS,RCPIQ,0000776008,87816
"bioatla, inc",037541,fuzzy_extended,100.0,BIOATLA INC,BCAB,0001826892,20280
nymox corporation,061750,fuzzy_extended,100.0,NYMOX PHARMACEUTICAL CORP,NYMXF,0001018735,85706
"lpath, inc",165745,fuzzy_extended,100.0,LPATH INC,LPTN,,13648
volta medical,039533,fuzzy_extended,100.0,VOLTA INC,VLTA,0001819584,20128
"an2 therapeutics, inc",040833,fuzzy_extended,100.0,AN2 THERAPEUTICS INC,ANTX,0001880438,22886
"medco health solutions, inc",007186,fuzzy_extended,100.0,MEDCO HEALTH SOLUTIONS INC,MHS,0001170650,89813
"vera therapeutics, inc",038782,fuzzy_extended,100.0,VERA THERAPEUTICS INC,VERA,0001831828,21342
orasis pharmaceuticals ltd,012180,fuzzy_extended,92.6829268292683,OSI PHARMACEUTICALS INC,OSIP,0000729922,10143
"oraya therapeutics, inc",041878,fuzzy_extended,93.02325581395348,COYA THERAPEUTICS INC,COYA,0001835022,23615
biomimetic therapeutics,166569,fuzzy_extended,100.0,BIOMIMETIC THERAPEUTICS INC,BMTI,0001138400,91267
"spyre therapeutics, inc",024599,fuzzy_extended,100.0,SPYRE THERAPEUTICS INC,SYRE,0001636282,16005
cellectis s.a,282608,fuzzy_extended,100.0,CELLECTIS SA,CLLS,0001627281,15269
upstream bio inc,050681,fuzzy_extended,100.0,UPSTREAM BIO INC,UPB,0002022626,25766
lb pharmaceuticals inc,001284,fuzzy_extended,92.6829268292683,ALLERGAN PHARMACEUTICALS INC,AGN.3,0000215038,59635
"eagle pharmaceuticals, inc",019784,fuzzy_extended,100.0,EAGLE PHARMACEUTICALS INC,EGRX,0000827871,14456
"rexahn pharmaceuticals, inc",163931,fuzzy_extended,100.0,REXAHN PHARMACEUTICALS INC,REXN,,92665
"durata therapeutics inc., an affiliate of allergan plc",015708,fuzzy_extended,100.0,ALLERGAN INC,AGN.2,0000850693,75646
"cephalon, inc",023945,fuzzy_extended,100.0,CEPHALON INC,CEPH,0000873364,76625
"oncoimmune, inc., a subsidiary of merck & co., inc. (rahway, new jersey usa)",007257,fuzzy_extended,100.0,MERCK & CO,MRK,0000310158,22752
"ebr systems, inc",025013,fuzzy_extended,100.0,PLC SYSTEMS INC,PLCSF,,77568
"align technology, inc",141384,fuzzy_extended,100.0,ALIGN TECHNOLOGY INC,ALGN,0001097149,88860
"mcneil consumer healthcare division of mcneil-ppc, inc",007177,fuzzy_extended,100.0,MCNEIL CORP,MME.2,0000064305,28097
er/la opioid rems program companies (rpc),008901,fuzzy_extended,100.0,RPC INC,RES,0000742278,66683
"day one biopharmaceuticals, inc",036851,fuzzy_extended,100.0,ONE,AONE,,19935
"optimer pharmaceuticals llc, a subsidiary of merck & co., inc. (rahway, new jersey usa)",007257,fuzzy_extended,100.0,MERCK & CO,MRK,0000310158,22752
femasys inc,038829,fuzzy_extended,100.0,FEMASYS INC,FEMY,0001339005,21540
ikena oncology,038469,fuzzy_extended,100.0,IKENA ONCOLOGY INC,IKNA,0001835579,20816
"haisco-usa pharmaceuticals, inc",028470,fuzzy_extended,92.6829268292683,RA PHARMACEUTICALS INC,RARX,0001481512,16398
anchiano therapeutics israel ltd,292043,fuzzy_extended,100.0,ANCHIANO THERAPEUTICS LTD,ANCN,,18395
neurosense therapeutics ltd,039912,fuzzy_extended,100.0,NEUROSENSE THERAPEUTICS LTD,NRSN,0001875091,22583
bellerophon,022927,fuzzy_extended,100.0,BELLEROPHON THERAPEUTICS INC,BLPH,0001600132,15218
"climb bio, inc",039271,fuzzy_extended,100.0,CLIMB BIO INC,CLYM,0001768446,21842
"mural oncology, inc",043551,fuzzy_extended,100.0,MURAL ONCOLOGY PLC,MURA,0001971543,24495
newport pharmaceuticals international,007883,fuzzy_extended,100.0,NEWPORT CORP,NEWP.1,0000225263,57534
"anhui palo alto pharmaceuticals, inc",028470,fuzzy_extended,92.6829268292683,RA PHARMACEUTICALS INC,RARX,0001481512,16398
"tango therapeutics, inc",039402,fuzzy_extended,100.0,TANGO THERAPEUTICS INC,TNGX,0001819133,19813
rapa therapeutics llc,035429,fuzzy_extended,94.11764705882354,RAPT THERAPEUTICS INC,RAPT,0001673772,19021
"serenity pharmaceuticals, inc",028470,fuzzy_extended,92.6829268292683,RA PHARMACEUTICALS INC,RARX,0001481512,16398
monopar therapeutics,035664,fuzzy_extended,100.0,MONOPAR THERAPEUTICS INC,MNPR,0001645469,19142
"alder biopharmaceuticals, inc",020033,fuzzy_extended,100.0,ALDER BIOPHARMACEUTICALS INC,ALDR,0001423824,14646
wex pharmaceuticals inc,162385,fuzzy_extended,100.0,WEX INC,WEX,0001309108,90569
pharmanutra s.p.a,001059,fuzzy_extended,100.0,A P S INC,APS.1,,58958
clinical laserthermia systems ab,025013,fuzzy_extended,100.0,PLC SYSTEMS INC,PLCSF,,77568
"poseida therapeutics, inc",034609,fuzzy_extended,100.0,POSEIDA THERAPEUTICS,PSTX,0001661460,19568
"furiex pharmaceuticals, inc",184961,fuzzy_extended,100.0,FURIEX PHARMACEUTICALS INC,FURX,0001484478,93392
"thryv therapeutics, inc",037130,fuzzy_extended,100.0,THRYV HOLDINGS INC,THRY,0001556739,19996
science corporation,001554,fuzzy_extended,100.0,AMERICAN SCIENCE ENGINEERING,ASEI,0000005768,58560
british american tobacco (investments) limited,002405,fuzzy_extended,100.0,BRITISH AMERICAN TOBACCO LTD,BQ.1,,29874
beam therapeutics inc,001408,fuzzy_extended,100.0,BEAM INC,BEAM.2,0000789073,10225
"contravir pharmaceuticals, inc",028470,fuzzy_extended,92.6829268292683,RA PHARMACEUTICALS INC,RARX,0001481512,16398
neurogene inc,019717,fuzzy_extended,100.0,NEUROGENE INC,NGNE,0001404644,14535
"precision biosciences, inc",034883,fuzzy_extended,100.0,PRECISION BIOSCIENCES,DTIL,0001357874,18458
iteos therapeutics,036679,fuzzy_extended,100.0,ITEOS THERAPEUTICS INC,ITOS,0001808865,19560
"cocrystal pharma, inc",019467,fuzzy_extended,100.0,COCRYSTAL PHARMA INC,COCP,0001412486,17351
vascular graft solutions ltd,125000,fuzzy_extended,100.0,VASCULAR SOLUTIONS INC,VASC,0001030206,88475
"baxano surgical, inc",178619,fuzzy_extended,100.0,BAXANO SURGICAL INC,BAXSQ,0001230355,92319
"pioneer surgical technology, inc",008594,fuzzy_extended,100.0,PIONEER CORP,PIO.1,0000078706,59424
accuray incorporated,176670,fuzzy_extended,100.0,ACCURAY INC,ARAY,0001138723,91814
histogen,036525,fuzzy_extended,100.0,HISTOGEN INC,HSTOQ,0001383701,14046
sebela women's health inc,010949,fuzzy_extended,92.3076923076923,U S HEALTH INC,USHI,0000726494,79127
"grin therapeutics, inc",031656,fuzzy_extended,95.23809523809524,REIN THERAPEUTICS INC,RNTX,0001420565,16776
"coordination pharmaceuticals, inc",028470,fuzzy_extended,92.6829268292683,RA PHARMACEUTICALS INC,RARX,0001481512,16398
accenture,143357,fuzzy_extended,100.0,ACCENTURE PLC,ACN,0001467373,89071
cali pharmaceuticals llc,063030,fuzzy_extended,95.0,CASI PHARMACEUTICALS INC,CASI,0001962738,83651
callisto pharmaceuticals,145935,fuzzy_extended,100.0,CALLISTO PHARMACEUTICALS INC,CLSP,0001142380,90372
mineralys therapeutics inc,041916,fuzzy_extended,100.0,MINERALYS THERAPEUTICS INC,MLYS,0001933414,23730
"akero therapeutics, inc",035267,fuzzy_extended,100.0,AKERO THERAPEUTICS INC,AKRO,0001744659,18772
"minerva surgical, inc",039753,fuzzy_extended,100.0,MINERVA SURGICAL INC,UTRS,0001452965,22252
"tragara pharmaceuticals, inc",028470,fuzzy_extended,92.6829268292683,RA PHARMACEUTICALS INC,RARX,0001481512,16398
cycle pharmaceuticals ltd,160809,fuzzy_extended,93.33333333333333,CYCLACEL PHARMACEUTICALS,CYCC,0001130166,90098
anteris technologies ltd,271295,fuzzy_extended,100.0,ANTERIS TECHNOLOGIES GLBL CP,AVR,0002011514,25980
cingulate therapeutics,039620,fuzzy_extended,100.0,CINGULATE INC,CING,0001862150,22538
"mimetogen pharmaceuticals usa, inc",028470,fuzzy_extended,92.6829268292683,RA PHARMACEUTICALS INC,RARX,0001481512,16398
reckitt benckiser inc,065920,fuzzy_extended,100.0,BENCKISER NV,BNV.,0001048131,85632
currax pharmaceuticals,011929,fuzzy_extended,93.02325581395348,ACURA PHARMACEUTICALS INC,ACUR,0000786947,10116
tcm biotech international corp,005865,fuzzy_extended,92.3076923076923,IU INTERNATIONAL CORP,IU,0000052835,24045
"evolus, inc",032919,fuzzy_extended,100.0,EVOLUS INC,EOLS,0001570562,17317
tcrx therapeutics co.ltd,034600,fuzzy_extended,94.11764705882354,TCR2 THERAPEUTICS INC,TCRR,0001750019,18415
recursion pharmaceuticals inc,028470,fuzzy_extended,92.6829268292683,RA PHARMACEUTICALS INC,RARX,0001481512,16398
"realta life sciences, inc",006721,fuzzy_extended,100.0,LIFE SCIENCES INC,LFSCQ,0000059401,49526
nanobiotix,313966,fuzzy_extended,100.0,NANOBIOTIX SA,NBTX,0001760854,20309
cylene pharmaceuticals,006641,fuzzy_extended,92.6829268292683,LEE PHARMACEUTICALS,LPHM.1,,57373
"escient pharmaceuticals, inc",003171,fuzzy_extended,95.65217391304348,OSCIENT PHARMACEUTICALS CORP,OSCIQ,0000356830,24548
ultimovacs asa,001849,fuzzy_extended,100.0,ASA HOLDINGS INC,ASAI.,0001023944,15684
abt associates,031807,fuzzy_extended,100.0,AG ASSOCIATES INC,AGAI,0000942124,81597
"zogenix international limited, inc., a subsidiary of zogenix, inc",179686,fuzzy_extended,100.0,ZOGENIX INC,ZGNX,0001375151,12413
"cyclo therapeutics, inc",106100,fuzzy_extended,100.0,CYCLO THERAPEUTICS INC,CYTH,0000922247,20288
miromatrix medical inc,038917,fuzzy_extended,100.0,MIROMATRIX MEDICAL INC,MIRO,0001527096,21570
incyte biosciences japan gk,029127,fuzzy_extended,100.0,INCYTE CORP,INCY,0000879169,79906
ingredion incorporated,066016,fuzzy_extended,100.0,INGREDION INC,INGR,0001046257,85645
"inhibrx biosciences, inc",035306,fuzzy_extended,100.0,INHIBRX INC,INBX.1,0001739614,19639
"auspex pharmaceuticals, inc",019418,fuzzy_extended,100.0,AUSPEX PHARMACEUTICALS INC,ASPX,0001454189,14448
context therapeutics inc,039633,fuzzy_extended,100.0,CONTEXT THERAPEUTICS INC,CNTX,0001842952,22196
"metro international biotech, llc",138981,fuzzy_extended,100.0,METRO INTERNATIONAL SA,MTOAF,0001121850,88548
"magna pharmaceuticals, inc",013053,fuzzy_extended,100.0,MAGNA GROUP INC,MGR.1,0000036094,50885
compugen ltd,138781,fuzzy_extended,100.0,COMPUGEN LTD,CGEN,0001119774,88507
"design therapeutics, inc",038441,fuzzy_extended,97.77777777777777,DESIGN THERAPEUTIS INC,DSGN,0001807120,20662
contract research organization el ab,009071,fuzzy_extended,100.0,RESEARCH INC,RESRQ,0000216983,66545
simbec research,009071,fuzzy_extended,100.0,RESEARCH INC,RESRQ,0000216983,66545
mesoblast international sàrl,271607,fuzzy_extended,100.0,MESOBLAST LTD,MESO,0001345099,15848
mapi pharma ltd,007009,fuzzy_extended,100.0,MAPI INC,MAPC,0000062146,51378
avax technologies,064182,fuzzy_extended,100.0,AVAX TECHNOLOGIES INC,AVXT,0001015441,85161
valeant pharmaceuticals,009340,fuzzy_extended,100.0,VALEANT PHARMACEUTICALS -OLD,VRX.1,0000930184,68340
"satsuma pharmaceuticals, inc",035601,fuzzy_extended,100.0,SATSUMA PHARMACEUTICALS INC,STSA,0001692830,18960
compass therapeutics,037364,fuzzy_extended,100.0,COMPASS THERAPEUTICS INC,CMPX,0001738021,22295
bsp biological signal processing ltd,016865,fuzzy_extended,100.0,SIGNAL CORP,SGNL.2,0000846814,11225
creo medical limited,122317,fuzzy_extended,100.0,CREO INC,CREO.,,87060
"morphic therapeutic, inc. (a wholly owned subsidiary of eli lilly and company)",006730,fuzzy_extended,100.0,LILLY (ELI) & CO,LLY,0000059478,50876
conor medsystems,161926,fuzzy_extended,100.0,CONOR MEDSYSTEMS INC,CONR,0001108271,90477
materialise,020129,fuzzy_extended,100.0,MATERIALISE NV,MTLS,0001091223,14705
"menssana research, inc",009071,fuzzy_extended,100.0,RESEARCH INC,RESRQ,0000216983,66545
myomo,031805,fuzzy_extended,100.0,MYOMO INC,MYO,0001369290,16765
mazor robotics,286017,fuzzy_extended,100.0,MAZOR ROBOTICS LTD,MZOR,0001566844,13933
"corthera, inc.(formerly bas medical, inc.), a member of the novartis group of companies",011151,fuzzy_extended,100.0,GROUP INC (THE),THEG,,80603
banner life sciences llc,006721,fuzzy_extended,100.0,LIFE SCIENCES INC,LFSCQ,0000059401,49526
afexa life sciences inc,006721,fuzzy_extended,100.0,LIFE SCIENCES INC,LFSCQ,0000059401,49526
"shandong qilu stem cells engineering co., ltd",038722,fuzzy_extended,100.0,STEM INC,STEM,0001758766,19919
"provention bio, inc",033751,fuzzy_extended,100.0,PROVENTION BIO INC,PRVB,0001695357,17973
60 degrees pharmaceuticals llc,042890,fuzzy_extended,96.0,60 DEGREES PHARMACEUTICA INC,SXTP,0001946563,24079
icagen,266316,fuzzy_extended,100.0,ICAGEN INC,ICGN,0000902622,90599
icecure medical ltd,296810,fuzzy_extended,100.0,ICECURE MEDICAL LTD,ICCM,0001584371,21853
"imago biosciences, inc., a subsidiary of merck & co., inc., (rahway, new jersey usa)",007257,fuzzy_extended,100.0,MERCK & CO,MRK,0000310158,22752
"imbria pharmaceuticals, inc",028470,fuzzy_extended,92.6829268292683,RA PHARMACEUTICALS INC,RARX,0001481512,16398
"immtech pharmaceuticals, inc",120051,fuzzy_extended,100.0,IMMTECH PHARMACEUTICALS INC,IMMP.1,0000882509,86829
immune targeting systems ltd,025013,fuzzy_extended,100.0,PLC SYSTEMS INC,PLCSF,,77568
tela bio inc,035779,fuzzy_extended,100.0,TELA BIO INC,TELA,0001561921,19082
bioaffinity technologies inc,041176,fuzzy_extended,100.0,BIOAFFINITY TECHNOLOGIES INC,BIAF,0001712762,23306
"terns, inc",037848,fuzzy_extended,100.0,TERNS PHARMACEUTIC INC,TERN,0001831363,20632
fitbit llc,023856,fuzzy_extended,100.0,FITBIT INC,FIT,0001447599,15390
fisons,018366,fuzzy_extended,100.0,FISONS PLC,FISNY,0000748950,36637
innfocus inc,023528,fuzzy_extended,93.33333333333333,INFOCUS CORP,INFS,0000845434,76507
innervate radiopharmaceuticals llc (formerly: illumina radiopharmaceuticals llc),138205,fuzzy_extended,100.0,ILLUMINA INC,ILMN,0001110803,88446
a.m.i. agency for medical innovations gmbh,015852,fuzzy_extended,100.0,MEDICAL INNOVATIONS INC,MIXX.,0000835908,75785
"innovation pharmaceuticals, inc",066697,fuzzy_extended,92.85714285714286,INOVIO PHARMACEUTICALS INC,INO,0001055726,86444
inogen inc,019274,fuzzy_extended,100.0,INOGEN INC,INGN,0001294133,14459
taris biomedical llc,037872,fuzzy_extended,93.75,TALIS BIOMEDICAL CORP,TLIS,0001584751,20633
"f-star therapeutics, inc",345556,fuzzy_extended,100.0,F-STAR THERAPEUTICS INC,FSTX,0001566373,16069
"akouos, inc",036572,fuzzy_extended,100.0,AKOUOS INC,AKUS,0001722271,19461
"hi-bio, a biogen company",024468,fuzzy_extended,100.0,BIOGEN INC,BIIB,0000875045,76841
transcend therapeutics,065033,fuzzy_extended,100.0,TRANSCEND THERAPEUTICS INC,TSND,0001020910,85219
"gwo xi stem cell applied technology co., ltd",038722,fuzzy_extended,100.0,STEM INC,STEM,0001758766,19919
"toshiba america medical systems, inc",010622,fuzzy_extended,100.0,TOSHIBA CORP,TOSYY,0000098573,76559
"gala therapeutics, inc",035768,fuzzy_extended,95.45454545454545,GALERA THERAPEUTICS INC,GRTX,0001563577,19072
topaz pharmaceuticals inc,010611,fuzzy_extended,100.0,TOPAZ INC,TPZ.1,0000731913,63028
u.s. bioscience,017764,fuzzy_extended,100.0,U S BIOSCIENCE INC,UBS.3,0000847562,75849
alere san diego,146156,fuzzy_extended,100.0,ALERE INC,ALR.,0001145460,89230
uluru inc,025882,fuzzy_extended,100.0,ULURU INC,ULUR,0001168220,92186
"alkeus pharmaceuticals, inc",165857,fuzzy_extended,94.11764705882354,ALTUS PHARMACEUTICALS INC,ALTUQ,0001340744,91074
revo biologics,028563,fuzzy_extended,100.0,REVO BIOLOGICS INC  -REDH,RBIO,0000904973,79390
"genomic health®, inc",164609,fuzzy_extended,100.0,GENOMIC HEALTH INC,GHDX,0001131324,90900
general mills,005071,fuzzy_extended,100.0,GENERAL MILLS INC,GIS,0000040704,17144
genelux corporation,041538,fuzzy_extended,100.0,GENELUX CORP,GNLX,0001231457,23670
green cross wellbeing,003611,fuzzy_extended,100.0,CROSS CO,CROS.2,0000025798,27757
gw research ltd,009071,fuzzy_extended,100.0,RESEARCH INC,RESRQ,0000216983,66545
"hepion pharmaceuticals, inc",019761,fuzzy_extended,100.0,HEPION PHARMACEUTICALS INC,HEPA,0001583771,15219
"gt medical technologies, inc",014395,fuzzy_extended,93.02325581395348,BIOJECT MEDICAL TECHNOLOGIES,BJCT,0000810084,78219
"forte biosciences, inc",036609,fuzzy_extended,100.0,FORTE BIOSCIENCES INC,FBRX,0001419041,16681
fusion pharmaceuticals inc,028470,fuzzy_extended,92.6829268292683,RA PHARMACEUTICALS INC,RARX,0001481512,16398
altec inc,001344,fuzzy_extended,100.0,ALTEC CORP,4156B,0000004215,44580
"gpcr therapeutics, inc",024220,fuzzy_extended,92.6829268292683,COR THERAPEUTICS INC,CORR.1,0000874865,76716
a2 biotherapeutics inc,039951,fuzzy_extended,93.33333333333333,SAB BIOTHERAPEUTICS INC,SABS,0001833214,20576
spectrum dynamics,009938,fuzzy_extended,100.0,SPECTRUM GROUP INC,BUG.,0000728299,68689
laboratoire innotech international,062398,fuzzy_extended,100.0,INNOTECH INC,IIII.1,0000050587,83276
ldr spine usa,018625,fuzzy_extended,100.0,LDR HOLDING CORP,LDRH.1,0001348324,14256
"ars pharmaceuticals, inc",037495,fuzzy_extended,100.0,ARS PHARMACEUTICALS INC,SPRY,0001671858,20318
sorbent therapeutics,183602,fuzzy_extended,92.6829268292683,SORRENTO THERAPEUTICS INC,SRNE,0000850261,14262
l.molteni & c. dei f.lli alitti-soc. di esercizio s.p.a,001059,fuzzy_extended,100.0,A P S INC,APS.1,,58958
kiromic biopharma inc,036465,fuzzy_extended,100.0,KIROMIC BIOPHARMA INC,KRBPQ,0001792581,19974
"spyglass pharma, inc",060933,fuzzy_extended,100.0,SPYGLASS INC,SPYG.,0000945256,81750
staar surgical company,009969,fuzzy_extended,100.0,STAAR SURGICAL CO,STAA,0000718937,72304
kos pharmaceuticals,064542,fuzzy_extended,100.0,KOS PHARMACEUTICALS INC,KOSP,0001018952,84620
"editas medicine, inc",026874,fuzzy_extended,100.0,EDITAS MEDICINE INC,EDIT,0001650664,15937
"spire, inc",006547,fuzzy_extended,100.0,SPIRE INC,SR,0001126956,12781
aspireo pharmaceuticals limited,247881,fuzzy_extended,93.87755102040816,GW PHARMACEUTICALS LIMITED,GWPH,0001351288,13926
"attune health research, inc",009071,fuzzy_extended,100.0,RESEARCH INC,RESRQ,0000216983,66545
"lucid diagnostics, inc",039728,fuzzy_extended,100.0,LUCID DIAGNOSTICS INC,LUCD,0001799011,22213
"sirius therapeutics co., ltd",174648,fuzzy_extended,94.73684210526315,OSIRIS THERAPEUTICS INC,OSIR,0001360886,91434
mcm vaccines b.v,018826,fuzzy_extended,100.0,MCM CORP,MMOR,0000275710,50412
"lineage cell therapeutics, inc",050389,fuzzy_extended,100.0,LINEAGE INC,LINE,0001868159,25244
light sciences llc,039171,fuzzy_extended,92.85714285714286,SIGHT SCIENCES INC,SGHT,0001531177,21764
syncardia systems. llc,025013,fuzzy_extended,100.0,PLC SYSTEMS INC,PLCSF,,77568
"jc medical, inc., an affiliate of edwards lifesciences llc",133366,fuzzy_extended,100.0,EDWARDS LIFESCIENCES CORP,EW,0001099800,87657
uniquity one (uni),036851,fuzzy_extended,100.0,ONE,AONE,,19935
ekso bionics,017727,fuzzy_extended,100.0,EKSO BIONICS HOLDINGS INC,EKSO,0001549084,16252
"interleukin genetics, inc",065930,fuzzy_extended,100.0,INTERLEUKIN GENETICS INC,ILIU,0001037649,85564
"zimmer orthobiologics, inc",011685,fuzzy_extended,100.0,ZIMMER CORP,ZIM.1,0000109336,46826
"tff pharmaceuticals, inc",035611,fuzzy_extended,100.0,TFF PHARMACEUTICALS INC,TFFP,0001733413,19026
tc biopharm,039959,fuzzy_extended,100.0,TC BIOPHARM HOLDINGS PLC,TCBPY,0001872812,22801
invitae corporation,022867,fuzzy_extended,100.0,INVITAE CORP,NVTAQ,0001501134,15198
apollomics inc,039693,fuzzy_extended,100.0,APOLLOMICS INC,APLM,0001944885,23776
introgen therapeutics,140443,fuzzy_extended,100.0,INTROGEN THERAPEUTICS INC,INGNQ,0001018710,88730
kazia therapeutics limited,117116,fuzzy_extended,100.0,KAZIA THERAPEUTICS LIMITED,KZIA,0001075880,86581
"kendall healthcare group, ltd",006384,fuzzy_extended,100.0,KENDALL CO,KEN.1,0000055212,26868
eledon pharmaceuticals,031301,fuzzy_extended,100.0,ELEDON PHARMACEUTICALS INC,ELDN,0001404281,14937
"kiora pharmaceuticals, inc",021282,fuzzy_extended,100.0,KIORA PHARMACEUTICALS INC,KPRX,0001372514,15510
emerald clinical inc,030998,fuzzy_extended,100.0,EMERALD HOLDING INC,EEX,0001579214,16660
kdh research & communication,009071,fuzzy_extended,100.0,RESEARCH INC,RESRQ,0000216983,66545
"ainos, inc. (f/k/a amarillo biosciences inc",063446,fuzzy_extended,100.0,AINOS INC,AIMD,0001014763,83840
supira medical,022038,fuzzy_extended,96.29629629629629,SUPRA MEDICAL CORP,3SMDD,0000810822,77487
"johnson & johnson consumer products company division of johnson & johnson consumer companies, inc",006266,fuzzy_extended,100.0,JOHNSON & JOHNSON,JNJ,0000200406,22111
"johnson & johnson healthcare products division of mcneil-ppc, inc",006266,fuzzy_extended,100.0,JOHNSON & JOHNSON,JNJ,0000200406,22111
"endeavor biomedicines, inc",035245,fuzzy_extended,100.0,ENDEAVOR GROUP HOLDINGS,EDR,0001766363,20923
stryker south pacific,010115,fuzzy_extended,100.0,STRYKER CORP,SYK,0000310764,73139
davita clinical research,009071,fuzzy_extended,100.0,RESEARCH INC,RESRQ,0000216983,66545
celcuity inc,032356,fuzzy_extended,100.0,CELCUITY INC,CELC,0001603454,16923
"nielsen biosciences, inc",100873,fuzzy_extended,100.0,NIELSEN HOLDINGS PLC,NLSN,0001492633,12542
bright future pharmaceuticals factory o/b bright future pharmaceutical laboratories limited,247881,fuzzy_extended,93.87755102040816,GW PHARMACEUTICALS LIMITED,GWPH,0001351288,13926
"water pik, inc",126722,fuzzy_extended,100.0,WATER PIK TECHNOLOGIES INC,PIK.,0001094286,87449
"precigen, inc",018315,fuzzy_extended,100.0,PRECIGEN INC,PGEN,0001356090,14072
praecis pharmaceuticals inc,134685,fuzzy_extended,100.0,PRAECIS PHARMACEUTICALS INC,PRCS.1,0001033025,88190
cell>point llc,108457,fuzzy_extended,94.73684210526315,CELLPOINT INC,3CLPTQ,0001046607,88428
"remedy pharmaceuticals, inc",031622,fuzzy_extended,100.0,REMEDY CORP,RMDY,0000936653,81506
"boston intelligent medical research center, shenzhen united scheme technology co., ltd",015200,fuzzy_extended,100.0,BOSTON TECHNOLOGY INC,BSN.1,0000771470,75700
"rayzebio, inc",043289,fuzzy_extended,100.0,RAYZEBIO INC,RYZB,0001825367,24283
restorbio inc,032899,fuzzy_extended,100.0,RESTORBIO INC,TORC,,17272
"on target laboratories, llc",003813,fuzzy_extended,100.0,TARGET CORP,TGT,0000027419,49154
"nutrition 21, inc",012828,fuzzy_extended,100.0,NUTRITION 21 INC,NXXIQ,0000744962,10994
"sama pharmaceutical co., ltd",027756,fuzzy_extended,92.6829268292683,SHAMAN PHARMACEUTICALS INC,SHPH.1,0000891933,78839
"pfenex, inc",020798,fuzzy_extended,100.0,PFENEX INC,PFNX,0001478121,14774
pepgen inc,041225,fuzzy_extended,100.0,PEPGEN INC,PEPG,0001835597,23117
viveve inc,021838,fuzzy_extended,100.0,VIVEVE MEDICAL INC,VIVE,0000879682,16112
"cardiorenal systems, inc",025013,fuzzy_extended,100.0,PLC SYSTEMS INC,PLCSF,,77568
"regenerx biopharmaceuticals, inc",012942,fuzzy_extended,100.0,REGENERX BIOPHARMACEUTICALS,RGRX,0000707511,90626
"nikang therapeutics, inc",028209,fuzzy_extended,93.33333333333333,ANIKA THERAPEUTICS INC,ANIK,0000898437,79150
paragonix technologies,009323,fuzzy_extended,95.23809523809524,PARAGON TECHNOLOGIES INC,PGNT,0000090045,68233
"ppd development, lp",008246,fuzzy_extended,100.0,PPD CORP,PKGP.1,,60477
"cda research group, inc",009071,fuzzy_extended,100.0,RESEARCH INC,RESRQ,0000216983,66545
richmond research institute,009071,fuzzy_extended,100.0,RESEARCH INC,RESRQ,0000216983,66545
"oncternal therapeutics, inc",035320,fuzzy_extended,100.0,ONCTERNAL THERAPEUTICS INC,ONCT,0001260990,90031
celltex therapeutics corporation,179598,fuzzy_extended,95.0,CELLDEX THERAPEUTICS INC,CLDX,0000744218,10258
orapharma,132641,fuzzy_extended,100.0,ORAPHARMA INC,OPHM,0001028065,87798
"sfj pharmaceuticals, inc",028470,fuzzy_extended,92.6829268292683,RA PHARMACEUTICALS INC,RARX,0001481512,16398
better therapeutics,039994,fuzzy_extended,100.0,BETTER THERAPEUTICS INC,BTTX,0001832415,20844
nova pneuma inc,133905,fuzzy_extended,100.0,NOVA LTD,NVMI,0001109345,88181
nova laboratories limited,133905,fuzzy_extended,100.0,NOVA LTD,NVMI,0001109345,88181
northwest biotherapeutics,144887,fuzzy_extended,100.0,NORTHWEST BIOTHERAPEUTICS,NWBO,0001072379,89277
opthea limited,211559,fuzzy_extended,100.0,OPTHEA LTD,OPT,0001815620,19982
"sgx pharmaceuticals, inc",165650,fuzzy_extended,100.0,SGX PHARMACEUTICALS INC,SGXP,0001125603,91101
"scm lifescience co., ltd",009316,fuzzy_extended,100.0,SCM CORP,SCM.2,0000087840,20474
"prism pharma co., ltd",025112,fuzzy_extended,100.0,PRISM GROUP INC,3PRSME,0000856981,77933
prevail therapeutics,035266,fuzzy_extended,100.0,PREVAIL THERAPEUTICS INC,PRVL,0001714798,18782
"pharmathene, inc",164510,fuzzy_extended,100.0,PHARMATHENE INC,PIP,,90926
r.j. reynolds vapor company,011110,fuzzy_extended,100.0,VAPOR CORP,VAPO.1,0000102986,80275
"china resources sanjiu medical & pharmaceutical co., ltd",025699,fuzzy_extended,100.0,MEDICAL RESOURCES INC,MRIIQ,0000725151,77883
"oncoethix gmbh, a subsidiary of merck & co., inc. (rahway, new jersey usa)",007257,fuzzy_extended,100.0,MERCK & CO,MRK,0000310158,22752
viatris specialty llc,007637,fuzzy_extended,100.0,VIATRIS INC,VTRS,0001792044,20057
"c4 therapeutics, inc",037081,fuzzy_extended,100.0,C4 THERAPEUTICS INC,CCCC,0001662579,19953
"acessa health, inc",024948,fuzzy_extended,94.11764705882354,ACCESS HEALTH INC,ACCS.1,0000882304,77352
reunion neuroscience inc,037173,fuzzy_extended,100.0,REUNION NEUROSCIENCE INC,REUN,0001865482,21714
orchard therapeutics,034361,fuzzy_extended,100.0,ORCHARD THERAPEUTICS PLC,ORTX,0001748907,18208
centessa pharmaceuticals (uk) limited,038805,fuzzy_extended,100.0,CENTESSA PHARMACEUTICALS PLC,CNTA,0001847903,21278
biopure corporation,122315,fuzzy_extended,100.0,BIOPURE CORP,BPURQ,0000815508,87057
"vedanta biosciences, inc",208323,fuzzy_extended,100.0,VEDANTA LTD,VEDL,0001370431,14140
outset medical,036885,fuzzy_extended,100.0,OUTSET MEDICAL INC,OM,0001484612,19653
"santalis pharmaceuticals, inc",036301,fuzzy_extended,92.85714285714286,ZENTALIS PHARMACEUTICALS INC,ZNTL,0001725160,19356
plus therapeutics,254096,fuzzy_extended,100.0,PLUS THERAPEUTICS INC,PSTV,0001095981,91021
perfect care distribution,037669,fuzzy_extended,100.0,PERFECT CORP,PERF,0001899830,23498
perrigo csci,024782,fuzzy_extended,100.0,PERRIGO CO PLC,PRGO,0001585364,77182
"outlook therapeutics, inc",026817,fuzzy_extended,100.0,OUTLOOK THERAPEUTICS INC,OTLK,0001649989,16104
olistic research labs s.l,009071,fuzzy_extended,100.0,RESEARCH INC,RESRQ,0000216983,66545
"turnstone biologics, corp",043137,fuzzy_extended,100.0,TURNSTONE BIOLOGICS CORP,TSBX,0001764974,24080
"neurana pharmaceuticals, inc",028470,fuzzy_extended,92.6829268292683,RA PHARMACEUTICALS INC,RARX,0001481512,16398
prothena biosciences limited,016745,fuzzy_extended,100.0,PROTHENA CORPORATION PLC,PRTA,0001559053,13706
"chattem, inc",002950,fuzzy_extended,100.0,CHATTEM INC,CHTT,0000019520,22905
ohr pharmaceutical inc,160578,fuzzy_extended,100.0,OHR PHARMACEUTICAL INC,OHRP,,13965
"caribou biosciences, inc",039291,fuzzy_extended,97.77777777777777,CARIBOU BIOSCIENCE INC,CRBU,0001619856,21707
bioblast pharma ltd,019772,fuzzy_extended,100.0,BIOBLAST PHARMA LTD,ORPN,,14826
"pdl biopharma, inc",024878,fuzzy_extended,100.0,PDL BIOPHARMA INC,PDLI,0000882104,77292
adicet therapeutics,039508,fuzzy_extended,94.44444444444444,DICE THERAPEUTICS INC,DICE,0001645569,21926
"provectus biopharmaceuticals, inc",009330,fuzzy_extended,100.0,PROVECTUS BIOPHARMACEUTICALS,PVCT,0000315545,68276
"bioage labs, inc",050567,fuzzy_extended,100.0,BIOAGE LABS INC,BIOA,0001709941,25550
blue note therapeutics,155758,fuzzy_extended,100.0,BLUE HOLDINGS INC,BLHI,0001139683,91170
"opexa therapeutics, inc",125531,fuzzy_extended,100.0,OPEXA THERAPEUTICS INC,OPXA,,91471
rhythm diagnostic systems,025013,fuzzy_extended,100.0,PLC SYSTEMS INC,PLCSF,,77568
sonnet biotherapeutics,036356,fuzzy_extended,100.0,SONNET BIOTHERAPEUTICS HOLD,SONN,0001106838,13455
"odonate therapeutics, inc",032795,fuzzy_extended,100.0,ODONATE INC,ODTC,0001717452,17154
spear pharmaceuticals,030368,fuzzy_extended,93.02325581395348,SPARTA PHARMACEUTICALS INC,3SPTA.,0000884019,80663
"vgx pharmaceuticals, llc",165650,fuzzy_extended,94.73684210526315,SGX PHARMACEUTICALS INC,SGXP,0001125603,91101
"chakshu research, inc",009071,fuzzy_extended,100.0,RESEARCH INC,RESRQ,0000216983,66545
"sound surgical technologies, llc",022264,fuzzy_extended,100.0,SURGICAL TECHNOLOGIES INC,SGTI.,,76174
"quintiles, inc",030095,fuzzy_extended,100.0,QUINTILES TRANSNATIONAL CORP,0573B,0000919623,80470
tethis s.p.a,001059,fuzzy_extended,100.0,A P S INC,APS.1,,58958
ondine research laboratories,009071,fuzzy_extended,100.0,RESEARCH INC,RESRQ,0000216983,66545
quoin pharmaceuticals,351038,fuzzy_extended,100.0,QUOIN PHARMACEUTICALS LTD,QNRX,0001671502,16161
painreform ltd,036824,fuzzy_extended,100.0,PAINREFORM LTD,PRFX,0001801834,19840
"centocor research & development, inc",002846,fuzzy_extended,100.0,CENTOCOR INC,CNTO.,0000708823,22016
rex medical,063182,fuzzy_extended,95.65217391304348,TREX MEDICAL CORP,TXM.2,0001003539,83613
sky labs,031137,fuzzy_extended,100.0,SKY PLC,BSY.1,0000932793,81121
american gene technologies international inc,001487,fuzzy_extended,100.0,AMERICAN INTERNATIONAL GROUP,AIG,0000005272,66800
rion inc,010741,fuzzy_extended,94.11764705882354,TRION INC,TRON.,0000099802,77367
the skin center dermatology group,011151,fuzzy_extended,100.0,GROUP INC (THE),THEG,,80603
life molecular imaging gmbh,006719,fuzzy_extended,100.0,LIFE IMAGING CORP,LIFQC,0001105538,49462
smith & nephew medical (shanghai) ltd,101317,fuzzy_extended,100.0,SMITH & NEPHEW PLC,SNN,0000845982,87444
"olix pharmaceuticals, inc",012180,fuzzy_extended,93.61702127659575,OSI PHARMACEUTICALS INC,OSIP,0000729922,10143
"flex pharma, inc",022673,fuzzy_extended,100.0,FLEX PHARMA INC,FLKS,,15177
lipomedix pharmaceuticals inc,028470,fuzzy_extended,92.6829268292683,RA PHARMACEUTICALS INC,RARX,0001481512,16398
"the united bio-technology (hengqin) co., ltd",011151,fuzzy_extended,100.0,GROUP INC (THE),THEG,,80603
"rinovum women's health, inc",010949,fuzzy_extended,92.3076923076923,U S HEALTH INC,USHI,0000726494,79127
the smartpill corporation,011151,fuzzy_extended,100.0,GROUP INC (THE),THEG,,80603
olympus surgical technologies europe,022264,fuzzy_extended,100.0,SURGICAL TECHNOLOGIES INC,SGTI.,,76174
ceribell inc,050525,fuzzy_extended,100.0,CERIBELL INC,CBLL,0001861107,25716
solta medical,175913,fuzzy_extended,100.0,SOLTA MEDICAL INC,SLTM,0001171298,91623
"on-x life technologies, inc",012592,fuzzy_extended,100.0,LIFE TECHNOLOGIES INC,3LTEK,0000727737,10713
lensar incorporated,036929,fuzzy_extended,100.0,LENSAR INC,LNSR,0001320350,19680
leidos life sciences,006721,fuzzy_extended,100.0,LIFE SCIENCES INC,LFSCQ,0000059401,49526
syneurx international (taiwan) corp,005865,fuzzy_extended,92.3076923076923,IU INTERNATIONAL CORP,IU,0000052835,24045
palisade bio,038711,fuzzy_extended,100.0,PALISADE BIO INC,PALI,0001357459,92252
"ambrx, inc",039018,fuzzy_extended,100.0,AMBRX BIOPHARMA INC,AMAM,0001990550,24378
epimmune,024728,fuzzy_extended,100.0,EPIMMUNE INC,EPMN,,77097
immuron ltd,247374,fuzzy_extended,100.0,IMMURON LTD,IMRN,0001660046,16787
the searle company limited pakistan,011151,fuzzy_extended,100.0,GROUP INC (THE),THEG,,80603
"y's therapeutics, inc",034135,fuzzy_extended,94.73684210526315,Y MABS THERAPEUTICS INC,YMAB,0001722964,18133
distribuidora biolife sa de cv,163863,fuzzy_extended,100.0,CV HOLDINGS INC,CVHL,0001330969,91438
hoechst marion roussel,100049,fuzzy_extended,100.0,HOECHST AG,HOE,0000047824,85335
"biota pharmaceuticals, inc",181794,fuzzy_extended,96.15384615384616,BIOSTAR PHARMACEUTICALS INC,BSPM,0001418133,93344
somerset pharmaceuticals,012738,fuzzy_extended,100.0,SOMERSET GROUP INC,SOMR,,10194
"ritter pharmaceuticals, inc",023422,fuzzy_extended,100.0,RITTER PHARMACEUTICALS INC,RTTR,,15436
"carbylan therapeutics, inc",022698,fuzzy_extended,100.0,CARBYLAN THERAPEUTICS INC,CBYL,,15285
"verona pharma, inc., a subsidiary of merck & co., inc. (rahway, new jersey usa",007257,fuzzy_extended,100.0,MERCK & CO,MRK,0000310158,22752
"eqrx international, inc",038187,fuzzy_extended,100.0,EQRX INC,EQRX,0001843762,21277
stryker sustainability solutions,010115,fuzzy_extended,100.0,STRYKER CORP,SYK,0000310764,73139
"kai medical, inc",012227,fuzzy_extended,93.33333333333333,ATI MEDICAL INC,7622B,0000737276,10287
"svelte medical systems, inc",025013,fuzzy_extended,100.0,PLC SYSTEMS INC,PLCSF,,77568
"zai lab (hong kong), ltd",032334,fuzzy_extended,100.0,ZAI LAB LTD,ZLAB,0001704292,16938
zymeworks bc inc,031059,fuzzy_extended,100.0,ZYMEWORKS INC,ZYME,0001937653,16668
castle biosciences incorporated,035396,fuzzy_extended,100.0,CASTLE BIOSCIENCES INC,CSTL,0001447362,18832
"k-group alpha, inc., a wholly owned subsidiary of zentalis pharmaceuticals, inc",036301,fuzzy_extended,100.0,ZENTALIS PHARMACEUTICALS INC,ZNTL,0001725160,19356
air liquide sa,006757,fuzzy_extended,95.23809523809524,LIQUID AIR CORP,LANA,0000059743,49825
biophytis,320061,fuzzy_extended,100.0,BIOPHYTIS SA,BPTSY,0001768946,20579
"juniper pharmaceuticals, inc",014597,fuzzy_extended,100.0,JUNIPER PHARMACEUTICALS INC,JNP,0000821995,12149
stochastic research technologies llc,009071,fuzzy_extended,100.0,RESEARCH INC,RESRQ,0000216983,66545
aco hud nordic ab,007924,fuzzy_extended,100.0,NORDIC LIMITED INC,NORLE,,57825
respirerx,016480,fuzzy_extended,100.0,RESPIRERX PHARMACEUTICALS,RSPI,0000849636,75962
"arrivent biopharma, inc",043861,fuzzy_extended,100.0,ARRIVENT BIOPHARMA INC,AVBP,0001868279,24693
"reproductive research technologies, lp",009071,fuzzy_extended,100.0,RESEARCH INC,RESRQ,0000216983,66545
anderson clinical research,009071,fuzzy_extended,100.0,RESEARCH INC,RESRQ,0000216983,66545
renovorx,039411,fuzzy_extended,100.0,RENOVORX INC,RNXT,0001574094,21875
surgical information sciences inc,113272,fuzzy_extended,100.0,INFORMATION HOLDINGS INC,IHI.1,0001063744,86307
engelhard arzneimittel gmbh & co.kg,004371,fuzzy_extended,100.0,ENGELHARD CORP,EC.2,0000352947,62834
enliven therapeutics,036204,fuzzy_extended,100.0,ENLIVEN THERAPEUTICS INC,ELVN,0001672619,19313
"renalytix ai, inc",329141,fuzzy_extended,100.0,RENALYTIX PLC,RNLXY,0001811115,19570
janux therapeutics,038857,fuzzy_extended,100.0,JANUX THERAPEUTICS INC,JANX,0001817713,21563
"aeon biopharma, inc",037857,fuzzy_extended,100.0,AEON BIOPHARMA INC,AEON,0001837607,21086
"viracta therapeutics, inc",023813,fuzzy_extended,100.0,VIRACTA THERAPEUTICS INC,VIRX,0001061027,90907
cardiol therapeutics inc,034570,fuzzy_extended,100.0,CARDIOL THERAPEUTICS INC,CRDL,0001702123,21836
repare therapeutics,036556,fuzzy_extended,97.29729729729729,REPARE THERAPEUTIC INC,RPTX,0001808158,19491
"aires pharmaceuticals, inc",037495,fuzzy_extended,95.83333333333333,ARS PHARMACEUTICALS INC,SPRY,0001671858,20318
"vincerx pharma, inc",037592,fuzzy_extended,100.0,VINCERX PHARMA INC,VINC,0001796129,19401
pmd solutions,144437,fuzzy_extended,92.3076923076923,PDF SOLUTIONS INC,PDFS,0001120914,89044
johnson & johnson medical (shanghai) ltd,006266,fuzzy_extended,100.0,JOHNSON & JOHNSON,JNJ,0000200406,22111
johnson & johnson k.k. medical company,006266,fuzzy_extended,100.0,JOHNSON & JOHNSON,JNJ,0000200406,22111
tearlab corporation,161071,fuzzy_extended,100.0,TEARLAB CORP,TEAR,0001299139,90488
aradigm corporation,063081,fuzzy_extended,100.0,ARADIGM CORP,ARDMQ,0001013238,83622
tcelltech inc,201088,fuzzy_extended,94.11764705882354,CELLTECH GROUP PLC,CLL,0000877799,87531
"taysha gene therapies, inc",037013,fuzzy_extended,93.61702127659575,TAYSHA GENE THERPS INC,TSHA,0001806310,19847
pharmatech,178106,fuzzy_extended,100.0,WUXI PHARMATECH (CAYMAN)-ADR,WX,0001403132,92258
hummingbird bioscience,028711,fuzzy_extended,100.0,HUMMINGBIRD LTD,HUMC,0000919548,80453
finch research and development llc,009071,fuzzy_extended,100.0,RESEARCH INC,RESRQ,0000216983,66545
arvinas inc,034077,fuzzy_extended,100.0,ARVINAS INC,ARVN,0001655759,18100
"kyowa kirin china pharmaceutical co., ltd",018729,fuzzy_extended,100.0,KIRIN HOLDINGS CO LTD,KNBWY,0000800901,47897
spinchip diagnostics asa,001849,fuzzy_extended,100.0,ASA HOLDINGS INC,ASAI.,0001023944,15684
canbridge life sciences ltd,006721,fuzzy_extended,100.0,LIFE SCIENCES INC,LFSCQ,0000059401,49526
"ltn pharmaceuticals, inc",038664,fuzzy_extended,95.65217391304348,TNF PHARMACEUTICALS INC,TNFA,0001321834,14419
optimal acuity corporation,063857,fuzzy_extended,100.0,OPTIMAL GROUP INC,OPMR,0001015923,84114
lca pharmaceutical,006516,fuzzy_extended,100.0,LCA CORP,LCA.1,,53532
rein therapeutics,031656,fuzzy_extended,100.0,REIN THERAPEUTICS INC,RNTX,0001420565,16776
lapix therapeutics inc,029914,fuzzy_extended,93.02325581395348,LEAP THERAPEUTICS INC,LPTX,0001509745,16542
tenaya therapeutics,039204,fuzzy_extended,100.0,TENAYA THERAPEUTICS INC,TNYA,0001858848,21779
actuate therapeutics inc,045390,fuzzy_extended,100.0,ACTUATE THERAPEUTICS INC,ACTU,0001652935,25392
kineta inc,037588,fuzzy_extended,100.0,KINETA INC,KANT,0001445283,15950
eleison pharmaceuticals llc,031301,fuzzy_extended,93.33333333333333,ELEDON PHARMACEUTICALS INC,ELDN,0001404281,14937
immunoe research centers,009071,fuzzy_extended,100.0,RESEARCH INC,RESRQ,0000216983,66545
inquis clinical research,009071,fuzzy_extended,100.0,RESEARCH INC,RESRQ,0000216983,66545
io biotech,039899,fuzzy_extended,100.0,IO BIOTECH INC,IOBT,0001865494,22312
envoy medical corporation,038030,fuzzy_extended,100.0,ENVOY MEDICAL INC,COCH,0001840877,21019
kensey nash corporation,061703,fuzzy_extended,100.0,KENSEY NASH CORP,KNSY,0001002811,82717
"relay therapeutics, inc",036677,fuzzy_extended,100.0,RELAY THERAPEUTICS INC,RLAY,0001812364,19501
anaconda biomed s.l,001628,fuzzy_extended,100.0,ANACONDA CO,A.2,,10495
"artiva biotherapeutics, inc",038617,fuzzy_extended,100.0,ARTIVA BIOTHERAPEUTICS INC,ARTV,0001817241,25327
bionova pharmaceuticals (shanghai) ltd,063674,fuzzy_extended,100.0,BIONOVA HOLDING CORP,BVAH,0001020866,83930
"cellmed ag, a subsidiary of btg plc",031194,fuzzy_extended,100.0,BTG INC,BTGI.,0000932279,81146
"jade biosciences, inc",038987,fuzzy_extended,100.0,JADE BIOSCIENCES INC,JBIO,0001798749,21518
"biodesix, inc",037134,fuzzy_extended,100.0,BIODESIX INC,BDSX,0001439725,19948
"promentis pharmaceuticals, inc",028470,fuzzy_extended,92.6829268292683,RA PHARMACEUTICALS INC,RARX,0001481512,16398
sequus pharmaceuticals,013393,fuzzy_extended,100.0,SEQUUS PHARMACEUTICALS INC,SEQU.1,0000812444,11346
"treace medical concepts, inc",038558,fuzzy_extended,92.0,TREACE MEDIC CNCPTS INC,TMCI,0001630627,21105
aerogen pharma limited,141097,fuzzy_extended,100.0,AEROGEN INC,3AEGN,0001039160,88785
acura pharmaceuticals inc,011929,fuzzy_extended,100.0,ACURA PHARMACEUTICALS INC,ACUR,0000786947,10116
"crown laboratories, inc",025273,fuzzy_extended,100.0,CROWN LABORATORIES INC/DE,CLWB,0000847385,80383
"modex therapeutics, an opko health company",061490,fuzzy_extended,100.0,OPKO HEALTH INC,OPK,0000944809,82567
genelabs technologies,024179,fuzzy_extended,100.0,GENELABS TECHNOLOGIES INC,GNLB,0000874443,76699
greenbone ortho s.p.a,001059,fuzzy_extended,100.0,A P S INC,APS.1,,58958
"westlake pharmaceuticals (hangzhou) co., ltd",160684,fuzzy_extended,100.0,WESTLAKE CORP,WLK,0001262823,90312
"salarius pharmaceuticals, llc",035477,fuzzy_extended,100.0,SALARIUS PHARMACEUTICALS INC,SLRX,0001615219,15177
groupe sebbin,064146,fuzzy_extended,100.0,GROUPE AB SA,ABG.2,0001027077,84368
creative medical technology holdings inc,025773,fuzzy_extended,100.0,CREATIVE TECHNOLOGY LTD,CREAF,0000888295,78775
curagen corporation,066698,fuzzy_extended,100.0,CURAGEN CORP,CRGN,0001030653,85864
"apexigen america, inc",036869,fuzzy_extended,100.0,APEXIGEN INC,APGN,0001814140,20574
probiotical s.p.a,001059,fuzzy_extended,100.0,A P S INC,APS.1,,58958
uni-pharma kleon tsetis pharmaceutical laboratories s.a,118444,fuzzy_extended,93.33333333333333,U S LABORATORIES INC,USLB.1,0001068891,86737
cv technologies,163863,fuzzy_extended,100.0,CV HOLDINGS INC,CVHL,0001330969,91438
q32 bio inc,033240,fuzzy_extended,100.0,Q32 BIO INC,QTTB,0001661998,17358
"vividion therapeutics, inc",030311,fuzzy_extended,92.0,VIRIDIAN THERAPEUTICS INC,VRDN,0001590750,14708
nordic nanovector,007924,fuzzy_extended,100.0,NORDIC LIMITED INC,NORLE,,57825
exscientia ai limited,039636,fuzzy_extended,100.0,EXSCIENTIA PLC,EXAI,0001865408,22203
"nordic pharma, usa",007924,fuzzy_extended,100.0,NORDIC LIMITED INC,NORLE,,57825
"tnf pharmaceuticals, inc",038664,fuzzy_extended,100.0,TNF PHARMACEUTICALS INC,TNFA,0001321834,14419
evasc medical systems corp,025013,fuzzy_extended,100.0,PLC SYSTEMS INC,PLCSF,,77568
"zimmer, gmbh",011685,fuzzy_extended,100.0,ZIMMER CORP,ZIM.1,0000109336,46826
"verve therapeutics, inc",038908,fuzzy_extended,100.0,VERVE THERAPEUTICS INC,VERV,0001840574,21589
"nkarta, inc",036642,fuzzy_extended,100.0,NKARTA INC,NKTX,0001787400,19499
indena s.p.a,001059,fuzzy_extended,100.0,A P S INC,APS.1,,58958
guna s.p.a,001059,fuzzy_extended,100.0,A P S INC,APS.1,,58958
tr therapeutics,034600,fuzzy_extended,93.75,TCR2 THERAPEUTICS INC,TCRR,0001750019,18415
allurion technologies,037819,fuzzy_extended,100.0,ALLURION TECHNOLOGIES INC,ALUR,0001964979,24086
alpha - bio tec ltd,010276,fuzzy_extended,100.0,TEC INC,TCK.1,,59790
"nanostring technologies, inc",018009,fuzzy_extended,100.0,NANOSTRING TECHNOLOGIES INC,NSTGQ,0001401708,13962
coaptech,002741,fuzzy_extended,93.33333333333333,CAPTECH INC,CPTH.,0000201374,21312
"vaxxinity, inc",039868,fuzzy_extended,100.0,VAXXINITY INC,VAXX,0001851657,22351
"conbio, a cynosure company",164664,fuzzy_extended,100.0,CYNOSURE INC,CYNO,0000885306,91020
beijing union pharmaceutical factory ltd,010859,fuzzy_extended,100.0,UNION CORP,UCO.,0000100817,44433
globeimmune,012257,fuzzy_extended,100.0,GLOBEIMMUNE INC,GBIM,0001245104,14801
"glock health, science and research gmbh",009071,fuzzy_extended,100.0,RESEARCH INC,RESRQ,0000216983,66545
perspective therapeutics,012818,fuzzy_extended,100.0,PERSPECTIVE THERAPEUTICS INC,CATX,0000728387,22323
"genprex, inc",032254,fuzzy_extended,100.0,GENPREX INC,GNPX,0001595248,17360
"geovax, inc",024966,fuzzy_extended,100.0,GEOVAX LABS INC,GOVX,0000832489,19832
"neuraltus pharmaceuticals, inc",028470,fuzzy_extended,92.6829268292683,RA PHARMACEUTICALS INC,RARX,0001481512,16398
gibson institute of cognitive research,009071,fuzzy_extended,100.0,RESEARCH INC,RESRQ,0000216983,66545
"akorn, inc",014304,fuzzy_extended,100.0,AKORN OPERATING COMPANY LLC,AKRXQ,0000003116,10180
perrigo nutritionals,024782,fuzzy_extended,100.0,PERRIGO CO PLC,PRGO,0001585364,77182
"navitor pharmaceuticals, inc",028470,fuzzy_extended,92.6829268292683,RA PHARMACEUTICALS INC,RARX,0001481512,16398
"gentuity, llc",137357,fuzzy_extended,93.33333333333333,GENUITY INC,GENUQ,0001110794,88345
"cognito therapeutics, inc",039290,fuzzy_extended,96.0,COGNITION THERAPEUTICS INC,CGTX,0001455365,22194
turtle shell technologies pvt. ltd,012384,fuzzy_extended,100.0,SHELL PLC,SHEL,0001306965,90794
"seelos therapeutics, inc",034709,fuzzy_extended,100.0,SEELOS THERAPEUTICS INC,SEELQ,0001017491,88177
blue marble rehab inc,155758,fuzzy_extended,100.0,BLUE HOLDINGS INC,BLHI,0001139683,91170
genitope corporation,155615,fuzzy_extended,100.0,GENITOPE CORP,GTOPQ,0001028358,89865
"accelerate diagnostics, inc",021118,fuzzy_extended,100.0,ACCELERATE DIAGNOSTICS INC,AXDXQ,0000727207,84184
"neurotrope bioscience, inc",018638,fuzzy_extended,100.0,NEUROTROPE INC,NTRP.,0001513856,16639
"grand theravac life sciences (nanjing) co., ltd",006721,fuzzy_extended,100.0,LIFE SCIENCES INC,LFSCQ,0000059401,49526
"tvardi therapeutics, incorporated",019154,fuzzy_extended,100.0,TVARDI THERAPEUTICS INC,TVRD,0001346830,14422
"nacuity pharmaceuticals, inc",028470,fuzzy_extended,92.6829268292683,RA PHARMACEUTICALS INC,RARX,0001481512,16398
"convergent engineering, inc",003485,fuzzy_extended,100.0,CONVERGENT INC,CVGT,0000810906,27036
"neuronetrix, inc",160488,fuzzy_extended,93.33333333333333,NEUROMETRIX INC,NURO,0001289850,90288
nls pharmaceutics,036276,fuzzy_extended,100.0,NLS PHARMACEUTICS LTD,NLSP,0001783036,20442
"tricida, inc",033600,fuzzy_extended,100.0,TRICIDA INC,TCDAQ,0001595585,17900
"belite bio, inc",034025,fuzzy_extended,100.0,BELITE BIO INC -ADR,BLTE,0001889109,23010
prosomnus sleep technologies,038648,fuzzy_extended,100.0,PROSOMNUS INC,OSAPQ,0001934064,23627
"sichuan j.z. bio-chemical science and technology development co., ltd",010377,fuzzy_extended,100.0,TECHNOLOGY DEVELOPMENT CORP,TDCXE,0000770719,92364
deka research and development,009071,fuzzy_extended,100.0,RESEARCH INC,RESRQ,0000216983,66545
"rowpar pharmaceuticals, inc",028470,fuzzy_extended,92.6829268292683,RA PHARMACEUTICALS INC,RARX,0001481512,16398
"regado biosciences, inc",018072,fuzzy_extended,100.0,REGADO BIOSCIENCES INC,RGDO,,14101
"nuon therapeutics, inc",061673,fuzzy_extended,97.5609756097561,NUO THERAPEUTICS INC,AURX,0001091596,90750
siena biotech s.p.a,001059,fuzzy_extended,100.0,A P S INC,APS.1,,58958
"sigma-tau research, inc",009071,fuzzy_extended,100.0,RESEARCH INC,RESRQ,0000216983,66545
g & w laboratories inc,017157,fuzzy_extended,100.0,W HOLDING CO INC,WHCI,0001084887,93105
marea therapeutics,035648,fuzzy_extended,94.44444444444444,APREA THERAPEUTICS INC,APRE,0001781983,18997
"ausio pharmaceuticals, llc",063030,fuzzy_extended,92.6829268292683,CASI PHARMACEUTICALS INC,CASI,0001962738,83651
"gb002, inc., a wholly owned subsidiary of gossamer bio, inc",034578,fuzzy_extended,100.0,GOSSAMER BIO INC,GOSS,0001728117,18377
index pharmaceuticals,148169,fuzzy_extended,93.02325581395348,IDENIX PHARMACEUTICALS INC,IDIX,0001093649,90280
avera pharmaceuticals,163121,fuzzy_extended,93.02325581395348,VALERA PHARMACEUTICALS INC,VLRX.1,0001305409,91104
"annji pharmaceutical co., ltd",018204,fuzzy_extended,92.3076923076923,ANI PHARMACEUTICALS INC,ANIP,0001023024,89875
"novus therapeutics, inc",025377,fuzzy_extended,93.02325581395348,NEOS THERAPEUTICS INC,NEOS,0001467652,15531
"provention bio, a sanofi company",101204,fuzzy_extended,100.0,SANOFI,SNY,0001121404,89475
daxor corporation,003807,fuzzy_extended,100.0,DAXOR CORP,DXR,0000027367,29058
"shenzhen raysight intelligent medical technology co., ltd",042969,fuzzy_extended,100.0,INTELLIGENT GROUP LTD,INTJ,0001916416,24946
"harpoon therapeutics, inc., a subsidiary of merck & co., inc. (rahway, new jersey usa)",007257,fuzzy_extended,100.0,MERCK & CO,MRK,0000310158,22752
rubius therapeutics,033720,fuzzy_extended,100.0,RUBIUS THERAPEUTICS INC,RUBY,0001709401,17947
rose pharma sa,013281,fuzzy_extended,100.0,ROSE CORP,3TRSEF,0000351076,78404
"chase pharmaceuticals corporation, an affiliate of allergan plc",027845,fuzzy_extended,100.0,ALLERGAN PLC,AGN,0001578845,78916
"irhythm technologies, inc",028367,fuzzy_extended,100.0,IRHYTHM TECHNOLOGIES INC,IRTC,0001388658,16386
"vis, inc",001917,fuzzy_extended,93.33333333333333,AVIS INC,AVS.2,0000008848,55271
"sirtsei pharmaceuticals, inc",028470,fuzzy_extended,92.6829268292683,RA PHARMACEUTICALS INC,RARX,0001481512,16398
"thorne healthtech, inc",039278,fuzzy_extended,100.0,THORNE HEALTHTECH INC,THRN,0001844280,21967
lupin research inc,009071,fuzzy_extended,100.0,RESEARCH INC,RESRQ,0000216983,66545
adamis pharmaceuticals corporation,020042,fuzzy_extended,95.45454545454545,ADAMAS PHARMACEUTICALS INC,ADMS,0001328143,14589
quantum surgical,008867,fuzzy_extended,100.0,QUANTUM CORP,QMCO,0000709283,87043
macrocure ltd,021005,fuzzy_extended,100.0,MACROCURE LTD,MCUR,0001606012,14814
"intron biotechnology, inc",012479,fuzzy_extended,93.87755102040816,CISTRON BIOTECHNOLOGY INC,3CIST,0000793725,10601
pope research corporation,009071,fuzzy_extended,100.0,RESEARCH INC,RESRQ,0000216983,66545
rogers sciences inc,009216,fuzzy_extended,100.0,ROGERS CORP,ROG,0000084748,35991
animas corporation,260892,fuzzy_extended,100.0,ANIMAS CORP,PUMP.1,0001033660,90190
chemi s.p.a,001059,fuzzy_extended,100.0,A P S INC,APS.1,,58958
om pharma sa,029001,fuzzy_extended,100.0,OM GROUP INC,OMG,0000899723,79724
"chembio diagnostic systems, inc",025013,fuzzy_extended,100.0,PLC SYSTEMS INC,PLCSF,,77568
"alzamend neuro, inc",038791,fuzzy_extended,100.0,ALZAMEND NEURO INC,ALZN,0001677077,21513
mynd analytics,179111,fuzzy_extended,100.0,MYND ANALYTICS INC,MYND.1,,16825
quantum beauty kozmetik,008867,fuzzy_extended,100.0,QUANTUM CORP,QMCO,0000709283,87043
quantum biopharma,008867,fuzzy_extended,100.0,QUANTUM CORP,QMCO,0000709283,87043
"novadigm therapeutics, inc",026360,fuzzy_extended,100.0,NOVADIGM INC,NVDM,0000888358,81886
melt pharmaceuticals,106261,fuzzy_extended,92.6829268292683,ELITE PHARMACEUTICALS INC,ELTP,0001053369,87580
"aytu biopharma, inc",179461,fuzzy_extended,100.0,AYTU BIOPHARMA INC,AYTU,0001385818,16974
"novadaq technologies ulc, now a part of stryker",166224,fuzzy_extended,100.0,NOVADAQ TECHNOLOGIES INC,NVDQ.1,0001173293,13327
"dov pharmaceutical, inc",147201,fuzzy_extended,100.0,DOV PHARMACEUTICAL INC,DOVP,0001066833,89352
medtronic italia,007228,fuzzy_extended,100.0,MEDTRONIC PLC,MDT,0001613103,60097
medtronic corporate technologies and new ventures,007228,fuzzy_extended,100.0,MEDTRONIC PLC,MDT,0001613103,60097
"ray therapeutics, inc",036677,fuzzy_extended,95.23809523809524,RELAY THERAPEUTICS INC,RLAY,0001812364,19501
azitra inc,042984,fuzzy_extended,100.0,AZITRA INC,AZTR,0001701478,23951
validus pharmaceuticals,177996,fuzzy_extended,100.0,VALIDUS HOLDINGS LTD,VR.3,0001348259,92191
ability pharmaceuticals sl,026754,fuzzy_extended,100.0,ABILITY INC,ABILF,0001652866,14421
pharma holdings as,021452,fuzzy_extended,100.0,FORWARD PHARMA AS,FWPAY,0001712786,15009
"novalar pharmaceuticals, inc",028470,fuzzy_extended,92.6829268292683,RA PHARMACEUTICALS INC,RARX,0001481512,16398
"apogee therapeutics, inc",043091,fuzzy_extended,100.0,APOGEE THERAPEUTICS INC,APGE,0001974640,24064
danone japan,017452,fuzzy_extended,100.0,DANONE SA,DANOY,0001048515,85608
"pricara, unit of ortho-mcneil, inc",010877,fuzzy_extended,100.0,UNIT CORP,UNTC,0000798949,63781
"chinook therapeutics, inc",037168,fuzzy_extended,100.0,CHINOOK THERAPEUTICS INC,KDNY,0001435049,15282
gi view ltd,038271,fuzzy_extended,100.0,VIEW INC,VIEWQ,0001811856,19955
xcyte therapies,260919,fuzzy_extended,100.0,XCYTE THERAPIES INC,XCYTD,,90098
rapport therapeutics inc,045412,fuzzy_extended,100.0,RAPPORT THERAPEUTICS INC,RAPP,0002012593,25237
cantex pharmaceuticals,062382,fuzzy_extended,93.02325581395348,ASTEX PHARMACEUTICALS INC,ASTX,0000919722,83317
briacell therapeutics corporation,022358,fuzzy_extended,100.0,BRIACELL THERAPEUTICS CORP,BCTX,0001610820,20575
incannex healthcare ltd,284719,fuzzy_extended,100.0,INCANNEX HEALTHCARE INC,IXHL,0001873875,24591
utc therapeutics inc,174134,fuzzy_extended,95.0,PTC THERAPEUTICS INC,PTCT,0001070081,13967
"vireo systems, inc",025013,fuzzy_extended,100.0,PLC SYSTEMS INC,PLCSF,,77568
invivo therapeutics,185826,fuzzy_extended,100.0,INVIVO THERAPEUTICS HLDGS CO,NVIVQ,0001292519,15297
"talaria, inc",134764,fuzzy_extended,93.33333333333333,TALARIAN CORP,TALR.1,0000857914,88470
talkspace,039078,fuzzy_extended,100.0,TALKSPACE INC,TALK,0001803901,19556
immunotec inc,018983,fuzzy_extended,100.0,OXFORD IMMUNOTEC GLOBAL PLC,OXFD,0001586049,14319
pharmathene uk limited,164510,fuzzy_extended,100.0,PHARMATHENE INC,PIP,,90926
"tallikut pharmaceuticals, inc",028470,fuzzy_extended,92.6829268292683,RA PHARMACEUTICALS INC,RARX,0001481512,16398
"imprimis pharmaceuticals, inc",028470,fuzzy_extended,92.6829268292683,RA PHARMACEUTICALS INC,RARX,0001481512,16398
rallybio,039359,fuzzy_extended,100.0,RALLYBIO CORP,RLYB,0001739410,21759
immuneering corporation,039189,fuzzy_extended,100.0,IMMUNEERING CORP,IMRX,0001790340,21732
"zogenix mds, inc",179686,fuzzy_extended,100.0,ZOGENIX INC,ZGNX,0001375151,12413
hamilton medical ag,012299,fuzzy_extended,100.0,HAMILTON GROUP HOLDINGS INC,5763B,0000750637,10694
prism pharmaceuticals,025112,fuzzy_extended,100.0,PRISM GROUP INC,3PRSME,0000856981,77933
"tr1x, inc",163933,fuzzy_extended,93.33333333333333,TRX INC,TRXI,0001103025,90912
"pyxis oncology, inc",039683,fuzzy_extended,100.0,PYXIS ONCOLOGY INC,PYXS,0001782223,22229
viatris inc,007637,fuzzy_extended,100.0,VIATRIS INC,VTRS,0001792044,20057
"professional disposables international, inc",023552,fuzzy_extended,100.0,PROFESSIONAL HOLDING CORP,PFHD,0001630856,19252
guided therapeutics,065016,fuzzy_extended,100.0,GUIDED THERAPEUTICS INC,GTHP,0000924515,85212
precision life sciences group,006721,fuzzy_extended,100.0,LIFE SCIENCES INC,LFSCQ,0000059401,49526
harbinger health,061247,fuzzy_extended,100.0,HARBINGER CORP,HRBC,0000947116,82178
vertero therapeutics,027699,fuzzy_extended,92.3076923076923,ENTERO THERAPEUTICS INC,ENTO,0001604191,16377
hansen medical,175978,fuzzy_extended,100.0,HANSEN MEDICAL INC,HNSN,0001276591,91613
"iveena delivery systems, inc",025013,fuzzy_extended,100.0,PLC SYSTEMS INC,PLCSF,,77568
trimeris,065553,fuzzy_extended,100.0,TRIMERIS INC,TRMS,,85511
"global stem cell center, baghdad",038722,fuzzy_extended,100.0,STEM INC,STEM,0001758766,19919
"tyme, inc",023337,fuzzy_extended,100.0,TYME TECHNOLOGIES INC,TYME,0001537917,16834
prologue research international,009071,fuzzy_extended,100.0,RESEARCH INC,RESRQ,0000216983,66545
transport pharmaceuticals,182383,fuzzy_extended,92.0,TRANSCEPT PHARMACEUTICALS,TSPT,,91279
"trisalus life sciences, inc",006721,fuzzy_extended,100.0,LIFE SCIENCES INC,LFSCQ,0000059401,49526
"uc care, ltd",011007,fuzzy_extended,100.0,UC CORP,5851B,0000000051,62762
icos corporation,024110,fuzzy_extended,100.0,ICOS CORP,ICOS,0000874294,76693
"atai therapeutics, inc",150681,fuzzy_extended,93.02325581395348,OCATA THERAPEUTICS INC,OCAT,0001140098,15225
telix pharmaceuticals (innovations) pty ltd,325899,fuzzy_extended,100.0,TELIX PHARMACEUTICALS LTD,TLX,0002007191,25817
tempest therapeutics,039104,fuzzy_extended,100.0,TEMPEST THERAPEUTICS INC,TPST,0001544227,13883
ra medical systems,025013,fuzzy_extended,100.0,PLC SYSTEMS INC,PLCSF,,77568
"zynerba pharmaceuticals, inc",025128,fuzzy_extended,100.0,ZYNERBA PHARMACEUTICALS INC,ZYNE,0001621443,15646
"icosavax, inc",039358,fuzzy_extended,100.0,ICOSAVAX INC,ICVX,0001786255,21729
"invo bioscience, inc",137441,fuzzy_extended,94.73684210526315,ZIVO BIOSCIENCE INC,ZIVO,0001101026,21344
"pherin pharmaceuticals, inc",028470,fuzzy_extended,92.6829268292683,RA PHARMACEUTICALS INC,RARX,0001481512,16398
ichor medical systems incorporated,025013,fuzzy_extended,100.0,PLC SYSTEMS INC,PLCSF,,77568
"vigil neuroscience, inc",040307,fuzzy_extended,100.0,VIGIL NEUROSCIENCE INC,VIGL,0001827087,22689
"iveric bio, inc",018572,fuzzy_extended,100.0,IVERIC BIO INC,ISEE,0001410939,14167
"isto technologies, inc",014250,fuzzy_extended,93.02325581395348,NSTOR TECHNOLOGIES INC,NSO,0000075448,84666
isa pharmaceuticals,138662,fuzzy_extended,97.43589743589743,ISTA PHARMACEUTICALS INC,ISTA,0000930553,88535
theriva biologics sl,177764,fuzzy_extended,100.0,THERIVA BIOLOGICS INC,TOVX,0000894158,92130
polaris health directions,014311,fuzzy_extended,100.0,POLARIS INC,PII,0000931015,75182
quanta therapeutics,061111,fuzzy_extended,92.3076923076923,SEQUANA THERAPEUTICS INC,SQNA,0000946736,82216
ispecimen inc,037671,fuzzy_extended,100.0,ISPECIMEN INC,ISPC,0001558569,21562
pinnacle biologics inc,113494,fuzzy_extended,100.0,PINNACLE HOLDINGS INC,3BIGTQ,0001058986,86711
r3 stem cell,038722,fuzzy_extended,100.0,STEM INC,STEM,0001758766,19919
"pieris pharmaceuticals, inc",028470,fuzzy_extended,92.6829268292683,RA PHARMACEUTICALS INC,RARX,0001481512,16398
hologic deutschland gmbh,020904,fuzzy_extended,100.0,HOLOGIC INC,HOLX,0000859737,76095
the immune response corporation,011151,fuzzy_extended,100.0,GROUP INC (THE),THEG,,80603
the water street collective,011151,fuzzy_extended,100.0,GROUP INC (THE),THEG,,80603
medistim asa,001849,fuzzy_extended,100.0,ASA HOLDINGS INC,ASAI.,0001023944,15684
medtronic diabetes r&d denmark,007228,fuzzy_extended,100.0,MEDTRONIC PLC,MDT,0001613103,60097
xtl biopharmaceuticals,241335,fuzzy_extended,100.0,XTL BIOPHARMACEUTICALS,XTLB,0001696804,90917
medical developments international limited,037612,fuzzy_extended,93.33333333333333,TH INTERNATIONAL LIMITED,THCH,0001877333,23427
"s1 biopharma, inc",121053,fuzzy_extended,100.0,S1 CORP,SONE,0001063254,83554
median technologies,179648,fuzzy_extended,92.6829268292683,MEDIAMIND TECHNOLOGIES INC,MDMD,0001275791,12081
medical research laboratories international,009074,fuzzy_extended,100.0,RESEARCH MEDICAL INC,RMED.2,0000083306,66553
"novita pharmaceuticals, inc",021422,fuzzy_extended,94.11764705882354,VITAE PHARMACEUTICALS INC,VTAE,0001157602,14938
medtronic heart valves,007228,fuzzy_extended,100.0,MEDTRONIC PLC,MDT,0001613103,60097
wuhan humanwell innovative drug research and development center limited company,009071,fuzzy_extended,100.0,RESEARCH INC,RESRQ,0000216983,66545
mink therapeutics,039642,fuzzy_extended,100.0,MINK THERAPEUTICS INC,INKT,0001840229,22210
"valeritas, inc",023092,fuzzy_extended,100.0,VALERITAS HOLDINGS INC,VLRXQ,0001619250,16647
northstar neuroscience,166622,fuzzy_extended,100.0,NORTHSTAR NEUROSCIENCE INC,NSTR,0001351509,91280
"nova eye, inc",133905,fuzzy_extended,100.0,NOVA LTD,NVMI,0001109345,88181
mfb fertility,029940,fuzzy_extended,100.0,MFB CORP,MFBC,0000916396,80338
"ventyx biosciences, inc",039774,fuzzy_extended,100.0,VENTYX BIOSCIENCES INC,VTYX,0001851194,22256
sinclair pharmaceuticals limited,060800,fuzzy_extended,100.0,SINCLAIR INC,SBGI,0001971213,81740
"mdd us operations, llc a subsidiary of supernus pharmaceuticals",186159,fuzzy_extended,100.0,SUPERNUS PHARMACEUTICALS INC,SUPN,0001356576,13410
luminex molecular diagnostics,133504,fuzzy_extended,100.0,LUMINEX CORP,LMNX,0001033905,87789
"ocera therapeutics, inc",018350,fuzzy_extended,100.0,OCERA THERAPEUTICS INC,OCRX,0001274644,12698
"ocuterra therapeutics, inc",018350,fuzzy_extended,93.61702127659575,OCERA THERAPEUTICS INC,OCRX,0001274644,12698
mallinckrodt ard llc,006096,fuzzy_extended,100.0,MALLINCKRODT INC,MKG,0000051396,12511
vsl pharmaceuticals,034160,fuzzy_extended,94.73684210526315,RVL PHARMACEUTICALS PLC,RVLPQ,0001739426,18209
nuo therapeutics,061673,fuzzy_extended,100.0,NUO THERAPEUTICS INC,AURX,0001091596,90750
shulov innovate for science ltd. 2012,063952,fuzzy_extended,100.0,INNOVATE CORP,VATE,0001006837,12877
"vaccine company, inc",008212,fuzzy_extended,100.0,AMERICAN VACCINE CORP,AMVX,0000769343,90764
medvadis research corporation,009071,fuzzy_extended,100.0,RESEARCH INC,RESRQ,0000216983,66545
matrix pharmaceutical,024877,fuzzy_extended,100.0,MATRIX PHARMACEUTICAL INC,MATX.1,0000882194,77291
"nuvectis pharma, inc",039839,fuzzy_extended,100.0,NUVECTIS PHARMA INC,NVCT,0001875558,22785
"nutrisystem, inc",031227,fuzzy_extended,100.0,NUTRISYSTEM INC,NTRI,0001096376,88379
"nutrifood research center, jakarta, indonesia",009071,fuzzy_extended,100.0,RESEARCH INC,RESRQ,0000216983,66545
sos oxygene mediterranee,037429,fuzzy_extended,100.0,SOS LIMITED,SOS,0001346610,16656
lument ab,016884,fuzzy_extended,100.0,LUMENT FINANCE TRUST INC,LFT,0001547546,13809
"neurologix, inc",062954,fuzzy_extended,92.3076923076923,UROLOGIX INC,ULGX,0000882873,83575
sana biotechnology,037925,fuzzy_extended,97.14285714285714,SANA BIOTCHNOLOGY INC,SANA,0001770121,20468
"werewolf therapeutics, inc",038625,fuzzy_extended,93.61702127659575,WEREWOLF THERAPTCS INC,HOWL,0001785530,21060
neurogen corporation,019069,fuzzy_extended,100.0,NEUROGEN CORP,NRGN,0000849043,76000
mycomedica life sciences pbc,006721,fuzzy_extended,100.0,LIFE SCIENCES INC,LFSCQ,0000059401,49526
mycovia pharmaceuticals inc,028470,fuzzy_extended,92.6829268292683,RA PHARMACEUTICALS INC,RARX,0001481512,16398
"samaritan pharmaceuticals, inc",065832,fuzzy_extended,100.0,SAMARITAN PHARMACEUTICALS,SPHC,0001057377,90311
secondwave systems inc,025013,fuzzy_extended,100.0,PLC SYSTEMS INC,PLCSF,,77568
mustang bio,032347,fuzzy_extended,100.0,MUSTANG BIO INC,MBIO,0001680048,16903
"navigator medicines, inc",017408,fuzzy_extended,100.0,NAVIGATOR HOLDINGS LTD,NVGS,0001581804,14301
"navire pharma inc., a bridgebio company",035264,fuzzy_extended,100.0,BRIDGEBIO PHARMA INC,BBIO,0001743881,18770
neosense technologies,065692,fuzzy_extended,92.3076923076923,SENSE TECHNOLOGIES INC,SNSGF,0001077638,88374
"napo pharmaceuticals, inc",184465,fuzzy_extended,93.87755102040816,AMPIO PHARMACEUTICALS INC,AMPE,0001411906,12789
"nanogen, inc",109425,fuzzy_extended,100.0,NANOGEN INC,NGEN,0001030339,85995
neurohealing pharmaceuticals inc,028470,fuzzy_extended,92.6829268292683,RA PHARMACEUTICALS INC,RARX,0001481512,16398
"mingsight pharmaceuticals, inc",028470,fuzzy_extended,92.6829268292683,RA PHARMACEUTICALS INC,RARX,0001481512,16398
noah labs,185783,fuzzy_extended,100.0,NOAH HOLDINGS LIMITED,NOAH,0001499543,12377
minster research ltd,009071,fuzzy_extended,100.0,RESEARCH INC,RESRQ,0000216983,66545
"ningbo newbay technology development co., ltd",010377,fuzzy_extended,100.0,TECHNOLOGY DEVELOPMENT CORP,TDCXE,0000770719,92364
"microphage, inc",013501,fuzzy_extended,92.3076923076923,MICROAGE INC,MICAQ,0000814249,11484
"nora therapeutics, inc",043287,fuzzy_extended,93.33333333333333,NEUMORA THERAPEUTICS INC,NMRA,0001885522,24275
"millendo therapeutics us, inc",034528,fuzzy_extended,100.0,MILLENDO THERAPEUTICS INC,MLND,,13883
next life sciences,006721,fuzzy_extended,100.0,LIFE SCIENCES INC,LFSCQ,0000059401,49526
sensus healthcare,026908,fuzzy_extended,100.0,SENSUS HEALTHCARE INC,SRTS,0001494891,16145
movano health,037980,fuzzy_extended,100.0,MOVANO INC,MOVE,0001734750,20848
"nexgen dermatologics, inc",031851,fuzzy_extended,100.0,NEXGEN INC,NXGN.1,0000909183,81633
"nexmed (u.s.a.), inc. (subsidiary of apricus biosciences, inc.)",062110,fuzzy_extended,100.0,APRICUS BIOSCIENCES INC,APRI.1,,88177
neximmune inc,037808,fuzzy_extended,100.0,NEXIMMUNE INC,NEXI,0001538210,20613
"monte rosa therapeutics, inc",039057,fuzzy_extended,100.0,MONTE ROSA THERAPEUTICS INC,GLUE,0001826457,21543
sqz biotechnologies,037282,fuzzy_extended,100.0,SQZ BIOTECHNOLOGIES CO,SQZB,0001604477,19918
shaman pharmaceuticals,027756,fuzzy_extended,100.0,SHAMAN PHARMACEUTICALS INC,SHPH.1,0000891933,78839
shaklee corporation,009631,fuzzy_extended,100.0,SHAKLEE CORP,5967B,0000089326,59985
sti-medical systems,025013,fuzzy_extended,100.0,PLC SYSTEMS INC,PLCSF,,77568
"sera prognostics, inc",039170,fuzzy_extended,100.0,SERA PROGNOSTICS INC,SERA,0001534969,21763
"sequel pharmaceuticals, inc",013445,fuzzy_extended,100.0,SEQUEL CORP,SEQL.1,,10051
pds biotechnology corp,034942,fuzzy_extended,100.0,PDS BIOTECHNOLOGY CORP,PDSB,0001472091,15784
"replicel life sciences, inc",006721,fuzzy_extended,100.0,LIFE SCIENCES INC,LFSCQ,0000059401,49526
zevra therapeutics,023339,fuzzy_extended,100.0,ZEVRA THERAPEUTICS INC,ZVRA,0001434647,15294
swedish match ab,100956,fuzzy_extended,100.0,SWEDISH MATCH AB,SWMAY,0001011218,83563
swiss footcare laboratories - poderm professional,023552,fuzzy_extended,100.0,PROFESSIONAL HOLDING CORP,PFHD,0001630856,19252
sunrise,010185,fuzzy_extended,100.0,SUNRISE MEDICAL INC,SMD.1,0000720577,73614
stryker endoscopy,010115,fuzzy_extended,100.0,STRYKER CORP,SYK,0000310764,73139
othera pharmaceuticals,017500,fuzzy_extended,97.77777777777777,OMTHERA PHARMACEUTICALS,OMTH,0001477598,13882
stryker biotech,010115,fuzzy_extended,100.0,STRYKER CORP,SYK,0000310764,73139
"stoke therapeutics, inc",035255,fuzzy_extended,100.0,STOKE THERAPEUTICS INC,STOK,0001623526,18785
johnson & johnson medical (suzhou) ltd,006266,fuzzy_extended,100.0,JOHNSON & JOHNSON,JNJ,0000200406,22111
julphar gulf pharmaceutical industries,005382,fuzzy_extended,100.0,GULF CORP,GO.1,0000731444,21768
research centre bioform,009071,fuzzy_extended,100.0,RESEARCH INC,RESRQ,0000216983,66545
km clinical research group,009071,fuzzy_extended,100.0,RESEARCH INC,RESRQ,0000216983,66545
to pharmaceuticals,033997,fuzzy_extended,94.73684210526315,ETON PHARMACEUTICALS,ETON,0001710340,18257
instil bio,038386,fuzzy_extended,100.0,INSTIL BIO INC,TIL,0001789769,20655
"perfect lens, llc",037669,fuzzy_extended,100.0,PERFECT CORP,PERF,0001899830,23498
"pear therapeutics, inc",037827,fuzzy_extended,100.0,PEAR THERAPEUTICS INC,PEARQ,0001835567,20879
tcr2 therapeutics,034600,fuzzy_extended,100.0,TCR2 THERAPEUTICS INC,TCRR,0001750019,18415
unimed pharmaceuticals,010848,fuzzy_extended,100.0,UNIMED PHARMACEUTICALS INC,UMED.,0000100759,78116
ion beam applications,001408,fuzzy_extended,100.0,BEAM INC,BEAM.2,0000789073,10225
regulus therapeutics inc,013835,fuzzy_extended,100.0,REGULUS THERAPEUTICS INC,RGLS,0001505512,13652
"zhejiang palo alto pharmaceuticals, inc",028470,fuzzy_extended,92.6829268292683,RA PHARMACEUTICALS INC,RARX,0001481512,16398
"synergy health concepts, inc",014188,fuzzy_extended,92.6829268292683,HEALTH CONCEPTS IV INC,3HCFO,0000811565,11523
"ivy life sciences, co., ltd",006721,fuzzy_extended,100.0,LIFE SCIENCES INC,LFSCQ,0000059401,49526
"panbela therapeutics, inc",021263,fuzzy_extended,100.0,PANBELA THERAPEUTICS INC,PBLA,0001029125,19650
"t3d therapeutics, inc",061711,fuzzy_extended,92.3076923076923,TG THERAPEUTICS INC,TGTX,0001001316,82670
international biomedical systems s.p.a,001059,fuzzy_extended,100.0,A P S INC,APS.1,,58958
international stemcell services limited,037612,fuzzy_extended,93.33333333333333,TH INTERNATIONAL LIMITED,THCH,0001877333,23427
"oncxerna theraputics, inc",035320,fuzzy_extended,92.0,ONCTERNAL THERAPEUTICS INC,ONCT,0001260990,90031
"ribon therapeutics, inc",031656,fuzzy_extended,93.02325581395348,REIN THERAPEUTICS INC,RNTX,0001420565,16776
"sonendo, inc",039860,fuzzy_extended,100.0,SONENDO INC,SONX,0001407973,22158
"onkure, inc",038453,fuzzy_extended,100.0,ONKURE THERAPEUTICS INC,OKUR,0001637715,21091
lantern pharma inc,036394,fuzzy_extended,100.0,LANTERN PHARMA INC,LTRN,0001763950,19479
"lannett company, inc",022632,fuzzy_extended,100.0,LANNETT CO INC,LCINQ,0000057725,89369
urigen,065404,fuzzy_extended,100.0,URIGEN PHARMACEUTICALS -REDH,7262B,0000932352,85382
laurent pharmaceuticals inc,028470,fuzzy_extended,92.6829268292683,RA PHARMACEUTICALS INC,RARX,0001481512,16398
"sonexa therapeutics, inc",125531,fuzzy_extended,93.33333333333333,OPEXA THERAPEUTICS INC,OPXA,,91471
lifetime pharmaceuticals,013897,fuzzy_extended,100.0,LIFETIME CORP,LFT.1,0000276886,63351
longevity inc,038242,fuzzy_extended,100.0,LONGEVITY HEALTH HLDINGS INC,XAGE,0001842939,21908
lotus pharmaceutical,165857,fuzzy_extended,92.6829268292683,ALTUS PHARMACEUTICALS INC,ALTUQ,0001340744,91074
rob surgical systems s.l,025013,fuzzy_extended,100.0,PLC SYSTEMS INC,PLCSF,,77568
"lucid, inc",039337,fuzzy_extended,100.0,LUCID GROUP INC,LCID,0001811210,19751
lucira health inc,037840,fuzzy_extended,100.0,LUCIRA HEALTH INC,LHDXQ,0001652724,20610
xtant medical,185193,fuzzy_extended,100.0,XTANT MEDICAL HOLDINGS INC,XTNT,0001453593,12592
olympus corporation,017098,fuzzy_extended,100.0,OLYMPUS CAPITAL CORP,OLCC,0000754019,64582
linkcare gmbh,025062,fuzzy_extended,93.33333333333333,LINCARE HOLDINGS INC,LNCR,0000882235,77421
"linno pharmaceuticals, inc",028470,fuzzy_extended,92.6829268292683,RA PHARMACEUTICALS INC,RARX,0001481512,16398
"lipella pharmaceuticals, inc",041448,fuzzy_extended,100.0,LIPELLA PHARMACEUTICALS INC,LIPO,0001347242,23625
smithkline beecham,014261,fuzzy_extended,100.0,SMITHKLINE BEECHAM (UK) PLC,SBH.2,0000850695,75648
laboratorios richmond s.a.c.i.f,009128,fuzzy_extended,100.0,RICHMOND CORP,RCP.2,0000203009,55159
"oricell therapeutics co., ltd",022358,fuzzy_extended,92.6829268292683,BRIACELL THERAPEUTICS CORP,BCTX,0001610820,20575
"vitae pharmaceuticals, inc",021422,fuzzy_extended,100.0,VITAE PHARMACEUTICALS INC,VTAE,0001157602,14938
"kips bay medical, inc",184660,fuzzy_extended,100.0,KIPS BAY MEDICAL INC,KIPS,0001460198,12580
"kirin holdings company, limited",018729,fuzzy_extended,100.0,KIRIN HOLDINGS CO LTD,KNBWY,0000800901,47897
stem cell therapeutics corp,038722,fuzzy_extended,100.0,STEM INC,STEM,0001758766,19919
"star scientific, inc",042243,fuzzy_extended,100.0,STAR HOLDINGS,STHO,0001953366,23742
retension pharmaceuticals. inc,028470,fuzzy_extended,92.6829268292683,RA PHARMACEUTICALS INC,RARX,0001481512,16398
"respironics, california, inc",014385,fuzzy_extended,100.0,RESPIRONICS INC,RESP.,0000780434,11927
"laboratorio avi-mex, s.a. de c.v",030584,fuzzy_extended,100.0,A S V INC,ASVI,0000926763,80798
opiant pharmaceuticals inc,177182,fuzzy_extended,100.0,OPIANT PHARMACEUTICALS INC,OPNT,0001385508,16904
"opella healthcare group sas, a sanofi company",101204,fuzzy_extended,100.0,SANOFI,SNY,0001121404,89475
sports medicine research and testing laboratory,009071,fuzzy_extended,100.0,RESEARCH INC,RESRQ,0000216983,66545
kronos bio,037102,fuzzy_extended,100.0,KRONOS BIO INC,KRON,0001741830,19850
"oragenics, inc",154605,fuzzy_extended,100.0,ORAGENICS INC,OGEN,0001174940,90170
"reven pharmaceuticals, inc",028470,fuzzy_extended,92.6829268292683,RA PHARMACEUTICALS INC,RARX,0001481512,16398
revenio research,009071,fuzzy_extended,100.0,RESEARCH INC,RESRQ,0000216983,66545
foghorn therapeutics inc,037135,fuzzy_extended,100.0,FOGHORN THERAPEUTICS INC,FHTX,0001822462,19962
beijing scitech-mq pharmaceuticals limited,247881,fuzzy_extended,93.87755102040816,GW PHARMACEUTICALS LIMITED,GWPH,0001351288,13926
aptitude medical systems,025013,fuzzy_extended,100.0,PLC SYSTEMS INC,PLCSF,,77568
foundation medicine,018469,fuzzy_extended,100.0,FOUNDATION MEDICINE INC,FMI,0001488613,14160
ascend therapeutics,065033,fuzzy_extended,92.6829268292683,TRANSCEND THERAPEUTICS INC,TSND,0001020910,85219
appili therapeutics inc,035091,fuzzy_extended,93.61702127659575,APPLIED THERAPEUTICS INC,APLT,0001697532,18644
"formosa pharmaceuticals, inc",028470,fuzzy_extended,92.6829268292683,RA PHARMACEUTICALS INC,RARX,0001481512,16398
cardiovascular clinical sciences inc,003117,fuzzy_extended,100.0,CLINICAL SCIENCES INC,CLSC.,0000021038,24110
emerald health pharmaceuticals,030998,fuzzy_extended,100.0,EMERALD HOLDING INC,EEX,0001579214,16660
care team solutions,010353,fuzzy_extended,100.0,TEAM INC,TISI,0000318833,65752
cytosorbents europe gmbh,163965,fuzzy_extended,100.0,CYTOSORBENTS CORP,CTSO,0001175151,15127
"center for biomedical research, inc",009071,fuzzy_extended,100.0,RESEARCH INC,RESRQ,0000216983,66545
abilion medical systems ab,025013,fuzzy_extended,100.0,PLC SYSTEMS INC,PLCSF,,77568
"behavior therapy associates, llp",031807,fuzzy_extended,100.0,AG ASSOCIATES INC,AGAI,0000942124,81597
celladon corporation,018929,fuzzy_extended,100.0,CELLADON CORP,CLDN,,14423
abgenix,112178,fuzzy_extended,100.0,ABGENIX INC,ABGX,0001052837,86235
"cardiogenesis corporation, a wholly-owned subsidiary of cryolife, inc",062960,fuzzy_extended,100.0,CARDIOGENESIS CORP,CGCP.1,0000863680,83500
elicio therapeutics,020307,fuzzy_extended,100.0,ELICIO THERAPEUTICS INC,ELTX,0001601485,20567
"elios therapeutics, llc",033641,fuzzy_extended,94.44444444444444,EIDOS THERAPEUTICS INC,EIDX.,0001731831,17878
g d searle,009560,fuzzy_extended,100.0,SEARLE (G.D.) & CO,SRL.2,,40010
g medical innovations ltd,324261,fuzzy_extended,100.0,G MEDICAL INNOVATIONS HLDGS,GMVDF,0001760764,21544
aeye health inc,039448,fuzzy_extended,100.0,AEYE INC,LIDR,0001818644,20419
electra therapeutics inc,065760,fuzzy_extended,93.61702127659575,SELECT THERAPEUTICS INC,STLT.,0001037158,88900
"cw optics, inc",063871,fuzzy_extended,92.3076923076923,QC OPTICS INC,OPC,0001017641,84034
"ankyra therapeutics, inc",028209,fuzzy_extended,93.33333333333333,ANIKA THERAPEUTICS INC,ANIK,0000898437,79150
datascope corp,003786,fuzzy_extended,100.0,DATASCOPE CORP,DSCP,0000027096,28840
"cardinal health 414, llc",002751,fuzzy_extended,100.0,CARDINAL HEALTH INC,CAH,0000721371,21371
danone specialized nutrition indonesia,017452,fuzzy_extended,100.0,DANONE SA,DANOY,0001048515,85608
"apt pharmaceuticals, inc",145512,fuzzy_extended,95.65217391304348,APP PHARMACEUTICALS INC,APPX.1,0001141399,89265
"fresh tracks therapeutics, inc",035632,fuzzy_extended,98.24561403508773,FRESH TRACKS THERAPEUTIC INC,FRTX,0000819050,79022
depuy mitek,063905,fuzzy_extended,100.0,DEPUY INC,DPU.1,0001019900,84024
"depuy synthes products, inc",063905,fuzzy_extended,100.0,DEPUY INC,DPU.1,0001019900,84024
"cancer prevention pharmaceuticals, inc",028470,fuzzy_extended,92.6829268292683,RA PHARMACEUTICALS INC,RARX,0001481512,16398
cancervax corporation,155737,fuzzy_extended,100.0,CANCERVAX CORP,CNVX,,89863
"antipodean pharmaceuticals, inc",028470,fuzzy_extended,92.6829268292683,RA PHARMACEUTICALS INC,RARX,0001481512,16398
"anza therapeutics, inc",028209,fuzzy_extended,93.02325581395348,ANIKA THERAPEUTICS INC,ANIK,0000898437,79150
"deroyal industries, inc",009268,fuzzy_extended,95.23809523809524,ROYAL INDUSTRIES INC,ROI.1,0000203052,44070
"century therapeutics, inc",038920,fuzzy_extended,95.65217391304348,CENTURY THERAPEUTI INC,IPSC,0001850119,21560
avantis medical systems,025013,fuzzy_extended,100.0,PLC SYSTEMS INC,PLCSF,,77568
clayton sleep insititute,003102,fuzzy_extended,100.0,CLAYTON CORP,CLAY.,0000020864,24011
avalyn pharma inc,163922,fuzzy_extended,94.11764705882354,AVALON PHARMA INC,AVRX,0001162192,90894
acumen pharmaceuticals,038986,fuzzy_extended,100.0,ACUMEN PHARMACEUTICALS INC,ABOS,0001576885,21695
auson pharmaceuticals inc,028470,fuzzy_extended,92.6829268292683,RA PHARMACEUTICALS INC,RARX,0001481512,16398
"autoimmune technologies, llc",026898,fuzzy_extended,100.0,AUTOIMMUNE INC,AIMM,0000879106,78812
"exscientia ai ltd., a wholly owned subsidiary of recursion pharmaceuticals, inc",039636,fuzzy_extended,100.0,EXSCIENTIA PLC,EXAI,0001865408,22203
"avenue therapeutics, inc",031848,fuzzy_extended,100.0,AVENUE THERAPEUTICS INC,ATXI,0001644963,16778
"citizen systems japan co., ltd",025013,fuzzy_extended,100.0,PLC SYSTEMS INC,PLCSF,,77568
"clinical research consultants, inc",009071,fuzzy_extended,100.0,RESEARCH INC,RESRQ,0000216983,66545
astrazeneca turkey,028272,fuzzy_extended,100.0,ASTRAZENECA PLC,AZN,0000901832,79363
eupraxia pharmaceuticals inc,038275,fuzzy_extended,100.0,EUPRAXIA PHARMACEUTICALS INC,EPRX,0001581178,25020
atriva therapeutics gmbh,023980,fuzzy_extended,94.73684210526315,ASTRIA THERAPEUTICS INC,ATXS,0001454789,15416
eurocor gmbh,062889,fuzzy_extended,92.3076923076923,UROCOR INC,UCOR,0000946945,83574
"adnexus, a bristol-myers squibb r&d company",002403,fuzzy_extended,100.0,BRISTOL-MYERS SQUIBB CO,BMY,0000014272,19393
everex inc,013588,fuzzy_extended,100.0,EVEREX SYSTEMS INC,EVXS,0000816762,11549
atlas biomed,164534,fuzzy_extended,100.0,ATLAS CORP,ATCO,0001794846,90853
conavi,179929,fuzzy_extended,100.0,CONAVI MEDICAL CORP,CNVIF,0002069519,17904
conceivable life sciences,006721,fuzzy_extended,100.0,LIFE SCIENCES INC,LFSCQ,0000059401,49526
"advanced life sciences, inc",006721,fuzzy_extended,100.0,LIFE SCIENCES INC,LFSCQ,0000059401,49526
"addrenex pharmaceuticals, inc",028470,fuzzy_extended,92.6829268292683,RA PHARMACEUTICALS INC,RARX,0001481512,16398
aspira women's health,140042,fuzzy_extended,92.6829268292683,ASPIRA WOMENS HEALTH INC,AWHL,0000926617,88620
codex labs corporation,003149,fuzzy_extended,100.0,CODEX CORP,CODX.1,0000021388,24425
codiak biosciences,035154,fuzzy_extended,100.0,CODIAK BIOSCIENCES IN,CDAKQ,0001659352,19954
"advanced brain monitoring, inc",001163,fuzzy_extended,92.0,ADVANCED MONITORING SYS INC,3ADNME,0000315698,11034
barco nv,002043,fuzzy_extended,100.0,BARCO OF CALIFORNIA,BRC.4,0000009888,57971
"changshan conjuchem biopharmaceutical research and development (hebei) co., ltd",009071,fuzzy_extended,100.0,RESEARCH INC,RESRQ,0000216983,66545
"checkpoint therapeutics, inc",029013,fuzzy_extended,100.0,CHECKPOINT THERAPEUTICS INC,CKPT,0001651407,16781
aethlon medical inc,027983,fuzzy_extended,100.0,AETHLON MEDICAL INC,AEMD,0000882291,15491
"chengdu baiyu pharmaceutical co., ltd",018144,fuzzy_extended,100.0,BAIYU HOLDINGS INC,BYU,0001556266,14093
argus pharmaceuticals,001735,fuzzy_extended,100.0,ARGUS INC,1982B,,29188
"arisan therapeutics, inc",019458,fuzzy_extended,93.61702127659575,CARISMA THERAPEUTICS INC,CARM,0001485003,14452
arisaph pharmaceuticals inc,028470,fuzzy_extended,92.6829268292683,RA PHARMACEUTICALS INC,RARX,0001481512,16398
action pharma a/s,024630,fuzzy_extended,100.0,ACTION PLC,3STPHF,,78738
"entrada therapeutics, inc",039869,fuzzy_extended,95.65217391304348,ENTRADA THERAPUTIS INC,TRDA,0001689375,22244
acist medical systems,025013,fuzzy_extended,100.0,PLC SYSTEMS INC,PLCSF,,77568
"faraday pharmaceuticals, inc",028470,fuzzy_extended,92.6829268292683,RA PHARMACEUTICALS INC,RARX,0001481512,16398
"ayala pharmaceuticals, inc",036302,fuzzy_extended,93.61702127659575,AYALA PHARMACEUTIC INC,ADXS,0001100397,19392
"chiasma, inc",024523,fuzzy_extended,100.0,CHIASMA INC,CHMA,0001339469,15497
epicept corporation,162732,fuzzy_extended,100.0,EPICEPT CORP-OLD,EPCT.1,,91078
"black diamond therapeutics, inc",036052,fuzzy_extended,100.0,BLACK DIAMOND THERAPEUTICS,BDTX,0001701541,19176
"22nd century group, inc",017185,fuzzy_extended,100.0,22ND CENTURY GROUP INC,XXII,0001347858,14523
dornier medtech systems,025013,fuzzy_extended,100.0,PLC SYSTEMS INC,PLCSF,,77568
biomerica,007662,fuzzy_extended,100.0,BIOMERICA INC,BMRA,0000073290,55862
galen limited,005776,fuzzy_extended,100.0,GALEN HEALTH CARE INC,GHC.1,0000895441,79041
dreamtec research limited,009071,fuzzy_extended,100.0,RESEARCH INC,RESRQ,0000216983,66545
"galena biopharma, inc",179605,fuzzy_extended,100.0,GALENA BIOPHARMA INC,GALE.1,,92594
genova inc,005120,fuzzy_extended,100.0,GENOVA INC,GNVA,0000040969,38712
"c.t. development america, inc",003901,fuzzy_extended,92.6829268292683,DEVELOPMENT CORP OF AMERICA,DCA.4,0000201649,51449
"biontech research & development, inc",009071,fuzzy_extended,100.0,RESEARCH INC,RESRQ,0000216983,66545
disphar international b.v,002582,fuzzy_extended,93.75,C V INTERNATIONAL CORP,CVIDQ,,20408
allon therapeutics,133424,fuzzy_extended,94.44444444444444,ALLOS THERAPEUTICS INC,ALTH,0001097264,87750
"bird rock bio, inc",002239,fuzzy_extended,100.0,BIRD CORP,BIRD.1,0000012245,18156
alloksys life sciences b.v,006721,fuzzy_extended,100.0,LIFE SCIENCES INC,LFSCQ,0000059401,49526
biofrontera inc,039342,fuzzy_extended,100.0,BIOFRONTERA INC,BFRI,0001858685,22186
edge therapeutics inc,026273,fuzzy_extended,100.0,EDGE THERAPEUTICS INC,EDGE.2,,15784
gateway health alliance,029345,fuzzy_extended,100.0,GATEWAY INC,GTW,0000895812,79973
"amplitude vascular systems, inc",039555,fuzzy_extended,100.0,AMPLITUDE INC,AMPL,0001866692,21904
bioniche life sciences inc,006721,fuzzy_extended,100.0,LIFE SCIENCES INC,LFSCQ,0000059401,49526
ganymed pharmaceuticals gmbh,019771,fuzzy_extended,93.33333333333333,GALMED PHARMACEUTICALS LTD,GLMD,0001595353,14540
brightview llc,033637,fuzzy_extended,100.0,BRIGHTVIEW HOLDINGS,BV,0001734713,17867
amarin pharma inc,028027,fuzzy_extended,100.0,AMARIN CORPORATION PLC,AMRN,0000897448,79122
bugworks research inc,009071,fuzzy_extended,100.0,RESEARCH INC,RESRQ,0000216983,66545
"galmed research and development, ltd",009071,fuzzy_extended,100.0,RESEARCH INC,RESRQ,0000216983,66545
dianthus therapeutics,033500,fuzzy_extended,100.0,DIANTHUS THERAPEUTICS INC,DNTH,0001690585,17892
"amp orthopedics, inc",001608,fuzzy_extended,100.0,AMP INC,AMP.2,0000006164,27051
"acea therapeutics, inc",032046,fuzzy_extended,97.67441860465117,AKCEA THERAPEUTICS INC,AKCA,0001662524,16814
angel medical systems,025013,fuzzy_extended,100.0,PLC SYSTEMS INC,PLCSF,,77568
"boundless bio, inc",045157,fuzzy_extended,100.0,BOUNDLESS BIO INC,BOLD,0001782303,24938
dyne therapeutics,036911,fuzzy_extended,100.0,DYNE THERAPEUTICS INC,DYN,0001818794,19825
alterity therapeutics,249507,fuzzy_extended,100.0,ALTERITY THERAPEUTICS LTD,ATHE,0001131343,89505
"dominion aesthetic technologies, inc",002379,fuzzy_extended,100.0,DOMINION HOLDINGS INC,DOMH.1,,30438
gcp-service international west gmbh,064055,fuzzy_extended,100.0,WEST CORP,WSTC,0001024657,13830
eve medical systems ltd,025013,fuzzy_extended,100.0,PLC SYSTEMS INC,PLCSF,,77568
genenta science,040237,fuzzy_extended,100.0,GENENTA SCIENCE S.P.A.,GNTA,0001838716,22557
"biomx, inc",035814,fuzzy_extended,100.0,BIOMX INC,PHGE,0001739174,18419
"alio, inc",175236,fuzzy_extended,100.0,ALIO GOLD INC,ALO,0001502154,13097
biotie therapies corp,245397,fuzzy_extended,100.0,BIOTIE THERAPIES CORP,BITI.1,0001579695,15412
"square2 systems, inc",025013,fuzzy_extended,100.0,PLC SYSTEMS INC,PLCSF,,77568
double s instructonal systems,025013,fuzzy_extended,100.0,PLC SYSTEMS INC,PLCSF,,77568
"mirna therapeutics, inc",026094,fuzzy_extended,100.0,MIRNA THERAPEUTICS INC,MIRN,,15787
asahi kasei pharma america corporation,062856,fuzzy_extended,100.0,ASAHI/AMERICA INC,ASAM.,0000906873,83470
stoparkinson healthcare systems llc,025013,fuzzy_extended,100.0,PLC SYSTEMS INC,PLCSF,,77568
multigene vascular systems ltd,025013,fuzzy_extended,100.0,PLC SYSTEMS INC,PLCSF,,77568
cue biopharma,032674,fuzzy_extended,100.0,CUE BIOPHARMA,CUE,0001645460,17262
mithra pharmaceuticals,043186,fuzzy_extended,95.23809523809524,MIRA PHARMACEUTICALS INC,MIRA,0001904286,24094
cristal therapeutics,264668,fuzzy_extended,92.6829268292683,CRITICAL THERAPEUTICS INC,CRTX.,,90183
cross research s.a,009071,fuzzy_extended,100.0,RESEARCH INC,RESRQ,0000216983,66545
molekule,040323,fuzzy_extended,100.0,MOLEKULE GROUP INC,MKULQ,0001872356,22273
"covidien, gi solutions",177264,fuzzy_extended,100.0,COVIDIEN PLC,COV,0001385187,92156
linkocare life sciences ab,006721,fuzzy_extended,100.0,LIFE SCIENCES INC,LFSCQ,0000059401,49526
"arvinas estrogen receptor, inc",034077,fuzzy_extended,100.0,ARVINAS INC,ARVN,0001655759,18100
"concentrx pharmaceuticals, inc",028470,fuzzy_extended,92.6829268292683,RA PHARMACEUTICALS INC,RARX,0001481512,16398
leaf vertical inc,185703,fuzzy_extended,100.0,LEAF GROUP LTD,LEAF,0001365038,12521
sonic incytes,023697,fuzzy_extended,100.0,SONIC CORP,SONC,0000868611,76568
aspen global incorporated,170920,fuzzy_extended,100.0,ASPEN GROUP INC,ASPU,0001487198,16856
tigenix n.v,283463,fuzzy_extended,100.0,TIGENIX NV,TIG.2,0001581987,16534
nanovibronix,020554,fuzzy_extended,100.0,NANOVIBRONIX INC,NAOV,0001326706,17041
naviscan pet systems,023798,fuzzy_extended,100.0,PET INC,PT.1,0000077709,76608
atherogenics,138641,fuzzy_extended,100.0,ATHEROGENICS INC,AGIXQ,0001107601,88498
larsen & toubro limited,006594,fuzzy_extended,100.0,LARSEN CO,LARS.,0000057812,48734
community and patient preference research pty ltd,009071,fuzzy_extended,100.0,RESEARCH INC,RESRQ,0000216983,66545
solventum orthodontics corporation,045167,fuzzy_extended,100.0,SOLVENTUM CORP,SOLV,0001964738,24877
napp pharmaceuticals limited,145512,fuzzy_extended,97.43589743589743,APP PHARMACEUTICALS INC,APPX.1,0001141399,89265
somaxon pharmaceuticals,165742,fuzzy_extended,100.0,SOMAXON PHARMACEUTICALS INC,SOMX,0001339455,91028
"somalogic, inc",039102,fuzzy_extended,100.0,SOMALOGIC INC,SLGC,0001837412,21030
nathura s.p.a,001059,fuzzy_extended,100.0,A P S INC,APS.1,,58958
national services for health improvement ltd,013649,fuzzy_extended,100.0,NATIONAL HOLDINGS CORP,NHLD,0001023844,11441
altus pharmaceuticals,165857,fuzzy_extended,100.0,ALTUS PHARMACEUTICALS INC,ALTUQ,0001340744,91074
lava therapeutics,038513,fuzzy_extended,100.0,LAVA THERAPEUTICS N V,LVTX,0001840748,20842
astrivax therapeutics,023980,fuzzy_extended,95.0,ASTRIA THERAPEUTICS INC,ATXS,0001454789,15416
"najit technologies, inc",007952,fuzzy_extended,95.23809523809524,NAI TECHNOLOGIES INC,NATL.1,0000072575,57999
"liaoning medical diagnosis and treatment technology research and development co., ltd",010377,fuzzy_extended,100.0,TECHNOLOGY DEVELOPMENT CORP,TDCXE,0000770719,92364
the vaccine company,011151,fuzzy_extended,100.0,GROUP INC (THE),THEG,,80603
"ascidian therapeutics, inc",020245,fuzzy_extended,94.11764705882354,CASCADIAN THERAPEUTICS INC,CASC,0001412067,77205
"third harmonic bio, inc",031843,fuzzy_extended,100.0,HARMONIC INC,HLIT,0000851310,81621
"lexent bio, inc",138005,fuzzy_extended,100.0,LEXENT INC,3LXNT,0001105503,88454
thomas advanced medical llc,028770,fuzzy_extended,100.0,THOMAS GROUP INC,TGISQ,0000900017,79529
liberty mutual research institute for safety,009071,fuzzy_extended,100.0,RESEARCH INC,RESRQ,0000216983,66545
"thermo fisher scientific, inc",010530,fuzzy_extended,100.0,THERMO FISHER SCIENTIFIC INC,TMO,0000097745,62092
spoton therapeutics ltd,021802,fuzzy_extended,92.3076923076923,PROTEON THERAPEUTICS INC,PRTO,,15015
ascendis pharma oncology division a/s,030910,fuzzy_extended,100.0,ONCOLOGY PHARMA INC,ONPH,0000825517,87512
"theron pharmaceuticals, inc",028470,fuzzy_extended,92.6829268292683,RA PHARMACEUTICALS INC,RARX,0001481512,16398
life detection technologies,012592,fuzzy_extended,100.0,LIFE TECHNOLOGIES INC,3LTEK,0000727737,10713
lenzi egisto s.p.a,001059,fuzzy_extended,100.0,A P S INC,APS.1,,58958
nmt medical,063676,fuzzy_extended,100.0,NMT MEDICAL INC,NMTI,0001017259,83953
"nbty, inc",007798,fuzzy_extended,100.0,NBTY INC,0170A,0000070793,56937
asensus surgical,018666,fuzzy_extended,100.0,ASENSUS SURGICAL INC,ASXC,0000876378,76908
nec bio b.v,007652,fuzzy_extended,100.0,NEC CORP,NIPNY,0000072127,55782
"draeger medical systems, inc",025013,fuzzy_extended,100.0,PLC SYSTEMS INC,PLCSF,,77568
"nflection therapeutics, inc",019511,fuzzy_extended,92.0,FLEXION THERAPEUTICS INC,FLXN,0001419600,14457
"aria cv, inc",163863,fuzzy_extended,100.0,CV HOLDINGS INC,CVHL,0001330969,91438
"anchen pharmaceuticals, inc",028470,fuzzy_extended,92.6829268292683,RA PHARMACEUTICALS INC,RARX,0001481512,16398
danone specialized nutrition (m) sdn bhd,017452,fuzzy_extended,100.0,DANONE SA,DANOY,0001048515,85608
teladoc health,024249,fuzzy_extended,100.0,TELADOC HEALTH INC,TDOC,0001477449,15585
danone specialized nutrition,017452,fuzzy_extended,100.0,DANONE SA,DANOY,0001048515,85608
medical compression systems,025013,fuzzy_extended,100.0,PLC SYSTEMS INC,PLCSF,,77568
"mdi therapeutics, inc",010827,fuzzy_extended,100.0,MDI INC,MDIZQ,0000318259,77893
de motu cordis,003520,fuzzy_extended,100.0,CORDIS CORP,CORD.,0000024654,27255
medderm associates,031807,fuzzy_extended,100.0,AG ASSOCIATES INC,AGAI,0000942124,81597
tmrw life sciences,006721,fuzzy_extended,100.0,LIFE SCIENCES INC,LFSCQ,0000059401,49526
"tlc biopharmaceuticals, inc",241335,fuzzy_extended,95.45454545454545,XTL BIOPHARMACEUTICALS,XTLB,0001696804,90917
daval international limited,037612,fuzzy_extended,93.33333333333333,TH INTERNATIONAL LIMITED,THCH,0001877333,23427
datum dental ltd,003798,fuzzy_extended,100.0,DATUM INC,DATM,,28952
"medical decision logic, inc",006784,fuzzy_extended,100.0,LOGIC CORP,LOGO.,0000060120,49972
lyric pharmaceuticals,036264,fuzzy_extended,92.6829268292683,ORIC PHARMACEUTICALS,ORIC,0001796280,19353
lyphomed,006854,fuzzy_extended,100.0,LYPHOMED INC,6464B,0000716827,50359
applied molecular evolution,138121,fuzzy_extended,100.0,APPLIED MOLECULAR EVOLUTION,AMEV,0001111312,88420
columbia northwest pharmaceuticals,003204,fuzzy_extended,100.0,COLUMBIA CORP,CCOR.2,0000022077,24791
danone early life nutrition brazil,017452,fuzzy_extended,100.0,DANONE SA,DANOY,0001048515,85608
apollomics (australia) pty. ltd,039693,fuzzy_extended,100.0,APOLLOMICS INC,APLM,0001944885,23776
"medicenna therapeutics, inc",032321,fuzzy_extended,100.0,MEDICENNA THERAPEUTICS CORP,MDNAF,0001807983,19645
derm research @ 888 inc,009071,fuzzy_extended,100.0,RESEARCH INC,RESRQ,0000216983,66545
tanox,133731,fuzzy_extended,100.0,TANOX INC,TNOX,0001099414,88199
targovax asa,001849,fuzzy_extended,100.0,ASA HOLDINGS INC,ASAI.,0001023944,15684
maia biotechnology,041132,fuzzy_extended,100.0,MAIA BIOTECHNOLOGY INC,MAIA,0001878313,23216
mainz biomed,039879,fuzzy_extended,100.0,MAINZ BIOMED N V,MYNZ,0001874252,22328
"tamir biotechnology, inc",001259,fuzzy_extended,97.87234042553192,TAMIR BIOTHECHNOLOGY INC,ACEL.,0000708717,11739
marius pharmaceuticals,020567,fuzzy_extended,97.77777777777777,MARINUS PHARMACEUTICALS INC,MRNS,0001267813,14815
anthra pharmaceuticals,183879,fuzzy_extended,93.02325581395348,ANTHERA PHARMACEUTCLS INC,ANTH,0001316175,93300
matrivax research and development corporation,009071,fuzzy_extended,100.0,RESEARCH INC,RESRQ,0000216983,66545
melisa institute genomics & proteomics research spa,009071,fuzzy_extended,100.0,RESEARCH INC,RESRQ,0000216983,66545
maxim pharmaceuticals,063246,fuzzy_extended,100.0,MAXIM PHARMACEUTICALS INC,MAXM,0001013351,83722
"tacere therapeutics, inc",032459,fuzzy_extended,95.45454545454545,ACER THERAPEUTICS INC,ACER,0001069308,91471
"matinas biopharma, inc",020756,fuzzy_extended,100.0,MATINAS BIOPHARMA HLDGS INC,MTNB,0001582554,16613
andover research eye institute,009071,fuzzy_extended,100.0,RESEARCH INC,RESRQ,0000216983,66545
"delmar pharmaceuticals, inc",028470,fuzzy_extended,92.6829268292683,RA PHARMACEUTICALS INC,RARX,0001481512,16398
tenon medical,040236,fuzzy_extended,100.0,TENON MEDICAL INC,TNON,0001560293,23058
"sure, inc",030892,fuzzy_extended,100.0,SURE SHOT INTERNATIONAL INC,3HOOPE,0000894696,80984
the bird and be co inc,122075,fuzzy_extended,100.0,BE INC,BEOSZ,0000895921,87101
the boeing company,002285,fuzzy_extended,100.0,BOEING CO,BA,0000012927,19561
lohocla research corporation,009071,fuzzy_extended,100.0,RESEARCH INC,RESRQ,0000216983,66545
amicus therapeutics france sas,175008,fuzzy_extended,100.0,AMICUS THERAPEUTICS INC,FOLD,0001178879,92040
"arcellx, inc",040610,fuzzy_extended,100.0,ARCELLX INC,ACLX,0001786205,22758
"metacrine, inc",036952,fuzzy_extended,100.0,METACRINE INC,MTCR,0001634379,19837
tharimmune inc,039755,fuzzy_extended,100.0,THARIMMUNE INC,THAR,0001861657,22655
stryker spine,010115,fuzzy_extended,100.0,STRYKER CORP,SYK,0000310764,73139
midas pharma gmbh,066438,fuzzy_extended,100.0,MIDAS INC,MDS,0001046131,85770
the coca-cola company,003144,fuzzy_extended,100.0,COCA-COLA CO,KO,0000021344,11308
the dial corporation,063500,fuzzy_extended,100.0,DIAL CORPORATION,DL.1,0001016179,83821
"lixte biotechnology holdings, inc",178291,fuzzy_extended,100.0,LIXTE BIOTECHNOLOGY HOLDINGS,LIXT,0001335105,20154
docme technologies ltd,024929,fuzzy_extended,92.3076923076923,DOCUMENT TECHNOLOGIES INC,DTCI,0000828934,77345
"summit doppler systems, inc",010149,fuzzy_extended,100.0,SUMMIT SYSTEMS INC,SLOT.,0000315353,73430
mikrobiomik healthcare company s.l,010948,fuzzy_extended,92.3076923076923,U S HEALTHCARE INC,USHC,0000711405,79119
"millendo therapeutics, inc",034528,fuzzy_extended,100.0,MILLENDO THERAPEUTICS INC,MLND,,13883
sudimplant sas - groupe tbr,064146,fuzzy_extended,100.0,GROUPE AB SA,ABG.2,0001027077,84368
lorillard tobacco company,147175,fuzzy_extended,100.0,LORILLARD INC,LO,0001424847,17279
aptorum international limited,034103,fuzzy_extended,100.0,APTORUM GROUP LIMITED,APM,0001734005,18303
"melinta therapeutics, llc",196856,fuzzy_extended,100.0,MELINTA THERAPEUTICS INC,MLNTQ,0001461993,13263
"medtronic xomed, inc",007228,fuzzy_extended,100.0,MEDTRONIC PLC,MDT,0001613103,60097
luxottica group s.p.a,020196,fuzzy_extended,100.0,LUXOTTICA GROUP SPA,LUXTY,0000857471,75937
medtronic hellas medical devices αee,007228,fuzzy_extended,100.0,MEDTRONIC PLC,MDT,0001613103,60097
switch health solutions inc,032469,fuzzy_extended,100.0,SWITCH INC,SWCH,0001710583,16966
arana therapeutics ltd,017567,fuzzy_extended,94.73684210526315,ARATANA THERAPEUTICS,PETX,0001509190,13966
"dipexium pharmaceuticals, inc",019757,fuzzy_extended,100.0,DIPEXIUM PHARMACEUTICALS INC,DPRX,,14538
cytogen corporation,012274,fuzzy_extended,100.0,CYTOGEN CORP,CYTO.1,0000725058,10383
directed systems limited,025013,fuzzy_extended,100.0,PLC SYSTEMS INC,PLCSF,,77568
cytomed therapeutics pte ltd,042031,fuzzy_extended,100.0,CYTOMED THERAPEUTICS LIMITED,GDTC,0001873093,23858
"lucid lane, inc",006584,fuzzy_extended,100.0,LANE CO INC,LANE,0000057647,48654
athos therapeutics inc,185659,fuzzy_extended,93.33333333333333,ATOSSA THERAPEUTICS INC,ATOS,0001488039,13693
"calimmune, inc",031249,fuzzy_extended,92.3076923076923,ALTIMMUNE INC,ALT,0001326190,90926
rostrum medical innovations inc,015852,fuzzy_extended,100.0,MEDICAL INNOVATIONS INC,MIXX.,0000835908,75785
"phage pharmaceuticals, inc",028470,fuzzy_extended,92.6829268292683,RA PHARMACEUTICALS INC,RARX,0001481512,16398
bio-rad laboratories,002220,fuzzy_extended,100.0,BIO-RAD LABORATORIES INC,BIO,0000012208,61516
crispr therapeutics,028113,fuzzy_extended,100.0,CRISPR THERAPEUTICS AG,CRSP,0001674416,16383
cpex pharmaceuticals inc,180231,fuzzy_extended,100.0,CPEX PHARMACEUTICALS INC,CPEX,0001418919,92717
conmed corporation,013623,fuzzy_extended,100.0,CONMED CORP,CNMD,0000816956,11547
"perle bioscience, inc",063448,fuzzy_extended,92.3076923076923,PURE BIOSCIENCE INC,PURE,0001006028,83896
"pellficure pharmaceuticals, inc",028470,fuzzy_extended,92.6829268292683,RA PHARMACEUTICALS INC,RARX,0001481512,16398
bicara therapeutics,050516,fuzzy_extended,100.0,BICARA THERAPEUTICS INC,BCAX,0002023658,25549
penwest pharmaceuticals co,113533,fuzzy_extended,100.0,PENWEST PHARMACEUTICALS CO,PPCO,0001047188,86333
perha pharmaceuticals,028470,fuzzy_extended,92.3076923076923,RA PHARMACEUTICALS INC,RARX,0001481512,16398
cel-sci corporation,012711,fuzzy_extended,100.0,CEL-SCI CORP,CVM,0000725363,44813
cba research,009071,fuzzy_extended,100.0,RESEARCH INC,RESRQ,0000216983,66545
rhoshan pharmaceuticals inc,028470,fuzzy_extended,92.6829268292683,RA PHARMACEUTICALS INC,RARX,0001481512,16398
rhone-poulenc rorer,009236,fuzzy_extended,100.0,RHONE-POULENC RORER,RPR,0000217028,39570
richmond pharmacology limited,009128,fuzzy_extended,100.0,RICHMOND CORP,RCP.2,0000203009,55159
"cao group, inc",063951,fuzzy_extended,92.3076923076923,NCO GROUP INC,6102B,0001397772,84238
revent medical international b.v,002582,fuzzy_extended,93.75,C V INTERNATIONAL CORP,CVIDQ,,20408
reveal pharmaceuticals inc,028470,fuzzy_extended,92.6829268292683,RA PHARMACEUTICALS INC,RARX,0001481512,16398
pheon therapeutics,013786,fuzzy_extended,94.44444444444444,HERON THERAPEUTICS INC,HRTX,0000818033,11636
pharmaceutical research management srl,009071,fuzzy_extended,100.0,RESEARCH INC,RESRQ,0000216983,66545
"cmp development, llc",002860,fuzzy_extended,100.0,CMP GROUP INC,CTP.2,,42710
"robert w. alexander, md, fics",017157,fuzzy_extended,100.0,W HOLDING CO INC,WHCI,0001084887,93105
pharmacyclics switzerland gmbh,061448,fuzzy_extended,100.0,PHARMACYCLICS INC,PCYC,0000949699,82513
pearson/clinical assessment,100572,fuzzy_extended,100.0,PEARSON PLC,PSO,0000938323,88595
"point biopharma, a wholly owned subsidiary of eli lilly and company",006730,fuzzy_extended,100.0,LILLY (ELI) & CO,LLY,0000059478,50876
"pemf systems, inc",025013,fuzzy_extended,100.0,PLC SYSTEMS INC,PLCSF,,77568
salient pharmaceuticals incorporated,002222,fuzzy_extended,95.65217391304348,SAVIENT PHARMACEUTICALS INC,SVNTQ,0000722104,18033
cardiodynamics,002299,fuzzy_extended,100.0,CARDIODYNAMICS INTL CORP,CDIC,0000719722,84839
pbm healing international limited,037612,fuzzy_extended,93.33333333333333,TH INTERNATIONAL LIMITED,THCH,0001877333,23427
sugen,030742,fuzzy_extended,100.0,SUGEN INC,SUGN,0000908121,81012
carisma therapeutics inc,019458,fuzzy_extended,100.0,CARISMA THERAPEUTICS INC,CARM,0001485003,14452
"paq therapeutics, inc",037827,fuzzy_extended,92.6829268292683,PEAR THERAPEUTICS INC,PEARQ,0001835567,20879
pavmed inc,023705,fuzzy_extended,100.0,PAVMED INC,PAVM,0001624326,16181
pts international inc,033067,fuzzy_extended,95.23809523809524,FTS INTERNATIONAL INC,FTSI,0001529463,17273
sis medical ag,009749,fuzzy_extended,100.0,SIS CORP,3SISBQ,0000719113,70819
"simmersion, llc",126318,fuzzy_extended,94.73684210526315,IMMERSION CORP,IMMR,0001058811,87394
"pardes biosciences, inc",037907,fuzzy_extended,100.0,PARDES BIOSCIENCES INC,PRDS,0001822711,20596
"canyon pharmaceuticals, inc",028470,fuzzy_extended,92.6829268292683,RA PHARMACEUTICALS INC,RARX,0001481512,16398
pasithea therapeutics corp,039089,fuzzy_extended,100.0,PASITHEA THERAPEUTICS CORP,KTTA,0001841330,21939
shen.ai spółka z ograniczoną odpowiedzialnością oddział w polsce,017157,fuzzy_extended,100.0,W HOLDING CO INC,WHCI,0001084887,93105
"benitec biopharma, inc",254381,fuzzy_extended,100.0,BENITEC BIOPHARMA INC,BNTC,0001808898,15631
pacific diabetes technologies,008268,fuzzy_extended,100.0,PACIFIC HOLDING CORP,PHC.1,0000075499,34972
pacific pharmaceuticals,012712,fuzzy_extended,100.0,PACIFIC PHARMACEUTICALS INC,3PHAA,0000731252,93236
sp nutraceuticals inc,063262,fuzzy_extended,92.3076923076923,OMNI NUTRACEUTICALS INC,OMNN,0000857353,83763
"ratio therapeutics, inc",160770,fuzzy_extended,93.33333333333333,MIRATI THERAPEUTICS INC,MRTX,0001576263,14054
psoriasis research institute of guangzhou,009071,fuzzy_extended,100.0,RESEARCH INC,RESRQ,0000216983,66545
bows pharmaceuticals ag,012180,fuzzy_extended,92.3076923076923,OSI PHARMACEUTICALS INC,OSIP,0000729922,10143
productos científicos s. a. de c. v,030584,fuzzy_extended,100.0,A S V INC,ASVI,0000926763,80798
receptor life sciences,006721,fuzzy_extended,100.0,LIFE SCIENCES INC,LFSCQ,0000059401,49526
"realm therapeutics, inc",278239,fuzzy_extended,100.0,REALM THERAPEUTICS PLC,RLM,0001718903,17975
boston scientific japan k.k,025279,fuzzy_extended,100.0,BOSTON SCIENTIFIC CORP,BSX,0000885725,77605
blue lake biotechnology inc,155758,fuzzy_extended,100.0,BLUE HOLDINGS INC,BLHI,0001139683,91170
pulmonx international sàrl,036260,fuzzy_extended,100.0,PULMONX CORP,LUNG,0001127537,19979
bioscan research pvt. ltd,009071,fuzzy_extended,100.0,RESEARCH INC,RESRQ,0000216983,66545
r w johnson pharmaceutical research institute,009071,fuzzy_extended,100.0,RESEARCH INC,RESRQ,0000216983,66545
blue earth therapeutics ltd,183921,fuzzy_extended,100.0,BLUE EARTH INC,BBLUQ,0001422109,14861
"ra pharmaceuticals, inc",028470,fuzzy_extended,100.0,RA PHARMACEUTICALS INC,RARX,0001481512,16398
blue blood biotech corp,155758,fuzzy_extended,100.0,BLUE HOLDINGS INC,BLHI,0001139683,91170
"rtm vital signs, llc",023088,fuzzy_extended,100.0,VITAL SIGNS INC,VITL.1,0000865846,76265
"q therapeutics, inc",002903,fuzzy_extended,94.11764705882354,CHAD THERAPEUTICS INC,CHADQ,0000713492,22518
"rom technologies, inc",008892,fuzzy_extended,95.0,RCM TECHNOLOGIES INC,RCMT,0000700841,65270
bradmer pharmaceuticals inc,028470,fuzzy_extended,92.6829268292683,RA PHARMACEUTICALS INC,RARX,0001481512,16398
recognify life sciences,006721,fuzzy_extended,100.0,LIFE SCIENCES INC,LFSCQ,0000059401,49526
"polychrome medical, inc",008663,fuzzy_extended,100.0,POLYCHROME CORP,PYC.1,0000079407,39132
"building block nutritionals, llc",026367,fuzzy_extended,100.0,BLOCK INC,XYZ,0001512673,15826
brookside research & development company,009071,fuzzy_extended,100.0,RESEARCH INC,RESRQ,0000216983,66545
"polymedix, inc",015175,fuzzy_extended,92.3076923076923,POLYMERIX INC,PLXXE,0000813719,75678
renovis,156860,fuzzy_extended,100.0,RENOVIS INC,RNVS,0001118361,90032
prairie education and research cooperative,009071,fuzzy_extended,100.0,RESEARCH INC,RESRQ,0000216983,66545
research & diagnostic antibodies,009071,fuzzy_extended,100.0,RESEARCH INC,RESRQ,0000216983,66545
"biosig technologies, inc",021824,fuzzy_extended,100.0,BIOSIG TECHNOLOGIES INC,BSGM,0001530766,18103
"restoration robotics, inc",032380,fuzzy_extended,97.87234042553192,RESTORATION ROBOTIC INC,HAIR,,16987
"pinteon therapeutics, inc",033664,fuzzy_extended,93.33333333333333,NEON THERAPEUTICS INC,NTGN,0001694187,17894
bioscience gmbh,005841,fuzzy_extended,100.0,CYPRESS BIOSCIENCE INC,CYPB,0000716054,43290
"resolvyx pharmaceuticals, inc",028470,fuzzy_extended,92.6829268292683,RA PHARMACEUTICALS INC,RARX,0001481512,16398
plexus worldwide,012945,fuzzy_extended,100.0,PLEXUS CORP,PLXS,0000785786,10032
"primo biotechnology co., ltd",008751,fuzzy_extended,100.0,PRIMO INC,PRMQE,,64120
"prime medicine, inc",041615,fuzzy_extended,100.0,PRIME MEDICINE INC,PRME,0001894562,23432
biointelligent technology systems sl,025013,fuzzy_extended,100.0,PLC SYSTEMS INC,PLCSF,,77568
"presidio medical, inc",185894,fuzzy_extended,100.0,PRESIDIO INC,PSDO,0001631825,16642
procore ltd,036273,fuzzy_extended,100.0,PROCORE TECHNOLGY INC,PCOR,0001611052,21237
"promis neurosciences, inc",165266,fuzzy_extended,100.0,PROMIS NEUROSCIENCES INC,PMN,0001374339,23244
"pressure profile systems, inc",025013,fuzzy_extended,100.0,PLC SYSTEMS INC,PLCSF,,77568
renaissance rx,013726,fuzzy_extended,96.55172413793103,RENAISSANCE GRX INC,RENX.1,0000814724,11521
remedy,031622,fuzzy_extended,100.0,REMEDY CORP,RMDY,0000936653,81506
"rempex (a wholly owned subsidiary of melinta therapeutics, llc)",196856,fuzzy_extended,100.0,MELINTA THERAPEUTICS INC,MLNTQ,0001461993,13263
"remedy plan, inc",031622,fuzzy_extended,100.0,REMEDY CORP,RMDY,0000936653,81506
prenetics global,038503,fuzzy_extended,100.0,PRENETICS GLOBAL LTD,PRE,0001876431,23119
aventis pharmaceuticals,013467,fuzzy_extended,100.0,AVENTIS SA,AVE.2,0000807198,78862
noah medical,185783,fuzzy_extended,100.0,NOAH HOLDINGS LIMITED,NOAH,0001499543,12377
"noah tech, corp",185783,fuzzy_extended,100.0,NOAH HOLDINGS LIMITED,NOAH,0001499543,12377
"citius pharmaceuticals, inc",021807,fuzzy_extended,100.0,CITIUS PHARMACEUTICALS INC,CTXR,0001506251,16857
"shenzhen ionova life sciences co., ltd",006721,fuzzy_extended,100.0,LIFE SCIENCES INC,LFSCQ,0000059401,49526
"cirius therapeutics, inc",184114,fuzzy_extended,93.33333333333333,TRIUS THERAPEUTICS INC,TSRX,0001356857,12090
avacta life sciences ltd,006721,fuzzy_extended,100.0,LIFE SCIENCES INC,LFSCQ,0000059401,49526
siemens medical solutions usa - csg,019349,fuzzy_extended,100.0,SIEMENS AG,SIEGY,0001135644,88935
siemens healthcare qt,019349,fuzzy_extended,100.0,SIEMENS AG,SIEGY,0001135644,88935
siemens healthcare diagnostics inc,019349,fuzzy_extended,100.0,SIEMENS AG,SIEGY,0001135644,88935
avant immunotherapeutics,060797,fuzzy_extended,100.0,AVANT CORP,AVNT.2,0000943892,81683
"shire regenerative medicine, inc",212340,fuzzy_extended,100.0,SHIRE PLC,SHPG,0000936402,85888
cipher pharmaceuticals inc,260838,fuzzy_extended,100.0,CIPHER PHARMACEUTICALS INC,CPHRF,0001358575,15061
axcan pharma,061781,fuzzy_extended,100.0,AXCAN PHARMA INC,AXCA,0001116094,88325
novartis korea ltd,101310,fuzzy_extended,100.0,NOVARTIS AG,NVS,0001114448,88233
"novartis slovakia, s.r.o",101310,fuzzy_extended,100.0,NOVARTIS AG,NVS,0001114448,88233
novatek pharmaceuticals,022129,fuzzy_extended,93.33333333333333,INOTEK PHARMACEUTICALS CORP,ITEK,,15221
shanghai qilu pharmaceutical research and development center ltd,009071,fuzzy_extended,100.0,RESEARCH INC,RESRQ,0000216983,66545
"chinook therapeutics, inc. (formerly aduro)",037168,fuzzy_extended,100.0,CHINOOK THERAPEUTICS INC,KDNY,0001435049,15282
novo cellular medicine institute llp,008019,fuzzy_extended,100.0,NOVO CORP,NOVVQ,,34809
"cincor pharma, inc",040475,fuzzy_extended,100.0,CINCOR PHARMA INC,CINC,0001868734,22637
"shape medical systems, inc",025013,fuzzy_extended,100.0,PLC SYSTEMS INC,PLCSF,,77568
nova mentis life science corp,133905,fuzzy_extended,100.0,NOVA LTD,NVMI,0001109345,88181
novamed pharmaceuticals inc,123017,fuzzy_extended,100.0,NOVAMED INC,NOVA.1,0001086939,87178
sienna biopharmaceuticals,031559,fuzzy_extended,95.83333333333333,SIENNA BIOPHARMACEUTICL,SNNAQ,0001656328,16830
"nexgen pharma, inc",031851,fuzzy_extended,100.0,NEXGEN INC,NXGN.1,0000909183,81633
colby pharmaceutical company,163888,fuzzy_extended,95.0,COLEY PHARMACEUTICAL GROUP,COLY,0001319197,90860
"aucta pharmaceuticals, inc",037292,fuzzy_extended,93.87755102040816,ATEA PHARMACEUTICALS INC,AVIR,0001593899,19939
"coherent biopharma (suzhou) co., ltd",003157,fuzzy_extended,100.0,COHERENT INC,COHR.1,0000021510,24476
audentes therapeutics,027669,fuzzy_extended,100.0,AUDENTES THERAPEUTICS INC,BOLD.1,0001628738,16162
"sky medical supplies & equipments, llc",031137,fuzzy_extended,100.0,SKY PLC,BSY.1,0000932793,81121
cogentus pharmaceuticals,018161,fuzzy_extended,93.61702127659575,CONATUS PHARMACEUTICALS INC,CNAT,,14046
"skye bioscience, inc",022116,fuzzy_extended,100.0,SKYE BIOSCIENCE INC,SKYE,0001516551,25035
atlantic pharmaceuticals ltd,012973,fuzzy_extended,100.0,ATLANTIC GROUP INC,ATLG,0000073382,58740
smith & nephew orthopaedics (beijing) limited,101317,fuzzy_extended,100.0,SMITH & NEPHEW PLC,SNN,0000845982,87444
atlas molecular pharma,164534,fuzzy_extended,100.0,ATLAS CORP,ATCO,0001794846,90853
"nephrogenex, inc",019416,fuzzy_extended,100.0,NEPHROGENEX INC,NRXGQ,0001338095,14465
"nereus pharmaceuticals, inc",028470,fuzzy_extended,92.6829268292683,RA PHARMACEUTICALS INC,RARX,0001481512,16398
atsena therapeutics inc,027939,fuzzy_extended,93.33333333333333,TENAX THERAPEUTICS INC,TENX,0000034956,93237
neurogenetic pharmaceuticals inc,028470,fuzzy_extended,92.6829268292683,RA PHARMACEUTICALS INC,RARX,0001481512,16398
sionna therapeutics inc,062632,fuzzy_extended,93.33333333333333,SIRNA THERAPEUTICS INC,RNAI.1,0000892112,83412
cleveland biolabs,166591,fuzzy_extended,100.0,CLEVELAND BIOLABS INC,CBLI.2,,91395
silq technologies corporation,006159,fuzzy_extended,93.75,SI TECHNOLOGIES INC,SISI.,0000719582,45744
"silk technologies, ltd",006159,fuzzy_extended,93.75,SI TECHNOLOGIES INC,SISI.,0000719582,45744
silence therapeutics gmbh,207257,fuzzy_extended,100.0,SILENCE THERAPEUTICS PLC,SLN,0001479615,19843
"clinical research management, inc",009071,fuzzy_extended,100.0,RESEARCH INC,RESRQ,0000216983,66545
"newleos therapeutics, inc",025377,fuzzy_extended,93.33333333333333,NEOS THERAPEUTICS INC,NEOS,0001467652,15531
clionsky neuro systems inc,025013,fuzzy_extended,100.0,PLC SYSTEMS INC,PLCSF,,77568
codexis inc,179841,fuzzy_extended,100.0,CODEXIS INC,CDXS,0001200375,93345
neurowave systems inc,025013,fuzzy_extended,100.0,PLC SYSTEMS INC,PLCSF,,77568
neurological research center,009071,fuzzy_extended,100.0,RESEARCH INC,RESRQ,0000216983,66545
"scorpion therapeutics, a wholly owned subsidiary of eli lilly and company",006730,fuzzy_extended,100.0,LILLY (ELI) & CO,LLY,0000059478,50876
optinose as,032451,fuzzy_extended,100.0,OPTINOSE INC,OPTN,0001494650,16992
seaport therapeutics,009558,fuzzy_extended,100.0,SEAPORT CORP,3SEOP,0000088217,36345
"opus genetics, inc",037325,fuzzy_extended,100.0,OPUS GENETICS INC,IRD,0001228627,92665
beachbody,039112,fuzzy_extended,100.0,BEACHBODY CO INC (THE),BODI,0001826889,20365
scoliosis sos ltd,037429,fuzzy_extended,100.0,SOS LIMITED,SOS,0001346610,16656
beam,001408,fuzzy_extended,100.0,BEAM INC,BEAM.2,0000789073,10225
"orbus therapeutics, inc",033720,fuzzy_extended,93.33333333333333,RUBIUS THERAPEUTICS INC,RUBY,0001709401,17947
beauty health,038768,fuzzy_extended,100.0,BEAUTY HEALTH CO (THE),SKIN,0001818093,20181
"orchestra biomed, inc",036776,fuzzy_extended,100.0,ORCHESTRA BIOMED HOLDING INC,OBIO,0001814114,19636
cellect biotechnology,297510,fuzzy_extended,100.0,CELLECT BIOTECHNOLOGY LTD,APOP,0001680653,16161
scilex ltd,037707,fuzzy_extended,100.0,SCILEX HOLDING CO,SCLX,0001820190,20884
semler scientific,019189,fuzzy_extended,100.0,SEMLER SCIENTIFIC INC,SMLR,0001554859,14469
one world cannabis ltd,036851,fuzzy_extended,100.0,ONE,AONE,,19935
bausch & lomb gmbh,002085,fuzzy_extended,100.0,BAUSCH & LOMB HLDGS  -REDH,6583B,0001416436,26518
"organ recovery systems, inc",025013,fuzzy_extended,100.0,PLC SYSTEMS INC,PLCSF,,77568
"cavion, inc",125598,fuzzy_extended,100.0,CAVION TECHNOLOGIES INC,CVTE,,87305
catheter precision. inc,033824,fuzzy_extended,100.0,CATHETER PRECISION INC,VTAK,0001716621,18089
sapience therapeutics,207257,fuzzy_extended,92.6829268292683,SILENCE THERAPEUTICS PLC,SLN,0001479615,19843
orthovita d/b/a stryker,117142,fuzzy_extended,100.0,ORTHOVITA INC,VITA.1,0000913756,88581
origin inc,023076,fuzzy_extended,100.0,DIGITAL ORIGIN INC,DODV,0000805574,76281
orion biotechnology polska sp. z o.o,020420,fuzzy_extended,100.0,ORION SA,OEC,0001609804,14786
orphan medical,030775,fuzzy_extended,100.0,ORPHAN MEDICAL INC,ORPH.,0000929548,81002
cell energy life sciences group co. ltd,006721,fuzzy_extended,100.0,LIFE SCIENCES INC,LFSCQ,0000059401,49526
"celero systems, inc",025013,fuzzy_extended,100.0,PLC SYSTEMS INC,PLCSF,,77568
"senorx, inc",175084,fuzzy_extended,100.0,SENORX INC,SENO,0001097136,91906
nuvectra,026382,fuzzy_extended,100.0,NUVECTRA CORP,NVTRQ,0001648893,15955
nuvoair medical pc,006588,fuzzy_extended,100.0,PC GROUP INC,PCGR,0000725460,48697
b.braun médical - coe chasseneuil,064541,fuzzy_extended,100.0,COE GROUP PLC,FREY10,0001031633,84611
"chemrar research and development institute, llc",009071,fuzzy_extended,100.0,RESEARCH INC,RESRQ,0000216983,66545
"nurx pharmaceuticals, inc",038874,fuzzy_extended,97.87234042553192,NRX PHARMACEUTICALS INC,NRXP,0001719406,17134
"nucorion pharmaceuticals, inc",028470,fuzzy_extended,92.6829268292683,RA PHARMACEUTICALS INC,RARX,0001481512,16398
nutra harmony llc,005481,fuzzy_extended,100.0,HARMONY INC,1589B,,46010
"cerebrotech medical systems, inc",025013,fuzzy_extended,100.0,PLC SYSTEMS INC,PLCSF,,77568
"septerna, inc",050763,fuzzy_extended,100.0,SEPTERNA INC,SEPN,0001984086,25755
olympic seafood as,013494,fuzzy_extended,100.0,SEAFOOD INC,SEFD,0000812789,11491
okyo pharma ltd,289153,fuzzy_extended,100.0,OKYO PHARMA LIMITED,OKYO,0001849296,23943
brc operations pty. ltd,003609,fuzzy_extended,100.0,BRC HOLDINGS INC,BRCP,0000205219,27722
chase therapeutics corporation,003203,fuzzy_extended,100.0,CHASE CORP,CCF,0000830524,82542
sermonix pharmaceuticals inc,028470,fuzzy_extended,92.6829268292683,RA PHARMACEUTICALS INC,RARX,0001481512,16398
odyssey therapeutics,008088,fuzzy_extended,100.0,ODYSSEY INC,ODYS.1,0000073860,59062
serina therapeutics,034469,fuzzy_extended,100.0,SERINA THERAPEUTICS INC,SER,0001708599,18217
viewray inc,023106,fuzzy_extended,100.0,VIEWRAY INC,VRAYQ,0001597313,15978
vietstar biomedical research,009071,fuzzy_extended,100.0,RESEARCH INC,RESRQ,0000216983,66545
inflamax research incorporated,009071,fuzzy_extended,100.0,RESEARCH INC,RESRQ,0000216983,66545
adagene (suzhou) limited,037862,fuzzy_extended,100.0,ADAGENE INC,ADAG,0001818838,20564
"exicure, inc",033499,fuzzy_extended,100.0,EXICURE INC,XCUR,0001698530,18855
adams respiratory therapeutics,163628,fuzzy_extended,94.73684210526315,ADAMS RESPIRATORY THERAPTCS,ARXT,0001319439,90800
"intas pharmaceuticals, ltd",138662,fuzzy_extended,92.6829268292683,ISTA PHARMACEUTICALS INC,ISTA,0000930553,88535
euclid systems corporation,025013,fuzzy_extended,100.0,PLC SYSTEMS INC,PLCSF,,77568
innoviva specialty therapeutics,160668,fuzzy_extended,100.0,INNOVIVA INC,INVA,0001080014,90423
intelligent bio solutions inc,042969,fuzzy_extended,100.0,INTELLIGENT GROUP LTD,INTJ,0001916416,24946
intelligent hearing systems,025013,fuzzy_extended,100.0,PLC SYSTEMS INC,PLCSF,,77568
"intensity therapeutics, inc",039991,fuzzy_extended,100.0,INTENSITY THERAPEUTICS INC,INTS,0001567264,24017
adom advanced optical technologies ltd,177895,fuzzy_extended,93.33333333333333,GT ADVANCED TECHNOLOGIES INC,GTATQ,0001394954,92758
"innovus pharmaceuticals, inc",028470,fuzzy_extended,92.6829268292683,RA PHARMACEUTICALS INC,RARX,0001481512,16398
viacell,147200,fuzzy_extended,100.0,VIACELL INC,VIAC.1,0001114529,90546
insmed gene therapy llc,136186,fuzzy_extended,100.0,INSMED INC,INSM,0001104506,88351
institute of om foundation,029001,fuzzy_extended,100.0,OM GROUP INC,OMG,0000899723,79724
viron therapeutics inc,065838,fuzzy_extended,93.33333333333333,SEVION THERAPEUTICS INC,SVON,,89411
acrivon therapeutics,041684,fuzzy_extended,100.0,ACRIVON THERAPEUTICS INC,ACRV,0001781174,23510
immunicon,157758,fuzzy_extended,100.0,IMMUNICON CORP/DE,IMMCQ,0001083132,90128
voyager therapeutics,026341,fuzzy_extended,100.0,VOYAGER THERAPEUTICS INC,VYGR,0001640266,15856
acer medical inc,013593,fuzzy_extended,93.75,PACE MEDICAL INC,PMDL,0000814057,11556
acer therapeutics inc,032459,fuzzy_extended,100.0,ACER THERAPEUTICS INC,ACER,0001069308,91471
ww international inc,145308,fuzzy_extended,100.0,WW INTERNATIONAL INC,WGHTQ,0000105319,89244
imarx therapeutics,175067,fuzzy_extended,100.0,IMARX THERAPEUTICS INC-OLD,IMRX.1,,92200
"vtesse, llc, a mallinckrodt pharmaceuticals company",006096,fuzzy_extended,100.0,MALLINCKRODT INC,MKG,0000051396,12511
"vivani medical, inc",021421,fuzzy_extended,100.0,VIVANI MEDICAL INC,VANI,0001266806,15062
"incarda therapeutics, inc",050516,fuzzy_extended,93.61702127659575,BICARA THERAPEUTICS INC,BCAX,0002023658,25549
ingef - institute for applied health research berlin gmbh,009071,fuzzy_extended,100.0,RESEARCH INC,RESRQ,0000216983,66545
"acuity polymers, inc",146017,fuzzy_extended,100.0,ACUITY INC,AYI,0001144215,89216
"indapta therapeutics, inc",349972,fuzzy_extended,93.87755102040816,INDAPTUS THERAPEUTICS INC,INDP,0001857044,15642
indigo diabetes nv,031256,fuzzy_extended,100.0,INDIGO NV,INDG.1,0000920910,80538
acurx pharmaceuticals inc,011929,fuzzy_extended,96.0,ACURA PHARMACEUTICALS INC,ACUR,0000786947,10116
imricor medical systems,025013,fuzzy_extended,100.0,PLC SYSTEMS INC,PLCSF,,77568
immunology research institute in gifu,009071,fuzzy_extended,100.0,RESEARCH INC,RESRQ,0000216983,66545
f care systems nv,025013,fuzzy_extended,100.0,PLC SYSTEMS INC,PLCSF,,77568
vital signs solutions ltd,023088,fuzzy_extended,100.0,VITAL SIGNS INC,VITL.1,0000865846,76265
"vitae pharmaceuticals inc., an allergan affiliate",001284,fuzzy_extended,100.0,ALLERGAN PHARMACEUTICALS INC,AGN.3,0000215038,59635
ethos research & development,009071,fuzzy_extended,100.0,RESEARCH INC,RESRQ,0000216983,66545
"jenny craig, inc",024637,fuzzy_extended,100.0,CRAIG (JENNY) INC,3JCGI,0000878865,77064
"engage therapeutics, inc",122137,fuzzy_extended,100.0,ENGAGE INC,ENGA.,0001084573,87106
endra lifesciences,029418,fuzzy_extended,97.29729729729729,ENDRA LIFE SCIENCES INC,NDRA,0001681682,16793
entos pharmaceuticals inc,037473,fuzzy_extended,94.11764705882354,PETROS PHARMACEUTICALS INC,PTPI,0001815903,20135
"vallon pharmaceuticals, inc",028470,fuzzy_extended,92.6829268292683,RA PHARMACEUTICALS INC,RARX,0001481512,16398
enlivex therapeutics rdo ltd,035008,fuzzy_extended,100.0,ENLIVEX THERAPEUTICS LTD,ENLV,0001596812,14826
empower research inc,009071,fuzzy_extended,100.0,RESEARCH INC,RESRQ,0000216983,66545
univar bv,011003,fuzzy_extended,100.0,UNIVAR CORP,UVX,0000101929,47917
"k-pax pharmaceuticals, inc",028470,fuzzy_extended,92.6829268292683,RA PHARMACEUTICALS INC,RARX,0001481512,16398
"emisphere technologies, inc",015446,fuzzy_extended,100.0,EMISPHERE TECHNOLOGIES INC,EMIS,0000805326,75696
johnson & johnson (china) investment ltd,006266,fuzzy_extended,100.0,JOHNSON & JOHNSON,JNJ,0000200406,22111
"endochoice innovation center, ltd",023889,fuzzy_extended,100.0,ENDOCHOICE HOLDINGS INC,GI,0001623919,15451
encysive pharmaceuticals,029992,fuzzy_extended,100.0,ENCYSIVE PHARMACEUTICALS INC,ENCY,0000887023,81066
"encora, inc",031673,fuzzy_extended,95.23809523809524,CENCORA INC,COR,0001140859,81540
"advancell - advanced in vitro cell technologies, s.a",013100,fuzzy_extended,94.11764705882354,E A S TECHNOLOGIES INC,3EASCE,,10582
esaote s.p.a,001059,fuzzy_extended,100.0,A P S INC,APS.1,,58958
"velosbio inc., a subsidiary of merck & co., inc. (rahway, new jersey usa)",007257,fuzzy_extended,100.0,MERCK & CO,MRK,0000310158,22752
inverness medical innovations,015852,fuzzy_extended,100.0,MEDICAL INNOVATIONS INC,MIXX.,0000835908,75785
"vega therapeutics, inc",038782,fuzzy_extended,95.23809523809524,VERA THERAPEUTICS INC,VERA,0001831828,21342
"invuity, inc",023704,fuzzy_extended,100.0,INVUITY INC,IVTY,0001393020,15428
esperance pharmaceuticals inc,028470,fuzzy_extended,92.6829268292683,RA PHARMACEUTICALS INC,RARX,0001481512,16398
advanced magnetic research institute international,009071,fuzzy_extended,100.0,RESEARCH INC,RESRQ,0000216983,66545
advanced medical diagnostics s.a,024902,fuzzy_extended,100.0,MEDICAL DIAGNOSTICS INC,MDIX.,0000879205,77322
aesculap implant systems,025013,fuzzy_extended,100.0,PLC SYSTEMS INC,PLCSF,,77568
eodyne systems sl,025013,fuzzy_extended,100.0,PLC SYSTEMS INC,PLCSF,,77568
aer therapeutics,032459,fuzzy_extended,96.96969696969697,ACER THERAPEUTICS INC,ACER,0001069308,91471
epitopoietic research corporation,009071,fuzzy_extended,100.0,RESEARCH INC,RESRQ,0000216983,66545
aegle therapeutics,020010,fuzzy_extended,94.44444444444444,AGILE THERAPEUTICS INC,AGRX,0001261249,14645
epion therapeutics,018162,fuzzy_extended,92.3076923076923,ESPERION THERAPEUTICS INC,ESPR,0001434868,13954
zura bio inc,039028,fuzzy_extended,100.0,ZURA BIO LIMITED,ZURA,0001855644,22071
"gain therapeutics, inc",038333,fuzzy_extended,100.0,GAIN THERAPEUTICS INC,GANX,0001819411,20796
gaia medical institute,125601,fuzzy_extended,100.0,GAIA INC,GAIA,0001089872,87321
guided therapy systems,025013,fuzzy_extended,100.0,PLC SYSTEMS INC,PLCSF,,77568
"4c medical technologies, inc",014395,fuzzy_extended,93.02325581395348,BIOJECT MEDICAL TECHNOLOGIES,BJCT,0000810084,78219
co.don ag,007807,fuzzy_extended,100.0,NELLY DON INC,NEL.2,0000070972,34593
gaia herbs inc,125601,fuzzy_extended,100.0,GAIA INC,GAIA,0001089872,87321
harrow inc,176636,fuzzy_extended,100.0,HARROW INC,HROW,0001360214,13796
"gb001, inc, a wholly owned subsidiary of gossamer bio, inc",034578,fuzzy_extended,100.0,GOSSAMER BIO INC,GOSS,0001728117,18377
"hawaii biotech, inc",005524,fuzzy_extended,100.0,HAWAII CORP,HAWA,0000046197,41225
"gap innovations, pbc",004990,fuzzy_extended,100.0,GAP INC,GAP,0000039911,59010
healthwatch ltd,005557,fuzzy_extended,100.0,HEALTHWATCH INC,HEAL.2,0000725627,41399
aiq solutions,064631,fuzzy_extended,92.3076923076923,ASI SOLUTIONS INC,ASIS,0001029445,84720
zimmer spine,011685,fuzzy_extended,100.0,ZIMMER CORP,ZIM.1,0000109336,46826
gsk vaccines institute for global health s.r.l,005180,fuzzy_extended,100.0,GSK PLC,GSK,0001131399,75064
"gri bio operations, inc",037938,fuzzy_extended,100.0,GRI BIO INC,GRI,0001824293,20640
genesis pharma cns & specialty,013474,fuzzy_extended,100.0,CNS INC,CNXS.1,0000814258,11411
giellepi s.p.a,001059,fuzzy_extended,100.0,A P S INC,APS.1,,58958
"genzada pharmaceuticals usa, inc",028470,fuzzy_extended,92.6829268292683,RA PHARMACEUTICALS INC,RARX,0001481512,16398
sirnagen therapeutics inc,062632,fuzzy_extended,93.61702127659575,SIRNA THERAPEUTICS INC,RNAI.1,0000892112,83412
selection therapeutics gmbh,065760,fuzzy_extended,92.6829268292683,SELECT THERAPEUTICS INC,STLT.,0001037158,88900
1qb information technologies inc,113272,fuzzy_extended,100.0,INFORMATION HOLDINGS INC,IHI.1,0001063744,86307
"in therapeutics co., ltd",024996,fuzzy_extended,100.0,LINEAGE CELL THERAPEUTICS IN,LCTX,0000876343,77393
genmark diagnostics,184542,fuzzy_extended,100.0,GENMARK DIAGNOSTICS INC,GNMK,0001487371,93393
g.tec medical engineering gmbh,010276,fuzzy_extended,100.0,TEC INC,TCK.1,,59790
generex biotechnology corp,106589,fuzzy_extended,100.0,GENEREX BIOTECHNOLOGY CORP,GNBTQ,0001059784,88250
"intumo therapeutics, inc",061673,fuzzy_extended,93.02325581395348,NUO THERAPEUTICS INC,AURX,0001091596,90750
general electric research,009071,fuzzy_extended,100.0,RESEARCH INC,RESRQ,0000216983,66545
genelux gmbh,041538,fuzzy_extended,100.0,GENELUX CORP,GNLX,0001231457,23670
ican nutrition education and research,009071,fuzzy_extended,100.0,RESEARCH INC,RESRQ,0000216983,66545
abcellera biologics inc,037527,fuzzy_extended,100.0,ABCELLERA BIOLOGICS INC,ABCL,0001703057,20276
"xanthus pharmaceuticals, inc",028470,fuzzy_extended,92.6829268292683,RA PHARMACEUTICALS INC,RARX,0001481512,16398
hummingbird diagnostics,028711,fuzzy_extended,100.0,HUMMINGBIRD LTD,HUMC,0000919548,80453
"access pharmaceuticals, inc",028470,fuzzy_extended,92.6829268292683,RA PHARMACEUTICALS INC,RARX,0001481512,16398
"ferrumax pharmaceuticals, inc",028470,fuzzy_extended,92.6829268292683,RA PHARMACEUTICALS INC,RARX,0001481512,16398
"itf research pharma, s.l.u",009071,fuzzy_extended,100.0,RESEARCH INC,RESRQ,0000216983,66545
"ir technology, llc",158740,fuzzy_extended,92.85714285714286,SIRF TECHNOLOGY HOLDINGS INC,SIRF,0001163943,90135
iqvia pty ltd,017928,fuzzy_extended,100.0,IQVIA HOLDINGS INC,IQV,0001478242,13911
"abrexa pharmaceuticals, inc",138122,fuzzy_extended,94.11764705882354,ARENA PHARMACEUTICALS INC,ARNA,0001080709,88421
"id biomedical corporation, quebec",027522,fuzzy_extended,100.0,ID BIOMEDICAL CORP,IDBE,0000889330,79497
"igc pharma, llc",166491,fuzzy_extended,100.0,IGC PHARMA INC,IGC,0001326205,91201
ims health gmbh & co. ohg,063800,fuzzy_extended,100.0,IMS HEALTH HOLDINGS INC,IMS,0001595262,14570
"whitehawk therapeutics, inc",039527,fuzzy_extended,100.0,WHITEHAWK THERAPEUTICS INC,WHWK,0001422142,17869
xenova biomedix,030645,fuzzy_extended,100.0,XENOVA GROUP PLC,XNVAY,0000894770,81233
avva pharmaceuticals ltd,177606,fuzzy_extended,92.3076923076923,VIA PHARMACEUTICALS INC,VIAP,0001003929,87838
fresenius medical care korea,212782,fuzzy_extended,100.0,FRESENIUS MEDICAL CARE AG,FMS,0001333141,83987
hemotech,005584,fuzzy_extended,93.33333333333333,HEMOTEC INC,HEMO.1,0000046815,41532
"fujifilm kyowa kirin biologics co., ltd",018729,fuzzy_extended,100.0,KIRIN HOLDINGS CO LTD,KNBWY,0000800901,47897
"heartbeam, inc",039592,fuzzy_extended,100.0,HEARTBEAM INC,BEAT,0001779372,22281
zai lab pty. ltd,032334,fuzzy_extended,100.0,ZAI LAB LTD,ZLAB,0001704292,16938
zyus life sciences inc,006721,fuzzy_extended,100.0,LIFE SCIENCES INC,LFSCQ,0000059401,49526
zs associates,031807,fuzzy_extended,100.0,AG ASSOCIATES INC,AGAI,0000942124,81597
"arce therapeutics, inc",032459,fuzzy_extended,95.23809523809524,ACER THERAPEUTICS INC,ACER,0001069308,91471
"freedom laser, inc",026567,fuzzy_extended,100.0,FREEDOM HOLDING CORP,FRHC,0000924805,91437
xoc pharmaceuticals,036264,fuzzy_extended,92.3076923076923,ORIC PHARMACEUTICALS,ORIC,0001796280,19353
histogenics corporation,022229,fuzzy_extended,100.0,HISTOGENICS CORP,HSGX,,15132
"ati holdings, llc",001067,fuzzy_extended,100.0,ATI INC,ATQ.1,0000929245,28652
"freedom laser therapy, inc",026567,fuzzy_extended,100.0,FREEDOM HOLDING CORP,FRHC,0000924805,91437
yamo pharmaceuticals llc,184465,fuzzy_extended,92.6829268292683,AMPIO PHARMACEUTICALS INC,AMPE,0001411906,12789
foxhollow technologies,161073,fuzzy_extended,100.0,FOXHOLLOW TECHNOLOGIES INC,FOXH,0001217688,90407
"foundry innovation & research 1, limited (fire1)",009071,fuzzy_extended,100.0,RESEARCH INC,RESRQ,0000216983,66545
asc therapeutics,035649,fuzzy_extended,93.75,ADC THERAPEUTICS SA,ADCT,0001771910,19391
"fortis therapeutics, inc",014390,fuzzy_extended,100.0,FORTIS INC,FTS,0001666175,16341
toscana life sciences sviluppo s.r.l,006721,fuzzy_extended,100.0,LIFE SCIENCES INC,LFSCQ,0000059401,49526
"tourmaline bio, inc",038738,fuzzy_extended,100.0,TOURMALINE BIO INC,TRML,0001827506,21336
"keros therapeutics, inc",036328,fuzzy_extended,100.0,KEROS THERAPEUTICS INC,KROS,0001664710,19349
kellogg company,043236,fuzzy_extended,100.0,WK KELLOGG CO,KLG,0001959348,24175
tivic health systems,039618,fuzzy_extended,100.0,TIVIC HEALTH SYSTEMS INC,TIVC,0001787740,22347
allegro nv/sa,028691,fuzzy_extended,100.0,ALLEGRO BIODIESEL CORP,ABDS,0000895380,79480
transparency life sciences,006721,fuzzy_extended,100.0,LIFE SCIENCES INC,LFSCQ,0000059401,49526
"laguna pharmaceuticals, inc",028470,fuzzy_extended,92.6829268292683,RA PHARMACEUTICALS INC,RARX,0001481512,16398
"elira therapeutics, inc",036300,fuzzy_extended,93.02325581395348,LYRA THERAPEUTICS INC,LYRA,0001327273,19402
topical remedy,031622,fuzzy_extended,100.0,REMEDY CORP,RMDY,0000936653,81506
"kali therapeutics, inc",036786,fuzzy_extended,93.33333333333333,KALARIS THERAPEUTICS INC,KLRS,0001754068,19540
alar pharmaceuticals inc,037495,fuzzy_extended,93.61702127659575,ARS PHARMACEUTICALS INC,SPRY,0001671858,20318
"twin star medical, inc",042243,fuzzy_extended,100.0,STAR HOLDINGS,STHO,0001953366,23742
elixir pharmaceuticals,325899,fuzzy_extended,93.02325581395348,TELIX PHARMACEUTICALS LTD,TLX,0002007191,25817
"u-systems, inc",004159,fuzzy_extended,92.3076923076923,E-SYSTEMS INC,ESY.1,0000030875,43342
lasarrus clinic and research center,009071,fuzzy_extended,100.0,RESEARCH INC,RESRQ,0000216983,66545
tricity research center,009071,fuzzy_extended,100.0,RESEARCH INC,RESRQ,0000216983,66545
landos biopharma inc,037924,fuzzy_extended,100.0,LANDOS BIOPHARMA INC,LABP,0001785345,20608
edesa biotech inc,035321,fuzzy_extended,100.0,EDESA BIOTECH INC,EDSA,0001540159,15854
"edgewater safety systems, inc",025013,fuzzy_extended,100.0,PLC SYSTEMS INC,PLCSF,,77568
"alpine immune sciences inc, a subsidiary of vertex",024083,fuzzy_extended,100.0,VERTEX INC,VERX,0001806837,19506
timber pharmaceuticals inc,176594,fuzzy_extended,94.33962264150944,OPTIMER PHARMACEUTICALS INC,OPTR,0001142576,91824
timser sapi de cv,163863,fuzzy_extended,100.0,CV HOLDINGS INC,CVHL,0001330969,91438
tinea pharmaceuticals,014538,fuzzy_extended,92.6829268292683,TEVA PHARMACEUTICALS,TEVA,0000818686,75652
"altair therapeutics, inc",021208,fuzzy_extended,95.0,ALTAMIRA THERAPEUTICS LTD,CYTOF,0001601936,14865
"lkc technologies, inc",184603,fuzzy_extended,92.6829268292683,QLIK TECHNOLOGIES INC,QLIK,0001305294,12026
kinamed incorporated,004675,fuzzy_extended,92.3076923076923,INAMED CORP,IMDC.,0000109831,10342
kinex pharmaceuticals inc,112033,fuzzy_extended,93.87755102040816,KING PHARMACEUTICALS INC,KG.1,0001047699,86176
"e2bio life sciences, llc",006721,fuzzy_extended,100.0,LIFE SCIENCES INC,LFSCQ,0000059401,49526
kanisa pharmaceuticals,018204,fuzzy_extended,92.6829268292683,ANI PHARMACEUTICALS INC,ANIP,0001023024,89875
transcode therapeutics,038511,fuzzy_extended,100.0,TRANSCODE THERAPEUTICS INC,RNAZ,0001829635,21760
trinity biotech,025850,fuzzy_extended,100.0,TRINITY BIOTECH PLC,TRIB,0000888721,78002
"alseres pharmaceuticals, inc",005336,fuzzy_extended,100.0,ALSERES PHARMACEUTICALS INC,ALSE,0000094784,40062
aleris obesity,013712,fuzzy_extended,100.0,ALERIS CORP,6685B,0001518587,75558
"eqrx, inc",038187,fuzzy_extended,100.0,EQRX INC,EQRX,0001843762,21277
"the crofoot research center, inc",009071,fuzzy_extended,100.0,RESEARCH INC,RESRQ,0000216983,66545
yali pharmaceuticals,062977,fuzzy_extended,92.6829268292683,SALIX PHARMACEUTICALS LTD,SLXP,0001009356,88811
art advanced research technologies inc,009071,fuzzy_extended,100.0,RESEARCH INC,RESRQ,0000216983,66545
the chemo-sero-therapeutic research institute,009071,fuzzy_extended,100.0,RESEARCH INC,RESRQ,0000216983,66545
sagent pharmaceuticals inc,186045,fuzzy_extended,100.0,SAGENT PHARMACEUTICALS INC,SGNT,0001369786,12695
"the campbell clinic, uk",011151,fuzzy_extended,100.0,GROUP INC (THE),THEG,,80603
saegis pharmaceuticals,018159,fuzzy_extended,93.02325581395348,AGIOS PHARMACEUTICALS,AGIO,0001439222,14044
texas plastic surgery,125528,fuzzy_extended,100.0,PLASTIC SURGERY CO,3PSUG,0001041623,87468
bellamy's organic pty ltd,129629,fuzzy_extended,100.0,ORGANIC INC,OGNC,0001093709,87624
"thar pharmaceuticals, inc",037495,fuzzy_extended,93.61702127659575,ARS PHARMACEUTICALS INC,SPRY,0001671858,20318
"translate bio, inc",033601,fuzzy_extended,100.0,TRANSLATE BIO INC,TBIO.2,0001693415,17899
xsira pharmaceuticals,043186,fuzzy_extended,92.6829268292683,MIRA PHARMACEUTICALS INC,MIRA,0001904286,24094
"yap therapeutics, inc",029914,fuzzy_extended,92.6829268292683,LEAP THERAPEUTICS INC,LPTX,0001509745,16542
y biologics inc,013162,fuzzy_extended,92.85714285714286,PRAXIS BIOLOGICS INC,PRXS,,11218
alltech life sciences inc,006721,fuzzy_extended,100.0,LIFE SCIENCES INC,LFSCQ,0000059401,49526
the avicena group,011151,fuzzy_extended,100.0,GROUP INC (THE),THEG,,80603
salient surgical technologies,022264,fuzzy_extended,100.0,SURGICAL TECHNOLOGIES INC,SGTI.,,76174
"aska pharmaceutical co., ltd",100718,fuzzy_extended,92.5925925925926,TAKEDA PHARMACEUTICAL CO LTD,TAK,0001395064,18298
aro medical,001767,fuzzy_extended,100.0,ARO CORP,ARO.3,,27502
the taub group,011151,fuzzy_extended,100.0,GROUP INC (THE),THEG,,80603
"seed therapeutics, inc",024177,fuzzy_extended,93.02325581395348,SERES THERAPEUTICS INC,MCRB,0001609809,15431
"scolr pharma, inc",062288,fuzzy_extended,100.0,SCOLR PHARMA INC,SCLR,0000934936,90049
alza,001359,fuzzy_extended,100.0,ALZA CORP,AZA.1,0000004310,64856
sfi research,009071,fuzzy_extended,100.0,RESEARCH INC,RESRQ,0000216983,66545
the rainforest company,011151,fuzzy_extended,100.0,GROUP INC (THE),THEG,,80603
"zin technologies, inc",011768,fuzzy_extended,97.5609756097561,ZING TECHNOLOGIES INC,ZING.1,0000756055,93316
sgx nova llc,133905,fuzzy_extended,100.0,NOVA LTD,NVMI,0001109345,88181
american international biotechnology,001487,fuzzy_extended,100.0,AMERICAN INTERNATIONAL GROUP,AIG,0000005272,66800
"sbi pharmaceuticals co, ltd",012180,fuzzy_extended,94.73684210526315,OSI PHARMACEUTICALS INC,OSIP,0000729922,10143
"amersham buchler, gmbh & co kg",100423,fuzzy_extended,100.0,AMERSHAM PLC,AHM.2,0001041799,85434
akl research and development,009071,fuzzy_extended,100.0,RESEARCH INC,RESRQ,0000216983,66545
"toshiba medical systems corporation, japan",010622,fuzzy_extended,100.0,TOSHIBA CORP,TOSYY,0000098573,76559
"big blue biotech, inc",155758,fuzzy_extended,100.0,BLUE HOLDINGS INC,BLHI,0001139683,91170
the wave innovation group s.r.l,011151,fuzzy_extended,100.0,GROUP INC (THE),THEG,,80603
"alk nordic a/s, danmark filial",007924,fuzzy_extended,100.0,NORDIC LIMITED INC,NORLE,,57825
"the west clinic, memphis",064055,fuzzy_extended,100.0,WEST CORP,WSTC,0001024657,13830
"the foundation for spinal research, education and humanitarian care, inc",009071,fuzzy_extended,100.0,RESEARCH INC,RESRQ,0000216983,66545
the grasses of eden ltd,011151,fuzzy_extended,100.0,GROUP INC (THE),THEG,,80603
spire therapeutics inc,006547,fuzzy_extended,100.0,SPIRE INC,SR,0001126956,12781
"the herb, inc",011151,fuzzy_extended,100.0,GROUP INC (THE),THEG,,80603
the hillshire brands company,009411,fuzzy_extended,100.0,HILLSHIRE BRANDS CO,HSH,0000023666,22840
spgo research mannheim gmbh,009071,fuzzy_extended,100.0,RESEARCH INC,RESRQ,0000216983,66545
the insides company,011151,fuzzy_extended,100.0,GROUP INC (THE),THEG,,80603
york sound inc,062564,fuzzy_extended,100.0,YORK GROUP INC,YRKG,0001007084,83436
the eye machine canada inc,011151,fuzzy_extended,100.0,GROUP INC (THE),THEG,,80603
the flume catheter company ltd,011151,fuzzy_extended,100.0,GROUP INC (THE),THEG,,80603
aria research pty ltd,009071,fuzzy_extended,100.0,RESEARCH INC,RESRQ,0000216983,66545
yellow jersey therapeutics ag,011649,fuzzy_extended,100.0,YELLOW CORP,YELLQ,0000716006,59483
spa società prodotti antibiotici s.p.a,001059,fuzzy_extended,100.0,A P S INC,APS.1,,58958
"the institute for diabetes discovery, llc",011151,fuzzy_extended,100.0,GROUP INC (THE),THEG,,80603
"sk telecom americas, inc",203480,fuzzy_extended,100.0,SK TELECOM CO LTD,SKM,0001015650,83604
beta emitting accurate monitored systems,025013,fuzzy_extended,100.0,PLC SYSTEMS INC,PLCSF,,77568
"the national institutes of pharmaceutical r&d co. ltd, china",011151,fuzzy_extended,100.0,GROUP INC (THE),THEG,,80603
the perfect series sdn bhd,037669,fuzzy_extended,100.0,PERFECT CORP,PERF,0001899830,23498
the plasma source,011151,fuzzy_extended,100.0,GROUP INC (THE),THEG,,80603
"the pregene (shenzhen) biotechnology company, ltd",011151,fuzzy_extended,100.0,GROUP INC (THE),THEG,,80603
"answers neuroscience, inc",160447,fuzzy_extended,100.0,ANSWERS CORP,ANSW,0001283073,90381
the institute for iterative thinking,011151,fuzzy_extended,100.0,GROUP INC (THE),THEG,,80603
"berry genomics co., ltd",013431,fuzzy_extended,100.0,BERRY CORP,BRY,0001705873,17956
"the institutes for pharmaceutical discovery, llc",011151,fuzzy_extended,100.0,GROUP INC (THE),THEG,,80603
bespoke clinical research,009071,fuzzy_extended,100.0,RESEARCH INC,RESRQ,0000216983,66545
"best vascular, inc",029378,fuzzy_extended,100.0,BEST INC,BEST,0001709505,16940
the learning corp,007345,fuzzy_extended,100.0,LEARNING CO INC,TLC.1,0000719612,53621
american research labs,009071,fuzzy_extended,100.0,RESEARCH INC,RESRQ,0000216983,66545
"yuejia pharmaceuticals (usa), inc",028470,fuzzy_extended,92.6829268292683,RA PHARMACEUTICALS INC,RARX,0001481512,16398
the mentholatum company,011151,fuzzy_extended,100.0,GROUP INC (THE),THEG,,80603
the national institute of lymphology,011151,fuzzy_extended,100.0,GROUP INC (THE),THEG,,80603
"teon therapeutics, inc",033664,fuzzy_extended,95.23809523809524,NEON THERAPEUTICS INC,NTGN,0001694187,17894
wiseman research initiatives llc,009071,fuzzy_extended,100.0,RESEARCH INC,RESRQ,0000216983,66545
amway corp,028913,fuzzy_extended,100.0,AMWAY JAPAN LTD,AJL,0000922624,80675
seer medical pty ltd,037425,fuzzy_extended,100.0,SEER INC,SEER,0001726445,20187
bark technology llp,038937,fuzzy_extended,100.0,BARK INC,BARK,0001819574,20238
senexta therapeutics sa,038496,fuzzy_extended,92.3076923076923,ERNEXA THERAPEUTICS INC,ERNA,0000748592,76963
"senesco technologies, inc",023224,fuzzy_extended,93.33333333333333,ESCO TECHNOLOGIES INC,ESE,0000866706,76478
"semnur pharmaceuticals, inc",028470,fuzzy_extended,92.6829268292683,RA PHARMACEUTICALS INC,RARX,0001481512,16398
semler research center pvt. ltd,009071,fuzzy_extended,100.0,RESEARCH INC,RESRQ,0000216983,66545
amryt research limited,009071,fuzzy_extended,100.0,RESEARCH INC,RESRQ,0000216983,66545
"aboutskin dermatology and dermsurgery, pc",006588,fuzzy_extended,100.0,PC GROUP INC,PCGR,0000725460,48697
"woodmont pharmaceuticals, inc",028470,fuzzy_extended,92.6829268292683,RA PHARMACEUTICALS INC,RARX,0001481512,16398
be biopharma,122075,fuzzy_extended,100.0,BE INC,BEOSZ,0000895921,87101
absci pty ltd,039175,fuzzy_extended,100.0,ABSCI CORP,ABSI,0001672688,21604
"baxis pharmaceuticals, inc",029252,fuzzy_extended,93.87755102040816,AXYS PHARMACEUTICALS INC,AXPH,0000913056,79794
buzzz pharmaceuticals limited,247881,fuzzy_extended,93.87755102040816,GW PHARMACEUTICALS LIMITED,GWPH,0001351288,13926
sepulveda research corporation,009071,fuzzy_extended,100.0,RESEARCH INC,RESRQ,0000216983,66545
accentia biopharmaceuticals,162956,fuzzy_extended,100.0,ACCENTIA BIOPHARMACEUTICALS,ABPI,0001310094,90945
senscio systems,025013,fuzzy_extended,100.0,PLC SYSTEMS INC,PLCSF,,77568
"westwood institute for anxiety disorders, inc",011448,fuzzy_extended,100.0,WESTWOOD GROUP INC,TWDG,0000083530,93121
"alleanza pharmaceuticals, inc",032529,fuzzy_extended,95.65217391304348,ALLENA PHARMACEUTICALS,ALNAQ,0001624658,17042
sensible medical innovations ltd,015852,fuzzy_extended,100.0,MEDICAL INNOVATIONS INC,MIXX.,0000835908,75785
baker norton pharmaceuticals,008004,fuzzy_extended,100.0,NORTON CO,NRT.3,0000073104,39300
westlake therapeutics,160684,fuzzy_extended,100.0,WESTLAKE CORP,WLK,0001262823,90312
"sention therapeutics, llc",065838,fuzzy_extended,92.3076923076923,SEVION THERAPEUTICS INC,SVON,,89411
sentient research,009071,fuzzy_extended,100.0,RESEARCH INC,RESRQ,0000216983,66545
senti biosciences,038783,fuzzy_extended,100.0,SENTI BIOSCIENCES INC,SNTI,0001854270,21286
sensus,026908,fuzzy_extended,100.0,SENSUS HEALTHCARE INC,SRTS,0001494891,16145
academy for educational development,004225,fuzzy_extended,100.0,EDUCATIONAL DEVELOPMENT CORP,EDUC,0000031667,31668
xeolas pharmaceuticals limited,247881,fuzzy_extended,93.87755102040816,GW PHARMACEUTICALS LIMITED,GWPH,0001351288,13926
"beijing duheng for drug evaluation and research co., ltd. (dder)",009071,fuzzy_extended,100.0,RESEARCH INC,RESRQ,0000216983,66545
"beijing gene key life technology co., ltd",028641,fuzzy_extended,100.0,KEY TECHNOLOGY INC,KTEC.1,0000906193,79399
"xenetic biosciences, inc",237269,fuzzy_extended,100.0,XENETIC BIOSCIENCES INC,XBIO,0001534525,16473
ab medica spa,021136,fuzzy_extended,100.0,AMERICAN BIO MEDICA CORP,ABMC,0000896747,85671
sano v pte ltd,061503,fuzzy_extended,100.0,SANO CORP,SANO,0001001259,82610
"alliqua biomedical, inc",185495,fuzzy_extended,100.0,ALLIQUA BIOMEDICAL INC,ALQA,,14420
teva pharmaceuticals europe,014538,fuzzy_extended,100.0,TEVA PHARMACEUTICALS,TEVA,0000818686,75652
sano chemicals inc,061503,fuzzy_extended,100.0,SANO CORP,SANO,0001001259,82610
"santech, inc",038419,fuzzy_extended,100.0,SANTECH HOLDINGS LTD -ADR,STEC,0001785680,20813
amneal pharmaceuticals co. india private limited,018888,fuzzy_extended,100.0,AMNEAL PHARMACEUTICALS INC,AMRX,0001723128,82702
"abfero pharmaceuticals, inc",028470,fuzzy_extended,92.6829268292683,RA PHARMACEUTICALS INC,RARX,0001481512,16398
"abela pharmaceuticals, inc",037292,fuzzy_extended,93.87755102040816,ATEA PHARMACEUTICALS INC,AVIR,0001593899,19939
allergan s.a. de c.v,015708,fuzzy_extended,100.0,ALLERGAN INC,AGN.2,0000850693,75646
"ability prosthetics and orthotics, inc",026754,fuzzy_extended,100.0,ABILITY INC,ABILF,0001652866,14421
world health research inc,009071,fuzzy_extended,100.0,RESEARCH INC,RESRQ,0000216983,66545
world heart corporation,064132,fuzzy_extended,100.0,WORLD HEART CORP,WHRT,0001024520,84352
"wound care plus, llc",002761,fuzzy_extended,100.0,CARE PLUS INC,CPLS.1,0000726330,21486
ablelink smart living technologies,182331,fuzzy_extended,100.0,SMART TECHNOLOGIES INC,SMT,0001489147,12027
alliance pharmaceuticals,011793,fuzzy_extended,97.87234042553192,ALLIANCE PHARMACEUTICAL,ALLP,0000736994,60090
xspline s.p.a,001059,fuzzy_extended,100.0,A P S INC,APS.1,,58958
abbott research group,009071,fuzzy_extended,100.0,RESEARCH INC,RESRQ,0000216983,66545
abdera therapeutics inc,020018,fuzzy_extended,93.61702127659575,ALDEYRA THERAPEUTICS INC,ALDX,0001341235,14647
sciclone pharmaceuticals international (cayman) development limited,025047,fuzzy_extended,100.0,SCICLONE PHARMACEUTICALS LLC,SCLN,0000880771,77413
behavioral health of the palm beaches,132502,fuzzy_extended,100.0,PALM INC,PALM,0001100389,87800
zespri international limited,037612,fuzzy_extended,93.33333333333333,TH INTERNATIONAL LIMITED,THCH,0001877333,23427
3sbio au pty ltd,176660,fuzzy_extended,100.0,3SBIO INC,SSRX,0001677235,91833
ico therapeutics inc,005826,fuzzy_extended,100.0,ICO INC,ICOC,0000353567,64258
rediscovery life sciences,006721,fuzzy_extended,100.0,LIFE SCIENCES INC,LFSCQ,0000059401,49526
biolase inc,023291,fuzzy_extended,100.0,BIOLASE INC,BIOLQ,0000811240,78071
recovery record research,009071,fuzzy_extended,100.0,RESEARCH INC,RESRQ,0000216983,66545
"biomed research & technologies, inc",009071,fuzzy_extended,100.0,RESEARCH INC,RESRQ,0000216983,66545
titan spine,010588,fuzzy_extended,100.0,TITAN CORP,TTN,0000032258,48696
biomedica foscama s.p.a. industria chimico-farmaceutica,001059,fuzzy_extended,100.0,A P S INC,APS.1,,58958
biomx ltd,035814,fuzzy_extended,100.0,BIOMX INC,PHGE,0001739174,18419
"reata, a wholly owned subsidiary of biogen",024468,fuzzy_extended,100.0,BIOGEN INC,BIIB,0000875045,76841
real time diagnostics ventures inc,019580,fuzzy_extended,100.0,TIME INC,TIME.,0001591517,14637
"reacx pharmaceuticals, inc",028470,fuzzy_extended,93.61702127659575,RA PHARMACEUTICALS INC,RARX,0001481512,16398
bioelectric research corporation,009071,fuzzy_extended,100.0,RESEARCH INC,RESRQ,0000216983,66545
"tolera therapeutics, inc",018350,fuzzy_extended,93.33333333333333,OCERA THERAPEUTICS INC,OCRX,0001274644,12698
exrt intelligent healthcare,042969,fuzzy_extended,100.0,INTELLIGENT GROUP LTD,INTJ,0001916416,24946
4b technologies limited,001117,fuzzy_extended,93.33333333333333,BK TECHNOLOGIES CORP,BKTI,0000002186,10779
"remedy robotics, inc",031622,fuzzy_extended,100.0,REMEDY CORP,RMDY,0000936653,81506
biodexa pharmaceuticals,318815,fuzzy_extended,100.0,BIODEXA PHARMACEUTICALS PLC,BDRX,0001643918,15904
reiley pharmaceuticals inc,028470,fuzzy_extended,92.6829268292683,RA PHARMACEUTICALS INC,RARX,0001481512,16398
"engene, inc",040321,fuzzy_extended,100.0,ENGENE HOLDINGS INC,ENGN,0001980845,24566
"thomas wright, md",028770,fuzzy_extended,100.0,THOMAS GROUP INC,TGISQ,0000900017,79529
thorasys thoracic medical systems inc,025013,fuzzy_extended,100.0,PLC SYSTEMS INC,PLCSF,,77568
"ibio, inc",180683,fuzzy_extended,100.0,IBIO INC,IBIO,0001420720,12527
thomas antalffy,028770,fuzzy_extended,100.0,THOMAS GROUP INC,TGISQ,0000900017,79529
redent nova,133905,fuzzy_extended,100.0,NOVA LTD,NVMI,0001109345,88181
20/10 perfect vision,037669,fuzzy_extended,100.0,PERFECT CORP,PERF,0001899830,23498
"bios-therapy, physiological systems for health s.p.a",001059,fuzzy_extended,100.0,A P S INC,APS.1,,58958
rh nanopharmaceuticals,111873,fuzzy_extended,100.0,RH,RH,0001528849,13687
altura,038491,fuzzy_extended,92.3076923076923,KALTURA INC,KLTR,0001432133,21737
altum pharmaceuticals inc,165857,fuzzy_extended,96.0,ALTUS PHARMACEUTICALS INC,ALTUQ,0001340744,91074
"biora therapeutics, inc",036619,fuzzy_extended,100.0,BIORA THERAPEUTICS INC,BIORQ,0001580063,19486
"22nd century limited, llc",017185,fuzzy_extended,100.0,22ND CENTURY GROUP INC,XXII,0001347858,14523
r&r inc,002269,fuzzy_extended,100.0,BLOCK H & R INC,HRB,0000012659,49373
alternative urological catheter systems ltd,025013,fuzzy_extended,100.0,PLC SYSTEMS INC,PLCSF,,77568
re.doctor llc,062015,fuzzy_extended,100.0,COMPANY DOCTOR,CDOC.,0000921612,83117
r.a.w. - s.r.l,017157,fuzzy_extended,100.0,W HOLDING CO INC,WHCI,0001084887,93105
rd global araştirma geliştirme sağlik ilaç inşaat yatirimlari a.ş,016273,fuzzy_extended,100.0,GLOBAL A INC,3GLOAE,0000824768,75977
"1800 contacts, inc",066425,fuzzy_extended,97.14285714285714,1-800 CONTACTS INC,CTAC.1,0001050122,85814
r3 medical research,009074,fuzzy_extended,100.0,RESEARCH MEDICAL INC,RMED.2,0000083306,66553
"biostime, inc",002248,fuzzy_extended,95.65217391304348,BIOSTIM INC,4514B,0000710376,18279
"titan condoms, llc",010588,fuzzy_extended,100.0,TITAN CORP,TTN,0000032258,48696
isred pharma & biotech research corporation,009071,fuzzy_extended,100.0,RESEARCH INC,RESRQ,0000216983,66545
biomet nederland bv,002230,fuzzy_extended,100.0,BIOMET INC,5938B,0000351346,18092
bionano genomics,033749,fuzzy_extended,100.0,BIONANO GENOMICS INC,BNGO,0001411690,18102
mhealth systems inc,025013,fuzzy_extended,100.0,PLC SYSTEMS INC,PLCSF,,77568
"radnor registry research, inc",009071,fuzzy_extended,100.0,RESEARCH INC,RESRQ,0000216983,66545
bionorica research gmbh,009071,fuzzy_extended,100.0,RESEARCH INC,RESRQ,0000216983,66545
"tianjin ever union biotechnology co., ltd",010859,fuzzy_extended,100.0,UNION CORP,UCO.,0000100817,44433
2seventy bio,039907,fuzzy_extended,100.0,2SEVENTY BIO INC,TSVT,0001860782,22245
"bioconnect systems, inc",025013,fuzzy_extended,100.0,PLC SYSTEMS INC,PLCSF,,77568
theragenics corporation,012691,fuzzy_extended,100.0,THERAGENICS CORP,TGX,0000795551,10644
"acr biologics, llc",021686,fuzzy_extended,100.0,ACR GROUP INC,BRR,0000711307,76276
rna diagnostics inc,128098,fuzzy_extended,92.3076923076923,ERBA DIAGNOSTICS INC,ERBA,0001095858,88926
riverside pharmacueticals corporation,009161,fuzzy_extended,100.0,RIVERSIDE GROUP INC,RSGI,0000277356,67062
"abo holdings, inc",177925,fuzzy_extended,94.11764705882354,WABCO HOLDINGS INC,WBC,0001390844,92188
zi diligence biocenter,026264,fuzzy_extended,100.0,ZI CORP,ZICA,0000922658,80643
zilia inc,016488,fuzzy_extended,94.11764705882354,ZILA INC,ZILA,0000827156,76008
"therakos, inc., a mallinckrodt company",006096,fuzzy_extended,100.0,MALLINCKRODT INC,MKG,0000051396,12511
aim therapeutics inc,035714,fuzzy_extended,92.6829268292683,BEAM THERAPEUTICS INC,BEAM,0001745999,19228
rowdy energy,007824,fuzzy_extended,100.0,NV ENERGY INC,NVE,0000741508,38658
rowan,009258,fuzzy_extended,100.0,ROWAN COMPANIES LTD,RDC,0000085408,45495
zero point five therapeutics,030012,fuzzy_extended,100.0,POINT THERAPEUTICS INC,POTP,,80452
rostaquo s.p.a,001059,fuzzy_extended,100.0,A P S INC,APS.1,,58958
"toro neurovascular, inc",010618,fuzzy_extended,100.0,TORO CO,TTC,0000737758,60580
"rubedo life sciences, inc",006721,fuzzy_extended,100.0,LIFE SCIENCES INC,LFSCQ,0000059401,49526
"zeno pharmaceuticals, inc",004409,fuzzy_extended,93.87755102040816,ENZON PHARMACEUTICALS INC,ENZN,0000727510,33137
bio2 technologies,062712,fuzzy_extended,93.75,I2 TECHNOLOGIES INC,ITWO.1,0001009304,83386
rose pharma inc,013281,fuzzy_extended,100.0,ROSE CORP,3TRSEF,0000351076,78404
zeta technologies,013443,fuzzy_extended,94.11764705882354,XETA TECHNOLOGIES INC,XETA,0000742550,11426
alpha republic gmbh,009057,fuzzy_extended,100.0,REPUBLIC CORP,REP.1,0000202995,22621
"zynex medical, inc",129441,fuzzy_extended,100.0,ZYNEX INC,ZYXI,0000846475,18418
thermo fisher scientific oy,010530,fuzzy_extended,100.0,THERMO FISHER SCIENTIFIC INC,TMO,0000097745,62092
amarin neuroscience ltd,028027,fuzzy_extended,100.0,AMARIN CORPORATION PLC,AMRN,0000897448,79122
"arigen pharmaceuticals, inc",018749,fuzzy_extended,94.11764705882354,AERIE PHARMACEUTICALS INC,AERI,0001337553,14238
"thermarx, inc",063094,fuzzy_extended,92.3076923076923,THERMATRIX INC,3TMXIQ,0000929473,83700
"zyversa therapeutics, inc",038804,fuzzy_extended,100.0,ZYVERSA THERAPEUTICS INC,ZVSA,0001859007,22781
alpine biotech llc,001331,fuzzy_extended,100.0,ALPINE GROUP INC,APNI,0000004164,68814
research institute of geroprotective technologies,009071,fuzzy_extended,100.0,RESEARCH INC,RESRQ,0000216983,66545
research consult gmbh,009071,fuzzy_extended,100.0,RESEARCH INC,RESRQ,0000216983,66545
"research center, llc",061117,fuzzy_extended,100.0,LEGAL RESEARCH CENTER INC,LRCI,0000945506,82188
"thesan pharmaceuticals, inc",028470,fuzzy_extended,92.6829268292683,RA PHARMACEUTICALS INC,RARX,0001481512,16398
theseus pharmaceuticals,039665,fuzzy_extended,100.0,THESEUS PHARMACEUTICALS INC,THRX,0001745020,22240
decode genetics,137803,fuzzy_extended,100.0,DECODE GENETICS INC,DCGNQ,0001022974,88432
"biocept, inc",019117,fuzzy_extended,100.0,BIOCEPT INC,BIOCQ,0001044378,14449
"renovis surgical technologies, inc",022264,fuzzy_extended,100.0,SURGICAL TECHNOLOGIES INC,SGTI.,,76174
resolution blue labs inc,155758,fuzzy_extended,100.0,BLUE HOLDINGS INC,BLHI,0001139683,91170
biome inc,002230,fuzzy_extended,94.73684210526315,BIOMET INC,5938B,0000351346,18092
"ambros therapeutics, inc",187720,fuzzy_extended,93.33333333333333,ARGOS THERAPEUTICS INC,ARGSQ,0001105533,14447
therapeutics: 101 inc,031294,fuzzy_extended,92.3076923076923,G1 THERAPEUTICS INC,GTHX,0001560241,16705
restore medical ltd,174050,fuzzy_extended,100.0,RESTORE MEDICAL INC,REST,0001350620,91284
bioms technology corp,030233,fuzzy_extended,92.6829268292683,IBIS TECHNOLOGY CORP,IBIS,0000855182,80537
a2a pharmaceuticals inc,012250,fuzzy_extended,93.61702127659575,AMAG PHARMACEUTICALS INC,AMAG,0000792977,10363
"revelation biosciences, inc",036848,fuzzy_extended,100.0,REVELATION BIOSCIENCES INC,REVB,0001810560,20163
"biolink life sciences, inc",006721,fuzzy_extended,100.0,LIFE SCIENCES INC,LFSCQ,0000059401,49526
results group llc,120720,fuzzy_extended,100.0,NEWGEN RESULTS CORP,NWGN.,0001022397,86906
biorestorative therapies,066042,fuzzy_extended,100.0,BIORESTORATIVE THERAPIES INC,BRTX,0001505497,22289
amarna stem cells bv,038722,fuzzy_extended,100.0,STEM INC,STEM,0001758766,19919
respirics inc,014385,fuzzy_extended,92.85714285714286,RESPIRONICS INC,RESP.,0000780434,11927
top health s.a.p.i de c.v,001059,fuzzy_extended,100.0,A P S INC,APS.1,,58958
temple therapeutics bv,039104,fuzzy_extended,92.3076923076923,TEMPEST THERAPEUTICS INC,TPST,0001544227,13883
tsi group ltd,010304,fuzzy_extended,100.0,TSI INC/MN,TSII,0000899217,74481
"tsi, llc",015328,fuzzy_extended,100.0,TSI CORP,TSIN,0000841243,75750
arxx therapeutics,178799,fuzzy_extended,94.11764705882354,ARYX THERAPEUTICS INC,ARYX,0001410064,92430
"stamford pharmaceuticals, inc",028470,fuzzy_extended,92.6829268292683,RA PHARMACEUTICALS INC,RARX,0001481512,16398
u: the mind company,011151,fuzzy_extended,100.0,GROUP INC (THE),THEG,,80603
arvid carlsson research ab,009071,fuzzy_extended,100.0,RESEARCH INC,RESRQ,0000216983,66545
vascular neurology of southern california inc,009850,fuzzy_extended,100.0,SOUTHERN CO,SO,0000092122,18411
"stargazer pharmaceuticals, inc",028470,fuzzy_extended,92.6829268292683,RA PHARMACEUTICALS INC,RARX,0001481512,16398
"vascular pharmaceuticals, inc",028470,fuzzy_extended,92.6829268292683,RA PHARMACEUTICALS INC,RARX,0001481512,16398
"arvinas androgen receptor, inc",034077,fuzzy_extended,100.0,ARVINAS INC,ARVN,0001655759,18100
"aeovian pharmaceuticals, inc",028470,fuzzy_extended,92.6829268292683,RA PHARMACEUTICALS INC,RARX,0001481512,16398
trx wound care limited,163933,fuzzy_extended,100.0,TRX INC,TRXI,0001103025,90912
aldena therapeutics,020018,fuzzy_extended,92.3076923076923,ALDEYRA THERAPEUTICS INC,ALDX,0001341235,14647
"tactical therapeutics, inc",264668,fuzzy_extended,92.0,CRITICAL THERAPEUTICS INC,CRTX.,,90183
vector vitale llc,013963,fuzzy_extended,100.0,VECTOR GROUP LTD,VGR,0000059440,75233
vector y therapeutics,013963,fuzzy_extended,100.0,VECTOR GROUP LTD,VGR,0000059440,75233
"splash pharmaceuticals, inc",028470,fuzzy_extended,92.6829268292683,RA PHARMACEUTICALS INC,RARX,0001481512,16398
"springworks therapeutics, inc., a healthcare company of merck kgaa, darmstadt, germany",035600,fuzzy_extended,100.0,SPRINGWORKS THERAPEUTICS INC,SWTX,0001773427,18961
"tyrx, inc",163933,fuzzy_extended,93.33333333333333,TRX INC,TRXI,0001103025,90912
aegis medical innovations,015852,fuzzy_extended,100.0,MEDICAL INNOVATIONS INC,MIXX.,0000835908,75785
aerorx therapeutics inc,035267,fuzzy_extended,93.33333333333333,AKERO THERAPEUTICS INC,AKRO,0001744659,18772
aesthetic group,003172,fuzzy_extended,100.0,COLLAGEN AESTHETIC INC,CGEN.,0000021686,24556
tpm medical systems ltd,025013,fuzzy_extended,100.0,PLC SYSTEMS INC,PLCSF,,77568
"tkl research, inc",009071,fuzzy_extended,100.0,RESEARCH INC,RESRQ,0000216983,66545
albion,001241,fuzzy_extended,100.0,ALBION INTL RESOURCES INC,6584B,,11608
valotec,011097,fuzzy_extended,92.3076923076923,VALTEC CORP,VTEC.,0000102743,80144
"trex bio, inc",119316,fuzzy_extended,100.0,TREX CO INC,TREX,0001069878,86810
stem med pte. ltd,038722,fuzzy_extended,100.0,STEM INC,STEM,0001758766,19919
stem cell medicine ltd,038722,fuzzy_extended,100.0,STEM INC,STEM,0001758766,19919
trx orthopedics,163933,fuzzy_extended,100.0,TRX INC,TRXI,0001103025,90912
"alcon lensx, inc",035056,fuzzy_extended,100.0,ALCON INC,ALC,0001167379,18481
"starx research center, llc",009071,fuzzy_extended,100.0,RESEARCH INC,RESRQ,0000216983,66545
alcamena stem cell therapeutics,038722,fuzzy_extended,100.0,STEM INC,STEM,0001758766,19919
ucb italy s.p.a,001059,fuzzy_extended,100.0,A P S INC,APS.1,,58958
var2 pharmaceuticals,037495,fuzzy_extended,92.3076923076923,ARS PHARMACEUTICALS INC,SPRY,0001671858,20318
varian medical systems,011115,fuzzy_extended,100.0,VARIAN MEDICAL SYSTEMS INC,VAR,0000203527,27043
"tactile systems technology, inc",026847,fuzzy_extended,100.0,TACTILE SYSTEMS TECHNOLOGY,TCMD,0001027838,16186
aspen usa inc,170920,fuzzy_extended,100.0,ASPEN GROUP INC,ASPU,0001487198,16856
sophia genetics sas,039294,fuzzy_extended,100.0,SOPHIA GENETICS SA,SOPH,0001840706,21771
sopherion therapeutics,018162,fuzzy_extended,93.02325581395348,ESPERION THERAPEUTICS INC,ESPR,0001434868,13954
advanced eye research associates,009071,fuzzy_extended,100.0,RESEARCH INC,RESRQ,0000216983,66545
alfa wassermann tunisia,016629,fuzzy_extended,100.0,ALFA CORP,ALFA.1,0000743532,34498
alfa intes industria terapeutica splendore s.r.l,016629,fuzzy_extended,100.0,ALFA CORP,ALFA.1,0000743532,34498
asofarma de méxico s.a de c.v,030584,fuzzy_extended,100.0,A S V INC,ASVI,0000926763,80798
"veracyte, inc",018947,fuzzy_extended,100.0,VERACYTE INC,VCYT,0001384101,14263
"aspartes pharmaceuticals, inc",028470,fuzzy_extended,92.6829268292683,RA PHARMACEUTICALS INC,RARX,0001481512,16398
"sorriso pharmaceuticals, inc",028470,fuzzy_extended,92.6829268292683,RA PHARMACEUTICALS INC,RARX,0001481512,16398
aspen neuroscience,170920,fuzzy_extended,100.0,ASPEN GROUP INC,ASPU,0001487198,16856
astellas pharma international b.v,002582,fuzzy_extended,93.75,C V INTERNATIONAL CORP,CVIDQ,,20408
"advanced aesthetic technologies, inc",177895,fuzzy_extended,94.33962264150944,GT ADVANCED TECHNOLOGIES INC,GTATQ,0001394954,92758
verona pharma inc,284453,fuzzy_extended,100.0,VERONA PHARMA PLC,VRNA,0001657312,16684
"somnetics international, inc",006957,fuzzy_extended,92.5925925925926,MAGNETICS INTERNATIONAL INC,MAGN.1,0000061486,50973
verity pharmaceuticals inc,061401,fuzzy_extended,100.0,VERITY INC,VRTY.,0000949956,82535
taiwan resonant waves research corporation,009071,fuzzy_extended,100.0,RESEARCH INC,RESRQ,0000216983,66545
tyligand pharmaceuticals (suzhou) limited,247881,fuzzy_extended,93.87755102040816,GW PHARMACEUTICALS LIMITED,GWPH,0001351288,13926
spherix incorporated,002237,fuzzy_extended,100.0,SPHERIX INC  -OLD,SPEX.2,0001584361,18148
aleris eye,013712,fuzzy_extended,100.0,ALERIS CORP,6685B,0001518587,75558
speech technology and applied research corp,010382,fuzzy_extended,100.0,TECHNOLOGY RESEARCH CORP,TRCI,0000741556,92399
spectrum ergonomics and occupational health services,009938,fuzzy_extended,100.0,SPECTRUM GROUP INC,BUG.,0000728299,68689
antia therapeutics ag,028209,fuzzy_extended,94.44444444444444,ANIKA THERAPEUTICS INC,ANIK,0000898437,79150
advanced protein technologies corporation,177895,fuzzy_extended,93.33333333333333,GT ADVANCED TECHNOLOGIES INC,GTATQ,0001394954,92758
ask rose,013281,fuzzy_extended,100.0,ROSE CORP,3TRSEF,0000351076,78404
advanced research network,009071,fuzzy_extended,100.0,RESEARCH INC,RESRQ,0000216983,66545
"venous health systems, inc",025013,fuzzy_extended,100.0,PLC SYSTEMS INC,PLCSF,,77568
advanced viral research corp,009071,fuzzy_extended,100.0,RESEARCH INC,RESRQ,0000216983,66545
advanced technology & communications,001140,fuzzy_extended,100.0,ADVANCED COMMUNICATIONS INC,5022B,0000724899,10904
"asia stem cell regenerative pharmaceutical co., ltd",038722,fuzzy_extended,100.0,STEM INC,STEM,0001758766,19919
univax biologics inc,024904,fuzzy_extended,100.0,UNIVAX BIOLOGICS INC,UNVX,0000882254,77320
"ubix therapeutics, inc",036767,fuzzy_extended,93.02325581395348,NURIX THERAPEUTICS INC,NRIX,0001549595,19566
systemix,024385,fuzzy_extended,100.0,SYSTEMIX INC,STMX,0000876428,76782
systems medicine llc,025013,fuzzy_extended,100.0,PLC SYSTEMS INC,PLCSF,,77568
"university research co, llc",009071,fuzzy_extended,100.0,RESEARCH INC,RESRQ,0000216983,66545
aptevo research and development llc,009071,fuzzy_extended,100.0,RESEARCH INC,RESRQ,0000216983,66545
ahava dead sea laboratories,032546,fuzzy_extended,100.0,SEA LIMITED,SE,0001703399,17023
"araim pharmaceuticals, inc",013283,fuzzy_extended,94.11764705882354,MARSAM PHARMACEUTICALS INC,MSAM,0000810590,11209
"aquora research & consulting, llc",009071,fuzzy_extended,100.0,RESEARCH INC,RESRQ,0000216983,66545
"szabocsik and associates, inc",031807,fuzzy_extended,100.0,AG ASSOCIATES INC,AGAI,0000942124,81597
swami rama cancer hospital and research institute,009071,fuzzy_extended,100.0,RESEARCH INC,RESRQ,0000216983,66545
svelte medical systems europe,025013,fuzzy_extended,100.0,PLC SYSTEMS INC,PLCSF,,77568
"arsanis, inc",032607,fuzzy_extended,100.0,ARSANIS INC,ASNS.1,,17105
synergy pharmaceuticals pte. ltd,175064,fuzzy_extended,100.0,SYNERGY PHARMACEUTICALS INC,SGYPQ,0001347613,13167
syneron candela,012390,fuzzy_extended,100.0,CANDELA CORP,CLZR,0000793279,10371
quotient diagnostics limited,020135,fuzzy_extended,100.0,QUOTIENT LTD,QTNTQ,0001596946,14666
synthemed,010256,fuzzy_extended,100.0,SYNTHEMED CORP,2974B,0000350489,74131
"appello pharmaceuticals, inc",028470,fuzzy_extended,92.6829268292683,RA PHARMACEUTICALS INC,RARX,0001481512,16398
"ajax therapeutics, inc",038857,fuzzy_extended,93.02325581395348,JANUX THERAPEUTICS INC,JANX,0001817713,21563
"unicycive therapeutics, inc",038867,fuzzy_extended,100.0,UNICYCIVE THERAPEUTICS INC,UNCY,0001766140,21780
"apros therapeutics, inc",187720,fuzzy_extended,95.45454545454545,ARGOS THERAPEUTICS INC,ARGSQ,0001105533,14447
unigene laboratories inc,013704,fuzzy_extended,100.0,UNIGENE LABORATORIES INC,UGNEQ,0000352747,11601
unilever seac,010846,fuzzy_extended,100.0,UNILEVER PLC,UL,0000217410,28302
"synthorx, inc, a sanofi company",034429,fuzzy_extended,100.0,SYNTHORX INC,THOR,0001609727,18321
unilever israel,010846,fuzzy_extended,100.0,UNILEVER PLC,UL,0000217410,28302
alavita pharmaceuticals inc,029251,fuzzy_extended,93.61702127659575,KALVISTA PHARMACEUTICALS,KALV,0001348911,15285
ark therapeutics ltd,022709,fuzzy_extended,94.11764705882354,SPARK THERAPEUTICS INC,ONCE,0001609351,15183
arlene fink associates,031807,fuzzy_extended,100.0,AG ASSOCIATES INC,AGAI,0000942124,81597
alan richardson,009124,fuzzy_extended,100.0,RICHARDSON CO,RCS.1,0000083786,46738
"ariston pharmaceuticals, inc",028470,fuzzy_extended,92.6829268292683,RA PHARMACEUTICALS INC,RARX,0001481512,16398
arixa pharmaceuticals,030674,fuzzy_extended,95.23809523809524,ARIAD PHARMACEUTICALS INC,ARIA,0000884731,80918
"apexian pharmaceuticals, inc",028470,fuzzy_extended,92.6829268292683,RA PHARMACEUTICALS INC,RARX,0001481512,16398
arrien pharmaceuticals,018749,fuzzy_extended,93.02325581395348,AERIE PHARMACEUTICALS INC,AERI,0001337553,14238
"albany molecular research, inc",009071,fuzzy_extended,100.0,RESEARCH INC,RESRQ,0000216983,66545
valhalla project niagara,028778,fuzzy_extended,100.0,NIAGARA CORP,NGCN,0000710976,82499
strata medical innovations,015852,fuzzy_extended,100.0,MEDICAL INNOVATIONS INC,MIXX.,0000835908,75785
"valent technologies, llc",126554,fuzzy_extended,92.3076923076923,AGILENT TECHNOLOGIES INC,A,0001090872,87432
stryker gi ltd,010115,fuzzy_extended,100.0,STRYKER CORP,SYK,0000310764,73139
aro biotherapeutics,001767,fuzzy_extended,100.0,ARO CORP,ARO.3,,27502
aromics therapeutics,175008,fuzzy_extended,92.3076923076923,AMICUS THERAPEUTICS INC,FOLD,0001178879,92040
aromtech ltd,029762,fuzzy_extended,93.33333333333333,AROTECH CORP,ARTX,0000916529,80237
stryker australia pty ltd,010115,fuzzy_extended,100.0,STRYKER CORP,SYK,0000310764,73139
"aetna, inc",001177,fuzzy_extended,100.0,AETNA INC,AET,0001122304,88845
archeon,001725,fuzzy_extended,92.3076923076923,ARCHON INC,AHON,0000007105,14841
"sutra medical, inc",022038,fuzzy_extended,92.3076923076923,SUPRA MEDICAL CORP,3SMDD,0000810822,77487
arcion therapeutics inc,041684,fuzzy_extended,93.61702127659575,ACRIVON THERAPEUTICS INC,ACRV,0001781174,23510
"surgical innovation associates, inc",031807,fuzzy_extended,100.0,AG ASSOCIATES INC,AGAI,0000942124,81597
urs e. nydegger,010813,fuzzy_extended,100.0,URS CORP,URS,0000102379,50278
surgalign spine technologies,138707,fuzzy_extended,100.0,SURGALIGN HOLDINGS INC,SRGAQ,0001760173,88564
apitope technology (bristol) ltd,002401,fuzzy_extended,100.0,BRISTOL CORP,BRSL,,19351
vm therapeutics llc,063996,fuzzy_extended,93.33333333333333,CV THERAPEUTICS INC,CVTX,0000921506,85668
"affyimmune therapeutics, inc",025077,fuzzy_extended,94.11764705882354,AIMMUNE THERAPEUTICS INC,AIMT,0001631650,15630
afon technology,061102,fuzzy_extended,92.85714285714286,ON TECHNOLOGY CORP,ONTC.,0000925288,82204
surface oncology,033274,fuzzy_extended,100.0,SURFACE ONCOLOGY INC,SURF,0001718108,17695
"taris biomedical, inc",037872,fuzzy_extended,93.75,TALIS BIOMEDICAL CORP,TLIS,0001584751,20633
team working life denmark,010353,fuzzy_extended,100.0,TEAM INC,TISI,0000318833,65752
"vitrac therapeutics, llc",023813,fuzzy_extended,92.3076923076923,VIRACTA THERAPEUTICS INC,VIRX,0001061027,90907
vitro biopharma inc,015178,fuzzy_extended,100.0,VITRO BIOPHARMA INC,VODG,0000793171,75676
"avon products, inc",001920,fuzzy_extended,100.0,AVON PRODUCTS,AVP,0000008868,40416
team foods colombia s.a,010353,fuzzy_extended,100.0,TEAM INC,TISI,0000318833,65752
aviragen therapeutics,210032,fuzzy_extended,100.0,AVIRAGEN THERAPEUTICS INC,AVIR.,,57913
aviron llc,063934,fuzzy_extended,100.0,AVIRON,AVIR.1,0000949173,84192
avisi technologies inc,006159,fuzzy_extended,92.6829268292683,SI TECHNOLOGIES INC,SISI.,0000719582,45744
vitamin energy®,007824,fuzzy_extended,100.0,NV ENERGY INC,NVE,0000741508,38658
trident pharmaceuticals inc,028470,fuzzy_extended,92.6829268292683,RA PHARMACEUTICALS INC,RARX,0001481512,16398
avelos therapeutics inc,026149,fuzzy_extended,93.33333333333333,AVALO THERAPEUTICS INC,AVTX,0001534120,15833
andrew gvozdanovic,001651,fuzzy_extended,100.0,ANDREW CORP,ANDW,0000317093,14323
avena nordic grain oy,007924,fuzzy_extended,100.0,NORDIC LIMITED INC,NORLE,,57825
trin therapeutics gmbh,031656,fuzzy_extended,94.11764705882354,REIN THERAPEUTICS INC,RNTX,0001420565,16776
andrew kennedy,001651,fuzzy_extended,100.0,ANDREW CORP,ANDW,0000317093,14323
trio grup clinical research,009071,fuzzy_extended,100.0,RESEARCH INC,RESRQ,0000216983,66545
trillium therapeutics inc,162735,fuzzy_extended,100.0,TRILLIUM THERAPEUTICS INC,TRIL,0001616212,15137
"shengke pharmaceuticals (jiangsu) limited, china",247881,fuzzy_extended,93.87755102040816,GW PHARMACEUTICALS LIMITED,GWPH,0001351288,13926
andover eye associates,031807,fuzzy_extended,100.0,AG ASSOCIATES INC,AGAI,0000942124,81597
tavanta therapeutics,178547,fuzzy_extended,92.6829268292683,TARGANTA THERAPEUTICS CORP,TARG,0001398161,92316
alixer nexgen therapeutics limited,031851,fuzzy_extended,100.0,NEXGEN INC,NXGN.1,0000909183,81633
"acta pharmaceuticals, inc",037292,fuzzy_extended,95.83333333333333,ATEA PHARMACEUTICALS INC,AVIR,0001593899,19939
anasonic,007114,fuzzy_extended,94.11764705882354,PANASONIC HOLDINGS CORP,PCRHY,0000063271,53727
analogic corporation,001633,fuzzy_extended,100.0,ANALOGIC CORP,ALOG,0000006284,14198
aceragen,061899,fuzzy_extended,100.0,ACERAGEN INC,ACGN,0000861838,82824
wako life sciences,006721,fuzzy_extended,100.0,LIFE SCIENCES INC,LFSCQ,0000059401,49526
"b. braun interventional systems, inc",025013,fuzzy_extended,100.0,PLC SYSTEMS INC,PLCSF,,77568
b. braun medical industries sdn. bhd,001005,fuzzy_extended,92.3076923076923,A.B.A. INDUSTRIES INC,ABA.2,,61903
"shanghai de novo pharmatech co., ltd",008019,fuzzy_extended,100.0,NOVO CORP,NOVVQ,,34809
"shanghai carnation medical technology co., ltd",002775,fuzzy_extended,100.0,CARNATION CO,CMK.2,0000017728,30365
bcf life sciences,006721,fuzzy_extended,100.0,LIFE SCIENCES INC,LFSCQ,0000059401,49526
"shaanxi giant biotechnology co., ltd",005152,fuzzy_extended,100.0,GIANT GROUP LTD,GGLT,0000041296,27449
shamir optical industry ltd,163020,fuzzy_extended,100.0,SHAMIR OPTICAL INDUSTRY LTD,SHMR,0001317362,90639
anaconda pharma,001628,fuzzy_extended,100.0,ANACONDA CO,A.2,,10495
bidi vapor,011110,fuzzy_extended,100.0,VAPOR CORP,VAPO.1,0000102986,80275
biotronik asia pacific pte ltd,008268,fuzzy_extended,100.0,PACIFIC HOLDING CORP,PHC.1,0000075499,34972
shanghai alebund pharmaceuticals limited,247881,fuzzy_extended,93.87755102040816,GW PHARMACEUTICALS LIMITED,GWPH,0001351288,13926
be technologies inc,122075,fuzzy_extended,100.0,BE INC,BEOSZ,0000895921,87101
"beijing yuanben information consulting co., ltd",113272,fuzzy_extended,100.0,INFORMATION HOLDINGS INC,IHI.1,0001063744,86307
"beyond genomix sa, ag, ltd",147868,fuzzy_extended,100.0,BEYOND INC,BYON,0001130713,89394
"bg medicine, inc",178972,fuzzy_extended,100.0,BG MEDICINE INC,BGMD,0001407038,12574
"acorn cardiovascular, inc",025086,fuzzy_extended,93.87755102040816,AVECOR CARDIOVASCULAR INC,AVEC.,0000883982,77441
aclarion,040660,fuzzy_extended,100.0,ACLARION INC,ACON,0001635077,23008
tecnología e innovación médico estética s.l,013255,fuzzy_extended,100.0,A M E INC,AMEA,,11231
"axikin pharmaceuticals, inc",028470,fuzzy_extended,92.6829268292683,RA PHARMACEUTICALS INC,RARX,0001481512,16398
axio research. llc,009071,fuzzy_extended,100.0,RESEARCH INC,RESRQ,0000216983,66545
vivozon pharmaceutical inc,061167,fuzzy_extended,92.0,VION PHARMACEUTICALS INC,3VIONQ,0000944522,82201
shanghai geping information technology company,113272,fuzzy_extended,100.0,INFORMATION HOLDINGS INC,IHI.1,0001063744,86307
"ayuvis research, inc",009071,fuzzy_extended,100.0,RESEARCH INC,RESRQ,0000216983,66545
vyant bio,038539,fuzzy_extended,100.0,VYANT BIO INC,VYNT,0001349929,14094
tectonic therapeutic,033657,fuzzy_extended,100.0,TECTONIC THERAPEUTIC INC,TECX,0001681087,17871
vyome therapeutics inc,021522,fuzzy_extended,93.02325581395348,VYNE THERAPEUTICS INC,VYNE,0001566044,17266
visionary intelligence ltd,040829,fuzzy_extended,100.0,VISIONARY HOLDINGS INC,GV,0001892274,23128
"shuttle pharmaceuticals, inc",041309,fuzzy_extended,94.54545454545455,SHUTTLE PHARMACEUTICAL H INC,SHPH,0001757499,23272
skyline therapeutics,009761,fuzzy_extended,100.0,SKYLINE CORP,SKY.1,,38850
skyline diagnostics bv,009761,fuzzy_extended,100.0,SKYLINE CORP,SKY.1,,38850
skyline biosciences,009761,fuzzy_extended,100.0,SKYLINE CORP,SKY.1,,38850
viatris korea,007637,fuzzy_extended,100.0,VIATRIS INC,VTRS,0001792044,20057
"viatris pharmaceuticals co., ltd",007637,fuzzy_extended,100.0,VIATRIS INC,VTRS,0001792044,20057
viatris pharmaceuticals japan inc,007637,fuzzy_extended,100.0,VIATRIS INC,VTRS,0001792044,20057
"adiga life sciences, inc",006721,fuzzy_extended,100.0,LIFE SCIENCES INC,LFSCQ,0000059401,49526
skyline therapeutics (us) inc,009761,fuzzy_extended,100.0,SKYLINE CORP,SKY.1,,38850
sleep systems,025013,fuzzy_extended,100.0,PLC SYSTEMS INC,PLCSF,,77568
adient medical,027333,fuzzy_extended,100.0,ADIENT PLC,ADNT,0001670541,16342
"aditxt, inc",035958,fuzzy_extended,100.0,ADITXT INC,ADTX,0001726711,19460
aderis pharmaceuticals,018749,fuzzy_extended,93.02325581395348,AERIE PHARMACEUTICALS INC,AERI,0001337553,14238
vicuron pharmaceuticals,138404,fuzzy_extended,100.0,VICURON PHARMACEUTICALS INC,MICU,0001052547,88578
sirius medical systems b.v,025013,fuzzy_extended,100.0,PLC SYSTEMS INC,PLCSF,,77568
adeona pharmaceuticals,138122,fuzzy_extended,93.02325581395348,ARENA PHARMACEUTICALS INC,ARNA,0001080709,88421
vidara therapeutics research ltd,009071,fuzzy_extended,100.0,RESEARCH INC,RESRQ,0000216983,66545
algiax pharmaceuticals gmbh,062977,fuzzy_extended,93.02325581395348,SALIX PHARMACEUTICALS LTD,SLXP,0001009356,88811
sio gene therapies,023933,fuzzy_extended,100.0,SIO GENE THERAPIES INC,SIOX,0001636050,15486
sirona dental systems gmbh,174876,fuzzy_extended,100.0,SIRONA DENTAL SYSTEMS INC,SIRO,0001014507,85208
"vicor technologies, inc",021238,fuzzy_extended,100.0,VICOR CORP,VICR,0000751978,76128
"truevision systems, inc",021684,fuzzy_extended,100.0,TRUEVISION INC,TRUV,0000833619,76169
"atreca, inc",035270,fuzzy_extended,100.0,ATRECA INC,BCEL,0001532346,18774
alfred e. tiefenbacher (gmbh & co. kg),011361,fuzzy_extended,100.0,AG&E HOLDINGS INC,AGNUQ,0000105608,63829
"asterias biotherapeutics, inc",021150,fuzzy_extended,100.0,ASTERIAS BIOTHERAPEUTICS INC,AST,0001572552,14950
asthma management systems,025013,fuzzy_extended,100.0,PLC SYSTEMS INC,PLCSF,,77568
"solo pace, inc",025770,fuzzy_extended,100.0,PACE HOLDINGS CORP,PACE.1,0001644509,15792
smith & nephew pte ltd,101317,fuzzy_extended,100.0,SMITH & NEPHEW PLC,SNN,0000845982,87444
smartest technologies,182331,fuzzy_extended,92.3076923076923,SMART TECHNOLOGIES INC,SMT,0001489147,12027
vesalius medical technologies,021000,fuzzy_extended,92.85714285714286,HELIUS MEDICAL TECHNOLOGIES,HSDT,0001610853,17690
società generale delle acque minerali s.p.a,001059,fuzzy_extended,100.0,A P S INC,APS.1,,58958
"society for the advancement of blood management, inc",011151,fuzzy_extended,100.0,GROUP INC (THE),THEG,,80603
social & scientific systems inc,025013,fuzzy_extended,100.0,PLC SYSTEMS INC,PLCSF,,77568
vesper biotechnologies aps,011150,fuzzy_extended,100.0,VESPER CORP,VESP,0000108140,12278
"vesper medical, inc",011150,fuzzy_extended,100.0,VESPER CORP,VESP,0000108140,12278
viela bio,035630,fuzzy_extended,100.0,VIELA BIO INC,VIE,0001734517,19031
sigmadrugs research ltd,009071,fuzzy_extended,100.0,RESEARCH INC,RESRQ,0000216983,66545
sigma tau research switzerland sa,009713,fuzzy_extended,100.0,SIGMA RESEARCH INC,5817B,0000700712,70595
"sigilon therapeutics, inc",037488,fuzzy_extended,95.65217391304348,SIGILON THERAPTICS INC,SGTX,0001821323,20323
"virios therapeutics, inc",037290,fuzzy_extended,93.33333333333333,VIVOS THERAPEUTICS INC,VVOS,0001716166,20332
targia pharmaceuticals ltd,030674,fuzzy_extended,93.02325581395348,ARIAD PHARMACEUTICALS INC,ARIA,0000884731,80918
"signalrx pharmaceuticals, inc",028470,fuzzy_extended,92.6829268292683,RA PHARMACEUTICALS INC,RARX,0001481512,16398
signal relief,016865,fuzzy_extended,100.0,SIGNAL CORP,SGNL.2,0000846814,11225
"signal house co., ltd",016865,fuzzy_extended,100.0,SIGNAL CORP,SGNL.2,0000846814,11225
"tarus therapeutics, inc",184114,fuzzy_extended,95.45454545454545,TRIUS THERAPEUTICS INC,TSRX,0001356857,12090
triphase research and development iii corp,009071,fuzzy_extended,100.0,RESEARCH INC,RESRQ,0000216983,66545
"acuity medical international, inc",146017,fuzzy_extended,100.0,ACUITY INC,AYI,0001144215,89216
"siemens gamesa renewable energy blades, s.a",019349,fuzzy_extended,100.0,SIEMENS AG,SIEGY,0001135644,88935
tilray,022387,fuzzy_extended,100.0,TILRAY BRANDS INC,TLRY,0001731348,17977
siemens medical solutions,019349,fuzzy_extended,100.0,SIEMENS AG,SIEGY,0001135644,88935
tasca therapeutics,038745,fuzzy_extended,94.44444444444444,TSCAN THERAPEUTICS INC,TCRX,0001783328,21778
siemens healthcare a/s,019349,fuzzy_extended,100.0,SIEMENS AG,SIEGY,0001135644,88935
targanta therapeutics corporation,178547,fuzzy_extended,100.0,TARGANTA THERAPEUTICS CORP,TARG,0001398161,92316
"sinclair technologies, llc",060800,fuzzy_extended,100.0,SINCLAIR INC,SBGI,0001971213,81740
sinovac biotech (hong kong) limited,150257,fuzzy_extended,100.0,SINOVAC BIOTECH LTD,SVA,0001084201,90517
sinovac biotech (colombia) s.a.s,150257,fuzzy_extended,100.0,SINOVAC BIOTECH LTD,SVA,0001084201,90517
aura,014913,fuzzy_extended,100.0,AURA SYSTEMS INC,AUSI,0000826253,12122
silver lake research corporation,009071,fuzzy_extended,100.0,RESEARCH INC,RESRQ,0000216983,66545
"adare pharmaceuticals, inc",028470,fuzzy_extended,92.6829268292683,RA PHARMACEUTICALS INC,RARX,0001481512,16398
"viralclear pharmaceuticals, inc",028470,fuzzy_extended,92.6829268292683,RA PHARMACEUTICALS INC,RARX,0001481512,16398
aurora cannabis inc,022449,fuzzy_extended,100.0,AURORA CANNABIS INC,ACB,0001683541,18151
angioblast systems,025013,fuzzy_extended,100.0,PLC SYSTEMS INC,PLCSF,,77568
"silverchair science & communications, llc",178741,fuzzy_extended,93.33333333333333,B COMMUNICATIONS LTD,BCOMF,0001402606,92314
viiral nordic ab,007924,fuzzy_extended,100.0,NORDIC LIMITED INC,NORLE,,57825
target health inc,003813,fuzzy_extended,100.0,TARGET CORP,TGT,0000027419,49154
target tape,003813,fuzzy_extended,100.0,TARGET CORP,TGT,0000027419,49154
ectin research ab,009071,fuzzy_extended,100.0,RESEARCH INC,RESRQ,0000216983,66545
"kunming baker norton pharmaceutical sales co., ltd",008004,fuzzy_extended,100.0,NORTON CO,NRT.3,0000073104,39300
edigene inc,062913,fuzzy_extended,92.3076923076923,DIGENE CORP,DIGE,0001011582,83495
kraft heinz company,005568,fuzzy_extended,100.0,KRAFT HEINZ CO,KHC,0001637459,15408
"edusa pharmaceuticals, inc",024898,fuzzy_extended,97.95918367346938,DUSA PHARMACEUTICALS INC,DUSA.1,0000879993,77289
"edwards (shanghai) lifesciences medical supplies co., ltd",133366,fuzzy_extended,100.0,EDWARDS LIFESCIENCES CORP,EW,0001099800,87657
"korro bio, inc",035647,fuzzy_extended,100.0,KORRO BIO INC,KRRO,0001703647,19008
kyowa kirin farmacéutica s.l.u,018729,fuzzy_extended,100.0,KIRIN HOLDINGS CO LTD,KNBWY,0000800901,47897
ldr médical sas,018625,fuzzy_extended,100.0,LDR HOLDING CORP,LDRH.1,0001348324,14256
"eclipse life sciences, inc",006721,fuzzy_extended,100.0,LIFE SCIENCES INC,LFSCQ,0000059401,49526
elbit systems ltd,004248,fuzzy_extended,100.0,ELBIT LTD,ELBT,0000724138,76863
kinnate biopharma,037486,fuzzy_extended,100.0,KINNATE BIOPHARMA INC,KNTE,0001797768,20186
kingdom,014773,fuzzy_extended,100.0,UNITED KINGDOM FUND,UKM,0000814830,75194
"electromed, inc",185125,fuzzy_extended,100.0,ELECTROMED INC,ELMD,0001488917,12078
"kindex pharmaceuticals, inc",028470,fuzzy_extended,92.6829268292683,RA PHARMACEUTICALS INC,RARX,0001481512,16398
elevance health,145046,fuzzy_extended,100.0,ELEVANCE HEALTH INC,ELV,0001156039,89179
egle therapeutics,026273,fuzzy_extended,94.11764705882354,EDGE THERAPEUTICS INC,EDGE.2,,15784
"eiger group international, inc",010571,fuzzy_extended,94.73684210526315,TIGER INTERNATIONAL,6068B,0000225939,17340
kite systems,025013,fuzzy_extended,100.0,PLC SYSTEMS INC,PLCSF,,77568
"ltz therapeutics, inc",039063,fuzzy_extended,92.6829268292683,LENZ THERAPEUTICS INC,LENZ,0001815776,21547
dynamic light,004776,fuzzy_extended,92.85714285714286,FLIGHT DYNAMICS INC,3FLYT,,36792
lambda therapeutic research ltd,009071,fuzzy_extended,100.0,RESEARCH INC,RESRQ,0000216983,66545
"lahore medical research center, llp",009074,fuzzy_extended,100.0,RESEARCH MEDICAL INC,RMED.2,0000083306,66553
lady technologies inc,014279,fuzzy_extended,100.0,SPA LADY CORP,6422B,0000809768,11398
labtec gmbh,061684,fuzzy_extended,100.0,LABTEC INC,3LABT,0001002175,82744
laser labcorp,014960,fuzzy_extended,100.0,LABCORP HOLDINGS INC,LH,0000920148,12062
leatherhead food research,009071,fuzzy_extended,100.0,RESEARCH INC,RESRQ,0000216983,66545
"leaf healthcare, inc",185703,fuzzy_extended,100.0,LEAF GROUP LTD,LEAF,0001365038,12521
"durata therapeutics international bv (an affiliate of actavis, inc.)",170961,fuzzy_extended,100.0,DURATA THERAPEUTICS INC,DRTX,0001544116,13525
laser team ltd,010353,fuzzy_extended,100.0,TEAM INC,TISI,0000318833,65752
"ecm therapeutics, inc",035714,fuzzy_extended,92.6829268292683,BEAM THERAPEUTICS INC,BEAM,0001745999,19228
"enb therapeutics, inc",031656,fuzzy_extended,92.6829268292683,REIN THERAPEUTICS INC,RNTX,0001420565,16776
eom pharmaceuticals,033997,fuzzy_extended,92.3076923076923,ETON PHARMACEUTICALS,ETON,0001710340,18257
ep medsystems,063100,fuzzy_extended,100.0,EP MEDSYSTEMS INC,EPMD,0001012394,83653
erx pharmaceuticals,038874,fuzzy_extended,94.73684210526315,NRX PHARMACEUTICALS INC,NRXP,0001719406,17134
"labcorp corporation of america holdings, inc",014960,fuzzy_extended,100.0,LABCORP HOLDINGS INC,LH,0000920148,12062
lxr biotechnology,030172,fuzzy_extended,100.0,LXR BIOTECHNOLOGY INC,3LXRI,0000899504,80598
laboratorios pisa s.a. de c.v,030584,fuzzy_extended,100.0,A S V INC,ASVI,0000926763,80798
"ekr therapeutics, inc",032459,fuzzy_extended,92.6829268292683,ACER THERAPEUTICS INC,ACER,0001069308,91471
"laboratories leon farma, s.a",118444,fuzzy_extended,93.33333333333333,U S LABORATORIES INC,USLB.1,0001068891,86737
laboratori di informatica applicata,039810,fuzzy_extended,100.0,INFORMATICA INC,INFA,0001868778,22087
laboratori guidotti s.p.a,001059,fuzzy_extended,100.0,A P S INC,APS.1,,58958
"emet pharmaceuticals, llc",006641,fuzzy_extended,92.3076923076923,LEE PHARMACEUTICALS,LPHM.1,,57373
endochoice inc,023889,fuzzy_extended,100.0,ENDOCHOICE HOLDINGS INC,GI,0001623919,15451
johnson & johnson international (singapore) pte. ltd,006266,fuzzy_extended,100.0,JOHNSON & JOHNSON,JNJ,0000200406,22111
"johnson & johnson health and wellness solutions, inc",006266,fuzzy_extended,100.0,JOHNSON & JOHNSON,JNJ,0000200406,22111
johnson & johnson gmbh,006266,fuzzy_extended,100.0,JOHNSON & JOHNSON,JNJ,0000200406,22111
endocrine research solutions,180345,fuzzy_extended,100.0,RESEARCH SOLUTIONS INC,RSSS,0001386301,19315
endogun medical systems ltd,025013,fuzzy_extended,100.0,PLC SYSTEMS INC,PLCSF,,77568
johnson & johnson pte ltd,006266,fuzzy_extended,100.0,JOHNSON & JOHNSON,JNJ,0000200406,22111
encore medical inc,062395,fuzzy_extended,100.0,ENCORE MEDICAL CORP,ENMC,0000944763,84639
encore research inc,009071,fuzzy_extended,100.0,RESEARCH INC,RESRQ,0000216983,66545
"encore vision, inc",001470,fuzzy_extended,100.0,ENCORE GROUP INC,3EGRP,0000276259,13064
"johnson and johnson, s.a",006266,fuzzy_extended,100.0,JOHNSON & JOHNSON,JNJ,0000200406,22111
"jason ahee, m.d",013417,fuzzy_extended,100.0,JASON INC,JASN.,0000813471,11425
ensho health intelligent systems inc,025013,fuzzy_extended,100.0,PLC SYSTEMS INC,PLCSF,,77568
"ensho therapeutics, inc",065812,fuzzy_extended,93.02325581395348,ECHO THERAPEUTICS INC,ECTE,0001031927,85572
enteron pharmaceuticals,033997,fuzzy_extended,93.02325581395348,ETON PHARMACEUTICALS,ETON,0001710340,18257
"jaguar gene therapy, llc",012260,fuzzy_extended,100.0,JAGUAR PLC,JAGRY,0000758739,89296
jade healthcare group inc,184339,fuzzy_extended,93.02325581395348,DS HEALTHCARE GROUP INC,DSKX,0001463959,13702
jeffrey clarke,003095,fuzzy_extended,100.0,CLARKE CORP,3CRKE,0000020784,23983
endowave ltd,140736,fuzzy_extended,93.33333333333333,ENDWAVE CORP,ENWV,0001118941,88727
"energex systems, inc",025013,fuzzy_extended,100.0,PLC SYSTEMS INC,PLCSF,,77568
"energy resources international co., ltd",004363,fuzzy_extended,100.0,ENERGY RESOURCES CORP,ENR.3,0000032900,59002
katmai pharmaceuticals inc,028470,fuzzy_extended,92.6829268292683,RA PHARMACEUTICALS INC,RARX,0001481512,16398
karos pharmaceuticals,037495,fuzzy_extended,95.0,ARS PHARMACEUTICALS INC,SPRY,0001671858,20318
kariya pharmaceuticals,030674,fuzzy_extended,93.02325581395348,ARIAD PHARMACEUTICALS INC,ARIA,0000884731,80918
"kansas city center for anxiety treatment, p.a",016781,fuzzy_extended,100.0,CITY HOLDING CO,CHCO,0000726854,11442
"kangen pharmaceuticals, inc",028470,fuzzy_extended,92.6829268292683,RA PHARMACEUTICALS INC,RARX,0001481512,16398
"elion therapeutics, inc",015803,fuzzy_extended,93.61702127659575,NOVELION THERAPEUTICS INC,NVLNF,0000827809,78688
"keryx / aoi pharmaceuticals, inc",028470,fuzzy_extended,92.6829268292683,RA PHARMACEUTICALS INC,RARX,0001481512,16398
kerr corporation,006402,fuzzy_extended,100.0,KERR GROUP INC,KGM,0000055454,58616
kenai therapeutics,006382,fuzzy_extended,100.0,KENAI CORP,4232B,0001061672,60513
embecta corp,041050,fuzzy_extended,100.0,EMBECTA CORP,EMBC,0001872789,22879
kos inc,064542,fuzzy_extended,100.0,KOS PHARMACEUTICALS INC,KOSP,0001018952,84620
"klsmc stem cells, inc",038722,fuzzy_extended,100.0,STEM INC,STEM,0001758766,19919
"eminence clinical research, inc",009071,fuzzy_extended,100.0,RESEARCH INC,RESRQ,0000216983,66545
kazm pharmaceuticals inc,028470,fuzzy_extended,92.6829268292683,RA PHARMACEUTICALS INC,RARX,0001481512,16398
"k2 oncology, inc",001677,fuzzy_extended,100.0,K2 INC,KTO,0000006720,29145
"empi, a djo company",145911,fuzzy_extended,100.0,DJO INC,DJO,0001157972,89224
"koru medical systems, inc",013239,fuzzy_extended,100.0,KORU MEDICAL SYSTEMS INC,KRMD,0000704440,11275
"kpc pharmaceuticals, inc",028470,fuzzy_extended,92.6829268292683,RA PHARMACEUTICALS INC,RARX,0001481512,16398
emergent product development seattle llc,111581,fuzzy_extended,100.0,EMERGENT GROUP INC,LZR,0001021097,92821
"kalyra pharmaceuticals, inc",028470,fuzzy_extended,92.6829268292683,RA PHARMACEUTICALS INC,RARX,0001481512,16398
kavo kerr,006402,fuzzy_extended,100.0,KERR GROUP INC,KGM,0000055454,58616
magellan stem cells,038722,fuzzy_extended,100.0,STEM INC,STEM,0001758766,19919
marker therapeutics ag,107843,fuzzy_extended,100.0,MARKER THERAPEUTICS INC,MRKR,0001094038,16472
mark stanczyk,013379,fuzzy_extended,100.0,MARK HOLDINGS INC,MHDG.,0000807397,11362
marcus borchert,007022,fuzzy_extended,100.0,MARCUS CORP,MCS,0000062234,51423
"manhattan medical research practice, pllc",009074,fuzzy_extended,100.0,RESEARCH MEDICAL INC,RMED.2,0000083306,66553
martin pharmaceuticals,020567,fuzzy_extended,93.33333333333333,MARINUS PHARMACEUTICALS INC,MRNS,0001267813,14815
moss s.p.a,001059,fuzzy_extended,100.0,A P S INC,APS.1,,58958
dewpoint therapeutics,030012,fuzzy_extended,92.3076923076923,POINT THERAPEUTICS INC,POTP,,80452
dharma life sciences llc,006721,fuzzy_extended,100.0,LIFE SCIENCES INC,LFSCQ,0000059401,49526
"mgp ingredients, inc",014891,fuzzy_extended,100.0,MGP INGREDIENTS INC,MGPI,0000835011,12226
"meda pharma spa, a viatris company",007637,fuzzy_extended,100.0,VIATRIS INC,VTRS,0001792044,20057
diablo eye associates,031807,fuzzy_extended,100.0,AG ASSOCIATES INC,AGAI,0000942124,81597
mdi health,010827,fuzzy_extended,100.0,MDI INC,MDIZQ,0000318259,77893
diagnostic medical systems,025013,fuzzy_extended,100.0,PLC SYSTEMS INC,PLCSF,,77568
"mabvax therapeutics, inc",021082,fuzzy_extended,100.0,MABVAX THERAPEUTICS HLDGS,MBVXQ,0001109196,88572
myos corp,180866,fuzzy_extended,100.0,MYOS RENS TECHNOLOGY INC,MYOS,,14820
msk doctors & associates ltd,031807,fuzzy_extended,100.0,AG ASSOCIATES INC,AGAI,0000942124,81597
msd wellcome trust hilleman laboratories pvt. ltd,013134,fuzzy_extended,100.0,WELLCOME PLC,WEL.1,0000787976,78111
medial research ltd,009071,fuzzy_extended,100.0,RESEARCH INC,RESRQ,0000216983,66545
medfield diagnostics,007200,fuzzy_extended,100.0,MEDFIELD CORP,MED.4,0000064516,59088
datar cancer genetics inc,170420,fuzzy_extended,100.0,CANCER GENETICS INC,CGIX,,14094
datar cancer genetics limited,170420,fuzzy_extended,100.0,CANCER GENETICS INC,CGIX,,14094
datascope patient monitoring,003786,fuzzy_extended,100.0,DATASCOPE CORP,DSCP,0000027096,28840
"medallion therapeutics, inc",007190,fuzzy_extended,100.0,MEDALLION GROUP INC,MGX.1,0000064494,31544
"danube pharmaceuticals, inc",028470,fuzzy_extended,92.6829268292683,RA PHARMACEUTICALS INC,RARX,0001481512,16398
medicines evaluation unit ltd,010877,fuzzy_extended,100.0,UNIT CORP,UNTC,0000798949,63781
"medical metrics diagnostics, inc",024902,fuzzy_extended,100.0,MEDICAL DIAGNOSTICS INC,MDIX.,0000879205,77322
"medical group care, llc",001370,fuzzy_extended,100.0,AMBULATORY MEDICAL CARE INC,AMED.,0000724126,12299
medical enterprises ltd,010958,fuzzy_extended,100.0,U S MEDICAL ENTERPRISES INC,USMD.,0000745368,79135
danone north america,017452,fuzzy_extended,100.0,DANONE SA,DANOY,0001048515,85608
danone nutricia research,009071,fuzzy_extended,100.0,RESEARCH INC,RESRQ,0000216983,66545
danone nutricia spa società benefit,017452,fuzzy_extended,100.0,DANONE SA,DANOY,0001048515,85608
danone spain,017452,fuzzy_extended,100.0,DANONE SA,DANOY,0001048515,85608
medicair healthcare s.r.l,010948,fuzzy_extended,92.3076923076923,U S HEALTHCARE INC,USHC,0000711405,79119
mcdaniel institute of anti-aging research,009071,fuzzy_extended,100.0,RESEARCH INC,RESRQ,0000216983,66545
maxygen holdings ltd,127481,fuzzy_extended,100.0,MAXYGEN INC,MAXY,0001068796,87499
maxinase life sciences ltd,006721,fuzzy_extended,100.0,LIFE SCIENCES INC,LFSCQ,0000059401,49526
"maxcyte, inc",321429,fuzzy_extended,100.0,MAXCYTE INC,MXCT,0001287098,21745
defined research,009071,fuzzy_extended,100.0,RESEARCH INC,RESRQ,0000216983,66545
"mccormick and company, inc",007146,fuzzy_extended,100.0,MCCORMICK & CO INC,MKC,0000063754,52090
"mcguff pharmaceuticals, inc",028470,fuzzy_extended,92.6829268292683,RA PHARMACEUTICALS INC,RARX,0001481512,16398
decibel therapeutics,037863,fuzzy_extended,100.0,DECIBEL THERAPEUTICS INC,DBTX,0001656536,20588
medminder systems inc,025013,fuzzy_extended,100.0,PLC SYSTEMS INC,PLCSF,,77568
medimmune ltd,024008,fuzzy_extended,100.0,MEDIMMUNE INC,MEDI.1,0000873591,76656
mebix inc,013480,fuzzy_extended,94.11764705882354,EBIX INC,EBIXQ,0000814549,11481
decell technologies inc,014489,fuzzy_extended,95.45454545454545,DELL TECHNOLOGIES INC,DELL,0001571996,18267
"dukang pharmaceuticals, inc",028470,fuzzy_extended,92.6829268292683,RA PHARMACEUTICALS INC,RARX,0001481512,16398
"ligocyte pharmaceuticals, inc",028470,fuzzy_extended,92.6829268292683,RA PHARMACEUTICALS INC,RARX,0001481512,16398
"lighthouse pharmaceuticals, inc",028470,fuzzy_extended,92.6829268292683,RA PHARMACEUTICALS INC,RARX,0001481512,16398
linde ag,025124,fuzzy_extended,100.0,LINDE PLC,LIN,0001707925,18143
"doma biopharmaceutical（suzhou）co., ltd",039357,fuzzy_extended,100.0,DOMA HOLDINGS INC,DOMA,0001722438,20354
liposome,012397,fuzzy_extended,100.0,LIPOSOME CO INC,LIPO.1,0000786557,10513
lion corporation,013626,fuzzy_extended,100.0,RED LION INNS  -LP,RED.,0000810724,75087
dogwood therapeutics inc,036530,fuzzy_extended,100.0,DOGWOOD THERAPEUTICS INC,DWTX,0001818844,20331
dr. reddy's laboratories (thailand) limited,223098,fuzzy_extended,100.0,DR REDDY'S LABORATORIES LTD,RDY,0001135951,88957
dr. reddy's laboratories sas,223098,fuzzy_extended,100.0,DR REDDY'S LABORATORIES LTD,RDY,0001135951,88957
"levo therapeutics, inc",043385,fuzzy_extended,93.02325581395348,LEXEO THERAPEUTICS INC,LXEO,0001907108,24508
"dr. reddys laboratories, sa",223098,fuzzy_extended,97.77777777777777,DR REDDY'S LABORATORIES LTD,RDY,0001135951,88957
"dracen pharmaceuticals, inc",028470,fuzzy_extended,92.6829268292683,RA PHARMACEUTICALS INC,RARX,0001481512,16398
let's disco,062574,fuzzy_extended,100.0,DISCO SA,DXO.1,0001009866,83330
leortec medical systems ltd,025013,fuzzy_extended,100.0,PLC SYSTEMS INC,PLCSF,,77568
"lifecells, llc",024982,fuzzy_extended,94.11764705882354,LIFECELL CORP,LIFC,0000849448,77362
life technologies corporation,012592,fuzzy_extended,100.0,LIFE TECHNOLOGIES INC,3LTEK,0000727737,10713
life seal vascular inc,009553,fuzzy_extended,100.0,SEAL INC,SINC.,0000069789,69650
life molecular imaging ltd,006719,fuzzy_extended,100.0,LIFE IMAGING CORP,LIFQC,0001105538,49462
libra at home ltd,065068,fuzzy_extended,100.0,AT HOME CORP,3ATHMQ,0001020620,85160
dr. noah biotech inc,185783,fuzzy_extended,100.0,NOAH HOLDINGS LIMITED,NOAH,0001499543,12377
"luxena pharmaceuticals, inc",028470,fuzzy_extended,92.6829268292683,RA PHARMACEUTICALS INC,RARX,0001481512,16398
diasorin italia s.p.a,001059,fuzzy_extended,100.0,A P S INC,APS.1,,58958
lundbeck italia s.p.a,001059,fuzzy_extended,100.0,A P S INC,APS.1,,58958
dialco medical inc,003921,fuzzy_extended,100.0,DIALCO CORP,DITR,0000028647,29779
mako surgical corp,179380,fuzzy_extended,100.0,MAKO SURGICAL CORP,MAKO,0001411861,92558
"logicbio therapeutics, inc",034266,fuzzy_extended,100.0,LOGICBIO THERAPEUTICS INC,LOGC.2,0001664106,18205
livongo health,035394,fuzzy_extended,100.0,LIVONGO HEALTH INC,LVGO,0001639225,18790
lorenz biotech s.p.a,001059,fuzzy_extended,100.0,A P S INC,APS.1,,58958
luminx,133504,fuzzy_extended,92.3076923076923,LUMINEX CORP,LMNX,0001033905,87789
lucy coleman,024969,fuzzy_extended,100.0,COLEMAN CO INC,CLN.2,0000021627,77368
fuji systems corporation,025013,fuzzy_extended,100.0,PLC SYSTEMS INC,PLCSF,,77568
hemerion therapeutics,013786,fuzzy_extended,92.3076923076923,HERON THERAPEUTICS INC,HRTX,0000818033,11636
frontier medicines corporation,004914,fuzzy_extended,100.0,FRONTIER HOLDINGS INC,FA.1,0000701259,40387
jyams pet research & development limited,009071,fuzzy_extended,100.0,RESEARCH INC,RESRQ,0000216983,66545
"helix, inc",005578,fuzzy_extended,100.0,HELIX TECHNOLOGY CORP,HELX.1,0000046709,41487
helix medical systems,025013,fuzzy_extended,100.0,PLC SYSTEMS INC,PLCSF,,77568
heights,005562,fuzzy_extended,100.0,HEIGHTS FINANCE CORP,HFIN.1,0000046591,41436
hemogenyx pharmaceuticals llc,024635,fuzzy_extended,92.0,CHEMGENEX PHARMACEUTICALS,CXSPY,0001175965,90723
hemosol,028150,fuzzy_extended,100.0,HEMOSOL CORP,HMSLQ,0001285233,88946
hercules,005589,fuzzy_extended,100.0,HERCULES INC,HPC,0000046989,18016
freedom meditech,026567,fuzzy_extended,100.0,FREEDOM HOLDING CORP,FRHC,0000924805,91437
"fresenius kabi usa, llc",003849,fuzzy_extended,100.0,FRESENIUS USA INC,FRN.3,0000320185,64215
fresenius medical care france,212782,fuzzy_extended,100.0,FRESENIUS MEDICAL CARE AG,FMS,0001333141,83987
gaia biomedicine inc,125601,fuzzy_extended,100.0,GAIA INC,GAIA,0001089872,87321
harrison clinical research,009071,fuzzy_extended,100.0,RESEARCH INC,RESRQ,0000216983,66545
"gb004, inc., a wholly owned subsidiary of gossamer bio, inc",034578,fuzzy_extended,100.0,GOSSAMER BIO INC,GOSS,0001728117,18377
"gb005, inc., a wholly owned subsidiary of gossamer bio, inc",034578,fuzzy_extended,100.0,GOSSAMER BIO INC,GOSS,0001728117,18377
harley street (cpc) limited,005478,fuzzy_extended,100.0,HARLEY CORP,HARC.1,,40986
"gb006, inc., a wholly owned subsidiary of gossamer bio, inc",034578,fuzzy_extended,100.0,GOSSAMER BIO INC,GOSS,0001728117,18377
gca (eurosilicone),004944,fuzzy_extended,100.0,GCA CORP,GCA.2,0000040267,40192
"harbinger medical, inc",061247,fuzzy_extended,100.0,HARBINGER CORP,HRBC,0000947116,82178
"hedgepath pharmaceuticals, inc",028470,fuzzy_extended,92.6829268292683,RA PHARMACEUTICALS INC,RARX,0001481512,16398
funk it wellness,006121,fuzzy_extended,100.0,IT GROUP INC,ITXG,0000731190,68494
"healthcare technologies and methods, llc",015465,fuzzy_extended,100.0,HEALTHCARE TECHNOLOGIES LTD,HCTL,,78698
health and happiness research limited,009071,fuzzy_extended,100.0,RESEARCH INC,RESRQ,0000216983,66545
freedom for all diagnostics,026567,fuzzy_extended,100.0,FREEDOM HOLDING CORP,FRHC,0000924805,91437
humana co.ltd,027914,fuzzy_extended,100.0,HUMANA INC,HUM,0000049071,48653
flare therapeutics inc,004760,fuzzy_extended,100.0,FLARE INC,FLAR.,0000353984,36717
"florida academic centers research and education, llc",009071,fuzzy_extended,100.0,RESEARCH INC,RESRQ,0000216983,66545
humana inc,027914,fuzzy_extended,100.0,HUMANA INC,HUM,0000049071,48653
hospital at home ag,065068,fuzzy_extended,100.0,AT HOME CORP,3ATHMQ,0001020620,85160
hyperfine,037799,fuzzy_extended,100.0,HYPERFINE INC,HYPR,0001833769,20430
hutchinson technology inc,005791,fuzzy_extended,100.0,HUTCHINSON TECHNOLOGY INC,HTCH,0000772897,88795
hiram's healthcare and education company,010948,fuzzy_extended,92.3076923076923,U S HEALTHCARE INC,USHC,0000711405,79119
"hinova pharmaceuticals usa, inc",028470,fuzzy_extended,92.6829268292683,RA PHARMACEUTICALS INC,RARX,0001481512,16398
fortis memorial research institute,009071,fuzzy_extended,100.0,RESEARCH INC,RESRQ,0000216983,66545
fourth frontier technologies pvt ltd,004914,fuzzy_extended,100.0,FRONTIER HOLDINGS INC,FA.1,0000701259,40387
hobart w. harris,005654,fuzzy_extended,100.0,HOBART CORP,HOB,0000047760,41478
horizon therapeutics ireland dac,005703,fuzzy_extended,100.0,HORIZON CORP,HZN.1,0000048446,55706
horizon surgical systems inc,005703,fuzzy_extended,100.0,HORIZON CORP,HZN.1,0000048446,55706
horizon pharma rheumatology llc,005703,fuzzy_extended,100.0,HORIZON CORP,HZN.1,0000048446,55706
focal healthcare inc,066027,fuzzy_extended,100.0,FOCAL INC,FOCL,0000911684,85690
hong kong prospect group co. limited,013260,fuzzy_extended,100.0,PROSPECT GROUP INC,3PROSE,0000739169,10286
home access health corporation,024948,fuzzy_extended,100.0,ACCESS HEALTH INC,ACCS.1,0000882304,77352
holly risdon,029458,fuzzy_extended,100.0,HOLLY HOLDINGS INC,HOPR,0000909753,79980
great lakes pharmaceuticals inc,028470,fuzzy_extended,92.6829268292683,RA PHARMACEUTICALS INC,RARX,0001481512,16398
geneos therapeutics,025377,fuzzy_extended,94.44444444444444,NEOS THERAPEUTICS INC,NEOS,0001467652,15531
"grand shuyang life sciences (chengdu) co., ltd",006721,fuzzy_extended,100.0,LIFE SCIENCES INC,LFSCQ,0000059401,49526
general genetics corporation,012869,fuzzy_extended,100.0,GENERAL GENETICS CORP,3GENG.,,38413
"generian pharmaceuticals, inc",028470,fuzzy_extended,92.6829268292683,RA PHARMACEUTICALS INC,RARX,0001481512,16398
green signal biopharma private limited,016865,fuzzy_extended,100.0,SIGNAL CORP,SGNL.2,0000846814,11225
"grupo medifarma, s. a. de c. v",030584,fuzzy_extended,100.0,A S V INC,ASVI,0000926763,80798
groupe éthique et santé,064146,fuzzy_extended,100.0,GROUPE AB SA,ABG.2,0001027077,84368
groupe mulliez-flory,064146,fuzzy_extended,100.0,GROUPE AB SA,ABG.2,0001027077,84368
groupe kolmi hopen,064146,fuzzy_extended,100.0,GROUPE AB SA,ABG.2,0001027077,84368
groupe de recherche en rhumatologie et maladies osseuses inc,064146,fuzzy_extended,100.0,GROUPE AB SA,ABG.2,0001027077,84368
gene signal sas,016865,fuzzy_extended,100.0,SIGNAL CORP,SGNL.2,0000846814,11225
grifols italia s.p.a,277812,fuzzy_extended,100.0,GRIFOLS S A,GRFS,0001438569,12886
"genemedicine co., ltd",030455,fuzzy_extended,100.0,GENEMEDICINE INC,GMED.1,0000907111,80750
"greenlight biosciences, inc",037744,fuzzy_extended,100.0,GREENLIGHT BIOSCIENCES HLDGS,GRNA,0001822691,20788
genesis limited,007515,fuzzy_extended,100.0,GENESIS WORLDWIDE INC-OLD,GWOW,0000067532,22023
global institute of stem cell therapy and research,009071,fuzzy_extended,100.0,RESEARCH INC,RESRQ,0000216983,66545
"global biomedical technologies, llc",031588,fuzzy_extended,100.0,GLOBAL TECHNOLOGIES LTD,GTLL,0000932021,81486
"genus oncology, llc",015160,fuzzy_extended,100.0,GENUS INC,GGNS,0000837913,12174
genzum life sciences,006721,fuzzy_extended,100.0,LIFE SCIENCES INC,LFSCQ,0000059401,49526
geode therapeutics inc,026273,fuzzy_extended,93.02325581395348,EDGE THERAPEUTICS INC,EDGE.2,,15784
giuliani s.p.a,001059,fuzzy_extended,100.0,A P S INC,APS.1,,58958
gipfel life sciences gmbh,006721,fuzzy_extended,100.0,LIFE SCIENCES INC,LFSCQ,0000059401,49526
"gila therapeutics, inc",020010,fuzzy_extended,93.02325581395348,AGILE THERAPEUTICS INC,AGRX,0001261249,14645
george (beijing) clinical research co. ltd,009071,fuzzy_extended,100.0,RESEARCH INC,RESRQ,0000216983,66545
"global isotopes, llc d/b/a zevacor molecular",016273,fuzzy_extended,100.0,GLOBAL A INC,3GLOAE,0000824768,75977
glucotrack,017024,fuzzy_extended,100.0,GLUCOTRACK INC,GCTK,0001506983,22561
genomics plc,138003,fuzzy_extended,100.0,GEMINI GENOMICS PLC  -ADR,GMNI.,0001117089,88443
global research solutions,180345,fuzzy_extended,100.0,RESEARCH SOLUTIONS INC,RSSS,0001386301,19315
global research institute,009071,fuzzy_extended,100.0,RESEARCH INC,RESRQ,0000216983,66545
genaissance pharmaceuticals,138343,fuzzy_extended,100.0,GENAISSANCE PHARMACEUTICALS,GNSC,0001110009,88527
halcygen pharmaceuticals limited,247881,fuzzy_extended,93.87755102040816,GW PHARMACEUTICALS LIMITED,GWPH,0001351288,13926
"habit, llc",021983,fuzzy_extended,100.0,HABIT RESTAURANTS INC (THE),HABT,0001617977,15068
halucenex life sciences inc,006721,fuzzy_extended,100.0,LIFE SCIENCES INC,LFSCQ,0000059401,49526
gm associates,031807,fuzzy_extended,100.0,AG ASSOCIATES INC,AGAI,0000942124,81597
"gt biopharma, inc",003691,fuzzy_extended,100.0,GT BIOPHARMA INC,GTBP,0000109657,29744
"hanger institute for clinical research and education, llc",009071,fuzzy_extended,100.0,RESEARCH INC,RESRQ,0000216983,66545
"gunkang pharmaceuticals, inc",028470,fuzzy_extended,92.6829268292683,RA PHARMACEUTICALS INC,RARX,0001481512,16398
gateway institute for brain research,009071,fuzzy_extended,100.0,RESEARCH INC,RESRQ,0000216983,66545
gateway pharmaceutical llc,029345,fuzzy_extended,100.0,GATEWAY INC,GTW,0000895812,79973
"guardion health sciences, inc",035018,fuzzy_extended,98.18181818181819,GUARDION HEALTH SCIENCS INC,GHSI,0001642375,18555
guangzhou saliai stem cell science and technology co. ltd,038722,fuzzy_extended,100.0,STEM INC,STEM,0001758766,19919
hem research,009071,fuzzy_extended,100.0,RESEARCH INC,RESRQ,0000216983,66545
hcw biologics,038900,fuzzy_extended,100.0,HCW BIOLOGICS INC,HCWB,0001828673,21721
h'ability,026754,fuzzy_extended,100.0,ABILITY INC,ABILF,0001652866,14421
garmin international,141459,fuzzy_extended,100.0,GARMIN LTD,GRMN,0001121788,88837
"gateway biotechnology, inc",029345,fuzzy_extended,100.0,GATEWAY INC,GTW,0000895812,79973
"everest detection, inc",061388,fuzzy_extended,100.0,EVEREST GROUP LTD,EG,0001095073,82303
"everest medicines (beijing) co., ltd",061388,fuzzy_extended,100.0,EVEREST GROUP LTD,EG,0001095073,82303
"everest medicines (china) co.,ltd",061388,fuzzy_extended,100.0,EVEREST GROUP LTD,EG,0001095073,82303
"euclises pharmaceuticals, inc",028470,fuzzy_extended,92.6829268292683,RA PHARMACEUTICALS INC,RARX,0001481512,16398
interna,124358,fuzzy_extended,93.33333333333333,INTERNAP CORP,INAPQ,0001056386,87236
"institute for skin research, israel",009071,fuzzy_extended,100.0,RESEARCH INC,RESRQ,0000216983,66545
"informed data systems, inc",025013,fuzzy_extended,100.0,PLC SYSTEMS INC,PLCSF,,77568
"excalibur pharmaceuticals, inc",028470,fuzzy_extended,92.6829268292683,RA PHARMACEUTICALS INC,RARX,0001481512,16398
"innova vascular, inc",019075,fuzzy_extended,100.0,INNOVA CORP,INVA.,0001044615,85297
"innovital systems, inc",025013,fuzzy_extended,100.0,PLC SYSTEMS INC,PLCSF,,77568
istituto ganassini s.p.a. di ricerche biochimiche,001059,fuzzy_extended,100.0,A P S INC,APS.1,,58958
epirus biopharmaceuticals (switzerland) gmbh,021126,fuzzy_extended,100.0,EPIRUS BIOPHARMACEUTICALS,EPRSQ,0001135906,90968
equinox,004426,fuzzy_extended,100.0,EQUINOX SOLAR INC,EQX.2,0000317770,33284
"iverson genetic diagnostics, inc",005115,fuzzy_extended,100.0,GENETIC DIAGNOSTICS CORP,GDCP,0001144878,88349
jt international sa,010308,fuzzy_extended,93.75,TU INTERNATIONAL,4371B,,74502
jem research institute,009071,fuzzy_extended,100.0,RESEARCH INC,RESRQ,0000216983,66545
jds pharmaceuticals,024898,fuzzy_extended,92.3076923076923,DUSA PHARMACEUTICALS INC,DUSA.1,0000879993,77289
jado technologies gmbh,031526,fuzzy_extended,94.11764705882354,ADCO TECHNOLOGIES INC,ADCO.1,0000934649,81238
intelligent medical implants gmbh,042969,fuzzy_extended,100.0,INTELLIGENT GROUP LTD,INTJ,0001916416,24946
invatec s.p.a,001059,fuzzy_extended,100.0,A P S INC,APS.1,,58958
invaron pharmaceuticals inc,028470,fuzzy_extended,92.6829268292683,RA PHARMACEUTICALS INC,RARX,0001481512,16398
icarus medical innovations,015852,fuzzy_extended,100.0,MEDICAL INNOVATIONS INC,MIXX.,0000835908,75785
"iantech, inc",006000,fuzzy_extended,95.23809523809524,INTECH INC,INTE.,0000110640,44477
iacta pharmaceuticals,138662,fuzzy_extended,92.6829268292683,ISTA PHARMACEUTICALS INC,ISTA,0000930553,88535
"iss, inc",005855,fuzzy_extended,100.0,ISS INTL SERVICE SYSTEM,ISI.2,,46236
igen biolab slu,029677,fuzzy_extended,100.0,IGEN INC,IGEN.,0000916304,80249
"igi technologies, inc",028270,fuzzy_extended,95.0,IRG TECHNOLOGIES INC,IRGT.1,0000899283,79174
"idrx, inc., a wholly owned subsidiary of gsk, llc",005180,fuzzy_extended,100.0,GSK PLC,GSK,0001131399,75064
icu medical technologies s.l,025110,fuzzy_extended,100.0,ICU MEDICAL INC,ICUI,0000883984,77447
icn pharmaceuticals,005825,fuzzy_extended,100.0,ICN PHARMACEUTICALS  -OLD,ICN.1,,48557
"ice intelligent healthcare co., ltd",042969,fuzzy_extended,100.0,INTELLIGENT GROUP LTD,INTJ,0001916416,24946
fibrex medical research & development gmbh,009074,fuzzy_extended,100.0,RESEARCH MEDICAL INC,RMED.2,0000083306,66553
i-mab biopharma hongkong limited,035836,fuzzy_extended,100.0,I-MAB,IMAB,0001778016,19193
ir innovate research private limited,009071,fuzzy_extended,100.0,RESEARCH INC,RESRQ,0000216983,66545
"imeik technology development co., ltd",010377,fuzzy_extended,100.0,TECHNOLOGY DEVELOPMENT CORP,TDCXE,0000770719,92364
"imac holdings, inc",034163,fuzzy_extended,100.0,IMAC HOLDINGS INC,BACK,0001729944,18405
"ilex oncology services, incorporated",064412,fuzzy_extended,100.0,ILEX ONCOLOGY INC,ILXO,0001001915,84543
"eye research foundation, inc",009071,fuzzy_extended,100.0,RESEARCH INC,RESRQ,0000216983,66545
inmed pharmaceuticals inc,064717,fuzzy_extended,100.0,INMED PHARMACEUTICALS INC,INM,0001728328,20149
incrom europe clinical research,009071,fuzzy_extended,100.0,RESEARCH INC,RESRQ,0000216983,66545
in8bio inc,037352,fuzzy_extended,100.0,IN8BIO INC,INAB,0001740279,21735
eyestem research pvt. ltd,009071,fuzzy_extended,100.0,RESEARCH INC,RESRQ,0000216983,66545
inamed,004675,fuzzy_extended,100.0,INAMED CORP,IMDC.,0000109831,10342
inex pharmaceuticals,012965,fuzzy_extended,92.6829268292683,GYNEX PHARMACEUTICALS,GYNX,0000734194,11692
indigo therapeutics,031256,fuzzy_extended,100.0,INDIGO NV,INDG.1,0000920910,80538
"indaptus therapeutics, inc",349972,fuzzy_extended,100.0,INDAPTUS THERAPEUTICS INC,INDP,0001857044,15642
incyte biosciences uk,029127,fuzzy_extended,100.0,INCYTE CORP,INCY,0000879169,79906
incyte biosciences italy s.r.l,029127,fuzzy_extended,100.0,INCYTE CORP,INCY,0000879169,79906
"express rx, inc",184323,fuzzy_extended,100.0,EXPRESS INC,EXPRQ,0001483510,93373
incyte biosciences benelux,029127,fuzzy_extended,100.0,INCYTE CORP,INCY,0000879169,79906
incyte biosciences france,029127,fuzzy_extended,100.0,INCYTE CORP,INCY,0000879169,79906
incara pharmaceuticals,028470,fuzzy_extended,95.45454545454545,RA PHARMACEUTICALS INC,RARX,0001481512,16398
imaging diagnostic systems,025013,fuzzy_extended,100.0,PLC SYSTEMS INC,PLCSF,,77568
"immix biopharma, inc",039677,fuzzy_extended,100.0,IMMIX BIOPHARMA INC,IMMX,0001873835,22562
immix biopharma australia pty ltd,039677,fuzzy_extended,100.0,IMMIX BIOPHARMA INC,IMMX,0001873835,22562
"famy life sciences, a viatris company",006721,fuzzy_extended,100.0,LIFE SCIENCES INC,LFSCQ,0000059401,49526
immutep australia pty. ltd,253523,fuzzy_extended,100.0,IMMUTEP LTD,IMMP,0001506184,13376
"immusoft of ca, inc",003310,fuzzy_extended,100.0,CA INC,CA.1,0000356028,25778
fb vision s.p.a,001059,fuzzy_extended,100.0,A P S INC,APS.1,,58958
"immunomet therapeutics, inc",025077,fuzzy_extended,92.0,AIMMUNE THERAPEUTICS INC,AIMT,0001631650,15630
fgk clinical research gmbh,009071,fuzzy_extended,100.0,RESEARCH INC,RESRQ,0000216983,66545
medicis technologies corporation,136307,fuzzy_extended,94.73684210526315,MEDIS TECHNOLOGIES LTD,MDTL,0001090507,88355
quit genius,039553,fuzzy_extended,100.0,GENIUS GROUP LTD,GNS,0001847806,23007
"prd therapeutics, inc",037827,fuzzy_extended,92.6829268292683,PEAR THERAPEUTICS INC,PEARQ,0001835567,20879
pt novell pharmaceutical laboratories,011910,fuzzy_extended,100.0,NOVELL INC,NOVL,0000758004,90609
ppc pharmaceuticals,145512,fuzzy_extended,94.73684210526315,APP PHARMACEUTICALS INC,APPX.1,0001141399,89265
"poc medical systems, inc",025013,fuzzy_extended,100.0,PLC SYSTEMS INC,PLCSF,,77568
ph&t s.p.a,001059,fuzzy_extended,100.0,A P S INC,APS.1,,58958
pamgene international b.v,002582,fuzzy_extended,93.75,C V INTERNATIONAL CORP,CVIDQ,,20408
"palomar medical technologies, inc",034953,fuzzy_extended,100.0,PALOMAR HOLDINGS INC,PLMR,0001761312,18563
"paloma pharmaceuticals, inc",028470,fuzzy_extended,92.6829268292683,RA PHARMACEUTICALS INC,RARX,0001481512,16398
"palleon pharmaceuticals, inc",032529,fuzzy_extended,93.33333333333333,ALLENA PHARMACEUTICALS,ALNAQ,0001624658,17042
cardia inc,064865,fuzzy_extended,95.23809523809524,CARDIMA INC,CADMQ,0001022570,85005
"palette life sciences, inc",006721,fuzzy_extended,100.0,LIFE SCIENCES INC,LFSCQ,0000059401,49526
cardinal health,002751,fuzzy_extended,100.0,CARDINAL HEALTH INC,CAH,0000721371,21371
pg medical systems ltd,025013,fuzzy_extended,100.0,PLC SYSTEMS INC,PLCSF,,77568
ovation research group,009071,fuzzy_extended,100.0,RESEARCH INC,RESRQ,0000216983,66545
"ovascience, inc",015215,fuzzy_extended,100.0,OVASCIENCE INC,OVAS,,13883
"carna biosciences, inc",133164,fuzzy_extended,93.02325581395348,ACLARA BIOSCIENCES INC,ACLA,0001067588,87748
carré technologies inc,037200,fuzzy_extended,93.02325581395348,ARRAY TECHNOLOGIES INC,ARRY,0001820721,19851
pdc*line pharma sas,027490,fuzzy_extended,100.0,LINE CORP,LN,0001611820,16155
ozmosis research inc,009071,fuzzy_extended,100.0,RESEARCH INC,RESRQ,0000216983,66545
cardix therapeutics llc,034570,fuzzy_extended,92.3076923076923,CARDIOL THERAPEUTICS INC,CRDL,0001702123,21836
"percutaneous systems, inc",025013,fuzzy_extended,100.0,PLC SYSTEMS INC,PLCSF,,77568
cambridge heart inc,063418,fuzzy_extended,100.0,CAMBRIDGE HEART INC,CAMH,0000913443,83849
"pelican therapeutics, inc",036464,fuzzy_extended,93.61702127659575,PLIANT THERAPEUTICS INC,PLRX,0001746473,19485
caelus pharmaceuticals bv,061980,fuzzy_extended,95.45454545454545,AEOLUS PHARMACEUTICALS INC,AOLS,0001261734,83146
pfizer pharmaceuticals ltd,008530,fuzzy_extended,100.0,PFIZER INC,PFE,0000078003,21936
"personalized stem cells, inc",038722,fuzzy_extended,100.0,STEM INC,STEM,0001758766,19919
personalis inc,035254,fuzzy_extended,100.0,PERSONALIS INC,PSNL,0001527753,18783
"pelage pharmaceuticals, inc",019784,fuzzy_extended,94.11764705882354,EAGLE PHARMACEUTICALS INC,EGRX,0000827871,14456
capri medical limited,198058,fuzzy_extended,100.0,CAPRI HOLDINGS LTD,CPRI,0001530721,13142
capstan therapeutics,027765,fuzzy_extended,92.6829268292683,CAPSTONE THERAPEUTICS CORP,CAPS,0000887151,78836
"cancer intelligence care systems, inc",025013,fuzzy_extended,100.0,PLC SYSTEMS INC,PLCSF,,77568
candela france,012390,fuzzy_extended,100.0,CANDELA CORP,CLZR,0000793279,10371
"passage bio, inc",036140,fuzzy_extended,100.0,PASSAGE BIO INC,PASG,0001787297,19251
cannabics pharmaceuticals inc,028470,fuzzy_extended,92.6829268292683,RA PHARMACEUTICALS INC,RARX,0001481512,16398
"canon medical systems, usa",002721,fuzzy_extended,100.0,CANON INC,CAJPY,0000016988,21152
parexel,061600,fuzzy_extended,100.0,PAREXEL INTERNATIONAL CORP,PRXL,0000799729,82607
cao pharmaceuticals inc,063030,fuzzy_extended,93.61702127659575,CASI PHARMACEUTICALS INC,CASI,0001962738,83651
cartilage repair systems bv,025013,fuzzy_extended,100.0,PLC SYSTEMS INC,PLCSF,,77568
cerebos pacific limited,008268,fuzzy_extended,100.0,PACIFIC HOLDING CORP,PHC.1,0000075499,34972
"omnilife manufactura, sa de cv",163863,fuzzy_extended,100.0,CV HOLDINGS INC,CVHL,0001330969,91438
centennial medical group,013682,fuzzy_extended,100.0,CENTENNIAL GROUP,CEQG,,75042
one bio inc,036851,fuzzy_extended,100.0,ONE,AONE,,19935
center for research and innovation viña concha y toro,009071,fuzzy_extended,100.0,RESEARCH INC,RESRQ,0000216983,66545
central medicare sdn. bhd,016744,fuzzy_extended,100.0,CENTRAL HOLDING CO,CHOL,0000771722,86482
"oncorus, inc",037083,fuzzy_extended,100.0,ONCORUS INC,ONCR,0001671818,19981
omnivision gmbh,137704,fuzzy_extended,100.0,OMNIVISION TECHNOLOGIES INC,OVTI,0001106851,88458
"odyssey group international, inc",008088,fuzzy_extended,100.0,ODYSSEY INC,ODYS.1,0000073860,59062
champions oncology,014983,fuzzy_extended,100.0,CHAMPIONS ONCOLOGY INC,CSBR,0000771856,12146
"ocular systems, inc",025013,fuzzy_extended,100.0,PLC SYSTEMS INC,PLCSF,,77568
omega therapeutics,039181,fuzzy_extended,100.0,OMEGA THERAPEUTICS INC,OMGAQ,0001850838,21750
ceres heilmittel ag,187285,fuzzy_extended,100.0,CERES INC,CERE.1,0000767884,13264
cerina therapeutics,034469,fuzzy_extended,94.73684210526315,SERINA THERAPEUTICS INC,SER,0001708599,18217
"cerium pharmaceuticals, inc",028470,fuzzy_extended,92.6829268292683,RA PHARMACEUTICALS INC,RARX,0001481512,16398
certa therapeutics,018350,fuzzy_extended,94.44444444444444,OCERA THERAPEUTICS INC,OCRX,0001274644,12698
certara,037414,fuzzy_extended,100.0,CERTARA INC,CERT,0001827090,20195
celestra health systems,025013,fuzzy_extended,100.0,PLC SYSTEMS INC,PLCSF,,77568
"orna therapeutics, inc",018350,fuzzy_extended,93.02325581395348,OCERA THERAPEUTICS INC,OCRX,0001274644,12698
orion biotech inc,020420,fuzzy_extended,100.0,ORION SA,OEC,0001609804,14786
"osteotech, inc",024198,fuzzy_extended,100.0,OSTEOTECH INC,OSTE,0000874734,76710
"osprey pharmaceuticals usa, inc",012177,fuzzy_extended,100.0,OSPREY HOLDING INC,3OSPHE,0000892072,10193
optimale,063857,fuzzy_extended,93.33333333333333,OPTIMAL GROUP INC,OPMR,0001015923,84114
"optimal mobility, inc",063857,fuzzy_extended,100.0,OPTIMAL GROUP INC,OPMR,0001015923,84114
"optical imaging, ltd",013423,fuzzy_extended,100.0,OIS OPTICAL IMAGING SYSTEMS,OISO,0000753601,10889
opti'mouv,028266,fuzzy_extended,100.0,OPTI INC,OPTI.,0000899297,79183
"celsius therapeutics, inc",175269,fuzzy_extended,100.0,CELSIUS HOLDINGS INC,CELH,0001341766,93263
celsus therapeutics plc,016687,fuzzy_extended,100.0,CELSUS THERAPEUTICS PLC -ADR,CLTX.2,,14424
"origin medical systems, inc",025013,fuzzy_extended,100.0,PLC SYSTEMS INC,PLCSF,,77568
orgenesis ltd,183729,fuzzy_extended,100.0,ORGENESIS INC,ORGS,0001460602,17370
"ore pharmaceuticals, inc",065893,fuzzy_extended,100.0,ORE HOLDINGS INC,ORXE,0001043914,85549
"cellectar, inc",186974,fuzzy_extended,100.0,CELLECTAR BIOSCIENCES INC,CLRB,0001279704,14862
cellegy pharmaceuticals,061166,fuzzy_extended,100.0,CELLEGY PHARMACEUTICALS -OLD,4437B,,82163
"cellex, inc",004349,fuzzy_extended,100.0,CELLEX BIOSCIENCES INC,3CLXX.,,11405
prof. dr. thomas forst,028770,fuzzy_extended,100.0,THOMAS GROUP INC,TGISQ,0000900017,79529
procter & gamble beauty,008762,fuzzy_extended,100.0,PROCTER & GAMBLE CO,PG,0000080424,18163
brabant research,009071,fuzzy_extended,100.0,RESEARCH INC,RESRQ,0000216983,66545
probiomed s.a. de c.v,030584,fuzzy_extended,100.0,A S V INC,ASVI,0000926763,80798
brain health scotland life sciences ltd,006721,fuzzy_extended,100.0,LIFE SCIENCES INC,LFSCQ,0000059401,49526
bone biologics corp,026579,fuzzy_extended,100.0,BONE BIOLOGICS CORP,BBLG,0001419554,22185
prosthetic design & research,009071,fuzzy_extended,100.0,RESEARCH INC,RESRQ,0000216983,66545
prosight,035404,fuzzy_extended,100.0,PROSIGHT GLOBAL INC,PROS,0001634038,18810
premier g med cardio kft,018624,fuzzy_extended,100.0,PREMIER INC,PINC,0001577916,14169
"primmune therapeutics, inc",025077,fuzzy_extended,93.87755102040816,AIMMUNE THERAPEUTICS INC,AIMT,0001631650,15630
"qualigen theraputics, inc",036475,fuzzy_extended,97.95918367346938,QUALIGEN THERAPEUTICS INC,QLGN,0001460702,15436
qmed consulting a/s,011935,fuzzy_extended,100.0,QMED INC,QMED,0000729213,65067
"bioview, inc",019549,fuzzy_extended,95.23809523809524,BIOVIE INC,BIVI,0001580149,19814
"biovil research group, llc",009071,fuzzy_extended,100.0,RESEARCH INC,RESRQ,0000216983,66545
qrs asia sdn bhd,028700,fuzzy_extended,100.0,QRS CORP,QRSI,0000906551,79523
qc kinetix llc,160417,fuzzy_extended,100.0,QC HOLDINGS INC,QCCO,0001289505,90292
"bivision pharmaceuticals, inc",028470,fuzzy_extended,92.6829268292683,RA PHARMACEUTICALS INC,RARX,0001481512,16398
"qualitix clinical research co., ltd",009071,fuzzy_extended,100.0,RESEARCH INC,RESRQ,0000216983,66545
quantum imaging limited,008867,fuzzy_extended,100.0,QUANTUM CORP,QMCO,0000709283,87043
biotronik italia s.p.a,001059,fuzzy_extended,100.0,A P S INC,APS.1,,58958
"quantum applied science & research, inc",009071,fuzzy_extended,100.0,RESEARCH INC,RESRQ,0000216983,66545
"quanta system, s.p.a",001059,fuzzy_extended,100.0,A P S INC,APS.1,,58958
"psicofarma, s.a. de c.v",030584,fuzzy_extended,100.0,A S V INC,ASVI,0000926763,80798
bnh research,009071,fuzzy_extended,100.0,RESEARCH INC,RESRQ,0000216983,66545
"protez pharmaceuticals, inc",025003,fuzzy_extended,94.33962264150944,PROTIDE PHARMACEUTICALS INC,PPMD,0000883720,77396
psychometrix associates,031807,fuzzy_extended,100.0,AG ASSOCIATES INC,AGAI,0000942124,81597
pure green pharmaceuticals inc,028470,fuzzy_extended,92.6829268292683,RA PHARMACEUTICALS INC,RARX,0001481512,16398
pulsion medical systems se,025013,fuzzy_extended,100.0,PLC SYSTEMS INC,PLCSF,,77568
bluebird age reversal sa,002278,fuzzy_extended,100.0,BLUEBIRD INC,BBX.1,,29735
"cadwell industries, inc",002598,fuzzy_extended,92.6829268292683,CADE INDUSTRIES INC,CADE.1,0000356211,20547
phitogen beauty labs srl,013447,fuzzy_extended,100.0,BEAUTY LABS INC,3LABB,0000811422,11281
phio pharmaceuticals inc,171187,fuzzy_extended,100.0,PHIO PHARMACEUTICALS CORP,PHIO,0001533040,14468
"casi pharmaceuticals (china) co., ltd",063030,fuzzy_extended,100.0,CASI PHARMACEUTICALS INC,CASI,0001962738,83651
cell technologies inc,014489,fuzzy_extended,95.23809523809524,DELL TECHNOLOGIES INC,DELL,0001571996,18267
"cero therapeutics holdings, inc",039649,fuzzy_extended,100.0,CERO THERAPEUTICS HLDGS INC,CERO,0001870404,22332
cfd research corporation,009071,fuzzy_extended,100.0,RESEARCH INC,RESRQ,0000216983,66545
"cg pharmaceuticals, inc",247881,fuzzy_extended,94.44444444444444,GW PHARMACEUTICALS LIMITED,GWPH,0001351288,13926
physio-control,061695,fuzzy_extended,100.0,PHYSIO-CONTROL INTL CORP,PHYS.2,0001003088,82736
camp4 therapeutics corporation,050682,fuzzy_extended,100.0,CAMP4 THERAPEUTICS CORP,CAMP,0001736730,25714
"physicians pharmaceuticals, inc",028470,fuzzy_extended,92.6829268292683,RA PHARMACEUTICALS INC,RARX,0001481512,16398
"phrixus pharmaceuticals, inc",028470,fuzzy_extended,92.6829268292683,RA PHARMACEUTICALS INC,RARX,0001481512,16398
cargo therapeutics,043555,fuzzy_extended,100.0,CARGO THERAPEUTICS INC,CRGX,0001966494,24509
"phoenix thera-lase systems, llc",025013,fuzzy_extended,100.0,PLC SYSTEMS INC,PLCSF,,77568
chx technologies inc,178805,fuzzy_extended,95.0,ICX TECHNOLOGIES INC,ICXT,0001334303,92435
pharmanet,140676,fuzzy_extended,100.0,PHARMANET DEVELOPMENT GROUP,PDGI,0001614675,88675
"cord, llc",183337,fuzzy_extended,100.0,GLOBAL CORD BLOOD CORP,CORBF,0001467808,93123
crism therapeutics ltd,019458,fuzzy_extended,94.73684210526315,CARISMA THERAPEUTICS INC,CARM,0001485003,14452
pharma nordic as,007924,fuzzy_extended,100.0,NORDIC LIMITED INC,NORLE,,57825
cvi pharmaceuticals,177606,fuzzy_extended,94.73684210526315,VIA PHARMACEUTICALS INC,VIAP,0001003929,87838
cabinet de kinesitherapie scm saint-alexandre,009316,fuzzy_extended,100.0,SCM CORP,SCM.2,0000087840,20474
"pharpoint research, inc",009071,fuzzy_extended,100.0,RESEARCH INC,RESRQ,0000216983,66545
cit ortho,149738,fuzzy_extended,100.0,CIT GROUP INC,CIT,0001171825,93150
cl medical,015085,fuzzy_extended,95.23809523809524,CBL MEDICAL INC,CBLMQ,0000832440,12135
cmp therapeutics ltd,002860,fuzzy_extended,100.0,CMP GROUP INC,CTP.2,,42710
"cns pharmaceuticals, inc",013474,fuzzy_extended,100.0,CNS INC,CNXS.1,0000814258,11411
brimrose technology corporation,013035,fuzzy_extended,94.73684210526315,PRIMROSE TECHNOLOGY CORP,PTEVF,0000743444,78526
poly medicure limited,119297,fuzzy_extended,100.0,MEDICURE INC,MCUJF,0001133519,90046
polski bank komorek macierzystych jsc (pbkm),161927,fuzzy_extended,100.0,BANK HOLDINGS INC,TBHS,0001234383,90093
"polaryx therapeutics, inc",178799,fuzzy_extended,93.33333333333333,ARYX THERAPEUTICS INC,ARYX,0001410064,92430
bruker daltonics,138483,fuzzy_extended,100.0,BRUKER CORP,BRKR,0001109354,88504
portage biotech,031102,fuzzy_extended,100.0,PORTAGE BIOTECH INC,PRTG,0001095435,20620
brillian pharma inc,155753,fuzzy_extended,100.0,BRILLIAN CORP,BRLC.,,89831
"precigen actobio t1d, llc",018315,fuzzy_extended,100.0,PRECIGEN INC,PGEN,0001356090,14072
premd,139062,fuzzy_extended,100.0,PREMD INC,PREMF,0001179083,89847
prairie plant systems inc,025013,fuzzy_extended,100.0,PLC SYSTEMS INC,PLCSF,,77568
"potentia pharmaceuticals, inc",028470,fuzzy_extended,92.6829268292683,RA PHARMACEUTICALS INC,RARX,0001481512,16398
"pinnacle pharmaceuticals, inc",113494,fuzzy_extended,100.0,PINNACLE HOLDINGS INC,3BIGTQ,0001058986,86711
pinnacle pain medicine,113494,fuzzy_extended,100.0,PINNACLE HOLDINGS INC,3BIGTQ,0001058986,86711
pierrel research europe gmbh,009071,fuzzy_extended,100.0,RESEARCH INC,RESRQ,0000216983,66545
"c.e.m. biotronik, s.a",013255,fuzzy_extended,100.0,A M E INC,AMEA,,11231
"pneumoflex systems, llc",025013,fuzzy_extended,100.0,PLC SYSTEMS INC,PLCSF,,77568
burroughs wellcome,013134,fuzzy_extended,100.0,WELLCOME PLC,WEL.1,0000787976,78111
butterfly network,038079,fuzzy_extended,100.0,BUTTERFLY NETWORK INC,BFLY,0001804176,19533
"cosette pharmaceuticals, inc",028470,fuzzy_extended,92.6829268292683,RA PHARMACEUTICALS INC,RARX,0001481512,16398
move up sas,122674,fuzzy_extended,100.0,MOVE INC,MOVE.1,0001085770,87165
coya therapeutics,041878,fuzzy_extended,100.0,COYA THERAPEUTICS INC,COYA,0001835022,23615
mymetics corporation,031516,fuzzy_extended,100.0,MYMETICS CORP,MYMX,0000927761,81269
mylan pharmaceuticals private limited,247881,fuzzy_extended,93.87755102040816,GW PHARMACEUTICALS LIMITED,GWPH,0001351288,13926
"corino therapeutics, inc",024220,fuzzy_extended,93.02325581395348,COR THERAPEUTICS INC,CORR.1,0000874865,76716
cornerstone therapeutics inc,181617,fuzzy_extended,100.0,CORNERSTONE THERAPEUTICS INC,CRTX.1,0001145404,90183
"crosscomm, inc",025398,fuzzy_extended,94.11764705882354,CROSSCOM CORP,XCOM.1,0000886033,77684
mitsukoshi health and welfare foundation,022615,fuzzy_extended,100.0,FOUNDATION HEALTH CORP,FH.1,0000859493,76248
"molecular research center, inc",009071,fuzzy_extended,100.0,RESEARCH INC,RESRQ,0000216983,66545
"monsanto company, llc",140760,fuzzy_extended,100.0,MONSANTO CO,MON.1,0001110783,88668
monopteros therapeutics inc,039057,fuzzy_extended,92.5925925925926,MONTE ROSA THERAPEUTICS INC,GLUE,0001826457,21543
"momentum research, inc",009071,fuzzy_extended,100.0,RESEARCH INC,RESRQ,0000216983,66545
molex ventures llc,007506,fuzzy_extended,100.0,MOLEX INC,MOLX,0000067472,54827
"moleculin, llc",026873,fuzzy_extended,100.0,MOLECULIN BIOTECH INC,MBRX,0001659617,16099
core scientific creations ltd,037871,fuzzy_extended,100.0,CORE SCIENTIFIC INC,CORZ,0001839341,24698
"concordia pharmaceuticals inc., barbados",028470,fuzzy_extended,92.6829268292683,RA PHARMACEUTICALS INC,RARX,0001481512,16398
"concordia pharmaceuticals, inc",028470,fuzzy_extended,92.6829268292683,RA PHARMACEUTICALS INC,RARX,0001481512,16398
conmed pharmaceutical & bio-medical corporation,013623,fuzzy_extended,100.0,CONMED CORP,CNMD,0000816956,11547
"consolidated research, inc",009071,fuzzy_extended,100.0,RESEARCH INC,RESRQ,0000216983,66545
contour research,009071,fuzzy_extended,100.0,RESEARCH INC,RESRQ,0000216983,66545
concha inc,209418,fuzzy_extended,100.0,VINA CONCHA Y TORO SA,VCOYY,0000930543,81049
"computer technology associates, inc",031807,fuzzy_extended,100.0,AG ASSOCIATES INC,AGAI,0000942124,81597
"napo therapeutics, s.p.a",001059,fuzzy_extended,100.0,A P S INC,APS.1,,58958
conmed linvatec beijing,013623,fuzzy_extended,100.0,CONMED CORP,CNMD,0000816956,11547
"nanosphere, inc",178752,fuzzy_extended,100.0,NANOSPHERE INC,NSPH,0001105184,92445
"concentra ai, inc",031502,fuzzy_extended,100.0,CONCENTRA CORP,CTRA.1,0000933091,81245
nanoker research s.l,009071,fuzzy_extended,100.0,RESEARCH INC,RESRQ,0000216983,66545
concept medicals bv,003371,fuzzy_extended,100.0,CONCEPT INC,CCPT.1,0000023229,26316
nalo therapeutics inc,026149,fuzzy_extended,93.02325581395348,AVALO THERAPEUTICS INC,AVTX,0001534120,15833
control delivery systems,025013,fuzzy_extended,100.0,PLC SYSTEMS INC,PLCSF,,77568
corautus genetics,108695,fuzzy_extended,100.0,CORAUTUS GENETICS INC,VEGF,,87838
nec oncoimmunity as,007652,fuzzy_extended,100.0,NEC CORP,NIPNY,0000072127,55782
nec corporation,007652,fuzzy_extended,100.0,NEC CORP,NIPNY,0000072127,55782
nc medial research inc,009071,fuzzy_extended,100.0,RESEARCH INC,RESRQ,0000216983,66545
natco pharma ltd,128759,fuzzy_extended,100.0,NATCO GROUP INC,NTG.1,0001057693,87539
"n-gene research laboratories, inc",009071,fuzzy_extended,100.0,RESEARCH INC,RESRQ,0000216983,66545
n&n pharmaceuticals inc,028470,fuzzy_extended,92.6829268292683,RA PHARMACEUTICALS INC,RARX,0001481512,16398
"n & s neurology center, a medical group, inc",018483,fuzzy_extended,93.75,Y & A GROUP INC,YGRPE,0000813359,75995
"mytogen, inc",156133,fuzzy_extended,95.23809523809524,MYOGEN INC,MYOG,0001101052,89868
corat therapeutics gmbh,024220,fuzzy_extended,94.11764705882354,COR THERAPEUTICS INC,CORR.1,0000874865,76716
convergent therapeutics,003485,fuzzy_extended,100.0,CONVERGENT INC,CVGT,0000810906,27036
nlt spine,007659,fuzzy_extended,100.0,NLT CORP,NLT,0000072165,54615
meluha life sciences sdn bhd,006721,fuzzy_extended,100.0,LIFE SCIENCES INC,LFSCQ,0000059401,49526
"dha coffee co., ltd",160742,fuzzy_extended,100.0,COFFEE HOLDING CO INC,JVA,0001007019,90679
melcap systems ltd,025013,fuzzy_extended,100.0,PLC SYSTEMS INC,PLCSF,,77568
meta healthcare ltd,061641,fuzzy_extended,100.0,META GROUP INC,METG,0001000015,82724
dara therapeutics,023358,fuzzy_extended,94.44444444444444,CIDARA THERAPEUTICS INC,CDTX,0001610618,15286
"medimetriks pharmaceuticals, inc",028470,fuzzy_extended,92.6829268292683,RA PHARMACEUTICALS INC,RARX,0001481512,16398
"dalian holley kingkong pharmaceutical co., ltd",039265,fuzzy_extended,100.0,HOLLEY INC,HLLY,0001822928,20120
medidata solutions,182308,fuzzy_extended,100.0,MEDIDATA SOLUTIONS INC,MDSO,0001453814,92940
medtronic latin america,007228,fuzzy_extended,100.0,MEDTRONIC PLC,MDT,0001613103,60097
dsp industrial ltda,029722,fuzzy_extended,100.0,DSP GROUP INC,DSPG,0000915778,80236
medtronic france sas,007228,fuzzy_extended,100.0,MEDTRONIC PLC,MDT,0001613103,60097
medtronic comercial ltda,007228,fuzzy_extended,100.0,MEDTRONIC PLC,MDT,0001613103,60097
medstone international,014512,fuzzy_extended,100.0,MEDSTONE INTERNATIONAL INC,MEDS.1,0000819939,11899
curium pet france,023798,fuzzy_extended,100.0,PET INC,PT.1,0000077709,76608
mills clinical research,009071,fuzzy_extended,100.0,RESEARCH INC,RESRQ,0000216983,66545
"millennium magnetic technologies, llc",006956,fuzzy_extended,100.0,MAGNETIC TECHNOLOGIES CORP,MTCC,0000015354,50965
milky way life sciences llc,006721,fuzzy_extended,100.0,LIFE SCIENCES INC,LFSCQ,0000059401,49526
"milestone scientific, inc",061496,fuzzy_extended,100.0,MILESTONE SCIENTIFIC INC,MLSS,0000855683,82621
microsoft research,009071,fuzzy_extended,100.0,RESEARCH INC,RESRQ,0000216983,66545
mingsight pharmaceuticals pty limited,247881,fuzzy_extended,93.87755102040816,GW PHARMACEUTICALS LIMITED,GWPH,0001351288,13926
metabolic research unit,009071,fuzzy_extended,100.0,RESEARCH INC,RESRQ,0000216983,66545
"cypress bioscience, inc",005841,fuzzy_extended,100.0,CYPRESS BIOSCIENCE INC,CYPB,0000716054,43290
"metis associates, inc",031807,fuzzy_extended,100.0,AG ASSOCIATES INC,AGAI,0000942124,81597
"cyteir therapeutics, inc",038925,fuzzy_extended,100.0,CYTEIR THERAPEUTICS INC,CYTT,0001662244,21528
"cydex pharmaceuticals, inc",180231,fuzzy_extended,93.87755102040816,CPEX PHARMACEUTICALS INC,CPEX,0001418919,92717
cymra life sciences,006721,fuzzy_extended,100.0,LIFE SCIENCES INC,LFSCQ,0000059401,49526
cyanotech corporation,012575,fuzzy_extended,100.0,CYANOTECH CORP,CYAN,0000768408,10661
microelastic ultrasound systems inc,025013,fuzzy_extended,100.0,PLC SYSTEMS INC,PLCSF,,77568
"microbot medical, inc",029293,fuzzy_extended,100.0,MICROBOT MEDICAL INC,MBOT,0000883975,77437
cycle therapeutics ltd,035137,fuzzy_extended,94.73684210526315,BICYCLE THERAPEUTICS PLC,BCYC,0001761612,18647
"michael wilson & associates health care consulting, llc",031807,fuzzy_extended,100.0,AG ASSOCIATES INC,AGAI,0000942124,81597
comprehensive research associates,009071,fuzzy_extended,100.0,RESEARCH INC,RESRQ,0000216983,66545
notable labs,021209,fuzzy_extended,100.0,NOTABLE LABS LTD,NTBLQ,0001603207,15020
norwegian underwater intervention (nui),007668,fuzzy_extended,100.0,NUI CORP,NUI,0001105192,64290
northfield laboratories,030257,fuzzy_extended,100.0,NORTHFIELD LABORATORIES INC,NFLDQ,0000920947,80559
"chung mei biopharma co., ltd",006868,fuzzy_extended,100.0,MEI CORP,MEI.2,0000064718,12933
"cidat, s.a. de c.v",030584,fuzzy_extended,100.0,A S V INC,ASVI,0000926763,80798
nordic drugs ab,007924,fuzzy_extended,100.0,NORDIC LIMITED INC,NORLE,,57825
nova argentia s.r.l,133905,fuzzy_extended,100.0,NOVA LTD,NVMI,0001109345,88181
"chordia therapeutics, inc",156617,fuzzy_extended,93.61702127659575,ACORDA THERAPEUTICS INC,ACORQ,0001008848,91086
novamed laboratories pvt. ltd,123017,fuzzy_extended,100.0,NOVAMED INC,NOVA.1,0001086939,87178
"chrono therapeutics, inc",013786,fuzzy_extended,93.33333333333333,HERON THERAPEUTICS INC,HRTX,0000818033,11636
nova vita laboratory,133905,fuzzy_extended,100.0,NOVA LTD,NVMI,0001109345,88181
nova therapeutics llc,133905,fuzzy_extended,100.0,NOVA LTD,NVMI,0001109345,88181
nova laboratories sdn bhd,133905,fuzzy_extended,100.0,NOVA LTD,NVMI,0001109345,88181
nova immunotherapeutics limited,133905,fuzzy_extended,100.0,NOVA LTD,NVMI,0001109345,88181
nova eye medical pty ltd,133905,fuzzy_extended,100.0,NOVA LTD,NVMI,0001109345,88181
"clasp therapeutics, inc",029914,fuzzy_extended,93.02325581395348,LEAP THERAPEUTICS INC,LPTX,0001509745,16542
"clarent biopharma, inc",121835,fuzzy_extended,100.0,CLARENT CORP,CLRN,0001068292,87102
circadian technologies ltd,003049,fuzzy_extended,100.0,CIRCADIAN INC,CKDN,0000738014,86634
circadian therapeutics ltd,003049,fuzzy_extended,100.0,CIRCADIAN INC,CKDN,0000738014,86634
"noah rosenberg, md",185783,fuzzy_extended,100.0,NOAH HOLDINGS LIMITED,NOAH,0001499543,12377
"noah pharmaceuticals, inc",185783,fuzzy_extended,100.0,NOAH HOLDINGS LIMITED,NOAH,0001499543,12377
city therapeutics,016781,fuzzy_extended,100.0,CITY HOLDING CO,CHCO,0000726854,11442
nivagen pharmaceuticals inc,028470,fuzzy_extended,92.6829268292683,RA PHARMACEUTICALS INC,RARX,0001481512,16398
nitromed,155794,fuzzy_extended,100.0,NITROMED INC,NTMD,0000927829,89914
novar corporation,008016,fuzzy_extended,100.0,NOVAR ELECTRONICS CORP,NOVR,0000351321,58500
novartis healthcare a/s,101310,fuzzy_extended,100.0,NOVARTIS AG,NVS,0001114448,88233
"o2 medtech, inc",145933,fuzzy_extended,100.0,O2 PLC,OOM,0001159512,89239
nyxoah inc,339950,fuzzy_extended,100.0,NYXOAH S A,NYXH,0001857190,21748
nyree penn,008432,fuzzy_extended,100.0,PENN CORP,PNNC.,0000077100,61891
chemo research,009071,fuzzy_extended,100.0,RESEARCH INC,RESRQ,0000216983,66545
nuvo research inc,009071,fuzzy_extended,100.0,RESEARCH INC,RESRQ,0000216983,66545
nuvo research gmbh,009071,fuzzy_extended,100.0,RESEARCH INC,RESRQ,0000216983,66545
offhealth s.p.a,001059,fuzzy_extended,100.0,A P S INC,APS.1,,58958
obslap research llc,009071,fuzzy_extended,100.0,RESEARCH INC,RESRQ,0000216983,66545
"oasis pharmaceuticals, llc",012180,fuzzy_extended,95.0,OSI PHARMACEUTICALS INC,OSIP,0000729922,10143
on light sciences,039481,fuzzy_extended,100.0,ON HOLDING AG,ONON,0001858985,22077
"chesson laboratory associates, inc",031807,fuzzy_extended,100.0,AG ASSOCIATES INC,AGAI,0000942124,81597
nucor,008030,fuzzy_extended,100.0,NUCOR CORP,NUE,0000073309,34817
"chiesi pharma ab, nordic",007924,fuzzy_extended,100.0,NORDIC LIMITED INC,NORLE,,57825
collagen research institute,009071,fuzzy_extended,100.0,RESEARCH INC,RESRQ,0000216983,66545
"collegium pharmaceutical, inc",023555,fuzzy_extended,100.0,COLLEGIUM PHARMACEUTICAL INC,COLL,0001267565,15371
neptunus pharmaceuticals inc,028470,fuzzy_extended,92.6829268292683,RA PHARMACEUTICALS INC,RARX,0001481512,16398
neptune,007814,fuzzy_extended,100.0,NEPTUNE INTERNATIONAL CORP,NPM.1,0000071060,26761
"neos therapeutics, inc",025377,fuzzy_extended,100.0,NEOS THERAPEUTICS INC,NEOS,0001467652,15531
"neuro-eye diagnostic systems, llc",025013,fuzzy_extended,100.0,PLC SYSTEMS INC,PLCSF,,77568
neuro+,038791,fuzzy_extended,100.0,ALZAMEND NEURO INC,ALZN,0001677077,21513
neurex,028894,fuzzy_extended,100.0,NEUREX CORP,NXCO.,0000884065,80108
cognitive research corporation,009071,fuzzy_extended,100.0,RESEARCH INC,RESRQ,0000216983,66545
"cohbar, inc",022803,fuzzy_extended,100.0,COHBAR INC,CWBR,0001522602,17139
"coherent biopharma (hefei) co., ltd",003157,fuzzy_extended,100.0,COHERENT INC,COHR.1,0000021510,24476
navitas life sciences gmbh,006721,fuzzy_extended,100.0,LIFE SCIENCES INC,LFSCQ,0000059401,49526
navigate surgical technologies inc,022264,fuzzy_extended,100.0,SURGICAL TECHNOLOGIES INC,SGTI.,,76174
nature's one,036851,fuzzy_extended,100.0,ONE,AONE,,19935
national healing corporation,013649,fuzzy_extended,100.0,NATIONAL HOLDINGS CORP,NHLD,0001023844,11441
national enzyme company,013649,fuzzy_extended,100.0,NATIONAL HOLDINGS CORP,NHLD,0001023844,11441
"national cattlemen's beef association, a contractor to the beef checkoff",011151,fuzzy_extended,100.0,GROUP INC (THE),THEG,,80603
"navigen, inc",062911,fuzzy_extended,95.23809523809524,AVIGEN INC,AVGN,0000932903,83475
columbia research laboratories,009071,fuzzy_extended,100.0,RESEARCH INC,RESRQ,0000216983,66545
neotherapeutics,025377,fuzzy_extended,93.75,NEOS THERAPEUTICS INC,NEOS,0001467652,15531
cogna technology solutions llc,024474,fuzzy_extended,100.0,TECHNOLOGY SOLUTIONS CO,TSCC,0000877645,76846
"clinohio research services, llc",009071,fuzzy_extended,100.0,RESEARCH INC,RESRQ,0000216983,66545
"clinical research center, intercard sp. z o.o",009071,fuzzy_extended,100.0,RESEARCH INC,RESRQ,0000216983,66545
new view optometric center,038271,fuzzy_extended,100.0,VIEW INC,VIEWQ,0001811856,19955
clinical research international limited,009071,fuzzy_extended,100.0,RESEARCH INC,RESRQ,0000216983,66545
"new haven pharmaceuticals, inc",028470,fuzzy_extended,92.6829268292683,RA PHARMACEUTICALS INC,RARX,0001481512,16398
"new england cell therapeutics, inc",007836,fuzzy_extended,100.0,NEW ENGLAND CORP,PLAS,0000079065,63328
nico corporation,007902,fuzzy_extended,100.0,NICO INC,NICO,0000736769,57622
nicox research institute s.r.l,009071,fuzzy_extended,100.0,RESEARCH INC,RESRQ,0000216983,66545
nextgen company limited,008858,fuzzy_extended,100.0,NEXTGEN HEALTHCARE INC,NXGN,0000708818,64961
clearmind medicine inc,349994,fuzzy_extended,100.0,CLEARMIND MEDICINE INC,CMND,0001892500,23514
nexstar pharmaceuticals,029650,fuzzy_extended,100.0,NEXSTAR PHARMACEUTICALS,NXTR,0000915359,80146
codelco,003152,fuzzy_extended,92.3076923076923,COELCO LTD,CLCQE,0000746512,86722
"neurobehavioral systems, inc",025013,fuzzy_extended,100.0,PLC SYSTEMS INC,PLCSF,,77568
neuroone medical technologies corporation,032247,fuzzy_extended,92.5925925925926,NEUROONE MED TECHNOLOGIES CO,NMTC,0001500198,21322
"neurometrix, inc",160488,fuzzy_extended,100.0,NEUROMETRIX INC,NURO,0001289850,90288
