lead_sponsor_name,gvkey,start_year,end_year,note,sponsor_norm
"Janssen Research & Development, LLC",006266,1900,2099,Subsidiary of Johnson & Johnson; fixes bad fuzzy match to RESEARCH INC,janssen research and development llc
Janssen Research & Development,006266,1900,2099,J&J subsidiary,janssen research and development
Janssen Pharmaceutica N.V.,006266,1900,2099,J&J subsidiary,janssen pharmaceutica n v
Janssen Vaccines & Prevention B.V.,006266,1900,2099,J&J subsidiary,janssen vaccines and prevention b v
Janssen Sciences Ireland UC,006266,1900,2099,J&J subsidiary,janssen sciences ireland uc
Janssen-Cilag International NV,006266,1900,2099,J&J subsidiary,janssen-cilag international nv
Janssen-Cilag Ltd.,006266,1900,2099,J&J subsidiary,janssen-cilag ltd
Janssen-Cilag G.m.b.H,006266,1900,2099,J&J subsidiary,janssen-cilag g m b h
Janssen-Cilag S.A.,006266,1900,2099,J&J subsidiary,janssen-cilag s a
Janssen-Cilag Pty Ltd,006266,1900,2099,J&J subsidiary,janssen-cilag pty ltd
Janssen Pharmaceuticals,006266,1900,2099,J&J subsidiary,janssen pharmaceuticals
Janssen LP,006266,1900,2099,J&J subsidiary,janssen lp
Tibotec BVBA,006266,1900,2099,J&J HIV subsidiary,tibotec bvba
Tibotec Pharmaceuticals,006266,1900,2099,J&J HIV subsidiary,tibotec pharmaceuticals
"Centocor, Inc.",006266,1900,2099,J&J subsidiary,centocor inc
"Centocor Ortho Biotech, Inc.",006266,1900,2099,J&J subsidiary,centocor ortho biotech inc
Wyeth is now a wholly owned subsidiary of Pfizer,001478,1900,2008,Wyeth pre-Pfizer acquisition,wyeth is now a wholly owned subsidiary of pfizer
Wyeth is now a wholly owned subsidiary of Pfizer,008530,2009,2099,Pfizer post-acquisition (Oct 2009),wyeth is now a wholly owned subsidiary of pfizer
Wyeth,001478,1900,2008,Wyeth pre-Pfizer,wyeth
Wyeth,008530,2009,2099,Pfizer post-Wyeth-acquisition,wyeth
"Genentech, Inc.",005020,1900,2008,Genentech standalone pre-Roche,genentech inc
"Genentech, Inc.",UNMAPPED,2009,2099,Genentech as Roche subsidiary; Roche not in US link table,genentech inc
Genentech,005020,1900,2008,Genentech standalone pre-Roche,genentech
Genentech,UNMAPPED,2009,2099,Genentech as Roche subsidiary,genentech
"Genzyme, a Sanofi Company",012233,1900,2010,Genzyme standalone pre-Sanofi,genzyme a sanofi company
"Genzyme, a Sanofi Company",101204,2011,2099,Sanofi post-Genzyme-acquisition (Apr 2011),genzyme a sanofi company
Genzyme,012233,1900,2010,Genzyme standalone,genzyme
Genzyme,101204,2011,2099,Sanofi post-Genzyme-acquisition,genzyme
Genzyme Corp.,012233,1900,2010,Genzyme standalone,genzyme corp
Genzyme Corp.,101204,2011,2099,Sanofi post-Genzyme,genzyme corp
Shire,212340,1900,2018,Shire pre-Takeda,shire
Shire,100718,2019,2099,Takeda post-Shire-acquisition (Jan 2019),shire
Shire Human Genetic Therapies,212340,1900,2018,Shire HGT,shire human genetic therapies
Shire Human Genetic Therapies,100718,2019,2099,Takeda post-acquisition,shire human genetic therapies
Allergan,027845,1900,2019,Allergan plc pre-AbbVie,allergan
Allergan,016101,2020,2099,AbbVie post-Allergan-acquisition (May 2020),allergan
"Stiefel, a GSK Company",005180,1900,2099,GSK subsidiary,stiefel a gsk company
"Pacira Pharmaceuticals, Inc",185836,1900,2099,Pacira Biosciences (renamed); fixes fuzzy mismatch,pacira pharmaceuticals inc
"Pacira Biosciences, Inc",185836,1900,2099,Pacira Biosciences,pacira biosciences inc
"Bausch Health Americas, Inc.",029955,1900,2099,Bausch Health Companies; fixes fuzzy mismatch,bausch health americas inc
Bausch & Lomb Incorporated,040605,2022,2099,Bausch & Lomb post-spinoff,bausch and lomb incorporated
Bausch & Lomb Incorporated,002085,1900,2007,Bausch & Lomb pre-J&J era,bausch and lomb incorporated
"Sanofi Pasteur, a Sanofi Company",101204,1900,2099,Sanofi vaccines division,sanofi pasteur a sanofi company
Sanofi Pasteur,101204,1900,2099,Sanofi vaccines division,sanofi pasteur
Boehringer Ingelheim,UNMAPPED,1900,2099,Privately held German firm,boehringer ingelheim
Boehringer Ingelheim Pharmaceuticals,UNMAPPED,1900,2099,Privately held German firm,boehringer ingelheim pharmaceuticals
Boehringer Ingelheim Pharma GmbH & Co. KG,UNMAPPED,1900,2099,Privately held German firm,boehringer ingelheim pharma gmbh and co kg
Hoffmann-La Roche,UNMAPPED,1900,2099,Swiss subsidiary of Roche Holding; Roche not in CRSP link,hoffmann-la roche
F. Hoffmann-La Roche Ltd,UNMAPPED,1900,2099,Roche subsidiary,f hoffmann-la roche ltd
Roche Diagnostics,UNMAPPED,1900,2099,Roche subsidiary,roche diagnostics
Roche Pharma AG,UNMAPPED,1900,2099,Roche subsidiary,roche pharma ag
Astellas Pharma Inc,UNMAPPED,1900,2099,Japanese (ALPMY ADR not in CRSP link),astellas pharma inc
"Astellas Pharma Global Development, Inc.",UNMAPPED,1900,2099,Astellas US subsidiary,astellas pharma global development inc
Astellas Pharma Europe Ltd.,UNMAPPED,1900,2099,Astellas EU subsidiary,astellas pharma europe ltd
Daiichi Sankyo,UNMAPPED,1900,2099,Japanese (DSKYY ADR not in CRSP link),daiichi sankyo
"Daiichi Sankyo, Inc.",UNMAPPED,1900,2099,Daiichi Sankyo US subsidiary,daiichi sankyo inc
"Daiichi Sankyo Co., Ltd.",UNMAPPED,1900,2099,Daiichi Sankyo Japan,daiichi sankyo co ltd
Eisai Inc.,UNMAPPED,1900,2099,Japanese (ESALY ADR not in CRSP link),eisai inc
"Eisai Co., Ltd.",UNMAPPED,1900,2099,Eisai Japan,eisai co ltd
"Otsuka Pharmaceutical Development & Commercialization, Inc.",UNMAPPED,1900,2099,Otsuka US subsidiary,otsuka pharmaceutical development and commercialization inc
"Otsuka Pharmaceutical Co., Ltd.",UNMAPPED,1900,2099,Otsuka Japan,otsuka pharmaceutical co ltd
Otsuka Beijing Research Institute,UNMAPPED,1900,2099,Otsuka China subsidiary,otsuka beijing research institute
"Merck KGaA, Darmstadt, Germany",UNMAPPED,1900,2099,German Merck (distinct from US Merck),merck kgaa darmstadt germany
Merck KGaA,UNMAPPED,1900,2099,German Merck,merck kgaa
"EMD Serono Research & Development Institute, Inc.",UNMAPPED,1900,2099,Merck KGaA US subsidiary; fixes fuzzy mismatch to RESEARCH INC,emd serono research and development institute inc
EMD Serono,UNMAPPED,1900,2099,Merck KGaA US subsidiary,emd serono
UCB Pharma,UNMAPPED,1900,2099,Belgian (UCBJY ADR not in CRSP link),ucb pharma
UCB Biopharma SRL,UNMAPPED,1900,2099,UCB subsidiary,ucb biopharma srl
"UCB, Inc.",UNMAPPED,1900,2099,UCB subsidiary,ucb inc
Ferring Pharmaceuticals,UNMAPPED,1900,2099,Privately held Swiss,ferring pharmaceuticals
Galderma R&D,UNMAPPED,1900,2099,Galderma SA Swiss; recent IPO not in our link table,galderma r and d
Société des Produits Nestlé (SPN),UNMAPPED,1900,2099,Nestle subsidiary; Nestle SA not in CRSP link,societe des produits nestle spn
ViiV Healthcare,UNMAPPED,1900,2099,GSK/Pfizer/Shionogi joint venture not separately listed,viiv healthcare
Mundipharma Research Limited,UNMAPPED,1900,2099,Privately held; fixes fuzzy mismatch to RESEARCH INC,mundipharma research limited
Mundipharma Research GmbH & Co. KG,UNMAPPED,1900,2099,Privately held,mundipharma research gmbh and co kg
W.L.Gore & Associates,UNMAPPED,1900,2099,Privately held,w l gore and associates
"Jiangsu HengRui Medicine Co., Ltd.",UNMAPPED,1900,2099,Chinese; Shanghai-listed without US ADR,jiangsu hengrui medicine co ltd
Innovent Biologics (Suzhou) Co. Ltd.,UNMAPPED,1900,2099,Hong Kong-listed Chinese biotech,innovent biologics suzhou co ltd
"Chia Tai Tianqing Pharmaceutical Group Co., Ltd.",UNMAPPED,1900,2099,Chinese subsidiary of Sino Biopharma,chia tai tianqing pharmaceutical group co ltd
Chong Kun Dang Pharmaceutical,UNMAPPED,1900,2099,Korean (KOSPI-listed),chong kun dang pharmaceutical
Daewoong Pharmaceutical Co. LTD.,UNMAPPED,1900,2099,Korean (KOSPI-listed),daewoong pharmaceutical co ltd
Hanmi Pharmaceutical Company Limited,UNMAPPED,1900,2099,Korean; fixes fuzzy mismatch to ANI PHARMACEUTICALS,hanmi pharmaceutical company limited
Chiesi Farmaceutici S.p.A.,UNMAPPED,1900,2099,Italian privately held; fixes fuzzy mismatch to A P S INC,chiesi farmaceutici s p a
Dompé Farmaceutici S.p.A,UNMAPPED,1900,2099,Italian privately held,dompe farmaceutici s p a
Philogen S.p.A.,UNMAPPED,1900,2099,Italian; fixes fuzzy mismatch to A P S INC,philogen s p a
Aziende Chimiche Riunite Angelini Francesco S.p.A,UNMAPPED,1900,2099,Italian privately held,aziende chimiche riunite angelini francesco s p a
Laboratorios Sophia S.A de C.V.,UNMAPPED,1900,2099,Mexican; fixes fuzzy mismatch to A S V INC,laboratorios sophia s a de c v
Laboratorios Silanes S.A. de C.V.,UNMAPPED,1900,2099,Mexican,laboratorios silanes s a de c v
Lee's Pharmaceutical Limited,UNMAPPED,1900,2099,HK-listed; fixes fuzzy mismatch to LEE PHARMACEUTICALS,lee s pharmaceutical limited
Torrent Pharmaceuticals Limited,UNMAPPED,1900,2099,Indian; fixes fuzzy mismatch to GW PHARMACEUTICALS,torrent pharmaceuticals limited
Mylan Pharmaceuticals Inc,007637,1900,2099,Mylan/Viatris; fixes fuzzy mismatch to AMYLIN PHARMACEUTICALS,mylan pharmaceuticals inc
Mylan Inc.,007637,1900,2099,Mylan/Viatris,mylan inc
Endo Pharmaceuticals,UNMAPPED,1900,2099,Endo International plc delisted 2022; not cleanly in link table; fixes fuzzy mismatch to ENZON,endo pharmaceuticals
"Par Pharmaceutical, Inc.",008333,1900,2099,Par Pharmaceutical Holdings; fixes fuzzy mismatch to ARS PHARMACEUTICALS,par pharmaceutical inc
Abbott Medical Devices,001078,1900,2099,Abbott Laboratories; fixes fuzzy mismatch to FIRST MEDICAL DEVICES,abbott medical devices
Pfizer's Upjohn has merged with Mylan to form Viatris Inc.,007637,2020,2099,Viatris post-merger (Nov 2020),pfizer s upjohn has merged with mylan to form viatris inc
Pfizer's Upjohn has merged with Mylan to form Viatris Inc.,008530,1900,2019,Pfizer Upjohn pre-Viatris-merger,pfizer s upjohn has merged with mylan to form viatris inc
"Phathom Pharmaceuticals, Inc.",035728,1900,2099,"Phathom Pharma (PHAT, CIK 1783183); fixes audit-suspect fuzzy to RA PHARMACEUTICALS gvkey 028470",phathom pharmaceuticals inc
Crinetics Pharmaceuticals Inc.,033723,1900,2099,"Crinetics (CRNX, CIK 1658247); fixes audit-suspect fuzzy to RA PHARMACEUTICALS gvkey 028470",crinetics pharmaceuticals inc
"Deciphera Pharmaceuticals, LLC",032383,1900,2099,"Deciphera (DCPH, CIK 1654151); fixes audit-suspect fuzzy to CIPHER PHARMACEUTICALS gvkey 260838",deciphera pharmaceuticals llc
"Deciphera Pharmaceuticals, Inc.",032383,1900,2099,"Deciphera (DCPH, CIK 1654151); fixes audit-suspect fuzzy",deciphera pharmaceuticals inc
"Tonix Pharmaceuticals, Inc.",190856,1900,2099,"Tonix Pharma Holdings (TNXP, CIK 1430306); fixes audit-suspect fuzzy",tonix pharmaceuticals inc
Tonix Pharmaceuticals Holding Corp.,190856,1900,2099,"Tonix Pharma Holdings (TNXP, CIK 1430306); fixes audit-suspect fuzzy",tonix pharmaceuticals holding corp
"Zai Lab (Shanghai) Co., Ltd.",032334,1900,2099,"Zai Lab Ltd (ZLAB, CIK 1704292); fixes audit-suspect fuzzy",zai lab shanghai co ltd
Zai Lab (Hong Kong) Limited,032334,1900,2099,"Zai Lab Ltd (ZLAB, CIK 1704292); fixes audit-suspect fuzzy",zai lab hong kong limited
"Sinovac Research and Development Co., Ltd.",150257,1900,2099,"Sinovac Biotech (SVA, CIK 1084201); fixes audit-suspect fuzzy to RESEARCH INC gvkey 009071",sinovac research and development co ltd
Sinovac Biotech (Hong Kong) Limited,150257,1900,2099,"Sinovac Biotech (SVA, CIK 1084201); fixes audit-suspect fuzzy",sinovac biotech hong kong limited
"Alexion Pharmaceuticals, Inc.",062263,1900,2099,"Alexion (ALXN, CIK 899866); acquired by AstraZeneca 2021 -- pre-acquisition gvkey",alexion pharmaceuticals inc
"Molecular Insight Pharmaceuticals, Inc.",166200,1900,2099,"Molecular Insight Pharma (MIPIQ, CIK 1340752); fixes audit-suspect fuzzy to RA PHARMACEUTICALS gvkey 028470",molecular insight pharmaceuticals inc
Colgate Palmolive,UNMAPPED,1900,2099,Audit-suspect fuzzy: original mapping to gvkey 3170 (COLGATE-PALMOLIVE CO) flagged unreliable; no manual rescue available -- left UNMAPPED,colgate palmolive
Dompé Farmaceutici S.p.A,UNMAPPED,1900,2099,Audit-suspect fuzzy: original mapping to gvkey 1059 (A P S INC) flagged unreliable; no manual rescue available -- left UNMAPPED,domp farmaceutici s p a
Nutricia Research,UNMAPPED,1900,2099,Audit-suspect fuzzy: original mapping to gvkey 9071 (RESEARCH INC) flagged unreliable; no manual rescue available -- left UNMAPPED,nutricia research
"Kowa Research Institute, Inc.",UNMAPPED,1900,2099,Audit-suspect fuzzy: original mapping to gvkey 9071 (RESEARCH INC) flagged unreliable; no manual rescue available -- left UNMAPPED,kowa research institute inc
"Pearl Therapeutics, Inc.",UNMAPPED,1900,2099,Audit-suspect fuzzy: original mapping to gvkey 37827 (PEAR THERAPEUTICS INC) flagged unreliable; no manual rescue available -- left UNMAPPED,pearl therapeutics inc
"Genuine Research Center, Egypt",UNMAPPED,1900,2099,Audit-suspect fuzzy: original mapping to gvkey 9071 (RESEARCH INC) flagged unreliable; no manual rescue available -- left UNMAPPED,genuine research center egypt
Danone Global Research & Innovation Center,UNMAPPED,1900,2099,Audit-suspect fuzzy: original mapping to gvkey 9071 (RESEARCH INC) flagged unreliable; no manual rescue available -- left UNMAPPED,danone global research and innovation center
Integrative Skin Science and Research,UNMAPPED,1900,2099,Audit-suspect fuzzy: original mapping to gvkey 9071 (RESEARCH INC) flagged unreliable; no manual rescue available -- left UNMAPPED,integrative skin science and research
Sun Pharma Advanced Research Company Limited,UNMAPPED,1900,2099,Audit-suspect fuzzy: original mapping to gvkey 9071 (RESEARCH INC) flagged unreliable; no manual rescue available -- left UNMAPPED,sun pharma advanced research company limited
Dizal Pharmaceuticals,UNMAPPED,1900,2099,Audit-suspect fuzzy: original mapping to gvkey 32395 (ADIAL PHARMACEUTICALS) flagged unreliable; no manual rescue available -- left UNMAPPED,dizal pharmaceuticals
Cook Research Incorporated,UNMAPPED,1900,2099,Audit-suspect fuzzy: original mapping to gvkey 9071 (RESEARCH INC) flagged unreliable; no manual rescue available -- left UNMAPPED,cook research incorporated
Fidia Farmaceutici s.p.a.,UNMAPPED,1900,2099,Audit-suspect fuzzy: original mapping to gvkey 1059 (A P S INC) flagged unreliable; no manual rescue available -- left UNMAPPED,fidia farmaceutici s p a
Limacorporate S.p.a,UNMAPPED,1900,2099,Audit-suspect fuzzy: original mapping to gvkey 1059 (A P S INC) flagged unreliable; no manual rescue available -- left UNMAPPED,limacorporate s p a
"Mondelēz International, Inc.",UNMAPPED,1900,2099,Audit-suspect fuzzy: original mapping to gvkey 142953 (MONDELEZ INTERNATIONAL INC) flagged unreliable; no manual rescue available -- left UNMAPPED,mondel z international inc
Hope Biosciences Research Foundation,UNMAPPED,1900,2099,Audit-suspect fuzzy: original mapping to gvkey 9071 (RESEARCH INC) flagged unreliable; no manual rescue available -- left UNMAPPED,hope biosciences research foundation
"Topcon Medical Systems, Inc.",UNMAPPED,1900,2099,Audit-suspect fuzzy: original mapping to gvkey 25013 (PLC SYSTEMS INC) flagged unreliable; no manual rescue available -- left UNMAPPED,topcon medical systems inc
"Allist Pharmaceuticals, Inc.",UNMAPPED,1900,2099,Audit-suspect fuzzy: original mapping to gvkey 145935 (CALLISTO PHARMACEUTICALS INC) flagged unreliable; no manual rescue available -- left UNMAPPED,allist pharmaceuticals inc
Bioray Laboratories,UNMAPPED,1900,2099,Audit-suspect fuzzy: original mapping to gvkey 2220 (BIO-RAD LABORATORIES INC) flagged unreliable; no manual rescue available -- left UNMAPPED,bioray laboratories
ZARS Pharma Inc.,UNMAPPED,1900,2099,Audit-suspect fuzzy: original mapping to gvkey 20611 (ZS PHARMA INC) flagged unreliable; no manual rescue available -- left UNMAPPED,zars pharma inc
Duramed Research,UNMAPPED,1900,2099,Audit-suspect fuzzy: original mapping to gvkey 9071 (RESEARCH INC) flagged unreliable; no manual rescue available -- left UNMAPPED,duramed research
"Cara Therapeutics, Inc.",UNMAPPED,1900,2099,Audit-suspect fuzzy: original mapping to gvkey 23358 (CIDARA THERAPEUTICS INC) flagged unreliable; no manual rescue available -- left UNMAPPED,cara therapeutics inc
"Oregon Research Behavioral Intervention Strategies, Inc.",UNMAPPED,1900,2099,Audit-suspect fuzzy: original mapping to gvkey 9071 (RESEARCH INC) flagged unreliable; no manual rescue available -- left UNMAPPED,oregon research behavioral intervention strategies inc
Sihuan Pharmaceutical Holdings Group Ltd.,UNMAPPED,1900,2099,Audit-suspect fuzzy: original mapping to gvkey 43638 (SU GROUP HOLDINGS LTD) flagged unreliable; no manual rescue available -- left UNMAPPED,sihuan pharmaceutical holdings group ltd
Alfasigma S.p.A.,UNMAPPED,1900,2099,Audit-suspect fuzzy: original mapping to gvkey 1059 (A P S INC) flagged unreliable; no manual rescue available -- left UNMAPPED,alfasigma s p a
Bharat Biotech International Limited,UNMAPPED,1900,2099,Audit-suspect fuzzy: original mapping to gvkey 37612 (TH INTERNATIONAL LIMITED) flagged unreliable; no manual rescue available -- left UNMAPPED,bharat biotech international limited
Respirent Pharmaceuticals Co Ltd.,UNMAPPED,1900,2099,Audit-suspect fuzzy: original mapping to gvkey 16480 (RESPIRERX PHARMACEUTICALS) flagged unreliable; no manual rescue available -- left UNMAPPED,respirent pharmaceuticals co ltd
Olympus Corporation of the Americas,UNMAPPED,1900,2099,Audit-suspect fuzzy: original mapping to gvkey 11151 (GROUP INC (THE)) flagged unreliable; no manual rescue available -- left UNMAPPED,olympus corporation of the americas
AGC Biologics S.p.A.,UNMAPPED,1900,2099,Audit-suspect fuzzy: original mapping to gvkey 1059 (A P S INC) flagged unreliable; no manual rescue available -- left UNMAPPED,agc biologics s p a
Meda Pharmaceuticals,UNMAPPED,1900,2099,Audit-suspect fuzzy: original mapping to gvkey 64717 (INMED PHARMACEUTICALS INC) flagged unreliable; no manual rescue available -- left UNMAPPED,meda pharmaceuticals
"Arog Pharmaceuticals, Inc.",UNMAPPED,1900,2099,Audit-suspect fuzzy: original mapping to gvkey 37495 (ARS PHARMACEUTICALS INC) flagged unreliable; no manual rescue available -- left UNMAPPED,arog pharmaceuticals inc
Clinuvel Pharmaceuticals Limited,UNMAPPED,1900,2099,Audit-suspect fuzzy: original mapping to gvkey 247881 (GW PHARMACEUTICALS LIMITED) flagged unreliable; no manual rescue available -- left UNMAPPED,clinuvel pharmaceuticals limited
"Tasly Pharmaceuticals, Inc.",UNMAPPED,1900,2099,Audit-suspect fuzzy: original mapping to gvkey 28470 (RA PHARMACEUTICALS INC) flagged unreliable; no manual rescue available -- left UNMAPPED,tasly pharmaceuticals inc
"Toray Industries, Inc",UNMAPPED,1900,2099,Audit-suspect fuzzy: original mapping to gvkey 10549 (THOR INDUSTRIES INC) flagged unreliable; no manual rescue available -- left UNMAPPED,toray industries inc
CooperVision International Limited (CVIL),UNMAPPED,1900,2099,Audit-suspect fuzzy: original mapping to gvkey 37612 (TH INTERNATIONAL LIMITED) flagged unreliable; no manual rescue available -- left UNMAPPED,coopervision international limited cvil
Transonic Systems Inc.,UNMAPPED,1900,2099,Audit-suspect fuzzy: original mapping to gvkey 25013 (PLC SYSTEMS INC) flagged unreliable; no manual rescue available -- left UNMAPPED,transonic systems inc
"Regenexx, LLC",UNMAPPED,1900,2099,Audit-suspect fuzzy: original mapping to gvkey 23039 (REGENEX INC) flagged unreliable; no manual rescue available -- left UNMAPPED,regenexx llc
Pain Therapeutics,UNMAPPED,1900,2099,Audit-suspect fuzzy: original mapping to gvkey 38333 (GAIN THERAPEUTICS INC) flagged unreliable; no manual rescue available -- left UNMAPPED,pain therapeutics
RTI Surgical,UNMAPPED,1900,2099,Audit-suspect fuzzy: original mapping to gvkey 8918 (RTI INC) flagged unreliable; no manual rescue available -- left UNMAPPED,rti surgical
"Aragon Pharmaceuticals, Inc.",UNMAPPED,1900,2099,Audit-suspect fuzzy: original mapping to gvkey 28470 (RA PHARMACEUTICALS INC) flagged unreliable; no manual rescue available -- left UNMAPPED,aragon pharmaceuticals inc
"Kartos Therapeutics, Inc.",UNMAPPED,1900,2099,Audit-suspect fuzzy: original mapping to gvkey 36328 (KEROS THERAPEUTICS INC) flagged unreliable; no manual rescue available -- left UNMAPPED,kartos therapeutics inc
Mati Therapeutics Inc.,UNMAPPED,1900,2099,Audit-suspect fuzzy: original mapping to gvkey 160770 (MIRATI THERAPEUTICS INC) flagged unreliable; no manual rescue available -- left UNMAPPED,mati therapeutics inc
"NEMA Research, Inc.",UNMAPPED,1900,2099,Audit-suspect fuzzy: original mapping to gvkey 9071 (RESEARCH INC) flagged unreliable; no manual rescue available -- left UNMAPPED,nema research inc
HAL Allergy,UNMAPPED,1900,2099,Audit-suspect fuzzy: original mapping to gvkey 5398 (HAL INC) flagged unreliable; no manual rescue available -- left UNMAPPED,hal allergy
"Arbor Pharmaceuticals, Inc.",UNMAPPED,1900,2099,Audit-suspect fuzzy: original mapping to gvkey 13365 (BARR PHARMACEUTICALS INC) flagged unreliable; no manual rescue available -- left UNMAPPED,arbor pharmaceuticals inc
"Sirion Therapeutics, Inc.",UNMAPPED,1900,2099,Audit-suspect fuzzy: original mapping to gvkey 62632 (SIRNA THERAPEUTICS INC) flagged unreliable; no manual rescue available -- left UNMAPPED,sirion therapeutics inc
SOFAR S.p.A.,UNMAPPED,1900,2099,Audit-suspect fuzzy: original mapping to gvkey 1059 (A P S INC) flagged unreliable; no manual rescue available -- left UNMAPPED,sofar s p a
NeuroBo Pharmaceuticals Inc.,UNMAPPED,1900,2099,Audit-suspect fuzzy: original mapping to gvkey 28470 (RA PHARMACEUTICALS INC) flagged unreliable; no manual rescue available -- left UNMAPPED,neurobo pharmaceuticals inc
mAbxience Research S.L.,UNMAPPED,1900,2099,Audit-suspect fuzzy: original mapping to gvkey 9071 (RESEARCH INC) flagged unreliable; no manual rescue available -- left UNMAPPED,mabxience research s l
Research Insight LLC,UNMAPPED,1900,2099,Audit-suspect fuzzy: original mapping to gvkey 9071 (RESEARCH INC) flagged unreliable; no manual rescue available -- left UNMAPPED,research insight llc
"Fujifilm Medical Systems USA, Inc.",UNMAPPED,1900,2099,Audit-suspect fuzzy: original mapping to gvkey 25013 (PLC SYSTEMS INC) flagged unreliable; no manual rescue available -- left UNMAPPED,fujifilm medical systems usa inc
Neuren Pharmaceuticals Limited,UNMAPPED,1900,2099,Audit-suspect fuzzy: original mapping to gvkey 247881 (GW PHARMACEUTICALS LIMITED) flagged unreliable; no manual rescue available -- left UNMAPPED,neuren pharmaceuticals limited
Apnimed,UNMAPPED,1900,2099,Audit-suspect fuzzy: original mapping to gvkey 1658 (ANIMED INC) flagged unreliable; no manual rescue available -- left UNMAPPED,apnimed
Janssen-Cilag S.p.A.,UNMAPPED,1900,2099,Audit-suspect fuzzy: original mapping to gvkey 1059 (A P S INC) flagged unreliable; no manual rescue available -- left UNMAPPED,janssen-cilag s p a
sigma-tau i.f.r. S.p.A.,UNMAPPED,1900,2099,Audit-suspect fuzzy: original mapping to gvkey 1059 (A P S INC) flagged unreliable; no manual rescue available -- left UNMAPPED,sigma-tau i f r s p a
"Sirtris, a GSK Company",UNMAPPED,1900,2099,Audit-suspect fuzzy: original mapping to gvkey 5180 (GSK PLC) flagged unreliable; no manual rescue available -- left UNMAPPED,sirtris a gsk company
"Idera Pharmaceuticals, Inc.",UNMAPPED,1900,2099,Audit-suspect fuzzy: original mapping to gvkey 24908 (DURA PHARMACEUTICALS INC) flagged unreliable; no manual rescue available -- left UNMAPPED,idera pharmaceuticals inc
United Pharmaceuticals,UNMAPPED,1900,2099,Audit-suspect fuzzy: original mapping to gvkey 10848 (UNIMED PHARMACEUTICALS INC) flagged unreliable; no manual rescue available -- left UNMAPPED,united pharmaceuticals
"Inspire Medical Systems, Inc.",UNMAPPED,1900,2099,Audit-suspect fuzzy: original mapping to gvkey 25013 (PLC SYSTEMS INC) flagged unreliable; no manual rescue available -- left UNMAPPED,inspire medical systems inc
USMARI Research & Innovation Centre,UNMAPPED,1900,2099,Audit-suspect fuzzy: original mapping to gvkey 9071 (RESEARCH INC) flagged unreliable; no manual rescue available -- left UNMAPPED,usmari research and innovation centre
"The Center for Applied Health Sciences, LLC",UNMAPPED,1900,2099,Audit-suspect fuzzy: original mapping to gvkey 11151 (GROUP INC (THE)) flagged unreliable; no manual rescue available -- left UNMAPPED,the center for applied health sciences llc
"Eyegate Pharmaceuticals, Inc.",UNMAPPED,1900,2099,Audit-suspect fuzzy: original mapping to gvkey 28470 (RA PHARMACEUTICALS INC) flagged unreliable; no manual rescue available -- left UNMAPPED,eyegate pharmaceuticals inc
Atos Medical AB,UNMAPPED,1900,2099,Audit-suspect fuzzy: original mapping to gvkey 22308 (ATS MEDICAL INC) flagged unreliable; no manual rescue available -- left UNMAPPED,atos medical ab
"Sprout Pharmaceuticals, Inc",UNMAPPED,1900,2099,Audit-suspect fuzzy: original mapping to gvkey 28470 (RA PHARMACEUTICALS INC) flagged unreliable; no manual rescue available -- left UNMAPPED,sprout pharmaceuticals inc
Noven Therapeutics,UNMAPPED,1900,2099,Audit-suspect fuzzy: original mapping to gvkey 15803 (NOVELION THERAPEUTICS INC) flagged unreliable; no manual rescue available -- left UNMAPPED,noven therapeutics
"Dynasplint Systems, Inc.",UNMAPPED,1900,2099,Audit-suspect fuzzy: original mapping to gvkey 25013 (PLC SYSTEMS INC) flagged unreliable; no manual rescue available -- left UNMAPPED,dynasplint systems inc
"Rose Research Center, LLC",UNMAPPED,1900,2099,Audit-suspect fuzzy: original mapping to gvkey 9071 (RESEARCH INC) flagged unreliable; no manual rescue available -- left UNMAPPED,rose research center llc
Aymes International Limited,UNMAPPED,1900,2099,Audit-suspect fuzzy: original mapping to gvkey 37612 (TH INTERNATIONAL LIMITED) flagged unreliable; no manual rescue available -- left UNMAPPED,aymes international limited
Vantia Ltd,UNMAPPED,1900,2099,Audit-suspect fuzzy: original mapping to gvkey 125863 (VANTIVA SA) flagged unreliable; no manual rescue available -- left UNMAPPED,vantia ltd
Fougera Pharmaceuticals Inc.,UNMAPPED,1900,2099,Audit-suspect fuzzy: original mapping to gvkey 28470 (RA PHARMACEUTICALS INC) flagged unreliable; no manual rescue available -- left UNMAPPED,fougera pharmaceuticals inc
"Carevive Systems, Inc.",UNMAPPED,1900,2099,Audit-suspect fuzzy: original mapping to gvkey 25013 (PLC SYSTEMS INC) flagged unreliable; no manual rescue available -- left UNMAPPED,carevive systems inc
Talaris Therapeutics Inc.,UNMAPPED,1900,2099,Audit-suspect fuzzy: original mapping to gvkey 25904 (ACLARIS THERAPEUTICS INC) flagged unreliable; no manual rescue available -- left UNMAPPED,talaris therapeutics inc
"Tarsus Pharmaceuticals, Inc.",UNMAPPED,1900,2099,Audit-suspect fuzzy: original mapping to gvkey 37495 (ARS PHARMACEUTICALS INC) flagged unreliable; no manual rescue available -- left UNMAPPED,tarsus pharmaceuticals inc
"Cardurion Pharmaceuticals, Inc.",UNMAPPED,1900,2099,Audit-suspect fuzzy: original mapping to gvkey 28470 (RA PHARMACEUTICALS INC) flagged unreliable; no manual rescue available -- left UNMAPPED,cardurion pharmaceuticals inc
"Sarfez Pharmaceuticals, Inc.",UNMAPPED,1900,2099,Audit-suspect fuzzy: original mapping to gvkey 28470 (RA PHARMACEUTICALS INC) flagged unreliable; no manual rescue available -- left UNMAPPED,sarfez pharmaceuticals inc
Member Companies of the Opioid PMR Consortium,UNMAPPED,1900,2099,Audit-suspect fuzzy: original mapping to gvkey 11151 (GROUP INC (THE)) flagged unreliable; no manual rescue available -- left UNMAPPED,member companies of the opioid pmr consortium
"Repurposed Therapeutics, Inc.",UNMAPPED,1900,2099,Audit-suspect fuzzy: original mapping to gvkey 27988 (REPROS THERAPEUTICS INC) flagged unreliable; no manual rescue available -- left UNMAPPED,repurposed therapeutics inc
"Rivus Pharmaceuticals, Inc.",UNMAPPED,1900,2099,Audit-suspect fuzzy: original mapping to gvkey 26895 (CORVUS PHARMACEUTICALS INC) flagged unreliable; no manual rescue available -- left UNMAPPED,rivus pharmaceuticals inc
Instituto Bioclon S.A. de C.V.,UNMAPPED,1900,2099,Audit-suspect fuzzy: original mapping to gvkey 30584 (A S V INC) flagged unreliable; no manual rescue available -- left UNMAPPED,instituto bioclon s a de c v
"The Emmes Company, LLC",UNMAPPED,1900,2099,Audit-suspect fuzzy: original mapping to gvkey 11151 (GROUP INC (THE)) flagged unreliable; no manual rescue available -- left UNMAPPED,the emmes company llc
Aderans Research Institute,UNMAPPED,1900,2099,Audit-suspect fuzzy: original mapping to gvkey 9071 (RESEARCH INC) flagged unreliable; no manual rescue available -- left UNMAPPED,aderans research institute
Kind Pharmaceuticals LLC,UNMAPPED,1900,2099,Audit-suspect fuzzy: original mapping to gvkey 112033 (KING PHARMACEUTICALS INC) flagged unreliable; no manual rescue available -- left UNMAPPED,kind pharmaceuticals llc
Antisoma Research,UNMAPPED,1900,2099,Audit-suspect fuzzy: original mapping to gvkey 9071 (RESEARCH INC) flagged unreliable; no manual rescue available -- left UNMAPPED,antisoma research
Cadila Pharnmaceuticals,UNMAPPED,1900,2099,Audit-suspect fuzzy: original mapping to gvkey 141846 (ACADIA PHARMACEUTICALS INC) flagged unreliable; no manual rescue available -- left UNMAPPED,cadila pharnmaceuticals
Kowa Research Europe,UNMAPPED,1900,2099,Audit-suspect fuzzy: original mapping to gvkey 9071 (RESEARCH INC) flagged unreliable; no manual rescue available -- left UNMAPPED,kowa research europe
"Nu Eyne Co., Ltd.",UNMAPPED,1900,2099,Audit-suspect fuzzy: original mapping to gvkey 39997 (NU HOLDINGS LTD) flagged unreliable; no manual rescue available -- left UNMAPPED,nu eyne co ltd
Amgen Research (Munich) GmbH,UNMAPPED,1900,2099,Audit-suspect fuzzy: original mapping to gvkey 9071 (RESEARCH INC) flagged unreliable; no manual rescue available -- left UNMAPPED,amgen research munich gmbh
Kedrion S.p.A.,UNMAPPED,1900,2099,Audit-suspect fuzzy: original mapping to gvkey 1059 (A P S INC) flagged unreliable; no manual rescue available -- left UNMAPPED,kedrion s p a
Acerus Pharmaceuticals Corporation,UNMAPPED,1900,2099,Audit-suspect fuzzy: original mapping to gvkey 37495 (ARS PHARMACEUTICALS INC) flagged unreliable; no manual rescue available -- left UNMAPPED,acerus pharmaceuticals corporation
"Fujifilm Pharmaceuticals U.S.A., Inc.",UNMAPPED,1900,2099,Audit-suspect fuzzy: original mapping to gvkey 28470 (RA PHARMACEUTICALS INC) flagged unreliable; no manual rescue available -- left UNMAPPED,fujifilm pharmaceuticals u s a inc
GH Research Ireland Limited,UNMAPPED,1900,2099,Audit-suspect fuzzy: original mapping to gvkey 38957 (GH RESEARCH PLC) flagged unreliable; no manual rescue available -- left UNMAPPED,gh research ireland limited
Biotec Pharmacon ASA,UNMAPPED,1900,2099,Audit-suspect fuzzy: original mapping to gvkey 1849 (ASA HOLDINGS INC) flagged unreliable; no manual rescue available -- left UNMAPPED,biotec pharmacon asa
Diffusion Pharmaceuticals Inc,UNMAPPED,1900,2099,Audit-suspect fuzzy: original mapping to gvkey 28470 (RA PHARMACEUTICALS INC) flagged unreliable; no manual rescue available -- left UNMAPPED,diffusion pharmaceuticals inc
BerGenBio ASA,UNMAPPED,1900,2099,Audit-suspect fuzzy: original mapping to gvkey 1849 (ASA HOLDINGS INC) flagged unreliable; no manual rescue available -- left UNMAPPED,bergenbio asa
"Kunming Pharmaceuticals, Inc.",UNMAPPED,1900,2099,Audit-suspect fuzzy: original mapping to gvkey 112033 (KING PHARMACEUTICALS INC) flagged unreliable; no manual rescue available -- left UNMAPPED,kunming pharmaceuticals inc
Sanotize Research and Development corp.,UNMAPPED,1900,2099,Audit-suspect fuzzy: original mapping to gvkey 9071 (RESEARCH INC) flagged unreliable; no manual rescue available -- left UNMAPPED,sanotize research and development corp
"Radius Pharmaceuticals, Inc.",UNMAPPED,1900,2099,Audit-suspect fuzzy: original mapping to gvkey 28470 (RA PHARMACEUTICALS INC) flagged unreliable; no manual rescue available -- left UNMAPPED,radius pharmaceuticals inc
Hofseth Biocare ASA,UNMAPPED,1900,2099,Audit-suspect fuzzy: original mapping to gvkey 1849 (ASA HOLDINGS INC) flagged unreliable; no manual rescue available -- left UNMAPPED,hofseth biocare asa
Smart Medical Systems Ltd.,UNMAPPED,1900,2099,Audit-suspect fuzzy: original mapping to gvkey 25013 (PLC SYSTEMS INC) flagged unreliable; no manual rescue available -- left UNMAPPED,smart medical systems ltd
"ADARx Pharmaceuticals, Inc.",UNMAPPED,1900,2099,Audit-suspect fuzzy: original mapping to gvkey 28470 (RA PHARMACEUTICALS INC) flagged unreliable; no manual rescue available -- left UNMAPPED,adarx pharmaceuticals inc
"Inception Fertility Research Institute, LLC",UNMAPPED,1900,2099,Audit-suspect fuzzy: original mapping to gvkey 9071 (RESEARCH INC) flagged unreliable; no manual rescue available -- left UNMAPPED,inception fertility research institute llc
Ziemer Ophthalmic Systems AG,UNMAPPED,1900,2099,Audit-suspect fuzzy: original mapping to gvkey 25013 (PLC SYSTEMS INC) flagged unreliable; no manual rescue available -- left UNMAPPED,ziemer ophthalmic systems ag
"Kala Pharmaceuticals, Inc.",UNMAPPED,1900,2099,Audit-suspect fuzzy: original mapping to gvkey 28470 (RA PHARMACEUTICALS INC) flagged unreliable; no manual rescue available -- left UNMAPPED,kala pharmaceuticals inc
KLOX Technologies Inc.,UNMAPPED,1900,2099,Audit-suspect fuzzy: original mapping to gvkey 107130 (KELSO TECHNOLOGIES INC) flagged unreliable; no manual rescue available -- left UNMAPPED,klox technologies inc
"JANSSEN Alzheimer Immunotherapy Research & Development, LLC",UNMAPPED,1900,2099,Audit-suspect fuzzy: original mapping to gvkey 9071 (RESEARCH INC) flagged unreliable; no manual rescue available -- left UNMAPPED,janssen alzheimer immunotherapy research and development llc
"Aciex Therapeutics, Inc.",UNMAPPED,1900,2099,Audit-suspect fuzzy: original mapping to gvkey 32459 (ACER THERAPEUTICS INC) flagged unreliable; no manual rescue available -- left UNMAPPED,aciex therapeutics inc
"Samus Therapeutics, Inc.",UNMAPPED,1900,2099,Audit-suspect fuzzy: original mapping to gvkey 175008 (AMICUS THERAPEUTICS INC) flagged unreliable; no manual rescue available -- left UNMAPPED,samus therapeutics inc
"Sichuan Kelun Pharmaceutical Research Institute Co., Ltd.",UNMAPPED,1900,2099,Audit-suspect fuzzy: original mapping to gvkey 9071 (RESEARCH INC) flagged unreliable; no manual rescue available -- left UNMAPPED,sichuan kelun pharmaceutical research institute co ltd
Kasiak Research Pvt. Ltd.,UNMAPPED,1900,2099,Audit-suspect fuzzy: original mapping to gvkey 9071 (RESEARCH INC) flagged unreliable; no manual rescue available -- left UNMAPPED,kasiak research pvt ltd
Stempeutics Research Pvt Ltd,UNMAPPED,1900,2099,Audit-suspect fuzzy: original mapping to gvkey 9071 (RESEARCH INC) flagged unreliable; no manual rescue available -- left UNMAPPED,stempeutics research pvt ltd
HemaQuest Pharmaceuticals Inc.,UNMAPPED,1900,2099,Audit-suspect fuzzy: original mapping to gvkey 28470 (RA PHARMACEUTICALS INC) flagged unreliable; no manual rescue available -- left UNMAPPED,hemaquest pharmaceuticals inc
Shanghai Hutchison Pharmaceuticals Limited,UNMAPPED,1900,2099,Audit-suspect fuzzy: original mapping to gvkey 247881 (GW PHARMACEUTICALS LIMITED) flagged unreliable; no manual rescue available -- left UNMAPPED,shanghai hutchison pharmaceuticals limited
Fonterra Research Centre,UNMAPPED,1900,2099,Audit-suspect fuzzy: original mapping to gvkey 9071 (RESEARCH INC) flagged unreliable; no manual rescue available -- left UNMAPPED,fonterra research centre
"Venatorx Pharmaceuticals, Inc.",UNMAPPED,1900,2099,Audit-suspect fuzzy: original mapping to gvkey 28470 (RA PHARMACEUTICALS INC) flagged unreliable; no manual rescue available -- left UNMAPPED,venatorx pharmaceuticals inc
"Biolux Research Holdings, Inc.",UNMAPPED,1900,2099,Audit-suspect fuzzy: original mapping to gvkey 9071 (RESEARCH INC) flagged unreliable; no manual rescue available -- left UNMAPPED,biolux research holdings inc
Gedea Biotech AB,UNMAPPED,1900,2099,Audit-suspect fuzzy: original mapping to gvkey 35321 (EDESA BIOTECH INC) flagged unreliable; no manual rescue available -- left UNMAPPED,gedea biotech ab
"ImmunoVaccine Technologies, Inc. (IMV Inc.)",UNMAPPED,1900,2099,Audit-suspect fuzzy: original mapping to gvkey 183669 (IMV INC) flagged unreliable; no manual rescue available -- left UNMAPPED,immunovaccine technologies inc imv inc
Grace Therapeutics Inc.,UNMAPPED,1900,2099,Audit-suspect fuzzy: original mapping to gvkey 25999 (GYRE THERAPEUTICS INC) flagged unreliable; no manual rescue available -- left UNMAPPED,grace therapeutics inc
"Bio-Medical Research, Ltd.",UNMAPPED,1900,2099,Audit-suspect fuzzy: original mapping to gvkey 9071 (RESEARCH INC) flagged unreliable; no manual rescue available -- left UNMAPPED,bio-medical research ltd
Bright Cloud International Corp,UNMAPPED,1900,2099,Audit-suspect fuzzy: original mapping to gvkey 5865 (IU INTERNATIONAL CORP) flagged unreliable; no manual rescue available -- left UNMAPPED,bright cloud international corp
Stemirna Therapeutics,UNMAPPED,1900,2099,Audit-suspect fuzzy: original mapping to gvkey 26094 (MIRNA THERAPEUTICS INC) flagged unreliable; no manual rescue available -- left UNMAPPED,stemirna therapeutics
"Carmot Therapeutics, Inc.",UNMAPPED,1900,2099,Audit-suspect fuzzy: original mapping to gvkey 43555 (CARGO THERAPEUTICS INC) flagged unreliable; no manual rescue available -- left UNMAPPED,carmot therapeutics inc
"Shanghai Jiaolian Drug Research and Development Co., Ltd",UNMAPPED,1900,2099,Audit-suspect fuzzy: original mapping to gvkey 9071 (RESEARCH INC) flagged unreliable; no manual rescue available -- left UNMAPPED,shanghai jiaolian drug research and development co ltd
Brainstorm-Cell Therapeutics,UNMAPPED,1900,2099,Audit-suspect fuzzy: original mapping to gvkey 153957 (BRAINSTORM CELL THERAPEUTICS) flagged unreliable; no manual rescue available -- left UNMAPPED,brainstorm-cell therapeutics
"Nimbic Systems, LLC",UNMAPPED,1900,2099,Audit-suspect fuzzy: original mapping to gvkey 25013 (PLC SYSTEMS INC) flagged unreliable; no manual rescue available -- left UNMAPPED,nimbic systems llc
"S-INFINITY Pharmaceuticals Co., Ltd",UNMAPPED,1900,2099,Audit-suspect fuzzy: original mapping to gvkey 175533 (INFINITY PHARMACEUTICALS INC) flagged unreliable; no manual rescue available -- left UNMAPPED,s-infinity pharmaceuticals co ltd
Regor Pharmaceuticals Inc.,UNMAPPED,1900,2099,Audit-suspect fuzzy: original mapping to gvkey 28470 (RA PHARMACEUTICALS INC) flagged unreliable; no manual rescue available -- left UNMAPPED,regor pharmaceuticals inc
Nykode Therapeutics ASA,UNMAPPED,1900,2099,Audit-suspect fuzzy: original mapping to gvkey 1849 (ASA HOLDINGS INC) flagged unreliable; no manual rescue available -- left UNMAPPED,nykode therapeutics asa
"Hangzhou ACEA Pharmaceutical Research Co., Ltd.",UNMAPPED,1900,2099,Audit-suspect fuzzy: original mapping to gvkey 9071 (RESEARCH INC) flagged unreliable; no manual rescue available -- left UNMAPPED,hangzhou acea pharmaceutical research co ltd
Modra Pharmaceuticals,UNMAPPED,1900,2099,Audit-suspect fuzzy: original mapping to gvkey 24908 (DURA PHARMACEUTICALS INC) flagged unreliable; no manual rescue available -- left UNMAPPED,modra pharmaceuticals
Edison Pharmaceuticals Inc,UNMAPPED,1900,2099,Audit-suspect fuzzy: original mapping to gvkey 28470 (RA PHARMACEUTICALS INC) flagged unreliable; no manual rescue available -- left UNMAPPED,edison pharmaceuticals inc
Eirion Therapeutics Inc.,UNMAPPED,1900,2099,Audit-suspect fuzzy: original mapping to gvkey 13786 (HERON THERAPEUTICS INC) flagged unreliable; no manual rescue available -- left UNMAPPED,eirion therapeutics inc
Janssen Cilag N.V./S.A.,UNMAPPED,1900,2099,Audit-suspect fuzzy: original mapping to gvkey 30584 (A S V INC) flagged unreliable; no manual rescue available -- left UNMAPPED,janssen cilag n v s a
Faron Pharmaceuticals Ltd,UNMAPPED,1900,2099,Audit-suspect fuzzy: original mapping to gvkey 25523 (ARONEX PHARMACEUTICALS INC) flagged unreliable; no manual rescue available -- left UNMAPPED,faron pharmaceuticals ltd
"Intuor Technologies, Inc.",UNMAPPED,1900,2099,Audit-suspect fuzzy: original mapping to gvkey 14250 (NSTOR TECHNOLOGIES INC) flagged unreliable; no manual rescue available -- left UNMAPPED,intuor technologies inc
Integrative Research Laboratories AB,UNMAPPED,1900,2099,Audit-suspect fuzzy: original mapping to gvkey 9071 (RESEARCH INC) flagged unreliable; no manual rescue available -- left UNMAPPED,integrative research laboratories ab
"G&E Herbal Biotechnology Co., LTD",UNMAPPED,1900,2099,Audit-suspect fuzzy: original mapping to gvkey 11361 (AG&E HOLDINGS INC) flagged unreliable; no manual rescue available -- left UNMAPPED,g and e herbal biotechnology co ltd
Immunobiology Research Institute,UNMAPPED,1900,2099,Audit-suspect fuzzy: original mapping to gvkey 9071 (RESEARCH INC) flagged unreliable; no manual rescue available -- left UNMAPPED,immunobiology research institute
Hinova Pharmaceuticals Inc.,UNMAPPED,1900,2099,Audit-suspect fuzzy: original mapping to gvkey 28470 (RA PHARMACEUTICALS INC) flagged unreliable; no manual rescue available -- left UNMAPPED,hinova pharmaceuticals inc
Bio-Cancer Treatment International Limited,UNMAPPED,1900,2099,Audit-suspect fuzzy: original mapping to gvkey 37612 (TH INTERNATIONAL LIMITED) flagged unreliable; no manual rescue available -- left UNMAPPED,bio-cancer treatment international limited
"4Life Research, LLC",UNMAPPED,1900,2099,Audit-suspect fuzzy: original mapping to gvkey 9071 (RESEARCH INC) flagged unreliable; no manual rescue available -- left UNMAPPED,4life research llc
Alvine Pharmaceuticals Inc.,UNMAPPED,1900,2099,Audit-suspect fuzzy: original mapping to gvkey 28470 (RA PHARMACEUTICALS INC) flagged unreliable; no manual rescue available -- left UNMAPPED,alvine pharmaceuticals inc
Aquinox Pharmaceuticals (Canada) Inc.,UNMAPPED,1900,2099,Audit-suspect fuzzy: original mapping to gvkey 28470 (RA PHARMACEUTICALS INC) flagged unreliable; no manual rescue available -- left UNMAPPED,aquinox pharmaceuticals canada inc
"Bexion Pharmaceuticals, Inc.",UNMAPPED,1900,2099,Audit-suspect fuzzy: original mapping to gvkey 62263 (ALEXION PHARMACEUTICALS INC) flagged unreliable; no manual rescue available -- left UNMAPPED,bexion pharmaceuticals inc
Cali Pharmaceuticals LLC,UNMAPPED,1900,2099,Audit-suspect fuzzy: original mapping to gvkey 63030 (CASI PHARMACEUTICALS INC) flagged unreliable; no manual rescue available -- left UNMAPPED,cali pharmaceuticals llc
"GRIN Therapeutics, Inc.",UNMAPPED,1900,2099,Audit-suspect fuzzy: original mapping to gvkey 31656 (REIN THERAPEUTICS INC) flagged unreliable; no manual rescue available -- left UNMAPPED,grin therapeutics inc
TCRx Therapeutics Co.Ltd,UNMAPPED,1900,2099,Audit-suspect fuzzy: original mapping to gvkey 34600 (TCR2 THERAPEUTICS INC) flagged unreliable; no manual rescue available -- left UNMAPPED,tcrx therapeutics co ltd
Synairgen Research Ltd.,UNMAPPED,1900,2099,Audit-suspect fuzzy: original mapping to gvkey 9071 (RESEARCH INC) flagged unreliable; no manual rescue available -- left UNMAPPED,synairgen research ltd
Clinical Laserthermia Systems AB,UNMAPPED,1900,2099,Audit-suspect fuzzy: original mapping to gvkey 25013 (PLC SYSTEMS INC) flagged unreliable; no manual rescue available -- left UNMAPPED,clinical laserthermia systems ab
"Xynomic Pharmaceuticals, Inc.",UNMAPPED,1900,2099,Audit-suspect fuzzy: original mapping to gvkey 28470 (RA PHARMACEUTICALS INC) flagged unreliable; no manual rescue available -- left UNMAPPED,xynomic pharmaceuticals inc
"Mimetogen Pharmaceuticals USA, Inc.",UNMAPPED,1900,2099,Audit-suspect fuzzy: original mapping to gvkey 28470 (RA PHARMACEUTICALS INC) flagged unreliable; no manual rescue available -- left UNMAPPED,mimetogen pharmaceuticals usa inc
"ContraVir Pharmaceuticals, Inc.",UNMAPPED,1900,2099,Audit-suspect fuzzy: original mapping to gvkey 28470 (RA PHARMACEUTICALS INC) flagged unreliable; no manual rescue available -- left UNMAPPED,contravir pharmaceuticals inc
"Smiths Medical, ASD, Inc.",UNMAPPED,1900,2099,Audit-suspect fuzzy: original mapping to gvkey 64753 (ASD GROUP INC) flagged unreliable; no manual rescue available -- left UNMAPPED,smiths medical asd inc
Sebela Women's Health Inc.,UNMAPPED,1900,2099,Audit-suspect fuzzy: original mapping to gvkey 10949 (U S HEALTH INC) flagged unreliable; no manual rescue available -- left UNMAPPED,sebela women s health inc
Jina Pharmaceuticals Inc.,UNMAPPED,1900,2099,Audit-suspect fuzzy: original mapping to gvkey 177606 (VIA PHARMACEUTICALS INC) flagged unreliable; no manual rescue available -- left UNMAPPED,jina pharmaceuticals inc
"Tragara Pharmaceuticals, Inc.",UNMAPPED,1900,2099,Audit-suspect fuzzy: original mapping to gvkey 28470 (RA PHARMACEUTICALS INC) flagged unreliable; no manual rescue available -- left UNMAPPED,tragara pharmaceuticals inc
"Anhui Palo Alto Pharmaceuticals, Inc.",UNMAPPED,1900,2099,Audit-suspect fuzzy: original mapping to gvkey 28470 (RA PHARMACEUTICALS INC) flagged unreliable; no manual rescue available -- left UNMAPPED,anhui palo alto pharmaceuticals inc
"Serenity Pharmaceuticals, Inc.",UNMAPPED,1900,2099,Audit-suspect fuzzy: original mapping to gvkey 28470 (RA PHARMACEUTICALS INC) flagged unreliable; no manual rescue available -- left UNMAPPED,serenity pharmaceuticals inc
Ultimovacs ASA,UNMAPPED,1900,2099,Audit-suspect fuzzy: original mapping to gvkey 1849 (ASA HOLDINGS INC) flagged unreliable; no manual rescue available -- left UNMAPPED,ultimovacs asa
"Haisco-USA Pharmaceuticals, Inc.",UNMAPPED,1900,2099,Audit-suspect fuzzy: original mapping to gvkey 28470 (RA PHARMACEUTICALS INC) flagged unreliable; no manual rescue available -- left UNMAPPED,haisco-usa pharmaceuticals inc
"Oraya Therapeutics, Inc.",UNMAPPED,1900,2099,Audit-suspect fuzzy: original mapping to gvkey 41878 (COYA THERAPEUTICS INC) flagged unreliable; no manual rescue available -- left UNMAPPED,oraya therapeutics inc
"miRagen Therapeutics, Inc.",UNMAPPED,1900,2099,Audit-suspect fuzzy: original mapping to gvkey 210032 (AVIRAGEN THERAPEUTICS INC) flagged unreliable; no manual rescue available -- left UNMAPPED,miragen therapeutics inc
Rapa Therapeutics LLC,UNMAPPED,1900,2099,Audit-suspect fuzzy: original mapping to gvkey 35429 (RAPT THERAPEUTICS INC) flagged unreliable; no manual rescue available -- left UNMAPPED,rapa therapeutics llc
Currax Pharmaceuticals,UNMAPPED,1900,2099,Audit-suspect fuzzy: original mapping to gvkey 11929 (ACURA PHARMACEUTICALS INC) flagged unreliable; no manual rescue available -- left UNMAPPED,currax pharmaceuticals
Pharmanutra S.p.a.,UNMAPPED,1900,2099,Audit-suspect fuzzy: original mapping to gvkey 1059 (A P S INC) flagged unreliable; no manual rescue available -- left UNMAPPED,pharmanutra s p a
Orasis Pharmaceuticals Ltd.,UNMAPPED,1900,2099,Audit-suspect fuzzy: original mapping to gvkey 12180 (OSI PHARMACEUTICALS INC) flagged unreliable; no manual rescue available -- left UNMAPPED,orasis pharmaceuticals ltd
"BioNumerik Pharmaceuticals, Inc.",UNMAPPED,1900,2099,Audit-suspect fuzzy: original mapping to gvkey 28470 (RA PHARMACEUTICALS INC) flagged unreliable; no manual rescue available -- left UNMAPPED,bionumerik pharmaceuticals inc
ER/LA Opioid REMS Program Companies (RPC),UNMAPPED,1900,2099,Audit-suspect fuzzy: original mapping to gvkey 8901 (RPC INC) flagged unreliable; no manual rescue available -- left UNMAPPED,er la opioid rems program companies rpc
"Epic Research & Diagnostics, Inc.",UNMAPPED,1900,2099,Audit-suspect fuzzy: original mapping to gvkey 9071 (RESEARCH INC) flagged unreliable; no manual rescue available -- left UNMAPPED,epic research and diagnostics inc
Otsuka Frankfurt Research Institute GmbH,UNMAPPED,1900,2099,Audit-suspect fuzzy: original mapping to gvkey 9071 (RESEARCH INC) flagged unreliable; no manual rescue available -- left UNMAPPED,otsuka frankfurt research institute gmbh
Cycle Pharmaceuticals Ltd.,UNMAPPED,1900,2099,Audit-suspect fuzzy: original mapping to gvkey 160809 (CYCLACEL PHARMACEUTICALS) flagged unreliable; no manual rescue available -- left UNMAPPED,cycle pharmaceuticals ltd
Cylene Pharmaceuticals,UNMAPPED,1900,2099,Audit-suspect fuzzy: original mapping to gvkey 6641 (LEE PHARMACEUTICALS) flagged unreliable; no manual rescue available -- left UNMAPPED,cylene pharmaceuticals
"Escient Pharmaceuticals, Inc",UNMAPPED,1900,2099,Audit-suspect fuzzy: original mapping to gvkey 3171 (OSCIENT PHARMACEUTICALS CORP) flagged unreliable; no manual rescue available -- left UNMAPPED,escient pharmaceuticals inc
Recursion Pharmaceuticals Inc.,UNMAPPED,1900,2099,Audit-suspect fuzzy: original mapping to gvkey 28470 (RA PHARMACEUTICALS INC) flagged unreliable; no manual rescue available -- left UNMAPPED,recursion pharmaceuticals inc
"Coordination Pharmaceuticals, Inc.",UNMAPPED,1900,2099,Audit-suspect fuzzy: original mapping to gvkey 28470 (RA PHARMACEUTICALS INC) flagged unreliable; no manual rescue available -- left UNMAPPED,coordination pharmaceuticals inc
InnFocus Inc.,UNMAPPED,1900,2099,Audit-suspect fuzzy: original mapping to gvkey 23528 (INFOCUS CORP) flagged unreliable; no manual rescue available -- left UNMAPPED,innfocus inc
KDH Research & Communication,UNMAPPED,1900,2099,Audit-suspect fuzzy: original mapping to gvkey 9071 (RESEARCH INC) flagged unreliable; no manual rescue available -- left UNMAPPED,kdh research and communication
"Attune Health Research, Inc.",UNMAPPED,1900,2099,Audit-suspect fuzzy: original mapping to gvkey 9071 (RESEARCH INC) flagged unreliable; no manual rescue available -- left UNMAPPED,attune health research inc
"Sirius Therapeutics Co., Ltd.",UNMAPPED,1900,2099,Audit-suspect fuzzy: original mapping to gvkey 174648 (OSIRIS THERAPEUTICS INC) flagged unreliable; no manual rescue available -- left UNMAPPED,sirius therapeutics co ltd
Celltex Therapeutics Corporation,UNMAPPED,1900,2099,Audit-suspect fuzzy: original mapping to gvkey 179598 (CELLDEX THERAPEUTICS INC) flagged unreliable; no manual rescue available -- left UNMAPPED,celltex therapeutics corporation
L.Molteni & C. dei F.lli Alitti-Soc. di Esercizio S.p.A.,UNMAPPED,1900,2099,Audit-suspect fuzzy: original mapping to gvkey 1059 (A P S INC) flagged unreliable; no manual rescue available -- left UNMAPPED,l molteni and c dei f lli alitti-soc di esercizio s p a
"Innovation Pharmaceuticals, Inc.",UNMAPPED,1900,2099,Audit-suspect fuzzy: original mapping to gvkey 66697 (INOVIO PHARMACEUTICALS INC) flagged unreliable; no manual rescue available -- left UNMAPPED,innovation pharmaceuticals inc
Simbec Research,UNMAPPED,1900,2099,Audit-suspect fuzzy: original mapping to gvkey 9071 (RESEARCH INC) flagged unreliable; no manual rescue available -- left UNMAPPED,simbec research
Aspireo Pharmaceuticals Limited,UNMAPPED,1900,2099,Audit-suspect fuzzy: original mapping to gvkey 247881 (GW PHARMACEUTICALS LIMITED) flagged unreliable; no manual rescue available -- left UNMAPPED,aspireo pharmaceuticals limited
Sorbent Therapeutics,UNMAPPED,1900,2099,Audit-suspect fuzzy: original mapping to gvkey 183602 (SORRENTO THERAPEUTICS INC) flagged unreliable; no manual rescue available -- left UNMAPPED,sorbent therapeutics
Contract Research Organization el AB,UNMAPPED,1900,2099,Audit-suspect fuzzy: original mapping to gvkey 9071 (RESEARCH INC) flagged unreliable; no manual rescue available -- left UNMAPPED,contract research organization el ab
Immune Targeting Systems Ltd,UNMAPPED,1900,2099,Audit-suspect fuzzy: original mapping to gvkey 25013 (PLC SYSTEMS INC) flagged unreliable; no manual rescue available -- left UNMAPPED,immune targeting systems ltd
"Imbria Pharmaceuticals, Inc.",UNMAPPED,1900,2099,Audit-suspect fuzzy: original mapping to gvkey 28470 (RA PHARMACEUTICALS INC) flagged unreliable; no manual rescue available -- left UNMAPPED,imbria pharmaceuticals inc
"Acessa Health, Inc.",UNMAPPED,1900,2099,Audit-suspect fuzzy: original mapping to gvkey 24948 (ACCESS HEALTH INC) flagged unreliable; no manual rescue available -- left UNMAPPED,acessa health inc
Supira Medical,UNMAPPED,1900,2099,Audit-suspect fuzzy: original mapping to gvkey 22038 (SUPRA MEDICAL CORP) flagged unreliable; no manual rescue available -- left UNMAPPED,supira medical
SynCardia Systems. LLC,UNMAPPED,1900,2099,Audit-suspect fuzzy: original mapping to gvkey 25013 (PLC SYSTEMS INC) flagged unreliable; no manual rescue available -- left UNMAPPED,syncardia systems llc
"Corthera, Inc.(formerly BAS Medical, Inc.), a member of the Novartis group of companies",UNMAPPED,1900,2099,Audit-suspect fuzzy: original mapping to gvkey 11151 (GROUP INC (THE)) flagged unreliable; no manual rescue available -- left UNMAPPED,corthera inc formerly bas medical inc a member of the novartis group of companies
LDR Spine USA,UNMAPPED,1900,2099,Audit-suspect fuzzy: original mapping to gvkey 18625 (LDR HOLDING CORP) flagged unreliable; no manual rescue available -- left UNMAPPED,ldr spine usa
Uniquity One (UNI),UNMAPPED,1900,2099,Audit-suspect fuzzy: original mapping to gvkey 36851 (ONE) flagged unreliable; no manual rescue available -- left UNMAPPED,uniquity one uni
"Gala Therapeutics, Inc.",UNMAPPED,1900,2099,Audit-suspect fuzzy: original mapping to gvkey 35768 (GALERA THERAPEUTICS INC) flagged unreliable; no manual rescue available -- left UNMAPPED,gala therapeutics inc
"GPCR Therapeutics, Inc.",UNMAPPED,1900,2099,Audit-suspect fuzzy: original mapping to gvkey 24220 (COR THERAPEUTICS INC) flagged unreliable; no manual rescue available -- left UNMAPPED,gpcr therapeutics inc
Fusion Pharmaceuticals Inc.,UNMAPPED,1900,2099,Audit-suspect fuzzy: original mapping to gvkey 28470 (RA PHARMACEUTICALS INC) flagged unreliable; no manual rescue available -- left UNMAPPED,fusion pharmaceuticals inc
Cell>Point LLC,UNMAPPED,1900,2099,Audit-suspect fuzzy: original mapping to gvkey 108457 (CELLPOINT INC) flagged unreliable; no manual rescue available -- left UNMAPPED,cell point llc
Davita Clinical Research,UNMAPPED,1900,2099,Audit-suspect fuzzy: original mapping to gvkey 9071 (RESEARCH INC) flagged unreliable; no manual rescue available -- left UNMAPPED,davita clinical research
"Neurana Pharmaceuticals, Inc.",UNMAPPED,1900,2099,Audit-suspect fuzzy: original mapping to gvkey 28470 (RA PHARMACEUTICALS INC) flagged unreliable; no manual rescue available -- left UNMAPPED,neurana pharmaceuticals inc
MCM Vaccines B.V.,UNMAPPED,1900,2099,Audit-suspect fuzzy: original mapping to gvkey 18826 (MCM CORP) flagged unreliable; no manual rescue available -- left UNMAPPED,mcm vaccines b v
"Alkeus Pharmaceuticals, Inc.",UNMAPPED,1900,2099,Audit-suspect fuzzy: original mapping to gvkey 165857 (ALTUS PHARMACEUTICALS INC) flagged unreliable; no manual rescue available -- left UNMAPPED,alkeus pharmaceuticals inc
Richmond Research Institute,UNMAPPED,1900,2099,Audit-suspect fuzzy: original mapping to gvkey 9071 (RESEARCH INC) flagged unreliable; no manual rescue available -- left UNMAPPED,richmond research institute
"SCM Lifescience Co., LTD.",UNMAPPED,1900,2099,Audit-suspect fuzzy: original mapping to gvkey 9316 (SCM CORP) flagged unreliable; no manual rescue available -- left UNMAPPED,scm lifescience co ltd
"Menssana Research, Inc.",UNMAPPED,1900,2099,Audit-suspect fuzzy: original mapping to gvkey 9071 (RESEARCH INC) flagged unreliable; no manual rescue available -- left UNMAPPED,menssana research inc
Bright Future Pharmaceuticals Factory O/B Bright Future Pharmaceutical Laboratories Limited,UNMAPPED,1900,2099,Audit-suspect fuzzy: original mapping to gvkey 247881 (GW PHARMACEUTICALS LIMITED) flagged unreliable; no manual rescue available -- left UNMAPPED,bright future pharmaceuticals factory o b bright future pharmaceutical laboratories limited
"SamA Pharmaceutical Co., Ltd",UNMAPPED,1900,2099,Audit-suspect fuzzy: original mapping to gvkey 27756 (SHAMAN PHARMACEUTICALS INC) flagged unreliable; no manual rescue available -- left UNMAPPED,sama pharmaceutical co ltd
Paragonix Technologies,UNMAPPED,1900,2099,Audit-suspect fuzzy: original mapping to gvkey 9323 (PARAGON TECHNOLOGIES INC) flagged unreliable; no manual rescue available -- left UNMAPPED,paragonix technologies
"Santalis Pharmaceuticals, Inc.",UNMAPPED,1900,2099,Audit-suspect fuzzy: original mapping to gvkey 36301 (ZENTALIS PHARMACEUTICALS INC) flagged unreliable; no manual rescue available -- left UNMAPPED,santalis pharmaceuticals inc
"CardioRenal Systems, Inc.",UNMAPPED,1900,2099,Audit-suspect fuzzy: original mapping to gvkey 25013 (PLC SYSTEMS INC) flagged unreliable; no manual rescue available -- left UNMAPPED,cardiorenal systems inc
"NiKang Therapeutics, Inc.",UNMAPPED,1900,2099,Audit-suspect fuzzy: original mapping to gvkey 28209 (ANIKA THERAPEUTICS INC) flagged unreliable; no manual rescue available -- left UNMAPPED,nikang therapeutics inc
Light Sciences LLC,UNMAPPED,1900,2099,Audit-suspect fuzzy: original mapping to gvkey 39171 (SIGHT SCIENCES INC) flagged unreliable; no manual rescue available -- left UNMAPPED,light sciences llc
Adicet Therapeutics,UNMAPPED,1900,2099,Audit-suspect fuzzy: original mapping to gvkey 39508 (DICE THERAPEUTICS INC) flagged unreliable; no manual rescue available -- left UNMAPPED,adicet therapeutics
Olistic Research Labs S.L.,UNMAPPED,1900,2099,Audit-suspect fuzzy: original mapping to gvkey 9071 (RESEARCH INC) flagged unreliable; no manual rescue available -- left UNMAPPED,olistic research labs s l
Tethis S.p.A.,UNMAPPED,1900,2099,Audit-suspect fuzzy: original mapping to gvkey 1059 (A P S INC) flagged unreliable; no manual rescue available -- left UNMAPPED,tethis s p a
Alpha - Bio Tec Ltd.,UNMAPPED,1900,2099,Audit-suspect fuzzy: original mapping to gvkey 10276 (TEC INC) flagged unreliable; no manual rescue available -- left UNMAPPED,alpha - bio tec ltd
"Novus Therapeutics, Inc",UNMAPPED,1900,2099,Audit-suspect fuzzy: original mapping to gvkey 25377 (NEOS THERAPEUTICS INC) flagged unreliable; no manual rescue available -- left UNMAPPED,novus therapeutics inc
"Aires Pharmaceuticals, Inc.",UNMAPPED,1900,2099,Audit-suspect fuzzy: original mapping to gvkey 37495 (ARS PHARMACEUTICALS INC) flagged unreliable; no manual rescue available -- left UNMAPPED,aires pharmaceuticals inc
"Novalar Pharmaceuticals, Inc.",UNMAPPED,1900,2099,Audit-suspect fuzzy: original mapping to gvkey 28470 (RA PHARMACEUTICALS INC) flagged unreliable; no manual rescue available -- left UNMAPPED,novalar pharmaceuticals inc
"Nuon Therapeutics, Inc.",UNMAPPED,1900,2099,Audit-suspect fuzzy: original mapping to gvkey 61673 (NUO THERAPEUTICS INC) flagged unreliable; no manual rescue available -- left UNMAPPED,nuon therapeutics inc
Air Liquide SA,UNMAPPED,1900,2099,Audit-suspect fuzzy: original mapping to gvkey 6757 (LIQUID AIR CORP) flagged unreliable; no manual rescue available -- left UNMAPPED,air liquide sa
Finch Research and Development LLC.,UNMAPPED,1900,2099,Audit-suspect fuzzy: original mapping to gvkey 9071 (RESEARCH INC) flagged unreliable; no manual rescue available -- left UNMAPPED,finch research and development llc
"Reproductive Research Technologies, LP",UNMAPPED,1900,2099,Audit-suspect fuzzy: original mapping to gvkey 9071 (RESEARCH INC) flagged unreliable; no manual rescue available -- left UNMAPPED,reproductive research technologies lp
"Neuronetrix, Inc.",UNMAPPED,1900,2099,Audit-suspect fuzzy: original mapping to gvkey 160488 (NEUROMETRIX INC) flagged unreliable; no manual rescue available -- left UNMAPPED,neuronetrix inc
Evasc Medical Systems Corp.,UNMAPPED,1900,2099,Audit-suspect fuzzy: original mapping to gvkey 25013 (PLC SYSTEMS INC) flagged unreliable; no manual rescue available -- left UNMAPPED,evasc medical systems corp
"Sigma-Tau Research, Inc.",UNMAPPED,1900,2099,Audit-suspect fuzzy: original mapping to gvkey 9071 (RESEARCH INC) flagged unreliable; no manual rescue available -- left UNMAPPED,sigma-tau research inc
"Olix Pharmaceuticals, Inc.",UNMAPPED,1900,2099,Audit-suspect fuzzy: original mapping to gvkey 12180 (OSI PHARMACEUTICALS INC) flagged unreliable; no manual rescue available -- left UNMAPPED,olix pharmaceuticals inc
The Searle Company Limited Pakistan,UNMAPPED,1900,2099,Audit-suspect fuzzy: original mapping to gvkey 11151 (GROUP INC (THE)) flagged unreliable; no manual rescue available -- left UNMAPPED,the searle company limited pakistan
The Skin Center Dermatology Group,UNMAPPED,1900,2099,Audit-suspect fuzzy: original mapping to gvkey 11151 (GROUP INC (THE)) flagged unreliable; no manual rescue available -- left UNMAPPED,the skin center dermatology group
Tcelltech Inc.,UNMAPPED,1900,2099,Audit-suspect fuzzy: original mapping to gvkey 201088 (CELLTECH GROUP PLC) flagged unreliable; no manual rescue available -- left UNMAPPED,tcelltech inc
Eleison Pharmaceuticals LLC.,UNMAPPED,1900,2099,Audit-suspect fuzzy: original mapping to gvkey 31301 (ELEDON PHARMACEUTICALS INC) flagged unreliable; no manual rescue available -- left UNMAPPED,eleison pharmaceuticals llc
"The United Bio-Technology (Hengqin) Co., Ltd.",UNMAPPED,1900,2099,Audit-suspect fuzzy: original mapping to gvkey 11151 (GROUP INC (THE)) flagged unreliable; no manual rescue available -- left UNMAPPED,the united bio-technology hengqin co ltd
Ondine Research Laboratories,UNMAPPED,1900,2099,Audit-suspect fuzzy: original mapping to gvkey 9071 (RESEARCH INC) flagged unreliable; no manual rescue available -- left UNMAPPED,ondine research laboratories
"Promentis Pharmaceuticals, Inc.",UNMAPPED,1900,2099,Audit-suspect fuzzy: original mapping to gvkey 28470 (RA PHARMACEUTICALS INC) flagged unreliable; no manual rescue available -- left UNMAPPED,promentis pharmaceuticals inc
Pope Research Corporation,UNMAPPED,1900,2099,Audit-suspect fuzzy: original mapping to gvkey 9071 (RESEARCH INC) flagged unreliable; no manual rescue available -- left UNMAPPED,pope research corporation
Distribuidora Biolife SA de CV,UNMAPPED,1900,2099,Audit-suspect fuzzy: original mapping to gvkey 163863 (CV HOLDINGS INC) flagged unreliable; no manual rescue available -- left UNMAPPED,distribuidora biolife sa de cv
Probiotical S.p.A.,UNMAPPED,1900,2099,Audit-suspect fuzzy: original mapping to gvkey 1059 (A P S INC) flagged unreliable; no manual rescue available -- left UNMAPPED,probiotical s p a
"Ausio Pharmaceuticals, LLC",UNMAPPED,1900,2099,Audit-suspect fuzzy: original mapping to gvkey 63030 (CASI PHARMACEUTICALS INC) flagged unreliable; no manual rescue available -- left UNMAPPED,ausio pharmaceuticals llc
Deka Research and Development,UNMAPPED,1900,2099,Audit-suspect fuzzy: original mapping to gvkey 9071 (RESEARCH INC) flagged unreliable; no manual rescue available -- left UNMAPPED,deka research and development
The SmartPill Corporation,UNMAPPED,1900,2099,Audit-suspect fuzzy: original mapping to gvkey 11151 (GROUP INC (THE)) flagged unreliable; no manual rescue available -- left UNMAPPED,the smartpill corporation
Guna S.p.a,UNMAPPED,1900,2099,Audit-suspect fuzzy: original mapping to gvkey 1059 (A P S INC) flagged unreliable; no manual rescue available -- left UNMAPPED,guna s p a
"Gentuity, LLC",UNMAPPED,1900,2099,Audit-suspect fuzzy: original mapping to gvkey 137357 (GENUITY INC) flagged unreliable; no manual rescue available -- left UNMAPPED,gentuity llc
"Rowpar Pharmaceuticals, Inc.",UNMAPPED,1900,2099,Audit-suspect fuzzy: original mapping to gvkey 28470 (RA PHARMACEUTICALS INC) flagged unreliable; no manual rescue available -- left UNMAPPED,rowpar pharmaceuticals inc
Siena Biotech S.p.A.,UNMAPPED,1900,2099,Audit-suspect fuzzy: original mapping to gvkey 1059 (A P S INC) flagged unreliable; no manual rescue available -- left UNMAPPED,siena biotech s p a
Anderson Clinical Research,UNMAPPED,1900,2099,Audit-suspect fuzzy: original mapping to gvkey 9071 (RESEARCH INC) flagged unreliable; no manual rescue available -- left UNMAPPED,anderson clinical research
Lipomedix Pharmaceuticals Inc.,UNMAPPED,1900,2099,Audit-suspect fuzzy: original mapping to gvkey 28470 (RA PHARMACEUTICALS INC) flagged unreliable; no manual rescue available -- left UNMAPPED,lipomedix pharmaceuticals inc
Lupin Research Inc,UNMAPPED,1900,2099,Audit-suspect fuzzy: original mapping to gvkey 9071 (RESEARCH INC) flagged unreliable; no manual rescue available -- left UNMAPPED,lupin research inc
Marea Therapeutics,UNMAPPED,1900,2099,Audit-suspect fuzzy: original mapping to gvkey 35648 (APREA THERAPEUTICS INC) flagged unreliable; no manual rescue available -- left UNMAPPED,marea therapeutics
"Sirtsei Pharmaceuticals, Inc.",UNMAPPED,1900,2099,Audit-suspect fuzzy: original mapping to gvkey 28470 (RA PHARMACEUTICALS INC) flagged unreliable; no manual rescue available -- left UNMAPPED,sirtsei pharmaceuticals inc
Adamis Pharmaceuticals Corporation,UNMAPPED,1900,2099,Audit-suspect fuzzy: original mapping to gvkey 20042 (ADAMAS PHARMACEUTICALS INC) flagged unreliable; no manual rescue available -- left UNMAPPED,adamis pharmaceuticals corporation
Melt Pharmaceuticals,UNMAPPED,1900,2099,Audit-suspect fuzzy: original mapping to gvkey 106261 (ELITE PHARMACEUTICALS INC) flagged unreliable; no manual rescue available -- left UNMAPPED,melt pharmaceuticals
Indena S.p.A,UNMAPPED,1900,2099,Audit-suspect fuzzy: original mapping to gvkey 1059 (A P S INC) flagged unreliable; no manual rescue available -- left UNMAPPED,indena s p a
Spear Pharmaceuticals,UNMAPPED,1900,2099,Audit-suspect fuzzy: original mapping to gvkey 30368 (SPARTA PHARMACEUTICALS INC) flagged unreliable; no manual rescue available -- left UNMAPPED,spear pharmaceuticals
SpinChip Diagnostics ASA,UNMAPPED,1900,2099,Audit-suspect fuzzy: original mapping to gvkey 1849 (ASA HOLDINGS INC) flagged unreliable; no manual rescue available -- left UNMAPPED,spinchip diagnostics asa
InDex Pharmaceuticals,UNMAPPED,1900,2099,Audit-suspect fuzzy: original mapping to gvkey 148169 (IDENIX PHARMACEUTICALS INC) flagged unreliable; no manual rescue available -- left UNMAPPED,index pharmaceuticals
"Nacuity Pharmaceuticals, Inc.",UNMAPPED,1900,2099,Audit-suspect fuzzy: original mapping to gvkey 28470 (RA PHARMACEUTICALS INC) flagged unreliable; no manual rescue available -- left UNMAPPED,nacuity pharmaceuticals inc
Gibson Institute of Cognitive Research,UNMAPPED,1900,2099,Audit-suspect fuzzy: original mapping to gvkey 9071 (RESEARCH INC) flagged unreliable; no manual rescue available -- left UNMAPPED,gibson institute of cognitive research
IMMUNOe Research Centers,UNMAPPED,1900,2099,Audit-suspect fuzzy: original mapping to gvkey 9071 (RESEARCH INC) flagged unreliable; no manual rescue available -- left UNMAPPED,immunoe research centers
Rion Inc.,UNMAPPED,1900,2099,Audit-suspect fuzzy: original mapping to gvkey 10741 (TRION INC) flagged unreliable; no manual rescue available -- left UNMAPPED,rion inc
Stochastic Research Technologies LLC,UNMAPPED,1900,2099,Audit-suspect fuzzy: original mapping to gvkey 9071 (RESEARCH INC) flagged unreliable; no manual rescue available -- left UNMAPPED,stochastic research technologies llc
"Rinovum Women's Health, Inc.",UNMAPPED,1900,2099,Audit-suspect fuzzy: original mapping to gvkey 10949 (U S HEALTH INC) flagged unreliable; no manual rescue available -- left UNMAPPED,rinovum women s health inc
"Svelte Medical Systems, Inc.",UNMAPPED,1900,2099,Audit-suspect fuzzy: original mapping to gvkey 25013 (PLC SYSTEMS INC) flagged unreliable; no manual rescue available -- left UNMAPPED,svelte medical systems inc
Rhythm Diagnostic Systems,UNMAPPED,1900,2099,Audit-suspect fuzzy: original mapping to gvkey 25013 (PLC SYSTEMS INC) flagged unreliable; no manual rescue available -- left UNMAPPED,rhythm diagnostic systems
"Navitor Pharmaceuticals, Inc.",UNMAPPED,1900,2099,Audit-suspect fuzzy: original mapping to gvkey 28470 (RA PHARMACEUTICALS INC) flagged unreliable; no manual rescue available -- left UNMAPPED,navitor pharmaceuticals inc
SyneuRx International (Taiwan) Corp,UNMAPPED,1900,2099,Audit-suspect fuzzy: original mapping to gvkey 5865 (IU INTERNATIONAL CORP) flagged unreliable; no manual rescue available -- left UNMAPPED,syneurx international taiwan corp
"Neuraltus Pharmaceuticals, Inc.",UNMAPPED,1900,2099,Audit-suspect fuzzy: original mapping to gvkey 28470 (RA PHARMACEUTICALS INC) flagged unreliable; no manual rescue available -- left UNMAPPED,neuraltus pharmaceuticals inc
LAPIX Therapeutics Inc.,UNMAPPED,1900,2099,Audit-suspect fuzzy: original mapping to gvkey 29914 (LEAP THERAPEUTICS INC) flagged unreliable; no manual rescue available -- left UNMAPPED,lapix therapeutics inc
GreenBone Ortho S.p.A.,UNMAPPED,1900,2099,Audit-suspect fuzzy: original mapping to gvkey 1059 (A P S INC) flagged unreliable; no manual rescue available -- left UNMAPPED,greenbone ortho s p a
"Glock Health, Science and Research GmbH",UNMAPPED,1900,2099,Audit-suspect fuzzy: original mapping to gvkey 9071 (RESEARCH INC) flagged unreliable; no manual rescue available -- left UNMAPPED,glock health science and research gmbh
"AnnJi Pharmaceutical Co., Ltd.",UNMAPPED,1900,2099,Audit-suspect fuzzy: original mapping to gvkey 18204 (ANI PHARMACEUTICALS INC) flagged unreliable; no manual rescue available -- left UNMAPPED,annji pharmaceutical co ltd
INQUIS Clinical Research,UNMAPPED,1900,2099,Audit-suspect fuzzy: original mapping to gvkey 9071 (RESEARCH INC) flagged unreliable; no manual rescue available -- left UNMAPPED,inquis clinical research
Uni-Pharma Kleon Tsetis Pharmaceutical Laboratories S.A.,UNMAPPED,1900,2099,Audit-suspect fuzzy: original mapping to gvkey 118444 (U S LABORATORIES INC) flagged unreliable; no manual rescue available -- left UNMAPPED,uni-pharma kleon tsetis pharmaceutical laboratories s a
"Vividion Therapeutics, Inc.",UNMAPPED,1900,2099,Audit-suspect fuzzy: original mapping to gvkey 30311 (VIRIDIAN THERAPEUTICS INC) flagged unreliable; no manual rescue available -- left UNMAPPED,vividion therapeutics inc
"CellMed AG, a subsidiary of BTG plc.",UNMAPPED,1900,2099,Audit-suspect fuzzy: original mapping to gvkey 31194 (BTG INC) flagged unreliable; no manual rescue available -- left UNMAPPED,cellmed ag a subsidiary of btg plc
CoapTech,UNMAPPED,1900,2099,Audit-suspect fuzzy: original mapping to gvkey 2741 (CAPTECH INC) flagged unreliable; no manual rescue available -- left UNMAPPED,coaptech
"Chakshu Research, Inc.",UNMAPPED,1900,2099,Audit-suspect fuzzy: original mapping to gvkey 9071 (RESEARCH INC) flagged unreliable; no manual rescue available -- left UNMAPPED,chakshu research inc
"Biota Pharmaceuticals, Inc.",UNMAPPED,1900,2099,Audit-suspect fuzzy: original mapping to gvkey 181794 (BIOSTAR PHARMACEUTICALS INC) flagged unreliable; no manual rescue available -- left UNMAPPED,biota pharmaceuticals inc
"Zai Lab (Hong Kong), Ltd.",UNMAPPED,1900,2099,Audit-suspect fuzzy: original mapping to gvkey 32334 (ZAI LAB LTD) flagged unreliable; no manual rescue available -- left UNMAPPED,zai lab hong kong ltd
Chemi S.p.A.,UNMAPPED,1900,2099,Audit-suspect fuzzy: original mapping to gvkey 1059 (A P S INC) flagged unreliable; no manual rescue available -- left UNMAPPED,chemi s p a
"Chembio Diagnostic Systems, Inc.",UNMAPPED,1900,2099,Audit-suspect fuzzy: original mapping to gvkey 25013 (PLC SYSTEMS INC) flagged unreliable; no manual rescue available -- left UNMAPPED,chembio diagnostic systems inc
"Cognito Therapeutics, Inc.",UNMAPPED,1900,2099,Audit-suspect fuzzy: original mapping to gvkey 39290 (COGNITION THERAPEUTICS INC) flagged unreliable; no manual rescue available -- left UNMAPPED,cognito therapeutics inc
Avera Pharmaceuticals,UNMAPPED,1900,2099,Audit-suspect fuzzy: original mapping to gvkey 163121 (VALERA PHARMACEUTICALS INC) flagged unreliable; no manual rescue available -- left UNMAPPED,avera pharmaceuticals
Cantex Pharmaceuticals,UNMAPPED,1900,2099,Audit-suspect fuzzy: original mapping to gvkey 62382 (ASTEX PHARMACEUTICALS INC) flagged unreliable; no manual rescue available -- left UNMAPPED,cantex pharmaceuticals
"Talaria, Inc",UNMAPPED,1900,2099,Audit-suspect fuzzy: original mapping to gvkey 134764 (TALARIAN CORP) flagged unreliable; no manual rescue available -- left UNMAPPED,talaria inc
STI-Medical Systems,UNMAPPED,1900,2099,Audit-suspect fuzzy: original mapping to gvkey 25013 (PLC SYSTEMS INC) flagged unreliable; no manual rescue available -- left UNMAPPED,sti-medical systems
"Cancer Prevention Pharmaceuticals, Inc.",UNMAPPED,1900,2099,Audit-suspect fuzzy: original mapping to gvkey 28470 (RA PHARMACEUTICALS INC) flagged unreliable; no manual rescue available -- left UNMAPPED,cancer prevention pharmaceuticals inc
Medistim ASA,UNMAPPED,1900,2099,Audit-suspect fuzzy: original mapping to gvkey 1849 (ASA HOLDINGS INC) flagged unreliable; no manual rescue available -- left UNMAPPED,medistim asa
"Tallikut Pharmaceuticals, Inc.",UNMAPPED,1900,2099,Audit-suspect fuzzy: original mapping to gvkey 28470 (RA PHARMACEUTICALS INC) flagged unreliable; no manual rescue available -- left UNMAPPED,tallikut pharmaceuticals inc
Medical Developments International Limited,UNMAPPED,1900,2099,Audit-suspect fuzzy: original mapping to gvkey 37612 (TH INTERNATIONAL LIMITED) flagged unreliable; no manual rescue available -- left UNMAPPED,medical developments international limited
"MicroPhage, Inc.",UNMAPPED,1900,2099,Audit-suspect fuzzy: original mapping to gvkey 13501 (MICROAGE INC) flagged unreliable; no manual rescue available -- left UNMAPPED,microphage inc
SOS Oxygene Mediterranee,UNMAPPED,1900,2099,Audit-suspect fuzzy: original mapping to gvkey 37429 (SOS LIMITED) flagged unreliable; no manual rescue available -- left UNMAPPED,sos oxygene mediterranee
Median Technologies,UNMAPPED,1900,2099,Audit-suspect fuzzy: original mapping to gvkey 179648 (MEDIAMIND TECHNOLOGIES INC) flagged unreliable; no manual rescue available -- left UNMAPPED,median technologies
"MingSight Pharmaceuticals, Inc",UNMAPPED,1900,2099,Audit-suspect fuzzy: original mapping to gvkey 28470 (RA PHARMACEUTICALS INC) flagged unreliable; no manual rescue available -- left UNMAPPED,mingsight pharmaceuticals inc
Minster Research Ltd,UNMAPPED,1900,2099,Audit-suspect fuzzy: original mapping to gvkey 9071 (RESEARCH INC) flagged unreliable; no manual rescue available -- left UNMAPPED,minster research ltd
Mycovia Pharmaceuticals Inc.,UNMAPPED,1900,2099,Audit-suspect fuzzy: original mapping to gvkey 28470 (RA PHARMACEUTICALS INC) flagged unreliable; no manual rescue available -- left UNMAPPED,mycovia pharmaceuticals inc
"Amp Orthopedics, Inc.",UNMAPPED,1900,2099,Audit-suspect fuzzy: original mapping to gvkey 1608 (AMP INC) flagged unreliable; no manual rescue available -- left UNMAPPED,amp orthopedics inc
"S1 Biopharma, Inc.",UNMAPPED,1900,2099,Audit-suspect fuzzy: original mapping to gvkey 121053 (S1 CORP) flagged unreliable; no manual rescue available -- left UNMAPPED,s1 biopharma inc
Ganymed Pharmaceuticals GmbH,UNMAPPED,1900,2099,Audit-suspect fuzzy: original mapping to gvkey 19771 (GALMED PHARMACEUTICALS LTD) flagged unreliable; no manual rescue available -- left UNMAPPED,ganymed pharmaceuticals gmbh
"Galmed Research and Development, Ltd.",UNMAPPED,1900,2099,Audit-suspect fuzzy: original mapping to gvkey 9071 (RESEARCH INC) flagged unreliable; no manual rescue available -- left UNMAPPED,galmed research and development ltd
Rob Surgical Systems S.L.,UNMAPPED,1900,2099,Audit-suspect fuzzy: original mapping to gvkey 25013 (PLC SYSTEMS INC) flagged unreliable; no manual rescue available -- left UNMAPPED,rob surgical systems s l
"Napo Pharmaceuticals, Inc.",UNMAPPED,1900,2099,Audit-suspect fuzzy: original mapping to gvkey 184465 (AMPIO PHARMACEUTICALS INC) flagged unreliable; no manual rescue available -- left UNMAPPED,napo pharmaceuticals inc
"Ribon Therapeutics, Inc.",UNMAPPED,1900,2099,Audit-suspect fuzzy: original mapping to gvkey 31656 (REIN THERAPEUTICS INC) flagged unreliable; no manual rescue available -- left UNMAPPED,ribon therapeutics inc
Bugworks Research Inc.,UNMAPPED,1900,2099,Audit-suspect fuzzy: original mapping to gvkey 9071 (RESEARCH INC) flagged unreliable; no manual rescue available -- left UNMAPPED,bugworks research inc
"Formosa Pharmaceuticals, Inc.",UNMAPPED,1900,2099,Audit-suspect fuzzy: original mapping to gvkey 28470 (RA PHARMACEUTICALS INC) flagged unreliable; no manual rescue available -- left UNMAPPED,formosa pharmaceuticals inc
Neosense Technologies,UNMAPPED,1900,2099,Audit-suspect fuzzy: original mapping to gvkey 65692 (SENSE TECHNOLOGIES INC) flagged unreliable; no manual rescue available -- left UNMAPPED,neosense technologies
"UC Care, Ltd.",UNMAPPED,1900,2099,Audit-suspect fuzzy: original mapping to gvkey 11007 (UC CORP) flagged unreliable; no manual rescue available -- left UNMAPPED,uc care ltd
Abilion Medical Systems AB,UNMAPPED,1900,2099,Audit-suspect fuzzy: original mapping to gvkey 25013 (PLC SYSTEMS INC) flagged unreliable; no manual rescue available -- left UNMAPPED,abilion medical systems ab
Revenio Research,UNMAPPED,1900,2099,Audit-suspect fuzzy: original mapping to gvkey 9071 (RESEARCH INC) flagged unreliable; no manual rescue available -- left UNMAPPED,revenio research
"Faraday Pharmaceuticals, Inc.",UNMAPPED,1900,2099,Audit-suspect fuzzy: original mapping to gvkey 28470 (RA PHARMACEUTICALS INC) flagged unreliable; no manual rescue available -- left UNMAPPED,faraday pharmaceuticals inc
MedVadis Research Corporation,UNMAPPED,1900,2099,Audit-suspect fuzzy: original mapping to gvkey 9071 (RESEARCH INC) flagged unreliable; no manual rescue available -- left UNMAPPED,medvadis research corporation
Arisaph Pharmaceuticals Inc,UNMAPPED,1900,2099,Audit-suspect fuzzy: original mapping to gvkey 28470 (RA PHARMACEUTICALS INC) flagged unreliable; no manual rescue available -- left UNMAPPED,arisaph pharmaceuticals inc
SecondWave Systems Inc.,UNMAPPED,1900,2099,Audit-suspect fuzzy: original mapping to gvkey 25013 (PLC SYSTEMS INC) flagged unreliable; no manual rescue available -- left UNMAPPED,secondwave systems inc
Aptitude Medical Systems,UNMAPPED,1900,2099,Audit-suspect fuzzy: original mapping to gvkey 25013 (PLC SYSTEMS INC) flagged unreliable; no manual rescue available -- left UNMAPPED,aptitude medical systems
"Center for Biomedical Research, Inc.",UNMAPPED,1900,2099,Audit-suspect fuzzy: original mapping to gvkey 9071 (RESEARCH INC) flagged unreliable; no manual rescue available -- left UNMAPPED,center for biomedical research inc
"ACEA Therapeutics, Inc.",UNMAPPED,1900,2099,Audit-suspect fuzzy: original mapping to gvkey 32046 (AKCEA THERAPEUTICS INC) flagged unreliable; no manual rescue available -- left UNMAPPED,acea therapeutics inc
"Ankyra Therapeutics, Inc",UNMAPPED,1900,2099,Audit-suspect fuzzy: original mapping to gvkey 28209 (ANIKA THERAPEUTICS INC) flagged unreliable; no manual rescue available -- left UNMAPPED,ankyra therapeutics inc
Vertero Therapeutics,UNMAPPED,1900,2099,Audit-suspect fuzzy: original mapping to gvkey 27699 (ENTERO THERAPEUTICS INC) flagged unreliable; no manual rescue available -- left UNMAPPED,vertero therapeutics
"Vireo Systems, Inc.",UNMAPPED,1900,2099,Audit-suspect fuzzy: original mapping to gvkey 25013 (PLC SYSTEMS INC) flagged unreliable; no manual rescue available -- left UNMAPPED,vireo systems inc
"Sonexa Therapeutics, Inc.",UNMAPPED,1900,2099,Audit-suspect fuzzy: original mapping to gvkey 125531 (OPEXA THERAPEUTICS INC) flagged unreliable; no manual rescue available -- left UNMAPPED,sonexa therapeutics inc
KM Clinical Research Group,UNMAPPED,1900,2099,Audit-suspect fuzzy: original mapping to gvkey 9071 (RESEARCH INC) flagged unreliable; no manual rescue available -- left UNMAPPED,km clinical research group
Retension Pharmaceuticals. Inc.,UNMAPPED,1900,2099,Audit-suspect fuzzy: original mapping to gvkey 28470 (RA PHARMACEUTICALS INC) flagged unreliable; no manual rescue available -- left UNMAPPED,retension pharmaceuticals inc
International Biomedical Systems S.p.A.,UNMAPPED,1900,2099,Audit-suspect fuzzy: original mapping to gvkey 1059 (A P S INC) flagged unreliable; no manual rescue available -- left UNMAPPED,international biomedical systems s p a
International Stemcell Services Limited,UNMAPPED,1900,2099,Audit-suspect fuzzy: original mapping to gvkey 37612 (TH INTERNATIONAL LIMITED) flagged unreliable; no manual rescue available -- left UNMAPPED,international stemcell services limited
Appili Therapeutics Inc.,UNMAPPED,1900,2099,Audit-suspect fuzzy: original mapping to gvkey 35091 (APPLIED THERAPEUTICS INC) flagged unreliable; no manual rescue available -- left UNMAPPED,appili therapeutics inc
"Antipodean Pharmaceuticals, Inc.",UNMAPPED,1900,2099,Audit-suspect fuzzy: original mapping to gvkey 28470 (RA PHARMACEUTICALS INC) flagged unreliable; no manual rescue available -- left UNMAPPED,antipodean pharmaceuticals inc
"Addrenex Pharmaceuticals, Inc.",UNMAPPED,1900,2099,Audit-suspect fuzzy: original mapping to gvkey 28470 (RA PHARMACEUTICALS INC) flagged unreliable; no manual rescue available -- left UNMAPPED,addrenex pharmaceuticals inc
"Changshan ConjuChem BioPharmaceutical Research and Development (Hebei) Co., Ltd.",UNMAPPED,1900,2099,Audit-suspect fuzzy: original mapping to gvkey 9071 (RESEARCH INC) flagged unreliable; no manual rescue available -- left UNMAPPED,changshan conjuchem biopharmaceutical research and development hebei co ltd
ASCEND Therapeutics,UNMAPPED,1900,2099,Audit-suspect fuzzy: original mapping to gvkey 65033 (TRANSCEND THERAPEUTICS INC) flagged unreliable; no manual rescue available -- left UNMAPPED,ascend therapeutics
Angel Medical Systems,UNMAPPED,1900,2099,Audit-suspect fuzzy: original mapping to gvkey 25013 (PLC SYSTEMS INC) flagged unreliable; no manual rescue available -- left UNMAPPED,angel medical systems
"Imprimis Pharmaceuticals, Inc.",UNMAPPED,1900,2099,Audit-suspect fuzzy: original mapping to gvkey 28470 (RA PHARMACEUTICALS INC) flagged unreliable; no manual rescue available -- left UNMAPPED,imprimis pharmaceuticals inc
Sports Medicine Research and Testing Laboratory,UNMAPPED,1900,2099,Audit-suspect fuzzy: original mapping to gvkey 9071 (RESEARCH INC) flagged unreliable; no manual rescue available -- left UNMAPPED,sports medicine research and testing laboratory
"Laboratorio Avi-Mex, S.A. de C.V.",UNMAPPED,1900,2099,Audit-suspect fuzzy: original mapping to gvkey 30584 (A S V INC) flagged unreliable; no manual rescue available -- left UNMAPPED,laboratorio avi-mex s a de c v
"Citizen Systems Japan Co., Ltd.",UNMAPPED,1900,2099,Audit-suspect fuzzy: original mapping to gvkey 25013 (PLC SYSTEMS INC) flagged unreliable; no manual rescue available -- left UNMAPPED,citizen systems japan co ltd
Laurent Pharmaceuticals Inc.,UNMAPPED,1900,2099,Audit-suspect fuzzy: original mapping to gvkey 28470 (RA PHARMACEUTICALS INC) flagged unreliable; no manual rescue available -- left UNMAPPED,laurent pharmaceuticals inc
Ichor Medical Systems Incorporated,UNMAPPED,1900,2099,Audit-suspect fuzzy: original mapping to gvkey 25013 (PLC SYSTEMS INC) flagged unreliable; no manual rescue available -- left UNMAPPED,ichor medical systems incorporated
"ISTO Technologies, Inc.",UNMAPPED,1900,2099,Audit-suspect fuzzy: original mapping to gvkey 14250 (NSTOR TECHNOLOGIES INC) flagged unreliable; no manual rescue available -- left UNMAPPED,isto technologies inc
LinkCare GmbH,UNMAPPED,1900,2099,Audit-suspect fuzzy: original mapping to gvkey 25062 (LINCARE HOLDINGS INC) flagged unreliable; no manual rescue available -- left UNMAPPED,linkcare gmbh
Acist Medical Systems,UNMAPPED,1900,2099,Audit-suspect fuzzy: original mapping to gvkey 25013 (PLC SYSTEMS INC) flagged unreliable; no manual rescue available -- left UNMAPPED,acist medical systems
"Linno Pharmaceuticals, Inc.",UNMAPPED,1900,2099,Audit-suspect fuzzy: original mapping to gvkey 28470 (RA PHARMACEUTICALS INC) flagged unreliable; no manual rescue available -- left UNMAPPED,linno pharmaceuticals inc
Lotus Pharmaceutical,UNMAPPED,1900,2099,Audit-suspect fuzzy: original mapping to gvkey 165857 (ALTUS PHARMACEUTICALS INC) flagged unreliable; no manual rescue available -- left UNMAPPED,lotus pharmaceutical
"Clinical Research Consultants, Inc.",UNMAPPED,1900,2099,Audit-suspect fuzzy: original mapping to gvkey 9071 (RESEARCH INC) flagged unreliable; no manual rescue available -- left UNMAPPED,clinical research consultants inc
"Arisan Therapeutics, Inc.",UNMAPPED,1900,2099,Audit-suspect fuzzy: original mapping to gvkey 19458 (CARISMA THERAPEUTICS INC) flagged unreliable; no manual rescue available -- left UNMAPPED,arisan therapeutics inc
Wuhan Humanwell Innovative Drug Research and Development Center Limited Company,UNMAPPED,1900,2099,Audit-suspect fuzzy: original mapping to gvkey 9071 (RESEARCH INC) flagged unreliable; no manual rescue available -- left UNMAPPED,wuhan humanwell innovative drug research and development center limited company
MFB Fertility,UNMAPPED,1900,2099,Audit-suspect fuzzy: original mapping to gvkey 29940 (MFB CORP) flagged unreliable; no manual rescue available -- left UNMAPPED,mfb fertility
"Reven Pharmaceuticals, Inc.",UNMAPPED,1900,2099,Audit-suspect fuzzy: original mapping to gvkey 28470 (RA PHARMACEUTICALS INC) flagged unreliable; no manual rescue available -- left UNMAPPED,reven pharmaceuticals inc
"Tr1X, Inc.",UNMAPPED,1900,2099,Audit-suspect fuzzy: original mapping to gvkey 163933 (TRX INC) flagged unreliable; no manual rescue available -- left UNMAPPED,tr1x inc
"Anza Therapeutics, Inc.",UNMAPPED,1900,2099,Audit-suspect fuzzy: original mapping to gvkey 28209 (ANIKA THERAPEUTICS INC) flagged unreliable; no manual rescue available -- left UNMAPPED,anza therapeutics inc
Transport Pharmaceuticals,UNMAPPED,1900,2099,Audit-suspect fuzzy: original mapping to gvkey 182383 (TRANSCEPT PHARMACEUTICALS) flagged unreliable; no manual rescue available -- left UNMAPPED,transport pharmaceuticals
"Zhejiang Palo Alto Pharmaceuticals, Inc.",UNMAPPED,1900,2099,Audit-suspect fuzzy: original mapping to gvkey 28470 (RA PHARMACEUTICALS INC) flagged unreliable; no manual rescue available -- left UNMAPPED,zhejiang palo alto pharmaceuticals inc
"Pieris Pharmaceuticals, Inc.",UNMAPPED,1900,2099,Audit-suspect fuzzy: original mapping to gvkey 28470 (RA PHARMACEUTICALS INC) flagged unreliable; no manual rescue available -- left UNMAPPED,pieris pharmaceuticals inc
Disphar International B.V.,UNMAPPED,1900,2099,Audit-suspect fuzzy: original mapping to gvkey 2582 (C V INTERNATIONAL CORP) flagged unreliable; no manual rescue available -- left UNMAPPED,disphar international b v
Allon Therapeutics,UNMAPPED,1900,2099,Audit-suspect fuzzy: original mapping to gvkey 133424 (ALLOS THERAPEUTICS INC) flagged unreliable; no manual rescue available -- left UNMAPPED,allon therapeutics
"Pherin Pharmaceuticals, Inc.",UNMAPPED,1900,2099,Audit-suspect fuzzy: original mapping to gvkey 28470 (RA PHARMACEUTICALS INC) flagged unreliable; no manual rescue available -- left UNMAPPED,pherin pharmaceuticals inc
"Nutrifood Research Center, Jakarta, Indonesia",UNMAPPED,1900,2099,Audit-suspect fuzzy: original mapping to gvkey 9071 (RESEARCH INC) flagged unreliable; no manual rescue available -- left UNMAPPED,nutrifood research center jakarta indonesia
Research Centre BIOFORM,UNMAPPED,1900,2099,Audit-suspect fuzzy: original mapping to gvkey 9071 (RESEARCH INC) flagged unreliable; no manual rescue available -- left UNMAPPED,research centre bioform
Dornier MedTech Systems,UNMAPPED,1900,2099,Audit-suspect fuzzy: original mapping to gvkey 25013 (PLC SYSTEMS INC) flagged unreliable; no manual rescue available -- left UNMAPPED,dornier medtech systems
"OcuTerra Therapeutics, Inc.",UNMAPPED,1900,2099,Audit-suspect fuzzy: original mapping to gvkey 18350 (OCERA THERAPEUTICS INC) flagged unreliable; no manual rescue available -- left UNMAPPED,ocuterra therapeutics inc
"atai Therapeutics, Inc.",UNMAPPED,1900,2099,Audit-suspect fuzzy: original mapping to gvkey 150681 (OCATA THERAPEUTICS INC) flagged unreliable; no manual rescue available -- left UNMAPPED,atai therapeutics inc
Avantis Medical Systems,UNMAPPED,1900,2099,Audit-suspect fuzzy: original mapping to gvkey 25013 (PLC SYSTEMS INC) flagged unreliable; no manual rescue available -- left UNMAPPED,avantis medical systems
"OncXerna Theraputics, Inc.",UNMAPPED,1900,2099,Audit-suspect fuzzy: original mapping to gvkey 35320 (ONCTERNAL THERAPEUTICS INC) flagged unreliable; no manual rescue available -- left UNMAPPED,oncxerna theraputics inc
Quanta Therapeutics,UNMAPPED,1900,2099,Audit-suspect fuzzy: original mapping to gvkey 61111 (SEQUANA THERAPEUTICS INC) flagged unreliable; no manual rescue available -- left UNMAPPED,quanta therapeutics
"Elios Therapeutics, LLC",UNMAPPED,1900,2099,Audit-suspect fuzzy: original mapping to gvkey 33641 (EIDOS THERAPEUTICS INC) flagged unreliable; no manual rescue available -- left UNMAPPED,elios therapeutics llc
"iVeena Delivery Systems, Inc.",UNMAPPED,1900,2099,Audit-suspect fuzzy: original mapping to gvkey 25013 (PLC SYSTEMS INC) flagged unreliable; no manual rescue available -- left UNMAPPED,iveena delivery systems inc
DreamTec Research Limited,UNMAPPED,1900,2099,Audit-suspect fuzzy: original mapping to gvkey 9071 (RESEARCH INC) flagged unreliable; no manual rescue available -- left UNMAPPED,dreamtec research limited
Electra Therapeutics Inc.,UNMAPPED,1900,2099,Audit-suspect fuzzy: original mapping to gvkey 65760 (SELECT THERAPEUTICS INC) flagged unreliable; no manual rescue available -- left UNMAPPED,electra therapeutics inc
Beijing Scitech-Mq Pharmaceuticals Limited,UNMAPPED,1900,2099,Audit-suspect fuzzy: original mapping to gvkey 247881 (GW PHARMACEUTICALS LIMITED) flagged unreliable; no manual rescue available -- left UNMAPPED,beijing scitech-mq pharmaceuticals limited
Atriva Therapeutics GmbH,UNMAPPED,1900,2099,Audit-suspect fuzzy: original mapping to gvkey 23980 (ASTRIA THERAPEUTICS INC) flagged unreliable; no manual rescue available -- left UNMAPPED,atriva therapeutics gmbh
The Water Street Collective,UNMAPPED,1900,2099,Audit-suspect fuzzy: original mapping to gvkey 11151 (GROUP INC (THE)) flagged unreliable; no manual rescue available -- left UNMAPPED,the water street collective
"OriCell Therapeutics Co., Ltd.",UNMAPPED,1900,2099,Audit-suspect fuzzy: original mapping to gvkey 22358 (BRIACELL THERAPEUTICS CORP) flagged unreliable; no manual rescue available -- left UNMAPPED,oricell therapeutics co ltd
"Novita Pharmaceuticals, Inc.",UNMAPPED,1900,2099,Audit-suspect fuzzy: original mapping to gvkey 21422 (VITAE PHARMACEUTICALS INC) flagged unreliable; no manual rescue available -- left UNMAPPED,novita pharmaceuticals inc
Othera Pharmaceuticals,UNMAPPED,1900,2099,Audit-suspect fuzzy: original mapping to gvkey 17500 (OMTHERA PHARMACEUTICALS) flagged unreliable; no manual rescue available -- left UNMAPPED,othera pharmaceuticals
"Nora Therapeutics, Inc.",UNMAPPED,1900,2099,Audit-suspect fuzzy: original mapping to gvkey 43287 (NEUMORA THERAPEUTICS INC) flagged unreliable; no manual rescue available -- left UNMAPPED,nora therapeutics inc
Avalyn Pharma Inc.,UNMAPPED,1900,2099,Audit-suspect fuzzy: original mapping to gvkey 163922 (AVALON PHARMA INC) flagged unreliable; no manual rescue available -- left UNMAPPED,avalyn pharma inc
"DeRoyal Industries, Inc.",UNMAPPED,1900,2099,Audit-suspect fuzzy: original mapping to gvkey 9268 (ROYAL INDUSTRIES INC) flagged unreliable; no manual rescue available -- left UNMAPPED,deroyal industries inc
"Neurologix, Inc.",UNMAPPED,1900,2099,Audit-suspect fuzzy: original mapping to gvkey 62954 (UROLOGIX INC) flagged unreliable; no manual rescue available -- left UNMAPPED,neurologix inc
Eurocor GmbH,UNMAPPED,1900,2099,Audit-suspect fuzzy: original mapping to gvkey 62889 (UROCOR INC) flagged unreliable; no manual rescue available -- left UNMAPPED,eurocor gmbh
Auson Pharmaceuticals Inc.,UNMAPPED,1900,2099,Audit-suspect fuzzy: original mapping to gvkey 28470 (RA PHARMACEUTICALS INC) flagged unreliable; no manual rescue available -- left UNMAPPED,auson pharmaceuticals inc
The Immune Response Corporation,UNMAPPED,1900,2099,Audit-suspect fuzzy: original mapping to gvkey 11151 (GROUP INC (THE)) flagged unreliable; no manual rescue available -- left UNMAPPED,the immune response corporation
"BioNTech Research & Development, Inc.",UNMAPPED,1900,2099,Audit-suspect fuzzy: original mapping to gvkey 9071 (RESEARCH INC) flagged unreliable; no manual rescue available -- left UNMAPPED,biontech research and development inc
Prologue Research International,UNMAPPED,1900,2099,Audit-suspect fuzzy: original mapping to gvkey 9071 (RESEARCH INC) flagged unreliable; no manual rescue available -- left UNMAPPED,prologue research international
NeuroHealing Pharmaceuticals Inc.,UNMAPPED,1900,2099,Audit-suspect fuzzy: original mapping to gvkey 28470 (RA PHARMACEUTICALS INC) flagged unreliable; no manual rescue available -- left UNMAPPED,neurohealing pharmaceuticals inc
Biointelligent Technology Systems SL,UNMAPPED,1900,2099,Audit-suspect fuzzy: original mapping to gvkey 25013 (PLC SYSTEMS INC) flagged unreliable; no manual rescue available -- left UNMAPPED,biointelligent technology systems sl
Shanghai Qilu Pharmaceutical Research and Development Center LTD,UNMAPPED,1900,2099,Audit-suspect fuzzy: original mapping to gvkey 9071 (RESEARCH INC) flagged unreliable; no manual rescue available -- left UNMAPPED,shanghai qilu pharmaceutical research and development center ltd
siRNAgen Therapeutics Inc.,UNMAPPED,1900,2099,Audit-suspect fuzzy: original mapping to gvkey 62632 (SIRNA THERAPEUTICS INC) flagged unreliable; no manual rescue available -- left UNMAPPED,sirnagen therapeutics inc
"Laguna Pharmaceuticals, Inc.",UNMAPPED,1900,2099,Audit-suspect fuzzy: original mapping to gvkey 28470 (RA PHARMACEUTICALS INC) flagged unreliable; no manual rescue available -- left UNMAPPED,laguna pharmaceuticals inc
"Shape Medical Systems, Inc.",UNMAPPED,1900,2099,Audit-suspect fuzzy: original mapping to gvkey 25013 (PLC SYSTEMS INC) flagged unreliable; no manual rescue available -- left UNMAPPED,shape medical systems inc
"K-PAX Pharmaceuticals, Inc.",UNMAPPED,1900,2099,Audit-suspect fuzzy: original mapping to gvkey 28470 (RA PHARMACEUTICALS INC) flagged unreliable; no manual rescue available -- left UNMAPPED,k-pax pharmaceuticals inc
R W Johnson Pharmaceutical Research Institute,UNMAPPED,1900,2099,Audit-suspect fuzzy: original mapping to gvkey 9071 (RESEARCH INC) flagged unreliable; no manual rescue available -- left UNMAPPED,r w johnson pharmaceutical research institute
Vietstar Biomedical Research,UNMAPPED,1900,2099,Audit-suspect fuzzy: original mapping to gvkey 9071 (RESEARCH INC) flagged unreliable; no manual rescue available -- left UNMAPPED,vietstar biomedical research
"PEMF Systems, Inc.",UNMAPPED,1900,2099,Audit-suspect fuzzy: original mapping to gvkey 25013 (PLC SYSTEMS INC) flagged unreliable; no manual rescue available -- left UNMAPPED,pemf systems inc
Lenzi Egisto S.P.A.,UNMAPPED,1900,2099,Audit-suspect fuzzy: original mapping to gvkey 1059 (A P S INC) flagged unreliable; no manual rescue available -- left UNMAPPED,lenzi egisto s p a
"Pellficure Pharmaceuticals, Inc",UNMAPPED,1900,2099,Audit-suspect fuzzy: original mapping to gvkey 28470 (RA PHARMACEUTICALS INC) flagged unreliable; no manual rescue available -- left UNMAPPED,pellficure pharmaceuticals inc
Advanced Magnetic Research Institute International,UNMAPPED,1900,2099,Audit-suspect fuzzy: original mapping to gvkey 9071 (RESEARCH INC) flagged unreliable; no manual rescue available -- left UNMAPPED,advanced magnetic research institute international
PBM Healing International Limited,UNMAPPED,1900,2099,Audit-suspect fuzzy: original mapping to gvkey 37612 (TH INTERNATIONAL LIMITED) flagged unreliable; no manual rescue available -- left UNMAPPED,pbm healing international limited
Liberty Mutual Research Institute for Safety,UNMAPPED,1900,2099,Audit-suspect fuzzy: original mapping to gvkey 9071 (RESEARCH INC) flagged unreliable; no manual rescue available -- left UNMAPPED,liberty mutual research institute for safety
Sermonix Pharmaceuticals Inc.,UNMAPPED,1900,2099,Audit-suspect fuzzy: original mapping to gvkey 28470 (RA PHARMACEUTICALS INC) flagged unreliable; no manual rescue available -- left UNMAPPED,sermonix pharmaceuticals inc
"Pinteon Therapeutics, Inc",UNMAPPED,1900,2099,Audit-suspect fuzzy: original mapping to gvkey 33664 (NEON THERAPEUTICS INC) flagged unreliable; no manual rescue available -- left UNMAPPED,pinteon therapeutics inc
Perha Pharmaceuticals,UNMAPPED,1900,2099,Audit-suspect fuzzy: original mapping to gvkey 28470 (RA PHARMACEUTICALS INC) flagged unreliable; no manual rescue available -- left UNMAPPED,perha pharmaceuticals
Viron Therapeutics Inc,UNMAPPED,1900,2099,Audit-suspect fuzzy: original mapping to gvkey 65838 (SEVION THERAPEUTICS INC) flagged unreliable; no manual rescue available -- left UNMAPPED,viron therapeutics inc
Anthra Pharmaceuticals,UNMAPPED,1900,2099,Audit-suspect fuzzy: original mapping to gvkey 183879 (ANTHERA PHARMACEUTCLS INC) flagged unreliable; no manual rescue available -- left UNMAPPED,anthra pharmaceuticals
"Silk Technologies, Ltd.",UNMAPPED,1900,2099,Audit-suspect fuzzy: original mapping to gvkey 6159 (SI TECHNOLOGIES INC) flagged unreliable; no manual rescue available -- left UNMAPPED,silk technologies ltd
Silq Technologies Corporation,UNMAPPED,1900,2099,Audit-suspect fuzzy: original mapping to gvkey 6159 (SI TECHNOLOGIES INC) flagged unreliable; no manual rescue available -- left UNMAPPED,silq technologies corporation
"PolyMedix, Inc.",UNMAPPED,1900,2099,Audit-suspect fuzzy: original mapping to gvkey 15175 (POLYMERIX INC) flagged unreliable; no manual rescue available -- left UNMAPPED,polymedix inc
Psoriasis Research Institute of Guangzhou,UNMAPPED,1900,2099,Audit-suspect fuzzy: original mapping to gvkey 9071 (RESEARCH INC) flagged unreliable; no manual rescue available -- left UNMAPPED,psoriasis research institute of guangzhou
Daval International Limited,UNMAPPED,1900,2099,Audit-suspect fuzzy: original mapping to gvkey 37612 (TH INTERNATIONAL LIMITED) flagged unreliable; no manual rescue available -- left UNMAPPED,daval international limited
Kinamed Incorporated,UNMAPPED,1900,2099,Audit-suspect fuzzy: original mapping to gvkey 4675 (INAMED CORP) flagged unreliable; no manual rescue available -- left UNMAPPED,kinamed incorporated
"Cerebrotech Medical Systems, Inc.",UNMAPPED,1900,2099,Audit-suspect fuzzy: original mapping to gvkey 25013 (PLC SYSTEMS INC) flagged unreliable; no manual rescue available -- left UNMAPPED,cerebrotech medical systems inc
"Kali Therapeutics, Inc.",UNMAPPED,1900,2099,Audit-suspect fuzzy: original mapping to gvkey 36786 (KALARIS THERAPEUTICS INC) flagged unreliable; no manual rescue available -- left UNMAPPED,kali therapeutics inc
Lohocla Research Corporation,UNMAPPED,1900,2099,Audit-suspect fuzzy: original mapping to gvkey 9071 (RESEARCH INC) flagged unreliable; no manual rescue available -- left UNMAPPED,lohocla research corporation
Kinex Pharmaceuticals Inc.,UNMAPPED,1900,2099,Audit-suspect fuzzy: original mapping to gvkey 112033 (KING PHARMACEUTICALS INC) flagged unreliable; no manual rescue available -- left UNMAPPED,kinex pharmaceuticals inc
Pharmaceutical Research Management srl,UNMAPPED,1900,2099,Audit-suspect fuzzy: original mapping to gvkey 9071 (RESEARCH INC) flagged unreliable; no manual rescue available -- left UNMAPPED,pharmaceutical research management srl
Andover Research Eye Institute,UNMAPPED,1900,2099,Audit-suspect fuzzy: original mapping to gvkey 9071 (RESEARCH INC) flagged unreliable; no manual rescue available -- left UNMAPPED,andover research eye institute
Sionna Therapeutics Inc.,UNMAPPED,1900,2099,Audit-suspect fuzzy: original mapping to gvkey 62632 (SIRNA THERAPEUTICS INC) flagged unreliable; no manual rescue available -- left UNMAPPED,sionna therapeutics inc
LASARRUS Clinic and Research Center,UNMAPPED,1900,2099,Audit-suspect fuzzy: original mapping to gvkey 9071 (RESEARCH INC) flagged unreliable; no manual rescue available -- left UNMAPPED,lasarrus clinic and research center
"Celero Systems, Inc.",UNMAPPED,1900,2099,Audit-suspect fuzzy: original mapping to gvkey 25013 (PLC SYSTEMS INC) flagged unreliable; no manual rescue available -- left UNMAPPED,celero systems inc
selectION Therapeutics GmbH,UNMAPPED,1900,2099,Audit-suspect fuzzy: original mapping to gvkey 65760 (SELECT THERAPEUTICS INC) flagged unreliable; no manual rescue available -- left UNMAPPED,selection therapeutics gmbh
"Phage Pharmaceuticals, Inc.",UNMAPPED,1900,2099,Audit-suspect fuzzy: original mapping to gvkey 28470 (RA PHARMACEUTICALS INC) flagged unreliable; no manual rescue available -- left UNMAPPED,phage pharmaceuticals inc
Productos Científicos S. A. de C. V.,UNMAPPED,1900,2099,Audit-suspect fuzzy: original mapping to gvkey 30584 (A S V INC) flagged unreliable; no manual rescue available -- left UNMAPPED,productos cient ficos s a de c v
Prairie Education and Research Cooperative,UNMAPPED,1900,2099,Audit-suspect fuzzy: original mapping to gvkey 9071 (RESEARCH INC) flagged unreliable; no manual rescue available -- left UNMAPPED,prairie education and research cooperative
Pheon Therapeutics,UNMAPPED,1900,2099,Audit-suspect fuzzy: original mapping to gvkey 13786 (HERON THERAPEUTICS INC) flagged unreliable; no manual rescue available -- left UNMAPPED,pheon therapeutics
NeuroGenetic Pharmaceuticals Inc,UNMAPPED,1900,2099,Audit-suspect fuzzy: original mapping to gvkey 28470 (RA PHARMACEUTICALS INC) flagged unreliable; no manual rescue available -- left UNMAPPED,neurogenetic pharmaceuticals inc
Alar Pharmaceuticals Inc.,UNMAPPED,1900,2099,Audit-suspect fuzzy: original mapping to gvkey 37495 (ARS PHARMACEUTICALS INC) flagged unreliable; no manual rescue available -- left UNMAPPED,alar pharmaceuticals inc
Bows Pharmaceuticals AG,UNMAPPED,1900,2099,Audit-suspect fuzzy: original mapping to gvkey 12180 (OSI PHARMACEUTICALS INC) flagged unreliable; no manual rescue available -- left UNMAPPED,bows pharmaceuticals ag
MultiGene Vascular Systems Ltd.,UNMAPPED,1900,2099,Audit-suspect fuzzy: original mapping to gvkey 25013 (PLC SYSTEMS INC) flagged unreliable; no manual rescue available -- left UNMAPPED,multigene vascular systems ltd
"Nucorion Pharmaceuticals, Inc.",UNMAPPED,1900,2099,Audit-suspect fuzzy: original mapping to gvkey 28470 (RA PHARMACEUTICALS INC) flagged unreliable; no manual rescue available -- left UNMAPPED,nucorion pharmaceuticals inc
B.Braun Médical - CoE Chasseneuil,UNMAPPED,1900,2099,Audit-suspect fuzzy: original mapping to gvkey 64541 (COE GROUP PLC) flagged unreliable; no manual rescue available -- left UNMAPPED,b braun m dical - coe chasseneuil
"NuRx Pharmaceuticals, Inc.",UNMAPPED,1900,2099,Audit-suspect fuzzy: original mapping to gvkey 38874 (NRX PHARMACEUTICALS INC) flagged unreliable; no manual rescue available -- left UNMAPPED,nurx pharmaceuticals inc
"Robert W. Alexander, MD, FICS",UNMAPPED,1900,2099,Audit-suspect fuzzy: original mapping to gvkey 17157 (W HOLDING CO INC) flagged unreliable; no manual rescue available -- left UNMAPPED,robert w alexander md fics
"Altair Therapeutics, Inc.",UNMAPPED,1900,2099,Audit-suspect fuzzy: original mapping to gvkey 21208 (ALTAMIRA THERAPEUTICS LTD) flagged unreliable; no manual rescue available -- left UNMAPPED,altair therapeutics inc
"NFlection Therapeutics, Inc.",UNMAPPED,1900,2099,Audit-suspect fuzzy: original mapping to gvkey 19511 (FLEXION THERAPEUTICS INC) flagged unreliable; no manual rescue available -- left UNMAPPED,nflection therapeutics inc
Aesculap Implant Systems,UNMAPPED,1900,2099,Audit-suspect fuzzy: original mapping to gvkey 25013 (PLC SYSTEMS INC) flagged unreliable; no manual rescue available -- left UNMAPPED,aesculap implant systems
Yamo Pharmaceuticals LLC,UNMAPPED,1900,2099,Audit-suspect fuzzy: original mapping to gvkey 184465 (AMPIO PHARMACEUTICALS INC) flagged unreliable; no manual rescue available -- left UNMAPPED,yamo pharmaceuticals llc
"Najit Technologies, Inc.",UNMAPPED,1900,2099,Audit-suspect fuzzy: original mapping to gvkey 7952 (NAI TECHNOLOGIES INC) flagged unreliable; no manual rescue available -- left UNMAPPED,najit technologies inc
Novatek Pharmaceuticals,UNMAPPED,1900,2099,Audit-suspect fuzzy: original mapping to gvkey 22129 (INOTEK PHARMACEUTICALS CORP) flagged unreliable; no manual rescue available -- left UNMAPPED,novatek pharmaceuticals
Napp Pharmaceuticals Limited,UNMAPPED,1900,2099,Audit-suspect fuzzy: original mapping to gvkey 145512 (APP PHARMACEUTICALS INC) flagged unreliable; no manual rescue available -- left UNMAPPED,napp pharmaceuticals limited
Lyric Pharmaceuticals,UNMAPPED,1900,2099,Audit-suspect fuzzy: original mapping to gvkey 36264 (ORIC PHARMACEUTICALS) flagged unreliable; no manual rescue available -- left UNMAPPED,lyric pharmaceuticals
Nathura S.p.A,UNMAPPED,1900,2099,Audit-suspect fuzzy: original mapping to gvkey 1059 (A P S INC) flagged unreliable; no manual rescue available -- left UNMAPPED,nathura s p a
"Resolvyx Pharmaceuticals, Inc",UNMAPPED,1900,2099,Audit-suspect fuzzy: original mapping to gvkey 28470 (RA PHARMACEUTICALS INC) flagged unreliable; no manual rescue available -- left UNMAPPED,resolvyx pharmaceuticals inc
Rhoshan Pharmaceuticals Inc,UNMAPPED,1900,2099,Audit-suspect fuzzy: original mapping to gvkey 28470 (RA PHARMACEUTICALS INC) flagged unreliable; no manual rescue available -- left UNMAPPED,rhoshan pharmaceuticals inc
Naviscan PET Systems,UNMAPPED,1900,2099,Audit-suspect fuzzy: original mapping to gvkey 23798 (PET INC) flagged unreliable; no manual rescue available -- left UNMAPPED,naviscan pet systems
Brookside Research & Development Company,UNMAPPED,1900,2099,Audit-suspect fuzzy: original mapping to gvkey 9071 (RESEARCH INC) flagged unreliable; no manual rescue available -- left UNMAPPED,brookside research and development company
"Newleos Therapeutics, Inc.",UNMAPPED,1900,2099,Audit-suspect fuzzy: original mapping to gvkey 25377 (NEOS THERAPEUTICS INC) flagged unreliable; no manual rescue available -- left UNMAPPED,newleos therapeutics inc
Revent Medical International B.V.,UNMAPPED,1900,2099,Audit-suspect fuzzy: original mapping to gvkey 2582 (C V INTERNATIONAL CORP) flagged unreliable; no manual rescue available -- left UNMAPPED,revent medical international b v
Bradmer Pharmaceuticals Inc.,UNMAPPED,1900,2099,Audit-suspect fuzzy: original mapping to gvkey 28470 (RA PHARMACEUTICALS INC) flagged unreliable; no manual rescue available -- left UNMAPPED,bradmer pharmaceuticals inc
Neurological Research Center,UNMAPPED,1900,2099,Audit-suspect fuzzy: original mapping to gvkey 9071 (RESEARCH INC) flagged unreliable; no manual rescue available -- left UNMAPPED,neurological research center
NeuroWave Systems Inc.,UNMAPPED,1900,2099,Audit-suspect fuzzy: original mapping to gvkey 25013 (PLC SYSTEMS INC) flagged unreliable; no manual rescue available -- left UNMAPPED,neurowave systems inc
"Nereus Pharmaceuticals, Inc.",UNMAPPED,1900,2099,Audit-suspect fuzzy: original mapping to gvkey 28470 (RA PHARMACEUTICALS INC) flagged unreliable; no manual rescue available -- left UNMAPPED,nereus pharmaceuticals inc
SHEN.AI spółka z ograniczoną odpowiedzialnością oddział w Polsce,UNMAPPED,1900,2099,Audit-suspect fuzzy: original mapping to gvkey 17157 (W HOLDING CO INC) flagged unreliable; no manual rescue available -- left UNMAPPED,shen ai sp ka z ograniczon odpowiedzialno ci oddzia w polsce
"SIMmersion, LLC",UNMAPPED,1900,2099,Audit-suspect fuzzy: original mapping to gvkey 126318 (IMMERSION CORP) flagged unreliable; no manual rescue available -- left UNMAPPED,simmersion llc
Mithra Pharmaceuticals,UNMAPPED,1900,2099,Audit-suspect fuzzy: original mapping to gvkey 43186 (MIRA PHARMACEUTICALS INC) flagged unreliable; no manual rescue available -- left UNMAPPED,mithra pharmaceuticals
Research & Diagnostic Antibodies,UNMAPPED,1900,2099,Audit-suspect fuzzy: original mapping to gvkey 9071 (RESEARCH INC) flagged unreliable; no manual rescue available -- left UNMAPPED,research and diagnostic antibodies
"Organ Recovery Systems, Inc.",UNMAPPED,1900,2099,Audit-suspect fuzzy: original mapping to gvkey 25013 (PLC SYSTEMS INC) flagged unreliable; no manual rescue available -- left UNMAPPED,organ recovery systems inc
MELISA Institute Genomics & Proteomics Research SpA,UNMAPPED,1900,2099,Audit-suspect fuzzy: original mapping to gvkey 9071 (RESEARCH INC) flagged unreliable; no manual rescue available -- left UNMAPPED,melisa institute genomics and proteomics research spa
"Orbus Therapeutics, Inc.",UNMAPPED,1900,2099,Audit-suspect fuzzy: original mapping to gvkey 33720 (RUBIUS THERAPEUTICS INC) flagged unreliable; no manual rescue available -- left UNMAPPED,orbus therapeutics inc
Marius Pharmaceuticals,UNMAPPED,1900,2099,Audit-suspect fuzzy: original mapping to gvkey 20567 (MARINUS PHARMACEUTICALS INC) flagged unreliable; no manual rescue available -- left UNMAPPED,marius pharmaceuticals
"Anchen Pharmaceuticals, Inc",UNMAPPED,1900,2099,Audit-suspect fuzzy: original mapping to gvkey 28470 (RA PHARMACEUTICALS INC) flagged unreliable; no manual rescue available -- left UNMAPPED,anchen pharmaceuticals inc
Reveal Pharmaceuticals Inc.,UNMAPPED,1900,2099,Audit-suspect fuzzy: original mapping to gvkey 28470 (RA PHARMACEUTICALS INC) flagged unreliable; no manual rescue available -- left UNMAPPED,reveal pharmaceuticals inc
"inTumo Therapeutics, Inc.",UNMAPPED,1900,2099,Audit-suspect fuzzy: original mapping to gvkey 61673 (NUO THERAPEUTICS INC) flagged unreliable; no manual rescue available -- left UNMAPPED,intumo therapeutics inc
"Canyon Pharmaceuticals, Inc.",UNMAPPED,1900,2099,Audit-suspect fuzzy: original mapping to gvkey 28470 (RA PHARMACEUTICALS INC) flagged unreliable; no manual rescue available -- left UNMAPPED,canyon pharmaceuticals inc
"Ratio Therapeutics, Inc.",UNMAPPED,1900,2099,Audit-suspect fuzzy: original mapping to gvkey 160770 (MIRATI THERAPEUTICS INC) flagged unreliable; no manual rescue available -- left UNMAPPED,ratio therapeutics inc
Scoliosis SOS Ltd.,UNMAPPED,1900,2099,Audit-suspect fuzzy: original mapping to gvkey 37429 (SOS LIMITED) flagged unreliable; no manual rescue available -- left UNMAPPED,scoliosis sos ltd
Sapience Therapeutics,UNMAPPED,1900,2099,Audit-suspect fuzzy: original mapping to gvkey 207257 (SILENCE THERAPEUTICS PLC) flagged unreliable; no manual rescue available -- left UNMAPPED,sapience therapeutics
One World Cannabis Ltd.,UNMAPPED,1900,2099,Audit-suspect fuzzy: original mapping to gvkey 36851 (ONE) flagged unreliable; no manual rescue available -- left UNMAPPED,one world cannabis ltd
Medical Compression Systems,UNMAPPED,1900,2099,Audit-suspect fuzzy: original mapping to gvkey 25013 (PLC SYSTEMS INC) flagged unreliable; no manual rescue available -- left UNMAPPED,medical compression systems
"Advancell - Advanced In Vitro Cell Technologies, S.A.",UNMAPPED,1900,2099,Audit-suspect fuzzy: original mapping to gvkey 13100 (E A S TECHNOLOGIES INC) flagged unreliable; no manual rescue available -- left UNMAPPED,advancell - advanced in vitro cell technologies s a
"Xanthus Pharmaceuticals, Inc.",UNMAPPED,1900,2099,Audit-suspect fuzzy: original mapping to gvkey 28470 (RA PHARMACEUTICALS INC) flagged unreliable; no manual rescue available -- left UNMAPPED,xanthus pharmaceuticals inc
g.tec medical engineering GmbH,UNMAPPED,1900,2099,Audit-suspect fuzzy: original mapping to gvkey 10276 (TEC INC) flagged unreliable; no manual rescue available -- left UNMAPPED,g tec medical engineering gmbh
Salient Pharmaceuticals Incorporated,UNMAPPED,1900,2099,Audit-suspect fuzzy: original mapping to gvkey 2222 (SAVIENT PHARMACEUTICALS INC) flagged unreliable; no manual rescue available -- left UNMAPPED,salient pharmaceuticals incorporated
Bioscan Research Pvt. Ltd.,UNMAPPED,1900,2099,Audit-suspect fuzzy: original mapping to gvkey 9071 (RESEARCH INC) flagged unreliable; no manual rescue available -- left UNMAPPED,bioscan research pvt ltd
"ARCE Therapeutics, Inc.",UNMAPPED,1900,2099,Audit-suspect fuzzy: original mapping to gvkey 32459 (ACER THERAPEUTICS INC) flagged unreliable; no manual rescue available -- left UNMAPPED,arce therapeutics inc
Mikrobiomik Healthcare Company S.L.,UNMAPPED,1900,2099,Audit-suspect fuzzy: original mapping to gvkey 10948 (U S HEALTHCARE INC) flagged unreliable; no manual rescue available -- left UNMAPPED,mikrobiomik healthcare company s l
NuvoAir Medical PC,UNMAPPED,1900,2099,Audit-suspect fuzzy: original mapping to gvkey 6588 (PC GROUP INC) flagged unreliable; no manual rescue available -- left UNMAPPED,nuvoair medical pc
"Calimmune, Inc.",UNMAPPED,1900,2099,Audit-suspect fuzzy: original mapping to gvkey 31249 (ALTIMMUNE INC) flagged unreliable; no manual rescue available -- left UNMAPPED,calimmune inc
Aegle Therapeutics,UNMAPPED,1900,2099,Audit-suspect fuzzy: original mapping to gvkey 20010 (AGILE THERAPEUTICS INC) flagged unreliable; no manual rescue available -- left UNMAPPED,aegle therapeutics
Matrivax Research and Development Corporation,UNMAPPED,1900,2099,Audit-suspect fuzzy: original mapping to gvkey 9071 (RESEARCH INC) flagged unreliable; no manual rescue available -- left UNMAPPED,matrivax research and development corporation
Kanisa Pharmaceuticals,UNMAPPED,1900,2099,Audit-suspect fuzzy: original mapping to gvkey 18204 (ANI PHARMACEUTICALS INC) flagged unreliable; no manual rescue available -- left UNMAPPED,kanisa pharmaceuticals
"Concentrx Pharmaceuticals, Inc.",UNMAPPED,1900,2099,Audit-suspect fuzzy: original mapping to gvkey 28470 (RA PHARMACEUTICALS INC) flagged unreliable; no manual rescue available -- left UNMAPPED,concentrx pharmaceuticals inc
Genesis Pharma CNS & Specialty,UNMAPPED,1900,2099,Audit-suspect fuzzy: original mapping to gvkey 13474 (CNS INC) flagged unreliable; no manual rescue available -- left UNMAPPED,genesis pharma cns and specialty
Ethos Research & Development,UNMAPPED,1900,2099,Audit-suspect fuzzy: original mapping to gvkey 9071 (RESEARCH INC) flagged unreliable; no manual rescue available -- left UNMAPPED,ethos research and development
Euclid Systems Corporation,UNMAPPED,1900,2099,Audit-suspect fuzzy: original mapping to gvkey 25013 (PLC SYSTEMS INC) flagged unreliable; no manual rescue available -- left UNMAPPED,euclid systems corporation
F Care Systems NV,UNMAPPED,1900,2099,Audit-suspect fuzzy: original mapping to gvkey 25013 (PLC SYSTEMS INC) flagged unreliable; no manual rescue available -- left UNMAPPED,f care systems nv
"FerruMax Pharmaceuticals, Inc.",UNMAPPED,1900,2099,Audit-suspect fuzzy: original mapping to gvkey 28470 (RA PHARMACEUTICALS INC) flagged unreliable; no manual rescue available -- left UNMAPPED,ferrumax pharmaceuticals inc
"Foundry Innovation & Research 1, Limited (FIRE1)",UNMAPPED,1900,2099,Audit-suspect fuzzy: original mapping to gvkey 9071 (RESEARCH INC) flagged unreliable; no manual rescue available -- left UNMAPPED,foundry innovation and research 1 limited fire1
The Bird and Be Co Inc,UNMAPPED,1900,2099,Audit-suspect fuzzy: original mapping to gvkey 122075 (BE INC) flagged unreliable; no manual rescue available -- left UNMAPPED,the bird and be co inc
"Ascidian Therapeutics, Inc",UNMAPPED,1900,2099,Audit-suspect fuzzy: original mapping to gvkey 20245 (CASCADIAN THERAPEUTICS INC) flagged unreliable; no manual rescue available -- left UNMAPPED,ascidian therapeutics inc
"GAP Innovations, PBC",UNMAPPED,1900,2099,Audit-suspect fuzzy: original mapping to gvkey 4990 (GAP INC) flagged unreliable; no manual rescue available -- left UNMAPPED,gap innovations pbc
GSK Vaccines Institute For Global Health S.r.l.,UNMAPPED,1900,2099,Audit-suspect fuzzy: original mapping to gvkey 5180 (GSK PLC) flagged unreliable; no manual rescue available -- left UNMAPPED,gsk vaccines institute for global health s r l
Community and Patient Preference Research Pty Ltd,UNMAPPED,1900,2099,Audit-suspect fuzzy: original mapping to gvkey 9071 (RESEARCH INC) flagged unreliable; no manual rescue available -- left UNMAPPED,community and patient preference research pty ltd
General Electric Research,UNMAPPED,1900,2099,Audit-suspect fuzzy: original mapping to gvkey 9071 (RESEARCH INC) flagged unreliable; no manual rescue available -- left UNMAPPED,general electric research
"Abrexa Pharmaceuticals, Inc.",UNMAPPED,1900,2099,Audit-suspect fuzzy: original mapping to gvkey 138122 (ARENA PHARMACEUTICALS INC) flagged unreliable; no manual rescue available -- left UNMAPPED,abrexa pharmaceuticals inc
AVVA Pharmaceuticals Ltd.,UNMAPPED,1900,2099,Audit-suspect fuzzy: original mapping to gvkey 177606 (VIA PHARMACEUTICALS INC) flagged unreliable; no manual rescue available -- left UNMAPPED,avva pharmaceuticals ltd
"U-Systems, Inc.",UNMAPPED,1900,2099,Audit-suspect fuzzy: original mapping to gvkey 4159 (E-SYSTEMS INC) flagged unreliable; no manual rescue available -- left UNMAPPED,u-systems inc
"Genzada Pharmaceuticals USA, Inc.",UNMAPPED,1900,2099,Audit-suspect fuzzy: original mapping to gvkey 28470 (RA PHARMACEUTICALS INC) flagged unreliable; no manual rescue available -- left UNMAPPED,genzada pharmaceuticals usa inc
"Access Pharmaceuticals, Inc.",UNMAPPED,1900,2099,Audit-suspect fuzzy: original mapping to gvkey 28470 (RA PHARMACEUTICALS INC) flagged unreliable; no manual rescue available -- left UNMAPPED,access pharmaceuticals inc
Giellepi S.p.A,UNMAPPED,1900,2099,Audit-suspect fuzzy: original mapping to gvkey 1059 (A P S INC) flagged unreliable; no manual rescue available -- left UNMAPPED,giellepi s p a
Targovax ASA,UNMAPPED,1900,2099,Audit-suspect fuzzy: original mapping to gvkey 1849 (ASA HOLDINGS INC) flagged unreliable; no manual rescue available -- left UNMAPPED,targovax asa
Acer Medical Inc.,UNMAPPED,1900,2099,Audit-suspect fuzzy: original mapping to gvkey 13593 (PACE MEDICAL INC) flagged unreliable; no manual rescue available -- left UNMAPPED,acer medical inc
Colby Pharmaceutical Company,UNMAPPED,1900,2099,Audit-suspect fuzzy: original mapping to gvkey 163888 (COLEY PHARMACEUTICAL GROUP) flagged unreliable; no manual rescue available -- left UNMAPPED,colby pharmaceutical company
"Tacere Therapeutics, Inc.",UNMAPPED,1900,2099,Audit-suspect fuzzy: original mapping to gvkey 32459 (ACER THERAPEUTICS INC) flagged unreliable; no manual rescue available -- left UNMAPPED,tacere therapeutics inc
Guided Therapy Systems,UNMAPPED,1900,2099,Audit-suspect fuzzy: original mapping to gvkey 25013 (PLC SYSTEMS INC) flagged unreliable; no manual rescue available -- left UNMAPPED,guided therapy systems
Cogentus Pharmaceuticals,UNMAPPED,1900,2099,Audit-suspect fuzzy: original mapping to gvkey 18161 (CONATUS PHARMACEUTICALS INC) flagged unreliable; no manual rescue available -- left UNMAPPED,cogentus pharmaceuticals
Clionsky Neuro Systems Inc.,UNMAPPED,1900,2099,Audit-suspect fuzzy: original mapping to gvkey 25013 (PLC SYSTEMS INC) flagged unreliable; no manual rescue available -- left UNMAPPED,clionsky neuro systems inc
"Vallon Pharmaceuticals, Inc.",UNMAPPED,1900,2099,Audit-suspect fuzzy: original mapping to gvkey 28470 (RA PHARMACEUTICALS INC) flagged unreliable; no manual rescue available -- left UNMAPPED,vallon pharmaceuticals inc
"Clinical Research Management, Inc.",UNMAPPED,1900,2099,Audit-suspect fuzzy: original mapping to gvkey 9071 (RESEARCH INC) flagged unreliable; no manual rescue available -- left UNMAPPED,clinical research management inc
Esperance Pharmaceuticals Inc,UNMAPPED,1900,2099,Audit-suspect fuzzy: original mapping to gvkey 28470 (RA PHARMACEUTICALS INC) flagged unreliable; no manual rescue available -- left UNMAPPED,esperance pharmaceuticals inc
Esaote S.p.A.,UNMAPPED,1900,2099,Audit-suspect fuzzy: original mapping to gvkey 1059 (A P S INC) flagged unreliable; no manual rescue available -- left UNMAPPED,esaote s p a
Stoparkinson Healthcare Systems LLC,UNMAPPED,1900,2099,Audit-suspect fuzzy: original mapping to gvkey 25013 (PLC SYSTEMS INC) flagged unreliable; no manual rescue available -- left UNMAPPED,stoparkinson healthcare systems llc
"Theron Pharmaceuticals, Inc.",UNMAPPED,1900,2099,Audit-suspect fuzzy: original mapping to gvkey 28470 (RA PHARMACEUTICALS INC) flagged unreliable; no manual rescue available -- left UNMAPPED,theron pharmaceuticals inc
"DelMar Pharmaceuticals, Inc.",UNMAPPED,1900,2099,Audit-suspect fuzzy: original mapping to gvkey 28470 (RA PHARMACEUTICALS INC) flagged unreliable; no manual rescue available -- left UNMAPPED,delmar pharmaceuticals inc
Derm Research @ 888 Inc.,UNMAPPED,1900,2099,Audit-suspect fuzzy: original mapping to gvkey 9071 (RESEARCH INC) flagged unreliable; no manual rescue available -- left UNMAPPED,derm research 888 inc
Tinea Pharmaceuticals,UNMAPPED,1900,2099,Audit-suspect fuzzy: original mapping to gvkey 14538 (TEVA PHARMACEUTICALS) flagged unreliable; no manual rescue available -- left UNMAPPED,tinea pharmaceuticals
Timser SAPI de CV,UNMAPPED,1900,2099,Audit-suspect fuzzy: original mapping to gvkey 163863 (CV HOLDINGS INC) flagged unreliable; no manual rescue available -- left UNMAPPED,timser sapi de cv
Directed Systems Limited,UNMAPPED,1900,2099,Audit-suspect fuzzy: original mapping to gvkey 25013 (PLC SYSTEMS INC) flagged unreliable; no manual rescue available -- left UNMAPPED,directed systems limited
TriCity Research Center,UNMAPPED,1900,2099,Audit-suspect fuzzy: original mapping to gvkey 9071 (RESEARCH INC) flagged unreliable; no manual rescue available -- left UNMAPPED,tricity research center
"Aucta Pharmaceuticals, Inc",UNMAPPED,1900,2099,Audit-suspect fuzzy: original mapping to gvkey 37292 (ATEA PHARMACEUTICALS INC) flagged unreliable; no manual rescue available -- left UNMAPPED,aucta pharmaceuticals inc
DocMe Technologies Ltd,UNMAPPED,1900,2099,Audit-suspect fuzzy: original mapping to gvkey 24929 (DOCUMENT TECHNOLOGIES INC) flagged unreliable; no manual rescue available -- left UNMAPPED,docme technologies ltd
Double S Instructonal Systems,UNMAPPED,1900,2099,Audit-suspect fuzzy: original mapping to gvkey 25013 (PLC SYSTEMS INC) flagged unreliable; no manual rescue available -- left UNMAPPED,double s instructonal systems
Timber Pharmaceuticals Inc.,UNMAPPED,1900,2099,Audit-suspect fuzzy: original mapping to gvkey 176594 (OPTIMER PHARMACEUTICALS INC) flagged unreliable; no manual rescue available -- left UNMAPPED,timber pharmaceuticals inc
"Draeger Medical Systems, Inc.",UNMAPPED,1900,2099,Audit-suspect fuzzy: original mapping to gvkey 25013 (PLC SYSTEMS INC) flagged unreliable; no manual rescue available -- left UNMAPPED,draeger medical systems inc
Atsena Therapeutics Inc.,UNMAPPED,1900,2099,Audit-suspect fuzzy: original mapping to gvkey 27939 (TENAX THERAPEUTICS INC) flagged unreliable; no manual rescue available -- left UNMAPPED,atsena therapeutics inc
"Edgewater Safety Systems, Inc.",UNMAPPED,1900,2099,Audit-suspect fuzzy: original mapping to gvkey 25013 (PLC SYSTEMS INC) flagged unreliable; no manual rescue available -- left UNMAPPED,edgewater safety systems inc
Epitopoietic Research Corporation,UNMAPPED,1900,2099,Audit-suspect fuzzy: original mapping to gvkey 9071 (RESEARCH INC) flagged unreliable; no manual rescue available -- left UNMAPPED,epitopoietic research corporation
Athos Therapeutics Inc,UNMAPPED,1900,2099,Audit-suspect fuzzy: original mapping to gvkey 185659 (ATOSSA THERAPEUTICS INC) flagged unreliable; no manual rescue available -- left UNMAPPED,athos therapeutics inc
The Vaccine Company,UNMAPPED,1900,2099,Audit-suspect fuzzy: original mapping to gvkey 11151 (GROUP INC (THE)) flagged unreliable; no manual rescue available -- left UNMAPPED,the vaccine company
AstriVax Therapeutics,UNMAPPED,1900,2099,Audit-suspect fuzzy: original mapping to gvkey 23980 (ASTRIA THERAPEUTICS INC) flagged unreliable; no manual rescue available -- left UNMAPPED,astrivax therapeutics
Cross Research S.A.,UNMAPPED,1900,2099,Audit-suspect fuzzy: original mapping to gvkey 9071 (RESEARCH INC) flagged unreliable; no manual rescue available -- left UNMAPPED,cross research s a
Cristal Therapeutics,UNMAPPED,1900,2099,Audit-suspect fuzzy: original mapping to gvkey 264668 (CRITICAL THERAPEUTICS INC) flagged unreliable; no manual rescue available -- left UNMAPPED,cristal therapeutics
"Elira Therapeutics, Inc.",UNMAPPED,1900,2099,Audit-suspect fuzzy: original mapping to gvkey 36300 (LYRA THERAPEUTICS INC) flagged unreliable; no manual rescue available -- left UNMAPPED,elira therapeutics inc
Elixir Pharmaceuticals,UNMAPPED,1900,2099,Audit-suspect fuzzy: original mapping to gvkey 325899 (TELIX PHARMACEUTICALS LTD) flagged unreliable; no manual rescue available -- left UNMAPPED,elixir pharmaceuticals
Empower Research Inc,UNMAPPED,1900,2099,Audit-suspect fuzzy: original mapping to gvkey 9071 (RESEARCH INC) flagged unreliable; no manual rescue available -- left UNMAPPED,empower research inc
"Encora, Inc.",UNMAPPED,1900,2099,Audit-suspect fuzzy: original mapping to gvkey 31673 (CENCORA INC) flagged unreliable; no manual rescue available -- left UNMAPPED,encora inc
Entos Pharmaceuticals Inc.,UNMAPPED,1900,2099,Audit-suspect fuzzy: original mapping to gvkey 37473 (PETROS PHARMACEUTICALS INC) flagged unreliable; no manual rescue available -- left UNMAPPED,entos pharmaceuticals inc
Eodyne Systems SL,UNMAPPED,1900,2099,Audit-suspect fuzzy: original mapping to gvkey 25013 (PLC SYSTEMS INC) flagged unreliable; no manual rescue available -- left UNMAPPED,eodyne systems sl
Epion Therapeutics,UNMAPPED,1900,2099,Audit-suspect fuzzy: original mapping to gvkey 18162 (ESPERION THERAPEUTICS INC) flagged unreliable; no manual rescue available -- left UNMAPPED,epion therapeutics
Hemotech,UNMAPPED,1900,2099,Audit-suspect fuzzy: original mapping to gvkey 5584 (HEMOTEC INC) flagged unreliable; no manual rescue available -- left UNMAPPED,hemotech
"Pressure Profile Systems, Inc.",UNMAPPED,1900,2099,Audit-suspect fuzzy: original mapping to gvkey 25013 (PLC SYSTEMS INC) flagged unreliable; no manual rescue available -- left UNMAPPED,pressure profile systems inc
"Innovus Pharmaceuticals, Inc.",UNMAPPED,1900,2099,Audit-suspect fuzzy: original mapping to gvkey 28470 (RA PHARMACEUTICALS INC) flagged unreliable; no manual rescue available -- left UNMAPPED,innovus pharmaceuticals inc
"ChemRar Research and Development Institute, LLC",UNMAPPED,1900,2099,Audit-suspect fuzzy: original mapping to gvkey 9071 (RESEARCH INC) flagged unreliable; no manual rescue available -- left UNMAPPED,chemrar research and development institute llc
Inflamax Research Incorporated,UNMAPPED,1900,2099,Audit-suspect fuzzy: original mapping to gvkey 9071 (RESEARCH INC) flagged unreliable; no manual rescue available -- left UNMAPPED,inflamax research incorporated
Institute of OM Foundation,UNMAPPED,1900,2099,Audit-suspect fuzzy: original mapping to gvkey 29001 (OM GROUP INC) flagged unreliable; no manual rescue available -- left UNMAPPED,institute of om foundation
"Indapta Therapeutics, INC.",UNMAPPED,1900,2099,Audit-suspect fuzzy: original mapping to gvkey 349972 (INDAPTUS THERAPEUTICS INC) flagged unreliable; no manual rescue available -- left UNMAPPED,indapta therapeutics inc
"Intas Pharmaceuticals, Ltd.",UNMAPPED,1900,2099,Audit-suspect fuzzy: original mapping to gvkey 138662 (ISTA PHARMACEUTICALS INC) flagged unreliable; no manual rescue available -- left UNMAPPED,intas pharmaceuticals ltd
Acurx Pharmaceuticals Inc.,UNMAPPED,1900,2099,Audit-suspect fuzzy: original mapping to gvkey 11929 (ACURA PHARMACEUTICALS INC) flagged unreliable; no manual rescue available -- left UNMAPPED,acurx pharmaceuticals inc
Arana Therapeutics Ltd,UNMAPPED,1900,2099,Audit-suspect fuzzy: original mapping to gvkey 17567 (ARATANA THERAPEUTICS) flagged unreliable; no manual rescue available -- left UNMAPPED,arana therapeutics ltd
SpotOn Therapeutics Ltd.,UNMAPPED,1900,2099,Audit-suspect fuzzy: original mapping to gvkey 21802 (PROTEON THERAPEUTICS INC) flagged unreliable; no manual rescue available -- left UNMAPPED,spoton therapeutics ltd
ICAN Nutrition Education and Research,UNMAPPED,1900,2099,Audit-suspect fuzzy: original mapping to gvkey 9071 (RESEARCH INC) flagged unreliable; no manual rescue available -- left UNMAPPED,ican nutrition education and research
"Vega Therapeutics, Inc",UNMAPPED,1900,2099,Audit-suspect fuzzy: original mapping to gvkey 38782 (VERA THERAPEUTICS INC) flagged unreliable; no manual rescue available -- left UNMAPPED,vega therapeutics inc
Intelligent Hearing Systems,UNMAPPED,1900,2099,Audit-suspect fuzzy: original mapping to gvkey 25013 (PLC SYSTEMS INC) flagged unreliable; no manual rescue available -- left UNMAPPED,intelligent hearing systems
"Square2 Systems, Inc.",UNMAPPED,1900,2099,Audit-suspect fuzzy: original mapping to gvkey 25013 (PLC SYSTEMS INC) flagged unreliable; no manual rescue available -- left UNMAPPED,square2 systems inc
"Sky Medical Supplies & Equipments, LLC",UNMAPPED,1900,2099,Audit-suspect fuzzy: original mapping to gvkey 31137 (SKY PLC) flagged unreliable; no manual rescue available -- left UNMAPPED,sky medical supplies and equipments llc
Imricor Medical Systems,UNMAPPED,1900,2099,Audit-suspect fuzzy: original mapping to gvkey 25013 (PLC SYSTEMS INC) flagged unreliable; no manual rescue available -- left UNMAPPED,imricor medical systems
Immunology Research Institute in Gifu,UNMAPPED,1900,2099,Audit-suspect fuzzy: original mapping to gvkey 9071 (RESEARCH INC) flagged unreliable; no manual rescue available -- left UNMAPPED,immunology research institute in gifu
InGef - Institute for Applied Health Research Berlin GmbH,UNMAPPED,1900,2099,Audit-suspect fuzzy: original mapping to gvkey 9071 (RESEARCH INC) flagged unreliable; no manual rescue available -- left UNMAPPED,ingef - institute for applied health research berlin gmbh
"Cirius Therapeutics, Inc.",UNMAPPED,1900,2099,Audit-suspect fuzzy: original mapping to gvkey 184114 (TRIUS THERAPEUTICS INC) flagged unreliable; no manual rescue available -- left UNMAPPED,cirius therapeutics inc
"Aria CV, Inc",UNMAPPED,1900,2099,Audit-suspect fuzzy: original mapping to gvkey 163863 (CV HOLDINGS INC) flagged unreliable; no manual rescue available -- left UNMAPPED,aria cv inc
"InCarda Therapeutics, Inc.",UNMAPPED,1900,2099,Audit-suspect fuzzy: original mapping to gvkey 50516 (BICARA THERAPEUTICS INC) flagged unreliable; no manual rescue available -- left UNMAPPED,incarda therapeutics inc
"Venous Health Systems, Inc.",UNMAPPED,1900,2099,Audit-suspect fuzzy: original mapping to gvkey 25013 (PLC SYSTEMS INC) flagged unreliable; no manual rescue available -- left UNMAPPED,venous health systems inc
"aRigen Pharmaceuticals, Inc.",UNMAPPED,1900,2099,Audit-suspect fuzzy: original mapping to gvkey 18749 (AERIE PHARMACEUTICALS INC) flagged unreliable; no manual rescue available -- left UNMAPPED,arigen pharmaceuticals inc
Ahava Dead Sea Laboratories,UNMAPPED,1900,2099,Audit-suspect fuzzy: original mapping to gvkey 32546 (SEA LIMITED) flagged unreliable; no manual rescue available -- left UNMAPPED,ahava dead sea laboratories
Recovery Record Research,UNMAPPED,1900,2099,Audit-suspect fuzzy: original mapping to gvkey 9071 (RESEARCH INC) flagged unreliable; no manual rescue available -- left UNMAPPED,recovery record research
SigmaDrugs Research Ltd.,UNMAPPED,1900,2099,Audit-suspect fuzzy: original mapping to gvkey 9071 (RESEARCH INC) flagged unreliable; no manual rescue available -- left UNMAPPED,sigmadrugs research ltd
Triphase Research and Development III Corp.,UNMAPPED,1900,2099,Audit-suspect fuzzy: original mapping to gvkey 9071 (RESEARCH INC) flagged unreliable; no manual rescue available -- left UNMAPPED,triphase research and development iii corp
"Sorriso Pharmaceuticals, Inc.",UNMAPPED,1900,2099,Audit-suspect fuzzy: original mapping to gvkey 28470 (RA PHARMACEUTICALS INC) flagged unreliable; no manual rescue available -- left UNMAPPED,sorriso pharmaceuticals inc
"Ajax Therapeutics, Inc.",UNMAPPED,1900,2099,Audit-suspect fuzzy: original mapping to gvkey 38857 (JANUX THERAPEUTICS INC) flagged unreliable; no manual rescue available -- left UNMAPPED,ajax therapeutics inc
Aderis Pharmaceuticals,UNMAPPED,1900,2099,Audit-suspect fuzzy: original mapping to gvkey 18749 (AERIE PHARMACEUTICALS INC) flagged unreliable; no manual rescue available -- left UNMAPPED,aderis pharmaceuticals
Research Institute of Geroprotective Technologies,UNMAPPED,1900,2099,Audit-suspect fuzzy: original mapping to gvkey 9071 (RESEARCH INC) flagged unreliable; no manual rescue available -- left UNMAPPED,research institute of geroprotective technologies
Vesalius Medical Technologies,UNMAPPED,1900,2099,Audit-suspect fuzzy: original mapping to gvkey 21000 (HELIUS MEDICAL TECHNOLOGIES) flagged unreliable; no manual rescue available -- left UNMAPPED,vesalius medical technologies
"ReacX Pharmaceuticals, Inc.",UNMAPPED,1900,2099,Audit-suspect fuzzy: original mapping to gvkey 28470 (RA PHARMACEUTICALS INC) flagged unreliable; no manual rescue available -- left UNMAPPED,reacx pharmaceuticals inc
Zilia Inc.,UNMAPPED,1900,2099,Audit-suspect fuzzy: original mapping to gvkey 16488 (ZILA INC) flagged unreliable; no manual rescue available -- left UNMAPPED,zilia inc
The Rainforest Company,UNMAPPED,1900,2099,Audit-suspect fuzzy: original mapping to gvkey 11151 (GROUP INC (THE)) flagged unreliable; no manual rescue available -- left UNMAPPED,the rainforest company
Reiley Pharmaceuticals Inc.,UNMAPPED,1900,2099,Audit-suspect fuzzy: original mapping to gvkey 28470 (RA PHARMACEUTICALS INC) flagged unreliable; no manual rescue available -- left UNMAPPED,reiley pharmaceuticals inc
Tyligand Pharmaceuticals (Suzhou) Limited,UNMAPPED,1900,2099,Audit-suspect fuzzy: original mapping to gvkey 247881 (GW PHARMACEUTICALS LIMITED) flagged unreliable; no manual rescue available -- left UNMAPPED,tyligand pharmaceuticals suzhou limited
"The Pregene (ShenZhen) Biotechnology Company, Ltd.",UNMAPPED,1900,2099,Audit-suspect fuzzy: original mapping to gvkey 11151 (GROUP INC (THE)) flagged unreliable; no manual rescue available -- left UNMAPPED,the pregene shenzhen biotechnology company ltd
The Plasma Source,UNMAPPED,1900,2099,Audit-suspect fuzzy: original mapping to gvkey 11151 (GROUP INC (THE)) flagged unreliable; no manual rescue available -- left UNMAPPED,the plasma source
"The National Institutes of Pharmaceutical R&D Co. Ltd, China",UNMAPPED,1900,2099,Audit-suspect fuzzy: original mapping to gvkey 11151 (GROUP INC (THE)) flagged unreliable; no manual rescue available -- left UNMAPPED,the national institutes of pharmaceutical r and d co ltd china
Research Consult GmbH,UNMAPPED,1900,2099,Audit-suspect fuzzy: original mapping to gvkey 9071 (RESEARCH INC) flagged unreliable; no manual rescue available -- left UNMAPPED,research consult gmbh
Sopherion Therapeutics,UNMAPPED,1900,2099,Audit-suspect fuzzy: original mapping to gvkey 18162 (ESPERION THERAPEUTICS INC) flagged unreliable; no manual rescue available -- left UNMAPPED,sopherion therapeutics
The Mentholatum Company,UNMAPPED,1900,2099,Audit-suspect fuzzy: original mapping to gvkey 11151 (GROUP INC (THE)) flagged unreliable; no manual rescue available -- left UNMAPPED,the mentholatum company
"The Institutes for Pharmaceutical Discovery, LLC",UNMAPPED,1900,2099,Audit-suspect fuzzy: original mapping to gvkey 11151 (GROUP INC (THE)) flagged unreliable; no manual rescue available -- left UNMAPPED,the institutes for pharmaceutical discovery llc
Zi Diligence Biocenter,UNMAPPED,1900,2099,Audit-suspect fuzzy: original mapping to gvkey 26264 (ZI CORP) flagged unreliable; no manual rescue available -- left UNMAPPED,zi diligence biocenter
The Institute for Iterative Thinking,UNMAPPED,1900,2099,Audit-suspect fuzzy: original mapping to gvkey 11151 (GROUP INC (THE)) flagged unreliable; no manual rescue available -- left UNMAPPED,the institute for iterative thinking
"SignalRX Pharmaceuticals, Inc.",UNMAPPED,1900,2099,Audit-suspect fuzzy: original mapping to gvkey 28470 (RA PHARMACEUTICALS INC) flagged unreliable; no manual rescue available -- left UNMAPPED,signalrx pharmaceuticals inc
Zeta Technologies,UNMAPPED,1900,2099,Audit-suspect fuzzy: original mapping to gvkey 13443 (XETA TECHNOLOGIES INC) flagged unreliable; no manual rescue available -- left UNMAPPED,zeta technologies
The National Institute of Lymphology,UNMAPPED,1900,2099,Audit-suspect fuzzy: original mapping to gvkey 11151 (GROUP INC (THE)) flagged unreliable; no manual rescue available -- left UNMAPPED,the national institute of lymphology
Senscio Systems,UNMAPPED,1900,2099,Audit-suspect fuzzy: original mapping to gvkey 25013 (PLC SYSTEMS INC) flagged unreliable; no manual rescue available -- left UNMAPPED,senscio systems
The Taub Group,UNMAPPED,1900,2099,Audit-suspect fuzzy: original mapping to gvkey 11151 (GROUP INC (THE)) flagged unreliable; no manual rescue available -- left UNMAPPED,the taub group
QC Kinetix LLC,UNMAPPED,1900,2099,Audit-suspect fuzzy: original mapping to gvkey 160417 (QC HOLDINGS INC) flagged unreliable; no manual rescue available -- left UNMAPPED,qc kinetix llc
"Society for the Advancement of Blood Management, Inc",UNMAPPED,1900,2099,Audit-suspect fuzzy: original mapping to gvkey 11151 (GROUP INC (THE)) flagged unreliable; no manual rescue available -- left UNMAPPED,society for the advancement of blood management inc
Pure Green Pharmaceuticals Inc.,UNMAPPED,1900,2099,Audit-suspect fuzzy: original mapping to gvkey 28470 (RA PHARMACEUTICALS INC) flagged unreliable; no manual rescue available -- left UNMAPPED,pure green pharmaceuticals inc
Trident Pharmaceuticals Inc,UNMAPPED,1900,2099,Audit-suspect fuzzy: original mapping to gvkey 28470 (RA PHARMACEUTICALS INC) flagged unreliable; no manual rescue available -- left UNMAPPED,trident pharmaceuticals inc
mHealth Systems Inc.,UNMAPPED,1900,2099,Audit-suspect fuzzy: original mapping to gvkey 25013 (PLC SYSTEMS INC) flagged unreliable; no manual rescue available -- left UNMAPPED,mhealth systems inc
Pulsion Medical Systems SE,UNMAPPED,1900,2099,Audit-suspect fuzzy: original mapping to gvkey 25013 (PLC SYSTEMS INC) flagged unreliable; no manual rescue available -- left UNMAPPED,pulsion medical systems se
Social & Scientific Systems Inc.,UNMAPPED,1900,2099,Audit-suspect fuzzy: original mapping to gvkey 25013 (PLC SYSTEMS INC) flagged unreliable; no manual rescue available -- left UNMAPPED,social and scientific systems inc
"ViralClear Pharmaceuticals, Inc.",UNMAPPED,1900,2099,Audit-suspect fuzzy: original mapping to gvkey 28470 (RA PHARMACEUTICALS INC) flagged unreliable; no manual rescue available -- left UNMAPPED,viralclear pharmaceuticals inc
"Psicofarma, S.A. De C.V.",UNMAPPED,1900,2099,Audit-suspect fuzzy: original mapping to gvkey 30584 (A S V INC) flagged unreliable; no manual rescue available -- left UNMAPPED,psicofarma s a de c v
"Protez Pharmaceuticals, Inc.",UNMAPPED,1900,2099,Audit-suspect fuzzy: original mapping to gvkey 25003 (PROTIDE PHARMACEUTICALS INC) flagged unreliable; no manual rescue available -- left UNMAPPED,protez pharmaceuticals inc
Prosthetic Design & Research,UNMAPPED,1900,2099,Audit-suspect fuzzy: original mapping to gvkey 9071 (RESEARCH INC) flagged unreliable; no manual rescue available -- left UNMAPPED,prosthetic design and research
Sirius Medical Systems B.V.,UNMAPPED,1900,2099,Audit-suspect fuzzy: original mapping to gvkey 25013 (PLC SYSTEMS INC) flagged unreliable; no manual rescue available -- left UNMAPPED,sirius medical systems b v
Smartest Technologies,UNMAPPED,1900,2099,Audit-suspect fuzzy: original mapping to gvkey 182331 (SMART TECHNOLOGIES INC) flagged unreliable; no manual rescue available -- left UNMAPPED,smartest technologies
"Tolera Therapeutics, Inc",UNMAPPED,1900,2099,Audit-suspect fuzzy: original mapping to gvkey 18350 (OCERA THERAPEUTICS INC) flagged unreliable; no manual rescue available -- left UNMAPPED,tolera therapeutics inc
Sleep Systems,UNMAPPED,1900,2099,Audit-suspect fuzzy: original mapping to gvkey 25013 (PLC SYSTEMS INC) flagged unreliable; no manual rescue available -- left UNMAPPED,sleep systems
Abdera Therapeutics Inc.,UNMAPPED,1900,2099,Audit-suspect fuzzy: original mapping to gvkey 20018 (ALDEYRA THERAPEUTICS INC) flagged unreliable; no manual rescue available -- left UNMAPPED,abdera therapeutics inc
"Abfero Pharmaceuticals, Inc",UNMAPPED,1900,2099,Audit-suspect fuzzy: original mapping to gvkey 28470 (RA PHARMACEUTICALS INC) flagged unreliable; no manual rescue available -- left UNMAPPED,abfero pharmaceuticals inc
"Abela Pharmaceuticals, Inc.",UNMAPPED,1900,2099,Audit-suspect fuzzy: original mapping to gvkey 37292 (ATEA PHARMACEUTICALS INC) flagged unreliable; no manual rescue available -- left UNMAPPED,abela pharmaceuticals inc
Società Generale delle Acque Minerali S.p.A.,UNMAPPED,1900,2099,Audit-suspect fuzzy: original mapping to gvkey 1059 (A P S INC) flagged unreliable; no manual rescue available -- left UNMAPPED,societ generale delle acque minerali s p a
Thorasys Thoracic Medical Systems Inc.,UNMAPPED,1900,2099,Audit-suspect fuzzy: original mapping to gvkey 25013 (PLC SYSTEMS INC) flagged unreliable; no manual rescue available -- left UNMAPPED,thorasys thoracic medical systems inc
isRed Pharma & Biotech Research Corporation,UNMAPPED,1900,2099,Audit-suspect fuzzy: original mapping to gvkey 9071 (RESEARCH INC) flagged unreliable; no manual rescue available -- left UNMAPPED,isred pharma and biotech research corporation
QRS Asia Sdn Bhd,UNMAPPED,1900,2099,Audit-suspect fuzzy: original mapping to gvkey 28700 (QRS CORP) flagged unreliable; no manual rescue available -- left UNMAPPED,qrs asia sdn bhd
Trio Grup Clinical Research,UNMAPPED,1900,2099,Audit-suspect fuzzy: original mapping to gvkey 9071 (RESEARCH INC) flagged unreliable; no manual rescue available -- left UNMAPPED,trio grup clinical research
Zespri International Limited,UNMAPPED,1900,2099,Audit-suspect fuzzy: original mapping to gvkey 37612 (TH INTERNATIONAL LIMITED) flagged unreliable; no manual rescue available -- left UNMAPPED,zespri international limited
Silver Lake Research Corporation,UNMAPPED,1900,2099,Audit-suspect fuzzy: original mapping to gvkey 9071 (RESEARCH INC) flagged unreliable; no manual rescue available -- left UNMAPPED,silver lake research corporation
"Radnor Registry Research, Inc",UNMAPPED,1900,2099,Audit-suspect fuzzy: original mapping to gvkey 9071 (RESEARCH INC) flagged unreliable; no manual rescue available -- left UNMAPPED,radnor registry research inc
The Wave Innovation Group s.r.l.,UNMAPPED,1900,2099,Audit-suspect fuzzy: original mapping to gvkey 11151 (GROUP INC (THE)) flagged unreliable; no manual rescue available -- left UNMAPPED,the wave innovation group s r l
Trin Therapeutics GmbH,UNMAPPED,1900,2099,Audit-suspect fuzzy: original mapping to gvkey 31656 (REIN THERAPEUTICS INC) flagged unreliable; no manual rescue available -- left UNMAPPED,trin therapeutics gmbh
"ThermaRx, Inc.",UNMAPPED,1900,2099,Audit-suspect fuzzy: original mapping to gvkey 63094 (THERMATRIX INC) flagged unreliable; no manual rescue available -- left UNMAPPED,thermarx inc
Alavita Pharmaceuticals Inc,UNMAPPED,1900,2099,Audit-suspect fuzzy: original mapping to gvkey 29251 (KALVISTA PHARMACEUTICALS) flagged unreliable; no manual rescue available -- left UNMAPPED,alavita pharmaceuticals inc
RH Nanopharmaceuticals,UNMAPPED,1900,2099,Audit-suspect fuzzy: original mapping to gvkey 111873 (RH) flagged unreliable; no manual rescue available -- left UNMAPPED,rh nanopharmaceuticals
"Somnetics International, Inc.",UNMAPPED,1900,2099,Audit-suspect fuzzy: original mapping to gvkey 6957 (MAGNETICS INTERNATIONAL INC) flagged unreliable; no manual rescue available -- left UNMAPPED,somnetics international inc
RD Global Araştirma Geliştirme Sağlik Ilaç Inşaat Yatirimlari A.Ş.,UNMAPPED,1900,2099,Audit-suspect fuzzy: original mapping to gvkey 16273 (GLOBAL A INC) flagged unreliable; no manual rescue available -- left UNMAPPED,rd global ara tirma geli tirme sa lik ila in aat yatirimlari a
"Thesan Pharmaceuticals, Inc.",UNMAPPED,1900,2099,Audit-suspect fuzzy: original mapping to gvkey 28470 (RA PHARMACEUTICALS INC) flagged unreliable; no manual rescue available -- left UNMAPPED,thesan pharmaceuticals inc
"Quantum Applied Science & Research, Inc.",UNMAPPED,1900,2099,Audit-suspect fuzzy: original mapping to gvkey 9071 (RESEARCH INC) flagged unreliable; no manual rescue available -- left UNMAPPED,quantum applied science and research inc
Adeona Pharmaceuticals,UNMAPPED,1900,2099,Audit-suspect fuzzy: original mapping to gvkey 138122 (ARENA PHARMACEUTICALS INC) flagged unreliable; no manual rescue available -- left UNMAPPED,adeona pharmaceuticals
"ACR Biologics, LLC",UNMAPPED,1900,2099,Audit-suspect fuzzy: original mapping to gvkey 21686 (ACR GROUP INC) flagged unreliable; no manual rescue available -- left UNMAPPED,acr biologics llc
"Quanta System, S.p.A.",UNMAPPED,1900,2099,Audit-suspect fuzzy: original mapping to gvkey 1059 (A P S INC) flagged unreliable; no manual rescue available -- left UNMAPPED,quanta system s p a
"Qualitix Clinical Research Co., Ltd.",UNMAPPED,1900,2099,Audit-suspect fuzzy: original mapping to gvkey 9071 (RESEARCH INC) flagged unreliable; no manual rescue available -- left UNMAPPED,qualitix clinical research co ltd
"Virios Therapeutics, Inc.",UNMAPPED,1900,2099,Audit-suspect fuzzy: original mapping to gvkey 37290 (VIVOS THERAPEUTICS INC) flagged unreliable; no manual rescue available -- left UNMAPPED,virios therapeutics inc
U: The Mind Company,UNMAPPED,1900,2099,Audit-suspect fuzzy: original mapping to gvkey 11151 (GROUP INC (THE)) flagged unreliable; no manual rescue available -- left UNMAPPED,u the mind company
"Splash Pharmaceuticals, Inc.",UNMAPPED,1900,2099,Audit-suspect fuzzy: original mapping to gvkey 28470 (RA PHARMACEUTICALS INC) flagged unreliable; no manual rescue available -- left UNMAPPED,splash pharmaceuticals inc
Urs E. Nydegger,UNMAPPED,1900,2099,Audit-suspect fuzzy: original mapping to gvkey 10813 (URS CORP) flagged unreliable; no manual rescue available -- left UNMAPPED,urs e nydegger
"TYRX, Inc.",UNMAPPED,1900,2099,Audit-suspect fuzzy: original mapping to gvkey 163933 (TRX INC) flagged unreliable; no manual rescue available -- left UNMAPPED,tyrx inc
Wiseman Research Initiatives LLC,UNMAPPED,1900,2099,Audit-suspect fuzzy: original mapping to gvkey 9071 (RESEARCH INC) flagged unreliable; no manual rescue available -- left UNMAPPED,wiseman research initiatives llc
"Tactical Therapeutics, Inc.",UNMAPPED,1900,2099,Audit-suspect fuzzy: original mapping to gvkey 264668 (CRITICAL THERAPEUTICS INC) flagged unreliable; no manual rescue available -- left UNMAPPED,tactical therapeutics inc
Sepulveda Research Corporation,UNMAPPED,1900,2099,Audit-suspect fuzzy: original mapping to gvkey 9071 (RESEARCH INC) flagged unreliable; no manual rescue available -- left UNMAPPED,sepulveda research corporation
Taiwan Resonant Waves Research Corporation,UNMAPPED,1900,2099,Audit-suspect fuzzy: original mapping to gvkey 9071 (RESEARCH INC) flagged unreliable; no manual rescue available -- left UNMAPPED,taiwan resonant waves research corporation
Saegis Pharmaceuticals,UNMAPPED,1900,2099,Audit-suspect fuzzy: original mapping to gvkey 18159 (AGIOS PHARMACEUTICALS) flagged unreliable; no manual rescue available -- left UNMAPPED,saegis pharmaceuticals
Xeolas Pharmaceuticals Limited,UNMAPPED,1900,2099,Audit-suspect fuzzy: original mapping to gvkey 247881 (GW PHARMACEUTICALS LIMITED) flagged unreliable; no manual rescue available -- left UNMAPPED,xeolas pharmaceuticals limited
Vyome Therapeutics Inc.,UNMAPPED,1900,2099,Audit-suspect fuzzy: original mapping to gvkey 21522 (VYNE THERAPEUTICS INC) flagged unreliable; no manual rescue available -- left UNMAPPED,vyome therapeutics inc
Targia Pharmaceuticals Ltd.,UNMAPPED,1900,2099,Audit-suspect fuzzy: original mapping to gvkey 30674 (ARIAD PHARMACEUTICALS INC) flagged unreliable; no manual rescue available -- left UNMAPPED,targia pharmaceuticals ltd
SPGO Research Mannheim GmbH,UNMAPPED,1900,2099,Audit-suspect fuzzy: original mapping to gvkey 9071 (RESEARCH INC) flagged unreliable; no manual rescue available -- left UNMAPPED,spgo research mannheim gmbh
SPA Società Prodotti Antibiotici S.p.A.,UNMAPPED,1900,2099,Audit-suspect fuzzy: original mapping to gvkey 1059 (A P S INC) flagged unreliable; no manual rescue available -- left UNMAPPED,spa societ prodotti antibiotici s p a
Vivozon Pharmaceutical Inc.,UNMAPPED,1900,2099,Audit-suspect fuzzy: original mapping to gvkey 61167 (VION PHARMACEUTICALS INC) flagged unreliable; no manual rescue available -- left UNMAPPED,vivozon pharmaceutical inc
Probiomed S.A. de C.V.,UNMAPPED,1900,2099,Audit-suspect fuzzy: original mapping to gvkey 30584 (A S V INC) flagged unreliable; no manual rescue available -- left UNMAPPED,probiomed s a de c v
"University Research Co, LLC",UNMAPPED,1900,2099,Audit-suspect fuzzy: original mapping to gvkey 9071 (RESEARCH INC) flagged unreliable; no manual rescue available -- left UNMAPPED,university research co llc
"Acta Pharmaceuticals, Inc",UNMAPPED,1900,2099,Audit-suspect fuzzy: original mapping to gvkey 37292 (ATEA PHARMACEUTICALS INC) flagged unreliable; no manual rescue available -- left UNMAPPED,acta pharmaceuticals inc
"Tarus Therapeutics, Inc.",UNMAPPED,1900,2099,Audit-suspect fuzzy: original mapping to gvkey 184114 (TRIUS THERAPEUTICS INC) flagged unreliable; no manual rescue available -- left UNMAPPED,tarus therapeutics inc
Shanghai Alebund Pharmaceuticals Limited,UNMAPPED,1900,2099,Audit-suspect fuzzy: original mapping to gvkey 247881 (GW PHARMACEUTICALS LIMITED) flagged unreliable; no manual rescue available -- left UNMAPPED,shanghai alebund pharmaceuticals limited
Var2 Pharmaceuticals,UNMAPPED,1900,2099,Audit-suspect fuzzy: original mapping to gvkey 37495 (ARS PHARMACEUTICALS INC) flagged unreliable; no manual rescue available -- left UNMAPPED,var2 pharmaceuticals
Advanced Viral Research Corp,UNMAPPED,1900,2099,Audit-suspect fuzzy: original mapping to gvkey 9071 (RESEARCH INC) flagged unreliable; no manual rescue available -- left UNMAPPED,advanced viral research corp
"AffyImmune Therapeutics, Inc.",UNMAPPED,1900,2099,Audit-suspect fuzzy: original mapping to gvkey 25077 (AIMMUNE THERAPEUTICS INC) flagged unreliable; no manual rescue available -- left UNMAPPED,affyimmune therapeutics inc
TRx Wound Care Limited,UNMAPPED,1900,2099,Audit-suspect fuzzy: original mapping to gvkey 163933 (TRX INC) flagged unreliable; no manual rescue available -- left UNMAPPED,trx wound care limited
"Senesco Technologies, Inc.",UNMAPPED,1900,2099,Audit-suspect fuzzy: original mapping to gvkey 23224 (ESCO TECHNOLOGIES INC) flagged unreliable; no manual rescue available -- left UNMAPPED,senesco technologies inc
Sentient Research,UNMAPPED,1900,2099,Audit-suspect fuzzy: original mapping to gvkey 9071 (RESEARCH INC) flagged unreliable; no manual rescue available -- left UNMAPPED,sentient research
ValoTec,UNMAPPED,1900,2099,Audit-suspect fuzzy: original mapping to gvkey 11097 (VALTEC CORP) flagged unreliable; no manual rescue available -- left UNMAPPED,valotec
"Sutra Medical, Inc.",UNMAPPED,1900,2099,Audit-suspect fuzzy: original mapping to gvkey 22038 (SUPRA MEDICAL CORP) flagged unreliable; no manual rescue available -- left UNMAPPED,sutra medical inc
SeneXta Therapeutics SA,UNMAPPED,1900,2099,Audit-suspect fuzzy: original mapping to gvkey 38496 (ERNEXA THERAPEUTICS INC) flagged unreliable; no manual rescue available -- left UNMAPPED,senexta therapeutics sa
"Semnur Pharmaceuticals, Inc.",UNMAPPED,1900,2099,Audit-suspect fuzzy: original mapping to gvkey 28470 (RA PHARMACEUTICALS INC) flagged unreliable; no manual rescue available -- left UNMAPPED,semnur pharmaceuticals inc
XSpline S.p.A.,UNMAPPED,1900,2099,Audit-suspect fuzzy: original mapping to gvkey 1059 (A P S INC) flagged unreliable; no manual rescue available -- left UNMAPPED,xspline s p a
Svelte Medical Systems Europe,UNMAPPED,1900,2099,Audit-suspect fuzzy: original mapping to gvkey 25013 (PLC SYSTEMS INC) flagged unreliable; no manual rescue available -- left UNMAPPED,svelte medical systems europe
Semler Research Center Pvt. Ltd.,UNMAPPED,1900,2099,Audit-suspect fuzzy: original mapping to gvkey 9071 (RESEARCH INC) flagged unreliable; no manual rescue available -- left UNMAPPED,semler research center pvt ltd
"Sention Therapeutics, LLC",UNMAPPED,1900,2099,Audit-suspect fuzzy: original mapping to gvkey 65838 (SEVION THERAPEUTICS INC) flagged unreliable; no manual rescue available -- left UNMAPPED,sention therapeutics llc
Swami Rama Cancer Hospital and Research Institute,UNMAPPED,1900,2099,Audit-suspect fuzzy: original mapping to gvkey 9071 (RESEARCH INC) flagged unreliable; no manual rescue available -- left UNMAPPED,swami rama cancer hospital and research institute
"ASKA Pharmaceutical Co., Ltd.",UNMAPPED,1900,2099,Audit-suspect fuzzy: original mapping to gvkey 100718 (TAKEDA PHARMACEUTICAL CO LTD) flagged unreliable; no manual rescue available -- left UNMAPPED,aska pharmaceutical co ltd
"Woodmont Pharmaceuticals, Inc.",UNMAPPED,1900,2099,Audit-suspect fuzzy: original mapping to gvkey 28470 (RA PHARMACEUTICALS INC) flagged unreliable; no manual rescue available -- left UNMAPPED,woodmont pharmaceuticals inc
Systems Medicine LLC,UNMAPPED,1900,2099,Audit-suspect fuzzy: original mapping to gvkey 25013 (PLC SYSTEMS INC) flagged unreliable; no manual rescue available -- left UNMAPPED,systems medicine llc
Advanced Research Network,UNMAPPED,1900,2099,Audit-suspect fuzzy: original mapping to gvkey 9071 (RESEARCH INC) flagged unreliable; no manual rescue available -- left UNMAPPED,advanced research network
"Valent Technologies, LLC",UNMAPPED,1900,2099,Audit-suspect fuzzy: original mapping to gvkey 126554 (AGILENT TECHNOLOGIES INC) flagged unreliable; no manual rescue available -- left UNMAPPED,valent technologies llc
TRX Orthopedics,UNMAPPED,1900,2099,Audit-suspect fuzzy: original mapping to gvkey 163933 (TRX INC) flagged unreliable; no manual rescue available -- left UNMAPPED,trx orthopedics
Tasca Therapeutics,UNMAPPED,1900,2099,Audit-suspect fuzzy: original mapping to gvkey 38745 (TSCAN THERAPEUTICS INC) flagged unreliable; no manual rescue available -- left UNMAPPED,tasca therapeutics
"Starx Research Center, LLC",UNMAPPED,1900,2099,Audit-suspect fuzzy: original mapping to gvkey 9071 (RESEARCH INC) flagged unreliable; no manual rescue available -- left UNMAPPED,starx research center llc
"Stargazer Pharmaceuticals, Inc.",UNMAPPED,1900,2099,Audit-suspect fuzzy: original mapping to gvkey 28470 (RA PHARMACEUTICALS INC) flagged unreliable; no manual rescue available -- left UNMAPPED,stargazer pharmaceuticals inc
Advanced Eye Research Associates,UNMAPPED,1900,2099,Audit-suspect fuzzy: original mapping to gvkey 9071 (RESEARCH INC) flagged unreliable; no manual rescue available -- left UNMAPPED,advanced eye research associates
"Shengke Pharmaceuticals (Jiangsu) Limited, China",UNMAPPED,1900,2099,Audit-suspect fuzzy: original mapping to gvkey 247881 (GW PHARMACEUTICALS LIMITED) flagged unreliable; no manual rescue available -- left UNMAPPED,shengke pharmaceuticals jiangsu limited china
"The Campbell Clinic, UK",UNMAPPED,1900,2099,Audit-suspect fuzzy: original mapping to gvkey 11151 (GROUP INC (THE)) flagged unreliable; no manual rescue available -- left UNMAPPED,the campbell clinic uk
"AboutSkin Dermatology and DermSurgery, PC",UNMAPPED,1900,2099,Audit-suspect fuzzy: original mapping to gvkey 6588 (PC GROUP INC) flagged unreliable; no manual rescue available -- left UNMAPPED,aboutskin dermatology and dermsurgery pc
The Chemo-Sero-Therapeutic Research Institute,UNMAPPED,1900,2099,Audit-suspect fuzzy: original mapping to gvkey 9071 (RESEARCH INC) flagged unreliable; no manual rescue available -- left UNMAPPED,the chemo-sero-therapeutic research institute
"The Crofoot Research Center, Inc.",UNMAPPED,1900,2099,Audit-suspect fuzzy: original mapping to gvkey 9071 (RESEARCH INC) flagged unreliable; no manual rescue available -- left UNMAPPED,the crofoot research center inc
"Vitrac Therapeutics, LLC",UNMAPPED,1900,2099,Audit-suspect fuzzy: original mapping to gvkey 23813 (VIRACTA THERAPEUTICS INC) flagged unreliable; no manual rescue available -- left UNMAPPED,vitrac therapeutics llc
The Eye Machine Canada Inc.,UNMAPPED,1900,2099,Audit-suspect fuzzy: original mapping to gvkey 11151 (GROUP INC (THE)) flagged unreliable; no manual rescue available -- left UNMAPPED,the eye machine canada inc
ARIA Research Pty Ltd,UNMAPPED,1900,2099,Audit-suspect fuzzy: original mapping to gvkey 9071 (RESEARCH INC) flagged unreliable; no manual rescue available -- left UNMAPPED,aria research pty ltd
"Zeno Pharmaceuticals, Inc.",UNMAPPED,1900,2099,Audit-suspect fuzzy: original mapping to gvkey 4409 (ENZON PHARMACEUTICALS INC) flagged unreliable; no manual rescue available -- left UNMAPPED,zeno pharmaceuticals inc
The Flume Catheter Company Ltd,UNMAPPED,1900,2099,Audit-suspect fuzzy: original mapping to gvkey 11151 (GROUP INC (THE)) flagged unreliable; no manual rescue available -- left UNMAPPED,the flume catheter company ltd
"The Foundation for Spinal Research, Education and Humanitarian Care, Inc.",UNMAPPED,1900,2099,Audit-suspect fuzzy: original mapping to gvkey 9071 (RESEARCH INC) flagged unreliable; no manual rescue available -- left UNMAPPED,the foundation for spinal research education and humanitarian care inc
The Grasses of Eden Ltd,UNMAPPED,1900,2099,Audit-suspect fuzzy: original mapping to gvkey 11151 (GROUP INC (THE)) flagged unreliable; no manual rescue available -- left UNMAPPED,the grasses of eden ltd
"The Herb, Inc",UNMAPPED,1900,2099,Audit-suspect fuzzy: original mapping to gvkey 11151 (GROUP INC (THE)) flagged unreliable; no manual rescue available -- left UNMAPPED,the herb inc
The Insides Company,UNMAPPED,1900,2099,Audit-suspect fuzzy: original mapping to gvkey 11151 (GROUP INC (THE)) flagged unreliable; no manual rescue available -- left UNMAPPED,the insides company
Respirics Inc.,UNMAPPED,1900,2099,Audit-suspect fuzzy: original mapping to gvkey 14385 (RESPIRONICS INC) flagged unreliable; no manual rescue available -- left UNMAPPED,respirics inc
World Health Research Inc.,UNMAPPED,1900,2099,Audit-suspect fuzzy: original mapping to gvkey 9071 (RESEARCH INC) flagged unreliable; no manual rescue available -- left UNMAPPED,world health research inc
"The Institute for Diabetes Discovery, LLC",UNMAPPED,1900,2099,Audit-suspect fuzzy: original mapping to gvkey 11151 (GROUP INC (THE)) flagged unreliable; no manual rescue available -- left UNMAPPED,the institute for diabetes discovery llc
The Avicena Group,UNMAPPED,1900,2099,Audit-suspect fuzzy: original mapping to gvkey 11151 (GROUP INC (THE)) flagged unreliable; no manual rescue available -- left UNMAPPED,the avicena group
"Thar Pharmaceuticals, Inc",UNMAPPED,1900,2099,Audit-suspect fuzzy: original mapping to gvkey 37495 (ARS PHARMACEUTICALS INC) flagged unreliable; no manual rescue available -- left UNMAPPED,thar pharmaceuticals inc
UCB Italy s.p.a.,UNMAPPED,1900,2099,Audit-suspect fuzzy: original mapping to gvkey 1059 (A P S INC) flagged unreliable; no manual rescue available -- left UNMAPPED,ucb italy s p a
AeroRx Therapeutics Inc.,UNMAPPED,1900,2099,Audit-suspect fuzzy: original mapping to gvkey 35267 (AKERO THERAPEUTICS INC) flagged unreliable; no manual rescue available -- left UNMAPPED,aerorx therapeutics inc
"SEED Therapeutics, Inc.",UNMAPPED,1900,2099,Audit-suspect fuzzy: original mapping to gvkey 24177 (SERES THERAPEUTICS INC) flagged unreliable; no manual rescue available -- left UNMAPPED,seed therapeutics inc
Xsira Pharmaceuticals,UNMAPPED,1900,2099,Audit-suspect fuzzy: original mapping to gvkey 43186 (MIRA PHARMACEUTICALS INC) flagged unreliable; no manual rescue available -- left UNMAPPED,xsira pharmaceuticals
"Stamford Pharmaceuticals, Inc.",UNMAPPED,1900,2099,Audit-suspect fuzzy: original mapping to gvkey 28470 (RA PHARMACEUTICALS INC) flagged unreliable; no manual rescue available -- left UNMAPPED,stamford pharmaceuticals inc
Tavanta Therapeutics,UNMAPPED,1900,2099,Audit-suspect fuzzy: original mapping to gvkey 178547 (TARGANTA THERAPEUTICS CORP) flagged unreliable; no manual rescue available -- left UNMAPPED,tavanta therapeutics
"Aeovian Pharmaceuticals, Inc.",UNMAPPED,1900,2099,Audit-suspect fuzzy: original mapping to gvkey 28470 (RA PHARMACEUTICALS INC) flagged unreliable; no manual rescue available -- left UNMAPPED,aeovian pharmaceuticals inc
Tecnología e Innovación Médico Estética S.L.,UNMAPPED,1900,2099,Audit-suspect fuzzy: original mapping to gvkey 13255 (A M E INC) flagged unreliable; no manual rescue available -- left UNMAPPED,tecnolog a e innovaci n m dico est tica s l
RostaQuo S.p.A.,UNMAPPED,1900,2099,Audit-suspect fuzzy: original mapping to gvkey 1059 (A P S INC) flagged unreliable; no manual rescue available -- left UNMAPPED,rostaquo s p a
"Vascular Pharmaceuticals, Inc.",UNMAPPED,1900,2099,Audit-suspect fuzzy: original mapping to gvkey 28470 (RA PHARMACEUTICALS INC) flagged unreliable; no manual rescue available -- left UNMAPPED,vascular pharmaceuticals inc
Abbott Research Group,UNMAPPED,1900,2099,Audit-suspect fuzzy: original mapping to gvkey 9071 (RESEARCH INC) flagged unreliable; no manual rescue available -- left UNMAPPED,abbott research group
Vidara Therapeutics Research Ltd,UNMAPPED,1900,2099,Audit-suspect fuzzy: original mapping to gvkey 9071 (RESEARCH INC) flagged unreliable; no manual rescue available -- left UNMAPPED,vidara therapeutics research ltd
Yali Pharmaceuticals,UNMAPPED,1900,2099,Audit-suspect fuzzy: original mapping to gvkey 62977 (SALIX PHARMACEUTICALS LTD) flagged unreliable; no manual rescue available -- left UNMAPPED,yali pharmaceuticals
"Ubix Therapeutics, Inc.",UNMAPPED,1900,2099,Audit-suspect fuzzy: original mapping to gvkey 36767 (NURIX THERAPEUTICS INC) flagged unreliable; no manual rescue available -- left UNMAPPED,ubix therapeutics inc
Temple Therapeutics BV,UNMAPPED,1900,2099,Audit-suspect fuzzy: original mapping to gvkey 39104 (TEMPEST THERAPEUTICS INC) flagged unreliable; no manual rescue available -- left UNMAPPED,temple therapeutics bv
"Teon Therapeutics, Inc.",UNMAPPED,1900,2099,Audit-suspect fuzzy: original mapping to gvkey 33664 (NEON THERAPEUTICS INC) flagged unreliable; no manual rescue available -- left UNMAPPED,teon therapeutics inc
"Yuejia Pharmaceuticals (USA), Inc.",UNMAPPED,1900,2099,Audit-suspect fuzzy: original mapping to gvkey 28470 (RA PHARMACEUTICALS INC) flagged unreliable; no manual rescue available -- left UNMAPPED,yuejia pharmaceuticals usa inc
ART Advanced Research Technologies Inc.,UNMAPPED,1900,2099,Audit-suspect fuzzy: original mapping to gvkey 9071 (RESEARCH INC) flagged unreliable; no manual rescue available -- left UNMAPPED,art advanced research technologies inc
"Adare Pharmaceuticals, Inc.",UNMAPPED,1900,2099,Audit-suspect fuzzy: original mapping to gvkey 28470 (RA PHARMACEUTICALS INC) flagged unreliable; no manual rescue available -- left UNMAPPED,adare pharmaceuticals inc
Microsoft Research,UNMAPPED,1900,2099,Audit-suspect fuzzy: original mapping to gvkey 9071 (RESEARCH INC) flagged unreliable; no manual rescue available -- left UNMAPPED,microsoft research
"Primmune Therapeutics, Inc.",UNMAPPED,1900,2099,Audit-suspect fuzzy: original mapping to gvkey 25077 (AIMMUNE THERAPEUTICS INC) flagged unreliable; no manual rescue available -- left UNMAPPED,primmune therapeutics inc
Cycle Therapeutics Ltd,UNMAPPED,1900,2099,Audit-suspect fuzzy: original mapping to gvkey 35137 (BICYCLE THERAPEUTICS PLC) flagged unreliable; no manual rescue available -- left UNMAPPED,cycle therapeutics ltd
"Elion Therapeutics, Inc.",UNMAPPED,1900,2099,Audit-suspect fuzzy: original mapping to gvkey 15803 (NOVELION THERAPEUTICS INC) flagged unreliable; no manual rescue available -- left UNMAPPED,elion therapeutics inc
"Eminence Clinical Research, Inc.",UNMAPPED,1900,2099,Audit-suspect fuzzy: original mapping to gvkey 9071 (RESEARCH INC) flagged unreliable; no manual rescue available -- left UNMAPPED,eminence clinical research inc
"Empi, A DJO Company",UNMAPPED,1900,2099,Audit-suspect fuzzy: original mapping to gvkey 145911 (DJO INC) flagged unreliable; no manual rescue available -- left UNMAPPED,empi a djo company
Encore Research Inc.,UNMAPPED,1900,2099,Audit-suspect fuzzy: original mapping to gvkey 9071 (RESEARCH INC) flagged unreliable; no manual rescue available -- left UNMAPPED,encore research inc
Endocrine Research Solutions,UNMAPPED,1900,2099,Audit-suspect fuzzy: original mapping to gvkey 180345 (RESEARCH SOLUTIONS INC) flagged unreliable; no manual rescue available -- left UNMAPPED,endocrine research solutions
Endogun Medical Systems Ltd.,UNMAPPED,1900,2099,Audit-suspect fuzzy: original mapping to gvkey 25013 (PLC SYSTEMS INC) flagged unreliable; no manual rescue available -- left UNMAPPED,endogun medical systems ltd
Endowave Ltd.,UNMAPPED,1900,2099,Audit-suspect fuzzy: original mapping to gvkey 140736 (ENDWAVE CORP) flagged unreliable; no manual rescue available -- left UNMAPPED,endowave ltd
"Energex Systems, Inc.",UNMAPPED,1900,2099,Audit-suspect fuzzy: original mapping to gvkey 25013 (PLC SYSTEMS INC) flagged unreliable; no manual rescue available -- left UNMAPPED,energex systems inc
Ensho Health Intelligent Systems Inc.,UNMAPPED,1900,2099,Audit-suspect fuzzy: original mapping to gvkey 25013 (PLC SYSTEMS INC) flagged unreliable; no manual rescue available -- left UNMAPPED,ensho health intelligent systems inc
"Ensho Therapeutics, Inc.",UNMAPPED,1900,2099,Audit-suspect fuzzy: original mapping to gvkey 65812 (ECHO THERAPEUTICS INC) flagged unreliable; no manual rescue available -- left UNMAPPED,ensho therapeutics inc
Enteron Pharmaceuticals,UNMAPPED,1900,2099,Audit-suspect fuzzy: original mapping to gvkey 33997 (ETON PHARMACEUTICALS) flagged unreliable; no manual rescue available -- left UNMAPPED,enteron pharmaceuticals
"Euclises Pharmaceuticals, Inc.",UNMAPPED,1900,2099,Audit-suspect fuzzy: original mapping to gvkey 28470 (RA PHARMACEUTICALS INC) flagged unreliable; no manual rescue available -- left UNMAPPED,euclises pharmaceuticals inc
"Excalibur Pharmaceuticals, Inc.",UNMAPPED,1900,2099,Audit-suspect fuzzy: original mapping to gvkey 28470 (RA PHARMACEUTICALS INC) flagged unreliable; no manual rescue available -- left UNMAPPED,excalibur pharmaceuticals inc
"Eye Research Foundation, Inc.",UNMAPPED,1900,2099,Audit-suspect fuzzy: original mapping to gvkey 9071 (RESEARCH INC) flagged unreliable; no manual rescue available -- left UNMAPPED,eye research foundation inc
Asthma Management Systems,UNMAPPED,1900,2099,Audit-suspect fuzzy: original mapping to gvkey 25013 (PLC SYSTEMS INC) flagged unreliable; no manual rescue available -- left UNMAPPED,asthma management systems
"Eiger Group International, Inc.",UNMAPPED,1900,2099,Audit-suspect fuzzy: original mapping to gvkey 10571 (TIGER INTERNATIONAL) flagged unreliable; no manual rescue available -- left UNMAPPED,eiger group international inc
Egle Therapeutics,UNMAPPED,1900,2099,Audit-suspect fuzzy: original mapping to gvkey 26273 (EDGE THERAPEUTICS INC) flagged unreliable; no manual rescue available -- left UNMAPPED,egle therapeutics
"Edusa Pharmaceuticals, Inc.",UNMAPPED,1900,2099,Audit-suspect fuzzy: original mapping to gvkey 24898 (DUSA PHARMACEUTICALS INC) flagged unreliable; no manual rescue available -- left UNMAPPED,edusa pharmaceuticals inc
Diagnostic Medical Systems,UNMAPPED,1900,2099,Audit-suspect fuzzy: original mapping to gvkey 25013 (PLC SYSTEMS INC) flagged unreliable; no manual rescue available -- left UNMAPPED,diagnostic medical systems
DSP Industrial Ltda,UNMAPPED,1900,2099,Audit-suspect fuzzy: original mapping to gvkey 29722 (DSP GROUP INC) flagged unreliable; no manual rescue available -- left UNMAPPED,dsp industrial ltda
Danone Nutricia Research,UNMAPPED,1900,2099,Audit-suspect fuzzy: original mapping to gvkey 9071 (RESEARCH INC) flagged unreliable; no manual rescue available -- left UNMAPPED,danone nutricia research
"Danube Pharmaceuticals, Inc.",UNMAPPED,1900,2099,Audit-suspect fuzzy: original mapping to gvkey 28470 (RA PHARMACEUTICALS INC) flagged unreliable; no manual rescue available -- left UNMAPPED,danube pharmaceuticals inc
DeCell Technologies Inc.,UNMAPPED,1900,2099,Audit-suspect fuzzy: original mapping to gvkey 14489 (DELL TECHNOLOGIES INC) flagged unreliable; no manual rescue available -- left UNMAPPED,decell technologies inc
Defined Research,UNMAPPED,1900,2099,Audit-suspect fuzzy: original mapping to gvkey 9071 (RESEARCH INC) flagged unreliable; no manual rescue available -- left UNMAPPED,defined research
Dewpoint Therapeutics,UNMAPPED,1900,2099,Audit-suspect fuzzy: original mapping to gvkey 30012 (POINT THERAPEUTICS INC) flagged unreliable; no manual rescue available -- left UNMAPPED,dewpoint therapeutics
Diasorin Italia S.p.A.,UNMAPPED,1900,2099,Audit-suspect fuzzy: original mapping to gvkey 1059 (A P S INC) flagged unreliable; no manual rescue available -- left UNMAPPED,diasorin italia s p a
EdiGene Inc.,UNMAPPED,1900,2099,Audit-suspect fuzzy: original mapping to gvkey 62913 (DIGENE CORP) flagged unreliable; no manual rescue available -- left UNMAPPED,edigene inc
"Dr. Reddys Laboratories, SA",UNMAPPED,1900,2099,Audit-suspect fuzzy: original mapping to gvkey 223098 (DR REDDY'S LABORATORIES LTD) flagged unreliable; no manual rescue available -- left UNMAPPED,dr reddys laboratories sa
"Dracen Pharmaceuticals, Inc.",UNMAPPED,1900,2099,Audit-suspect fuzzy: original mapping to gvkey 28470 (RA PHARMACEUTICALS INC) flagged unreliable; no manual rescue available -- left UNMAPPED,dracen pharmaceuticals inc
"DuKang Pharmaceuticals, Inc.",UNMAPPED,1900,2099,Audit-suspect fuzzy: original mapping to gvkey 28470 (RA PHARMACEUTICALS INC) flagged unreliable; no manual rescue available -- left UNMAPPED,dukang pharmaceuticals inc
Dynamic Light,UNMAPPED,1900,2099,Audit-suspect fuzzy: original mapping to gvkey 4776 (FLIGHT DYNAMICS INC) flagged unreliable; no manual rescue available -- left UNMAPPED,dynamic light
"EMET Pharmaceuticals, LLC",UNMAPPED,1900,2099,Audit-suspect fuzzy: original mapping to gvkey 6641 (LEE PHARMACEUTICALS) flagged unreliable; no manual rescue available -- left UNMAPPED,emet pharmaceuticals llc
Ectin Research AB,UNMAPPED,1900,2099,Audit-suspect fuzzy: original mapping to gvkey 9071 (RESEARCH INC) flagged unreliable; no manual rescue available -- left UNMAPPED,ectin research ab
Eyestem Research Pvt. Ltd.,UNMAPPED,1900,2099,Audit-suspect fuzzy: original mapping to gvkey 9071 (RESEARCH INC) flagged unreliable; no manual rescue available -- left UNMAPPED,eyestem research pvt ltd
FB Vision S.p.A,UNMAPPED,1900,2099,Audit-suspect fuzzy: original mapping to gvkey 1059 (A P S INC) flagged unreliable; no manual rescue available -- left UNMAPPED,fb vision s p a
FGK Clinical Research GmbH,UNMAPPED,1900,2099,Audit-suspect fuzzy: original mapping to gvkey 9071 (RESEARCH INC) flagged unreliable; no manual rescue available -- left UNMAPPED,fgk clinical research gmbh
Aro Biotherapeutics,UNMAPPED,1900,2099,Audit-suspect fuzzy: original mapping to gvkey 1767 (ARO CORP) flagged unreliable; no manual rescue available -- left UNMAPPED,aro biotherapeutics
"Gila Therapeutics, Inc.",UNMAPPED,1900,2099,Audit-suspect fuzzy: original mapping to gvkey 20010 (AGILE THERAPEUTICS INC) flagged unreliable; no manual rescue available -- left UNMAPPED,gila therapeutics inc
Giuliani S.p.A,UNMAPPED,1900,2099,Audit-suspect fuzzy: original mapping to gvkey 1059 (A P S INC) flagged unreliable; no manual rescue available -- left UNMAPPED,giuliani s p a
"Global Biomedical Technologies, LLC",UNMAPPED,1900,2099,Audit-suspect fuzzy: original mapping to gvkey 31588 (GLOBAL TECHNOLOGIES LTD) flagged unreliable; no manual rescue available -- left UNMAPPED,global biomedical technologies llc
Global Institute of Stem Cell Therapy and Research,UNMAPPED,1900,2099,Audit-suspect fuzzy: original mapping to gvkey 9071 (RESEARCH INC) flagged unreliable; no manual rescue available -- left UNMAPPED,global institute of stem cell therapy and research
"Global Isotopes, LLC d/b/a Zevacor Molecular",UNMAPPED,1900,2099,Audit-suspect fuzzy: original mapping to gvkey 16273 (GLOBAL A INC) flagged unreliable; no manual rescue available -- left UNMAPPED,global isotopes llc d b a zevacor molecular
Global Research Institute,UNMAPPED,1900,2099,Audit-suspect fuzzy: original mapping to gvkey 9071 (RESEARCH INC) flagged unreliable; no manual rescue available -- left UNMAPPED,global research institute
Great Lakes Pharmaceuticals Inc.,UNMAPPED,1900,2099,Audit-suspect fuzzy: original mapping to gvkey 28470 (RA PHARMACEUTICALS INC) flagged unreliable; no manual rescue available -- left UNMAPPED,great lakes pharmaceuticals inc
Geode Therapeutics Inc.,UNMAPPED,1900,2099,Audit-suspect fuzzy: original mapping to gvkey 26273 (EDGE THERAPEUTICS INC) flagged unreliable; no manual rescue available -- left UNMAPPED,geode therapeutics inc
"Grupo Medifarma, S. A. de C. V.",UNMAPPED,1900,2099,Audit-suspect fuzzy: original mapping to gvkey 30584 (A S V INC) flagged unreliable; no manual rescue available -- left UNMAPPED,grupo medifarma s a de c v
"Gunkang Pharmaceuticals, Inc",UNMAPPED,1900,2099,Audit-suspect fuzzy: original mapping to gvkey 28470 (RA PHARMACEUTICALS INC) flagged unreliable; no manual rescue available -- left UNMAPPED,gunkang pharmaceuticals inc
Arixa Pharmaceuticals,UNMAPPED,1900,2099,Audit-suspect fuzzy: original mapping to gvkey 30674 (ARIAD PHARMACEUTICALS INC) flagged unreliable; no manual rescue available -- left UNMAPPED,arixa pharmaceuticals
Halcygen Pharmaceuticals Limited,UNMAPPED,1900,2099,Audit-suspect fuzzy: original mapping to gvkey 247881 (GW PHARMACEUTICALS LIMITED) flagged unreliable; no manual rescue available -- left UNMAPPED,halcygen pharmaceuticals limited
"Hanger Institute for Clinical Research and Education, LLC",UNMAPPED,1900,2099,Audit-suspect fuzzy: original mapping to gvkey 9071 (RESEARCH INC) flagged unreliable; no manual rescue available -- left UNMAPPED,hanger institute for clinical research and education llc
"Ariston Pharmaceuticals, Inc.",UNMAPPED,1900,2099,Audit-suspect fuzzy: original mapping to gvkey 28470 (RA PHARMACEUTICALS INC) flagged unreliable; no manual rescue available -- left UNMAPPED,ariston pharmaceuticals inc
George (Beijing) Clinical Research Co. Ltd.,UNMAPPED,1900,2099,Audit-suspect fuzzy: original mapping to gvkey 9071 (RESEARCH INC) flagged unreliable; no manual rescue available -- left UNMAPPED,george beijing clinical research co ltd
Aromics Therapeutics,UNMAPPED,1900,2099,Audit-suspect fuzzy: original mapping to gvkey 175008 (AMICUS THERAPEUTICS INC) flagged unreliable; no manual rescue available -- left UNMAPPED,aromics therapeutics
Astellas Pharma International B.V.,UNMAPPED,1900,2099,Audit-suspect fuzzy: original mapping to gvkey 2582 (C V INTERNATIONAL CORP) flagged unreliable; no manual rescue available -- left UNMAPPED,astellas pharma international b v
Arxx Therapeutics,UNMAPPED,1900,2099,Audit-suspect fuzzy: original mapping to gvkey 178799 (ARYX THERAPEUTICS INC) flagged unreliable; no manual rescue available -- left UNMAPPED,arxx therapeutics
Fibrex Medical Research & Development GmbH,UNMAPPED,1900,2099,Audit-suspect fuzzy: original mapping to gvkey 9074 (RESEARCH MEDICAL INC) flagged unreliable; no manual rescue available -- left UNMAPPED,fibrex medical research and development gmbh
"Florida Academic Centers Research and Education, LLC",UNMAPPED,1900,2099,Audit-suspect fuzzy: original mapping to gvkey 9071 (RESEARCH INC) flagged unreliable; no manual rescue available -- left UNMAPPED,florida academic centers research and education llc
"Aspartes Pharmaceuticals, Inc.",UNMAPPED,1900,2099,Audit-suspect fuzzy: original mapping to gvkey 28470 (RA PHARMACEUTICALS INC) flagged unreliable; no manual rescue available -- left UNMAPPED,aspartes pharmaceuticals inc
Fortis Memorial Research Institute,UNMAPPED,1900,2099,Audit-suspect fuzzy: original mapping to gvkey 9071 (RESEARCH INC) flagged unreliable; no manual rescue available -- left UNMAPPED,fortis memorial research institute
Asofarma de México S.A de C.V.,UNMAPPED,1900,2099,Audit-suspect fuzzy: original mapping to gvkey 30584 (A S V INC) flagged unreliable; no manual rescue available -- left UNMAPPED,asofarma de m xico s a de c v
Fuji Systems Corporation,UNMAPPED,1900,2099,Audit-suspect fuzzy: original mapping to gvkey 25013 (PLC SYSTEMS INC) flagged unreliable; no manual rescue available -- left UNMAPPED,fuji systems corporation
Funk It Wellness,UNMAPPED,1900,2099,Audit-suspect fuzzy: original mapping to gvkey 6121 (IT GROUP INC) flagged unreliable; no manual rescue available -- left UNMAPPED,funk it wellness
"Generian Pharmaceuticals, Inc.",UNMAPPED,1900,2099,Audit-suspect fuzzy: original mapping to gvkey 28470 (RA PHARMACEUTICALS INC) flagged unreliable; no manual rescue available -- left UNMAPPED,generian pharmaceuticals inc
Arvid Carlsson Research AB,UNMAPPED,1900,2099,Audit-suspect fuzzy: original mapping to gvkey 9071 (RESEARCH INC) flagged unreliable; no manual rescue available -- left UNMAPPED,arvid carlsson research ab
GCA (Eurosilicone),UNMAPPED,1900,2099,Audit-suspect fuzzy: original mapping to gvkey 4944 (GCA CORP) flagged unreliable; no manual rescue available -- left UNMAPPED,gca eurosilicone
Arrien Pharmaceuticals,UNMAPPED,1900,2099,Audit-suspect fuzzy: original mapping to gvkey 18749 (AERIE PHARMACEUTICALS INC) flagged unreliable; no manual rescue available -- left UNMAPPED,arrien pharmaceuticals
Gateway Institute for Brain Research,UNMAPPED,1900,2099,Audit-suspect fuzzy: original mapping to gvkey 9071 (RESEARCH INC) flagged unreliable; no manual rescue available -- left UNMAPPED,gateway institute for brain research
Aromtech Ltd.,UNMAPPED,1900,2099,Audit-suspect fuzzy: original mapping to gvkey 29762 (AROTECH CORP) flagged unreliable; no manual rescue available -- left UNMAPPED,aromtech ltd
Geneos Therapeutics,UNMAPPED,1900,2099,Audit-suspect fuzzy: original mapping to gvkey 25377 (NEOS THERAPEUTICS INC) flagged unreliable; no manual rescue available -- left UNMAPPED,geneos therapeutics
DARA Therapeutics,UNMAPPED,1900,2099,Audit-suspect fuzzy: original mapping to gvkey 23358 (CIDARA THERAPEUTICS INC) flagged unreliable; no manual rescue available -- left UNMAPPED,dara therapeutics
"CyDex Pharmaceuticals, Inc.",UNMAPPED,1900,2099,Audit-suspect fuzzy: original mapping to gvkey 180231 (CPEX PHARMACEUTICALS INC) flagged unreliable; no manual rescue available -- left UNMAPPED,cydex pharmaceuticals inc
Health and Happiness Research Limited,UNMAPPED,1900,2099,Audit-suspect fuzzy: original mapping to gvkey 9071 (RESEARCH INC) flagged unreliable; no manual rescue available -- left UNMAPPED,health and happiness research limited
Curium PET France,UNMAPPED,1900,2099,Audit-suspect fuzzy: original mapping to gvkey 23798 (PET INC) flagged unreliable; no manual rescue available -- left UNMAPPED,curium pet france
BUZZZ Pharmaceuticals Limited,UNMAPPED,1900,2099,Audit-suspect fuzzy: original mapping to gvkey 247881 (GW PHARMACEUTICALS LIMITED) flagged unreliable; no manual rescue available -- left UNMAPPED,buzzz pharmaceuticals limited
"C.E.M. Biotronik, S.A.",UNMAPPED,1900,2099,Audit-suspect fuzzy: original mapping to gvkey 13255 (A M E INC) flagged unreliable; no manual rescue available -- left UNMAPPED,c e m biotronik s a
CELL Technologies Inc.,UNMAPPED,1900,2099,Audit-suspect fuzzy: original mapping to gvkey 14489 (DELL TECHNOLOGIES INC) flagged unreliable; no manual rescue available -- left UNMAPPED,cell technologies inc
CIT Ortho,UNMAPPED,1900,2099,Audit-suspect fuzzy: original mapping to gvkey 149738 (CIT GROUP INC) flagged unreliable; no manual rescue available -- left UNMAPPED,cit ortho
CRISM Therapeutics LTD,UNMAPPED,1900,2099,Audit-suspect fuzzy: original mapping to gvkey 19458 (CARISMA THERAPEUTICS INC) flagged unreliable; no manual rescue available -- left UNMAPPED,crism therapeutics ltd
Cabinet de Kinesitherapie SCM Saint-Alexandre,UNMAPPED,1900,2099,Audit-suspect fuzzy: original mapping to gvkey 9316 (SCM CORP) flagged unreliable; no manual rescue available -- left UNMAPPED,cabinet de kinesitherapie scm saint-alexandre
"Cadwell Industries, Inc.",UNMAPPED,1900,2099,Audit-suspect fuzzy: original mapping to gvkey 2598 (CADE INDUSTRIES INC) flagged unreliable; no manual rescue available -- left UNMAPPED,cadwell industries inc
Caelus Pharmaceuticals BV,UNMAPPED,1900,2099,Audit-suspect fuzzy: original mapping to gvkey 61980 (AEOLUS PHARMACEUTICALS INC) flagged unreliable; no manual rescue available -- left UNMAPPED,caelus pharmaceuticals bv
"Cancer Intelligence Care Systems, Inc.",UNMAPPED,1900,2099,Audit-suspect fuzzy: original mapping to gvkey 25013 (PLC SYSTEMS INC) flagged unreliable; no manual rescue available -- left UNMAPPED,cancer intelligence care systems inc
Cannabics Pharmaceuticals Inc.,UNMAPPED,1900,2099,Audit-suspect fuzzy: original mapping to gvkey 28470 (RA PHARMACEUTICALS INC) flagged unreliable; no manual rescue available -- left UNMAPPED,cannabics pharmaceuticals inc
Capstan Therapeutics,UNMAPPED,1900,2099,Audit-suspect fuzzy: original mapping to gvkey 27765 (CAPSTONE THERAPEUTICS CORP) flagged unreliable; no manual rescue available -- left UNMAPPED,capstan therapeutics
B. Braun Medical Industries Sdn. Bhd.,UNMAPPED,1900,2099,Audit-suspect fuzzy: original mapping to gvkey 1005 (A.B.A. INDUSTRIES INC) flagged unreliable; no manual rescue available -- left UNMAPPED,b braun medical industries sdn bhd
Cardia Inc.,UNMAPPED,1900,2099,Audit-suspect fuzzy: original mapping to gvkey 64865 (CARDIMA INC) flagged unreliable; no manual rescue available -- left UNMAPPED,cardia inc
Cardix Therapeutics LLC,UNMAPPED,1900,2099,Audit-suspect fuzzy: original mapping to gvkey 34570 (CARDIOL THERAPEUTICS INC) flagged unreliable; no manual rescue available -- left UNMAPPED,cardix therapeutics llc
"B. Braun Interventional Systems, Inc",UNMAPPED,1900,2099,Audit-suspect fuzzy: original mapping to gvkey 25013 (PLC SYSTEMS INC) flagged unreliable; no manual rescue available -- left UNMAPPED,b braun interventional systems inc
"Baxis Pharmaceuticals, Inc.",UNMAPPED,1900,2099,Audit-suspect fuzzy: original mapping to gvkey 29252 (AXYS PHARMACEUTICALS INC) flagged unreliable; no manual rescue available -- left UNMAPPED,baxis pharmaceuticals inc
Brabant Research,UNMAPPED,1900,2099,Audit-suspect fuzzy: original mapping to gvkey 9071 (RESEARCH INC) flagged unreliable; no manual rescue available -- left UNMAPPED,brabant research
"Bivision Pharmaceuticals, Inc.",UNMAPPED,1900,2099,Audit-suspect fuzzy: original mapping to gvkey 28470 (RA PHARMACEUTICALS INC) flagged unreliable; no manual rescue available -- left UNMAPPED,bivision pharmaceuticals inc
Biomedica Foscama S.p.A. Industria Chimico-Farmaceutica,UNMAPPED,1900,2099,Audit-suspect fuzzy: original mapping to gvkey 1059 (A P S INC) flagged unreliable; no manual rescue available -- left UNMAPPED,biomedica foscama s p a industria chimico-farmaceutica
Bespoke Clinical Research,UNMAPPED,1900,2099,Audit-suspect fuzzy: original mapping to gvkey 9071 (RESEARCH INC) flagged unreliable; no manual rescue available -- left UNMAPPED,bespoke clinical research
Bio2 Technologies,UNMAPPED,1900,2099,Audit-suspect fuzzy: original mapping to gvkey 62712 (I2 TECHNOLOGIES INC) flagged unreliable; no manual rescue available -- left UNMAPPED,bio2 technologies
BioMe Inc.,UNMAPPED,1900,2099,Audit-suspect fuzzy: original mapping to gvkey 2230 (BIOMET INC) flagged unreliable; no manual rescue available -- left UNMAPPED,biome inc
"Bioconnect Systems, Inc",UNMAPPED,1900,2099,Audit-suspect fuzzy: original mapping to gvkey 25013 (PLC SYSTEMS INC) flagged unreliable; no manual rescue available -- left UNMAPPED,bioconnect systems inc
Bioelectric Research Corporation,UNMAPPED,1900,2099,Audit-suspect fuzzy: original mapping to gvkey 9071 (RESEARCH INC) flagged unreliable; no manual rescue available -- left UNMAPPED,bioelectric research corporation
"Biomed Research & Technologies, Inc.",UNMAPPED,1900,2099,Audit-suspect fuzzy: original mapping to gvkey 9071 (RESEARCH INC) flagged unreliable; no manual rescue available -- left UNMAPPED,biomed research and technologies inc
Bionorica Research GmbH,UNMAPPED,1900,2099,Audit-suspect fuzzy: original mapping to gvkey 9071 (RESEARCH INC) flagged unreliable; no manual rescue available -- left UNMAPPED,bionorica research gmbh
"Biovil Research Group, LLC",UNMAPPED,1900,2099,Audit-suspect fuzzy: original mapping to gvkey 9071 (RESEARCH INC) flagged unreliable; no manual rescue available -- left UNMAPPED,biovil research group llc
"Beijing Duheng for Drug Evaluation and Research Co., Ltd. (DDER)",UNMAPPED,1900,2099,Audit-suspect fuzzy: original mapping to gvkey 9071 (RESEARCH INC) flagged unreliable; no manual rescue available -- left UNMAPPED,beijing duheng for drug evaluation and research co ltd dder
"Bios-Therapy, Physiological Systems for Health S.p.A",UNMAPPED,1900,2099,Audit-suspect fuzzy: original mapping to gvkey 1059 (A P S INC) flagged unreliable; no manual rescue available -- left UNMAPPED,bios-therapy physiological systems for health s p a
"Biostime, Inc.",UNMAPPED,1900,2099,Audit-suspect fuzzy: original mapping to gvkey 2248 (BIOSTIM INC) flagged unreliable; no manual rescue available -- left UNMAPPED,biostime inc
Be Biopharma,UNMAPPED,1900,2099,Audit-suspect fuzzy: original mapping to gvkey 122075 (BE INC) flagged unreliable; no manual rescue available -- left UNMAPPED,be biopharma
Biotronik Italia S.p.A.,UNMAPPED,1900,2099,Audit-suspect fuzzy: original mapping to gvkey 1059 (A P S INC) flagged unreliable; no manual rescue available -- left UNMAPPED,biotronik italia s p a
"Bioview, Inc.",UNMAPPED,1900,2099,Audit-suspect fuzzy: original mapping to gvkey 19549 (BIOVIE INC) flagged unreliable; no manual rescue available -- left UNMAPPED,bioview inc
"AyuVis Research, Inc.",UNMAPPED,1900,2099,Audit-suspect fuzzy: original mapping to gvkey 9071 (RESEARCH INC) flagged unreliable; no manual rescue available -- left UNMAPPED,ayuvis research inc
Axio Research. LLC,UNMAPPED,1900,2099,Audit-suspect fuzzy: original mapping to gvkey 9071 (RESEARCH INC) flagged unreliable; no manual rescue available -- left UNMAPPED,axio research llc
"Carna Biosciences, Inc.",UNMAPPED,1900,2099,Audit-suspect fuzzy: original mapping to gvkey 133164 (ACLARA BIOSCIENCES INC) flagged unreliable; no manual rescue available -- left UNMAPPED,carna biosciences inc
"Consolidated Research, Inc.",UNMAPPED,1900,2099,Audit-suspect fuzzy: original mapping to gvkey 9071 (RESEARCH INC) flagged unreliable; no manual rescue available -- left UNMAPPED,consolidated research inc
Avisi Technologies Inc.,UNMAPPED,1900,2099,Audit-suspect fuzzy: original mapping to gvkey 6159 (SI TECHNOLOGIES INC) flagged unreliable; no manual rescue available -- left UNMAPPED,avisi technologies inc
Collagen Research Institute,UNMAPPED,1900,2099,Audit-suspect fuzzy: original mapping to gvkey 9071 (RESEARCH INC) flagged unreliable; no manual rescue available -- left UNMAPPED,collagen research institute
Columbia Research Laboratories,UNMAPPED,1900,2099,Audit-suspect fuzzy: original mapping to gvkey 9071 (RESEARCH INC) flagged unreliable; no manual rescue available -- left UNMAPPED,columbia research laboratories
Comprehensive Research Associates,UNMAPPED,1900,2099,Audit-suspect fuzzy: original mapping to gvkey 9071 (RESEARCH INC) flagged unreliable; no manual rescue available -- left UNMAPPED,comprehensive research associates
"Concordia Pharmaceuticals Inc., Barbados",UNMAPPED,1900,2099,Audit-suspect fuzzy: original mapping to gvkey 28470 (RA PHARMACEUTICALS INC) flagged unreliable; no manual rescue available -- left UNMAPPED,concordia pharmaceuticals inc barbados
"Concordia Pharmaceuticals, Inc",UNMAPPED,1900,2099,Audit-suspect fuzzy: original mapping to gvkey 28470 (RA PHARMACEUTICALS INC) flagged unreliable; no manual rescue available -- left UNMAPPED,concordia pharmaceuticals inc
Contour Research,UNMAPPED,1900,2099,Audit-suspect fuzzy: original mapping to gvkey 9071 (RESEARCH INC) flagged unreliable; no manual rescue available -- left UNMAPPED,contour research
Codelco,UNMAPPED,1900,2099,Audit-suspect fuzzy: original mapping to gvkey 3152 (COELCO LTD) flagged unreliable; no manual rescue available -- left UNMAPPED,codelco
Control Delivery Systems,UNMAPPED,1900,2099,Audit-suspect fuzzy: original mapping to gvkey 25013 (PLC SYSTEMS INC) flagged unreliable; no manual rescue available -- left UNMAPPED,control delivery systems
Avelos Therapeutics Inc.,UNMAPPED,1900,2099,Audit-suspect fuzzy: original mapping to gvkey 26149 (AVALO THERAPEUTICS INC) flagged unreliable; no manual rescue available -- left UNMAPPED,avelos therapeutics inc
Corat Therapeutics Gmbh,UNMAPPED,1900,2099,Audit-suspect fuzzy: original mapping to gvkey 24220 (COR THERAPEUTICS INC) flagged unreliable; no manual rescue available -- left UNMAPPED,corat therapeutics gmbh
"Corino Therapeutics, Inc.",UNMAPPED,1900,2099,Audit-suspect fuzzy: original mapping to gvkey 24220 (COR THERAPEUTICS INC) flagged unreliable; no manual rescue available -- left UNMAPPED,corino therapeutics inc
"Cosette Pharmaceuticals, Inc.",UNMAPPED,1900,2099,Audit-suspect fuzzy: original mapping to gvkey 28470 (RA PHARMACEUTICALS INC) flagged unreliable; no manual rescue available -- left UNMAPPED,cosette pharmaceuticals inc
"CrossComm, Inc.",UNMAPPED,1900,2099,Audit-suspect fuzzy: original mapping to gvkey 25398 (CROSSCOM CORP) flagged unreliable; no manual rescue available -- left UNMAPPED,crosscomm inc
Cognitive Research Corporation,UNMAPPED,1900,2099,Audit-suspect fuzzy: original mapping to gvkey 9071 (RESEARCH INC) flagged unreliable; no manual rescue available -- left UNMAPPED,cognitive research corporation
"Axikin Pharmaceuticals, Inc.",UNMAPPED,1900,2099,Audit-suspect fuzzy: original mapping to gvkey 28470 (RA PHARMACEUTICALS INC) flagged unreliable; no manual rescue available -- left UNMAPPED,axikin pharmaceuticals inc
Carré Technologies Inc.,UNMAPPED,1900,2099,Audit-suspect fuzzy: original mapping to gvkey 37200 (ARRAY TECHNOLOGIES INC) flagged unreliable; no manual rescue available -- left UNMAPPED,carr technologies inc
Chemo Research,UNMAPPED,1900,2099,Audit-suspect fuzzy: original mapping to gvkey 9071 (RESEARCH INC) flagged unreliable; no manual rescue available -- left UNMAPPED,chemo research
Cartilage Repair Systems BV,UNMAPPED,1900,2099,Audit-suspect fuzzy: original mapping to gvkey 25013 (PLC SYSTEMS INC) flagged unreliable; no manual rescue available -- left UNMAPPED,cartilage repair systems bv
Celestra Health Systems,UNMAPPED,1900,2099,Audit-suspect fuzzy: original mapping to gvkey 25013 (PLC SYSTEMS INC) flagged unreliable; no manual rescue available -- left UNMAPPED,celestra health systems
Center for Research and Innovation Viña Concha y Toro,UNMAPPED,1900,2099,Audit-suspect fuzzy: original mapping to gvkey 9071 (RESEARCH INC) flagged unreliable; no manual rescue available -- left UNMAPPED,center for research and innovation vi a concha y toro
Cerina Therapeutics,UNMAPPED,1900,2099,Audit-suspect fuzzy: original mapping to gvkey 34469 (SERINA THERAPEUTICS INC) flagged unreliable; no manual rescue available -- left UNMAPPED,cerina therapeutics
"Cerium Pharmaceuticals, Inc.",UNMAPPED,1900,2099,Audit-suspect fuzzy: original mapping to gvkey 28470 (RA PHARMACEUTICALS INC) flagged unreliable; no manual rescue available -- left UNMAPPED,cerium pharmaceuticals inc
Certa Therapeutics,UNMAPPED,1900,2099,Audit-suspect fuzzy: original mapping to gvkey 18350 (OCERA THERAPEUTICS INC) flagged unreliable; no manual rescue available -- left UNMAPPED,certa therapeutics
"Chordia Therapeutics, Inc.",UNMAPPED,1900,2099,Audit-suspect fuzzy: original mapping to gvkey 156617 (ACORDA THERAPEUTICS INC) flagged unreliable; no manual rescue available -- left UNMAPPED,chordia therapeutics inc
Clinical Research International Limited,UNMAPPED,1900,2099,Audit-suspect fuzzy: original mapping to gvkey 9071 (RESEARCH INC) flagged unreliable; no manual rescue available -- left UNMAPPED,clinical research international limited
"Chrono Therapeutics, Inc.",UNMAPPED,1900,2099,Audit-suspect fuzzy: original mapping to gvkey 13786 (HERON THERAPEUTICS INC) flagged unreliable; no manual rescue available -- left UNMAPPED,chrono therapeutics inc
"Chung Mei Biopharma Co., Ltd",UNMAPPED,1900,2099,Audit-suspect fuzzy: original mapping to gvkey 6868 (MEI CORP) flagged unreliable; no manual rescue available -- left UNMAPPED,chung mei biopharma co ltd
"Cidat, S.A. de C.V.",UNMAPPED,1900,2099,Audit-suspect fuzzy: original mapping to gvkey 30584 (A S V INC) flagged unreliable; no manual rescue available -- left UNMAPPED,cidat s a de c v
"Clasp Therapeutics, Inc.",UNMAPPED,1900,2099,Audit-suspect fuzzy: original mapping to gvkey 29914 (LEAP THERAPEUTICS INC) flagged unreliable; no manual rescue available -- left UNMAPPED,clasp therapeutics inc
"ClinOhio Research Services, LLC",UNMAPPED,1900,2099,Audit-suspect fuzzy: original mapping to gvkey 9071 (RESEARCH INC) flagged unreliable; no manual rescue available -- left UNMAPPED,clinohio research services llc
"Clinical Research Center, Intercard Sp. z o.o.",UNMAPPED,1900,2099,Audit-suspect fuzzy: original mapping to gvkey 9071 (RESEARCH INC) flagged unreliable; no manual rescue available -- left UNMAPPED,clinical research center intercard sp z o o
Harrison Clinical Research,UNMAPPED,1900,2099,Audit-suspect fuzzy: original mapping to gvkey 9071 (RESEARCH INC) flagged unreliable; no manual rescue available -- left UNMAPPED,harrison clinical research
"Healthcare Technologies and Methods, LLC",UNMAPPED,1900,2099,Audit-suspect fuzzy: original mapping to gvkey 15465 (HEALTHCARE TECHNOLOGIES LTD) flagged unreliable; no manual rescue available -- left UNMAPPED,healthcare technologies and methods llc
Prairie Plant Systems Inc.,UNMAPPED,1900,2099,Audit-suspect fuzzy: original mapping to gvkey 25013 (PLC SYSTEMS INC) flagged unreliable; no manual rescue available -- left UNMAPPED,prairie plant systems inc
Medicis Technologies Corporation,UNMAPPED,1900,2099,Audit-suspect fuzzy: original mapping to gvkey 136307 (MEDIS TECHNOLOGIES LTD) flagged unreliable; no manual rescue available -- left UNMAPPED,medicis technologies corporation
NLT Spine,UNMAPPED,1900,2099,Audit-suspect fuzzy: original mapping to gvkey 7659 (NLT CORP) flagged unreliable; no manual rescue available -- left UNMAPPED,nlt spine
Nalo Therapeutics Inc.,UNMAPPED,1900,2099,Audit-suspect fuzzy: original mapping to gvkey 26149 (AVALO THERAPEUTICS INC) flagged unreliable; no manual rescue available -- left UNMAPPED,nalo therapeutics inc
Nanoker Research S.L.,UNMAPPED,1900,2099,Audit-suspect fuzzy: original mapping to gvkey 9071 (RESEARCH INC) flagged unreliable; no manual rescue available -- left UNMAPPED,nanoker research s l
"Napo Therapeutics, S.p.A.",UNMAPPED,1900,2099,Audit-suspect fuzzy: original mapping to gvkey 1059 (A P S INC) flagged unreliable; no manual rescue available -- left UNMAPPED,napo therapeutics s p a
"National Cattlemen's Beef Association, a contractor to the Beef Checkoff",UNMAPPED,1900,2099,Audit-suspect fuzzy: original mapping to gvkey 11151 (GROUP INC (THE)) flagged unreliable; no manual rescue available -- left UNMAPPED,national cattlemen s beef association a contractor to the beef checkoff
Nature's One,UNMAPPED,1900,2099,Audit-suspect fuzzy: original mapping to gvkey 36851 (ONE) flagged unreliable; no manual rescue available -- left UNMAPPED,nature s one
"Navigen, Inc.",UNMAPPED,1900,2099,Audit-suspect fuzzy: original mapping to gvkey 62911 (AVIGEN INC) flagged unreliable; no manual rescue available -- left UNMAPPED,navigen inc
NeoTherapeutics,UNMAPPED,1900,2099,Audit-suspect fuzzy: original mapping to gvkey 25377 (NEOS THERAPEUTICS INC) flagged unreliable; no manual rescue available -- left UNMAPPED,neotherapeutics
Neptunus Pharmaceuticals Inc.,UNMAPPED,1900,2099,Audit-suspect fuzzy: original mapping to gvkey 28470 (RA PHARMACEUTICALS INC) flagged unreliable; no manual rescue available -- left UNMAPPED,neptunus pharmaceuticals inc
Altura,UNMAPPED,1900,2099,Audit-suspect fuzzy: original mapping to gvkey 38491 (KALTURA INC) flagged unreliable; no manual rescue available -- left UNMAPPED,altura
"Neuro-Eye Diagnostic Systems, LLC",UNMAPPED,1900,2099,Audit-suspect fuzzy: original mapping to gvkey 25013 (PLC SYSTEMS INC) flagged unreliable; no manual rescue available -- left UNMAPPED,neuro-eye diagnostic systems llc
Altum Pharmaceuticals INC,UNMAPPED,1900,2099,Audit-suspect fuzzy: original mapping to gvkey 165857 (ALTUS PHARMACEUTICALS INC) flagged unreliable; no manual rescue available -- left UNMAPPED,altum pharmaceuticals inc
"Neurobehavioral Systems, Inc.",UNMAPPED,1900,2099,Audit-suspect fuzzy: original mapping to gvkey 25013 (PLC SYSTEMS INC) flagged unreliable; no manual rescue available -- left UNMAPPED,neurobehavioral systems inc
"New Haven Pharmaceuticals, Inc.",UNMAPPED,1900,2099,Audit-suspect fuzzy: original mapping to gvkey 28470 (RA PHARMACEUTICALS INC) flagged unreliable; no manual rescue available -- left UNMAPPED,new haven pharmaceuticals inc
NicOx Research Institute S.r.l.,UNMAPPED,1900,2099,Audit-suspect fuzzy: original mapping to gvkey 9071 (RESEARCH INC) flagged unreliable; no manual rescue available -- left UNMAPPED,nicox research institute s r l
NEC OncoImmunity AS,UNMAPPED,1900,2099,Audit-suspect fuzzy: original mapping to gvkey 7652 (NEC CORP) flagged unreliable; no manual rescue available -- left UNMAPPED,nec oncoimmunity as
NC Medial Research Inc,UNMAPPED,1900,2099,Audit-suspect fuzzy: original mapping to gvkey 9071 (RESEARCH INC) flagged unreliable; no manual rescue available -- left UNMAPPED,nc medial research inc
"N-Gene Research Laboratories, Inc.",UNMAPPED,1900,2099,Audit-suspect fuzzy: original mapping to gvkey 9071 (RESEARCH INC) flagged unreliable; no manual rescue available -- left UNMAPPED,n-gene research laboratories inc
MingSight Pharmaceuticals Pty Limited,UNMAPPED,1900,2099,Audit-suspect fuzzy: original mapping to gvkey 247881 (GW PHARMACEUTICALS LIMITED) flagged unreliable; no manual rescue available -- left UNMAPPED,mingsight pharmaceuticals pty limited
Melcap Systems Ltd.,UNMAPPED,1900,2099,Audit-suspect fuzzy: original mapping to gvkey 25013 (PLC SYSTEMS INC) flagged unreliable; no manual rescue available -- left UNMAPPED,melcap systems ltd
Amryt Research Limited,UNMAPPED,1900,2099,Audit-suspect fuzzy: original mapping to gvkey 9071 (RESEARCH INC) flagged unreliable; no manual rescue available -- left UNMAPPED,amryt research limited
Metabolic Research Unit,UNMAPPED,1900,2099,Audit-suspect fuzzy: original mapping to gvkey 9071 (RESEARCH INC) flagged unreliable; no manual rescue available -- left UNMAPPED,metabolic research unit
Microelastic Ultrasound Systems Inc,UNMAPPED,1900,2099,Audit-suspect fuzzy: original mapping to gvkey 25013 (PLC SYSTEMS INC) flagged unreliable; no manual rescue available -- left UNMAPPED,microelastic ultrasound systems inc
Beta Emitting Accurate Monitored Systems,UNMAPPED,1900,2099,Audit-suspect fuzzy: original mapping to gvkey 25013 (PLC SYSTEMS INC) flagged unreliable; no manual rescue available -- left UNMAPPED,beta emitting accurate monitored systems
Mills Clinical Research,UNMAPPED,1900,2099,Audit-suspect fuzzy: original mapping to gvkey 9071 (RESEARCH INC) flagged unreliable; no manual rescue available -- left UNMAPPED,mills clinical research
American Research Labs,UNMAPPED,1900,2099,Audit-suspect fuzzy: original mapping to gvkey 9071 (RESEARCH INC) flagged unreliable; no manual rescue available -- left UNMAPPED,american research labs
"N & S Neurology Center, A Medical Group, Inc",UNMAPPED,1900,2099,Audit-suspect fuzzy: original mapping to gvkey 18483 (Y & A GROUP INC) flagged unreliable; no manual rescue available -- left UNMAPPED,n and s neurology center a medical group inc
"Molecular Research Center, Inc.",UNMAPPED,1900,2099,Audit-suspect fuzzy: original mapping to gvkey 9071 (RESEARCH INC) flagged unreliable; no manual rescue available -- left UNMAPPED,molecular research center inc
"Momentum Research, Inc.",UNMAPPED,1900,2099,Audit-suspect fuzzy: original mapping to gvkey 9071 (RESEARCH INC) flagged unreliable; no manual rescue available -- left UNMAPPED,momentum research inc
"Ambros Therapeutics, Inc.",UNMAPPED,1900,2099,Audit-suspect fuzzy: original mapping to gvkey 187720 (ARGOS THERAPEUTICS INC) flagged unreliable; no manual rescue available -- left UNMAPPED,ambros therapeutics inc
Monopteros Therapeutics Inc.,UNMAPPED,1900,2099,Audit-suspect fuzzy: original mapping to gvkey 39057 (MONTE ROSA THERAPEUTICS INC) flagged unreliable; no manual rescue available -- left UNMAPPED,monopteros therapeutics inc
Mylan Pharmaceuticals Private Limited,UNMAPPED,1900,2099,Audit-suspect fuzzy: original mapping to gvkey 247881 (GW PHARMACEUTICALS LIMITED) flagged unreliable; no manual rescue available -- left UNMAPPED,mylan pharmaceuticals private limited
"Mytogen, Inc.",UNMAPPED,1900,2099,Audit-suspect fuzzy: original mapping to gvkey 156133 (MYOGEN INC) flagged unreliable; no manual rescue available -- left UNMAPPED,mytogen inc
Alternative Urological Catheter Systems Ltd.,UNMAPPED,1900,2099,Audit-suspect fuzzy: original mapping to gvkey 25013 (PLC SYSTEMS INC) flagged unreliable; no manual rescue available -- left UNMAPPED,alternative urological catheter systems ltd
Nivagen Pharmaceuticals Inc.,UNMAPPED,1900,2099,Audit-suspect fuzzy: original mapping to gvkey 28470 (RA PHARMACEUTICALS INC) flagged unreliable; no manual rescue available -- left UNMAPPED,nivagen pharmaceuticals inc
Norwegian Underwater Intervention (NUI),UNMAPPED,1900,2099,Audit-suspect fuzzy: original mapping to gvkey 7668 (NUI CORP) flagged unreliable; no manual rescue available -- left UNMAPPED,norwegian underwater intervention nui
"Albany Molecular Research, Inc.",UNMAPPED,1900,2099,Audit-suspect fuzzy: original mapping to gvkey 9071 (RESEARCH INC) flagged unreliable; no manual rescue available -- left UNMAPPED,albany molecular research inc
Pamgene International B.V.,UNMAPPED,1900,2099,Audit-suspect fuzzy: original mapping to gvkey 2582 (C V INTERNATIONAL CORP) flagged unreliable; no manual rescue available -- left UNMAPPED,pamgene international b v
Aldena Therapeutics,UNMAPPED,1900,2099,Audit-suspect fuzzy: original mapping to gvkey 20018 (ALDEYRA THERAPEUTICS INC) flagged unreliable; no manual rescue available -- left UNMAPPED,aldena therapeutics
"Pelage Pharmaceuticals, Inc.",UNMAPPED,1900,2099,Audit-suspect fuzzy: original mapping to gvkey 19784 (EAGLE PHARMACEUTICALS INC) flagged unreliable; no manual rescue available -- left UNMAPPED,pelage pharmaceuticals inc
"Pelican Therapeutics, Inc.",UNMAPPED,1900,2099,Audit-suspect fuzzy: original mapping to gvkey 36464 (PLIANT THERAPEUTICS INC) flagged unreliable; no manual rescue available -- left UNMAPPED,pelican therapeutics inc
"Percutaneous Systems, Inc.",UNMAPPED,1900,2099,Audit-suspect fuzzy: original mapping to gvkey 25013 (PLC SYSTEMS INC) flagged unreliable; no manual rescue available -- left UNMAPPED,percutaneous systems inc
"PharPoint Research, Inc.",UNMAPPED,1900,2099,Audit-suspect fuzzy: original mapping to gvkey 9071 (RESEARCH INC) flagged unreliable; no manual rescue available -- left UNMAPPED,pharpoint research inc
"Phoenix Thera-lase Systems, LLC",UNMAPPED,1900,2099,Audit-suspect fuzzy: original mapping to gvkey 25013 (PLC SYSTEMS INC) flagged unreliable; no manual rescue available -- left UNMAPPED,phoenix thera-lase systems llc
"Palleon Pharmaceuticals, Inc.",UNMAPPED,1900,2099,Audit-suspect fuzzy: original mapping to gvkey 32529 (ALLENA PHARMACEUTICALS) flagged unreliable; no manual rescue available -- left UNMAPPED,palleon pharmaceuticals inc
"Phrixus Pharmaceuticals, Inc.",UNMAPPED,1900,2099,Audit-suspect fuzzy: original mapping to gvkey 28470 (RA PHARMACEUTICALS INC) flagged unreliable; no manual rescue available -- left UNMAPPED,phrixus pharmaceuticals inc
"Physicians Pharmaceuticals, Inc.",UNMAPPED,1900,2099,Audit-suspect fuzzy: original mapping to gvkey 28470 (RA PHARMACEUTICALS INC) flagged unreliable; no manual rescue available -- left UNMAPPED,physicians pharmaceuticals inc
Pierrel Research Europe GmbH,UNMAPPED,1900,2099,Audit-suspect fuzzy: original mapping to gvkey 9071 (RESEARCH INC) flagged unreliable; no manual rescue available -- left UNMAPPED,pierrel research europe gmbh
"Pneumoflex Systems, LLC",UNMAPPED,1900,2099,Audit-suspect fuzzy: original mapping to gvkey 25013 (PLC SYSTEMS INC) flagged unreliable; no manual rescue available -- left UNMAPPED,pneumoflex systems llc
"Polaryx Therapeutics, Inc.",UNMAPPED,1900,2099,Audit-suspect fuzzy: original mapping to gvkey 178799 (ARYX THERAPEUTICS INC) flagged unreliable; no manual rescue available -- left UNMAPPED,polaryx therapeutics inc
"Potentia Pharmaceuticals, Inc.",UNMAPPED,1900,2099,Audit-suspect fuzzy: original mapping to gvkey 28470 (RA PHARMACEUTICALS INC) flagged unreliable; no manual rescue available -- left UNMAPPED,potentia pharmaceuticals inc
"Paloma Pharmaceuticals, Inc.",UNMAPPED,1900,2099,Audit-suspect fuzzy: original mapping to gvkey 28470 (RA PHARMACEUTICALS INC) flagged unreliable; no manual rescue available -- left UNMAPPED,paloma pharmaceuticals inc
Alfred E. Tiefenbacher (GmbH & Co. KG),UNMAPPED,1900,2099,Audit-suspect fuzzy: original mapping to gvkey 11361 (AG&E HOLDINGS INC) flagged unreliable; no manual rescue available -- left UNMAPPED,alfred e tiefenbacher gmbh and co kg
Nuvo Research GmbH,UNMAPPED,1900,2099,Audit-suspect fuzzy: original mapping to gvkey 9071 (RESEARCH INC) flagged unreliable; no manual rescue available -- left UNMAPPED,nuvo research gmbh
Obslap Research LLC,UNMAPPED,1900,2099,Audit-suspect fuzzy: original mapping to gvkey 9071 (RESEARCH INC) flagged unreliable; no manual rescue available -- left UNMAPPED,obslap research llc
Nuvo Research Inc.,UNMAPPED,1900,2099,Audit-suspect fuzzy: original mapping to gvkey 9071 (RESEARCH INC) flagged unreliable; no manual rescue available -- left UNMAPPED,nuvo research inc
"Alleanza Pharmaceuticals, Inc.",UNMAPPED,1900,2099,Audit-suspect fuzzy: original mapping to gvkey 32529 (ALLENA PHARMACEUTICALS) flagged unreliable; no manual rescue available -- left UNMAPPED,alleanza pharmaceuticals inc
"O2 MedTech, Inc.",UNMAPPED,1900,2099,Audit-suspect fuzzy: original mapping to gvkey 145933 (O2 PLC) flagged unreliable; no manual rescue available -- left UNMAPPED,o2 medtech inc
OFFHEALTH S.p.A.,UNMAPPED,1900,2099,Audit-suspect fuzzy: original mapping to gvkey 1059 (A P S INC) flagged unreliable; no manual rescue available -- left UNMAPPED,offhealth s p a
ON Light Sciences,UNMAPPED,1900,2099,Audit-suspect fuzzy: original mapping to gvkey 39481 (ON HOLDING AG) flagged unreliable; no manual rescue available -- left UNMAPPED,on light sciences
"Oasis Pharmaceuticals, LLC",UNMAPPED,1900,2099,Audit-suspect fuzzy: original mapping to gvkey 12180 (OSI PHARMACEUTICALS INC) flagged unreliable; no manual rescue available -- left UNMAPPED,oasis pharmaceuticals llc
"Ocular Systems, Inc.",UNMAPPED,1900,2099,Audit-suspect fuzzy: original mapping to gvkey 25013 (PLC SYSTEMS INC) flagged unreliable; no manual rescue available -- left UNMAPPED,ocular systems inc
Ozmosis Research Inc.,UNMAPPED,1900,2099,Audit-suspect fuzzy: original mapping to gvkey 9071 (RESEARCH INC) flagged unreliable; no manual rescue available -- left UNMAPPED,ozmosis research inc
"Omnilife Manufactura, SA de CV",UNMAPPED,1900,2099,Audit-suspect fuzzy: original mapping to gvkey 163863 (CV HOLDINGS INC) flagged unreliable; no manual rescue available -- left UNMAPPED,omnilife manufactura sa de cv
Optimale,UNMAPPED,1900,2099,Audit-suspect fuzzy: original mapping to gvkey 63857 (OPTIMAL GROUP INC) flagged unreliable; no manual rescue available -- left UNMAPPED,optimale
Algiax Pharmaceuticals GmbH,UNMAPPED,1900,2099,Audit-suspect fuzzy: original mapping to gvkey 62977 (SALIX PHARMACEUTICALS LTD) flagged unreliable; no manual rescue available -- left UNMAPPED,algiax pharmaceuticals gmbh
"Origin Medical Systems, Inc.",UNMAPPED,1900,2099,Audit-suspect fuzzy: original mapping to gvkey 25013 (PLC SYSTEMS INC) flagged unreliable; no manual rescue available -- left UNMAPPED,origin medical systems inc
"Orna Therapeutics, Inc.",UNMAPPED,1900,2099,Audit-suspect fuzzy: original mapping to gvkey 18350 (OCERA THERAPEUTICS INC) flagged unreliable; no manual rescue available -- left UNMAPPED,orna therapeutics inc
Ovation Research Group,UNMAPPED,1900,2099,Audit-suspect fuzzy: original mapping to gvkey 9071 (RESEARCH INC) flagged unreliable; no manual rescue available -- left UNMAPPED,ovation research group
"Medimetriks Pharmaceuticals, Inc",UNMAPPED,1900,2099,Audit-suspect fuzzy: original mapping to gvkey 28470 (RA PHARMACEUTICALS INC) flagged unreliable; no manual rescue available -- left UNMAPPED,medimetriks pharmaceuticals inc
MedicAir Healthcare S.r.l.,UNMAPPED,1900,2099,Audit-suspect fuzzy: original mapping to gvkey 10948 (U S HEALTHCARE INC) flagged unreliable; no manual rescue available -- left UNMAPPED,medicair healthcare s r l
"HedgePath Pharmaceuticals, Inc.",UNMAPPED,1900,2099,Audit-suspect fuzzy: original mapping to gvkey 28470 (RA PHARMACEUTICALS INC) flagged unreliable; no manual rescue available -- left UNMAPPED,hedgepath pharmaceuticals inc
Medial Research Ltd.,UNMAPPED,1900,2099,Audit-suspect fuzzy: original mapping to gvkey 9071 (RESEARCH INC) flagged unreliable; no manual rescue available -- left UNMAPPED,medial research ltd
Inex Pharmaceuticals,UNMAPPED,1900,2099,Audit-suspect fuzzy: original mapping to gvkey 12965 (GYNEX PHARMACEUTICALS) flagged unreliable; no manual rescue available -- left UNMAPPED,inex pharmaceuticals
"Informed Data Systems, Inc.",UNMAPPED,1900,2099,Audit-suspect fuzzy: original mapping to gvkey 25013 (PLC SYSTEMS INC) flagged unreliable; no manual rescue available -- left UNMAPPED,informed data systems inc
"InnoVital Systems, Inc.",UNMAPPED,1900,2099,Audit-suspect fuzzy: original mapping to gvkey 25013 (PLC SYSTEMS INC) flagged unreliable; no manual rescue available -- left UNMAPPED,innovital systems inc
"Institute for Skin Research, Israel",UNMAPPED,1900,2099,Audit-suspect fuzzy: original mapping to gvkey 9071 (RESEARCH INC) flagged unreliable; no manual rescue available -- left UNMAPPED,institute for skin research israel
InteRNA,UNMAPPED,1900,2099,Audit-suspect fuzzy: original mapping to gvkey 124358 (INTERNAP CORP) flagged unreliable; no manual rescue available -- left UNMAPPED,interna
Aptevo Research and Development LLC,UNMAPPED,1900,2099,Audit-suspect fuzzy: original mapping to gvkey 9071 (RESEARCH INC) flagged unreliable; no manual rescue available -- left UNMAPPED,aptevo research and development llc
"Apros Therapeutics, Inc",UNMAPPED,1900,2099,Audit-suspect fuzzy: original mapping to gvkey 187720 (ARGOS THERAPEUTICS INC) flagged unreliable; no manual rescue available -- left UNMAPPED,apros therapeutics inc
Invaron Pharmaceuticals Inc.,UNMAPPED,1900,2099,Audit-suspect fuzzy: original mapping to gvkey 28470 (RA PHARMACEUTICALS INC) flagged unreliable; no manual rescue available -- left UNMAPPED,invaron pharmaceuticals inc
Invatec S.p.A.,UNMAPPED,1900,2099,Audit-suspect fuzzy: original mapping to gvkey 1059 (A P S INC) flagged unreliable; no manual rescue available -- left UNMAPPED,invatec s p a
Istituto Ganassini S.p.A. di Ricerche Biochimiche,UNMAPPED,1900,2099,Audit-suspect fuzzy: original mapping to gvkey 1059 (A P S INC) flagged unreliable; no manual rescue available -- left UNMAPPED,istituto ganassini s p a di ricerche biochimiche
JADO Technologies GmbH,UNMAPPED,1900,2099,Audit-suspect fuzzy: original mapping to gvkey 31526 (ADCO TECHNOLOGIES INC) flagged unreliable; no manual rescue available -- left UNMAPPED,jado technologies gmbh
"Appello Pharmaceuticals, Inc.",UNMAPPED,1900,2099,Audit-suspect fuzzy: original mapping to gvkey 28470 (RA PHARMACEUTICALS INC) flagged unreliable; no manual rescue available -- left UNMAPPED,appello pharmaceuticals inc
JEM Research Institute,UNMAPPED,1900,2099,Audit-suspect fuzzy: original mapping to gvkey 9071 (RESEARCH INC) flagged unreliable; no manual rescue available -- left UNMAPPED,jem research institute
JYAMS PET Research & Development Limited,UNMAPPED,1900,2099,Audit-suspect fuzzy: original mapping to gvkey 9071 (RESEARCH INC) flagged unreliable; no manual rescue available -- left UNMAPPED,jyams pet research and development limited
Jade Healthcare Group Inc.,UNMAPPED,1900,2099,Audit-suspect fuzzy: original mapping to gvkey 184339 (DS HEALTHCARE GROUP INC) flagged unreliable; no manual rescue available -- left UNMAPPED,jade healthcare group inc
"Aquora Research & Consulting, LLC",UNMAPPED,1900,2099,Audit-suspect fuzzy: original mapping to gvkey 9071 (RESEARCH INC) flagged unreliable; no manual rescue available -- left UNMAPPED,aquora research and consulting llc
Incara Pharmaceuticals,UNMAPPED,1900,2099,Audit-suspect fuzzy: original mapping to gvkey 28470 (RA PHARMACEUTICALS INC) flagged unreliable; no manual rescue available -- left UNMAPPED,incara pharmaceuticals
InCROM Europe Clinical Research,UNMAPPED,1900,2099,Audit-suspect fuzzy: original mapping to gvkey 9071 (RESEARCH INC) flagged unreliable; no manual rescue available -- left UNMAPPED,incrom europe clinical research
"IDRX, Inc., a wholly owned subsidiary of GSK, LLC",UNMAPPED,1900,2099,Audit-suspect fuzzy: original mapping to gvkey 5180 (GSK PLC) flagged unreliable; no manual rescue available -- left UNMAPPED,idrx inc a wholly owned subsidiary of gsk llc
Helix Medical Systems,UNMAPPED,1900,2099,Audit-suspect fuzzy: original mapping to gvkey 25013 (PLC SYSTEMS INC) flagged unreliable; no manual rescue available -- left UNMAPPED,helix medical systems
Hemerion Therapeutics,UNMAPPED,1900,2099,Audit-suspect fuzzy: original mapping to gvkey 13786 (HERON THERAPEUTICS INC) flagged unreliable; no manual rescue available -- left UNMAPPED,hemerion therapeutics
Hemogenyx Pharmaceuticals LLC,UNMAPPED,1900,2099,Audit-suspect fuzzy: original mapping to gvkey 24635 (CHEMGENEX PHARMACEUTICALS) flagged unreliable; no manual rescue available -- left UNMAPPED,hemogenyx pharmaceuticals llc
"Hinova Pharmaceuticals USA, Inc.",UNMAPPED,1900,2099,Audit-suspect fuzzy: original mapping to gvkey 28470 (RA PHARMACEUTICALS INC) flagged unreliable; no manual rescue available -- left UNMAPPED,hinova pharmaceuticals usa inc
Hiram's Healthcare and Education Company,UNMAPPED,1900,2099,Audit-suspect fuzzy: original mapping to gvkey 10948 (U S HEALTHCARE INC) flagged unreliable; no manual rescue available -- left UNMAPPED,hiram s healthcare and education company
Arcion Therapeutics Inc,UNMAPPED,1900,2099,Audit-suspect fuzzy: original mapping to gvkey 41684 (ACRIVON THERAPEUTICS INC) flagged unreliable; no manual rescue available -- left UNMAPPED,arcion therapeutics inc
IR INNOVATE RESEARCH PRIVATE LIMITED,UNMAPPED,1900,2099,Audit-suspect fuzzy: original mapping to gvkey 9071 (RESEARCH INC) flagged unreliable; no manual rescue available -- left UNMAPPED,ir innovate research private limited
"Immusoft of CA, Inc.",UNMAPPED,1900,2099,Audit-suspect fuzzy: original mapping to gvkey 3310 (CA INC) flagged unreliable; no manual rescue available -- left UNMAPPED,immusoft of ca inc
Iacta Pharmaceuticals,UNMAPPED,1900,2099,Audit-suspect fuzzy: original mapping to gvkey 138662 (ISTA PHARMACEUTICALS INC) flagged unreliable; no manual rescue available -- left UNMAPPED,iacta pharmaceuticals
"Iantech, Inc",UNMAPPED,1900,2099,Audit-suspect fuzzy: original mapping to gvkey 6000 (INTECH INC) flagged unreliable; no manual rescue available -- left UNMAPPED,iantech inc
Archeon,UNMAPPED,1900,2099,Audit-suspect fuzzy: original mapping to gvkey 1725 (ARCHON INC) flagged unreliable; no manual rescue available -- left UNMAPPED,archeon
Imaging Diagnostic Systems,UNMAPPED,1900,2099,Audit-suspect fuzzy: original mapping to gvkey 25013 (PLC SYSTEMS INC) flagged unreliable; no manual rescue available -- left UNMAPPED,imaging diagnostic systems
"ImmunoMet Therapeutics, Inc.",UNMAPPED,1900,2099,Audit-suspect fuzzy: original mapping to gvkey 25077 (AIMMUNE THERAPEUTICS INC) flagged unreliable; no manual rescue available -- left UNMAPPED,immunomet therapeutics inc
"Araim Pharmaceuticals, Inc.",UNMAPPED,1900,2099,Audit-suspect fuzzy: original mapping to gvkey 13283 (MARSAM PHARMACEUTICALS INC) flagged unreliable; no manual rescue available -- left UNMAPPED,araim pharmaceuticals inc
"Apexian Pharmaceuticals, Inc.",UNMAPPED,1900,2099,Audit-suspect fuzzy: original mapping to gvkey 28470 (RA PHARMACEUTICALS INC) flagged unreliable; no manual rescue available -- left UNMAPPED,apexian pharmaceuticals inc
"K2 Oncology, Inc.",UNMAPPED,1900,2099,Audit-suspect fuzzy: original mapping to gvkey 1677 (K2 INC) flagged unreliable; no manual rescue available -- left UNMAPPED,k2 oncology inc
KAZM Pharmaceuticals Inc.,UNMAPPED,1900,2099,Audit-suspect fuzzy: original mapping to gvkey 28470 (RA PHARMACEUTICALS INC) flagged unreliable; no manual rescue available -- left UNMAPPED,kazm pharmaceuticals inc
MOSS S.p.A.,UNMAPPED,1900,2099,Audit-suspect fuzzy: original mapping to gvkey 1059 (A P S INC) flagged unreliable; no manual rescue available -- left UNMAPPED,moss s p a
"Lighthouse Pharmaceuticals, Inc.",UNMAPPED,1900,2099,Audit-suspect fuzzy: original mapping to gvkey 28470 (RA PHARMACEUTICALS INC) flagged unreliable; no manual rescue available -- left UNMAPPED,lighthouse pharmaceuticals inc
"LigoCyte Pharmaceuticals, Inc.",UNMAPPED,1900,2099,Audit-suspect fuzzy: original mapping to gvkey 28470 (RA PHARMACEUTICALS INC) flagged unreliable; no manual rescue available -- left UNMAPPED,ligocyte pharmaceuticals inc
Lorenz Biotech S.p.A.,UNMAPPED,1900,2099,Audit-suspect fuzzy: original mapping to gvkey 1059 (A P S INC) flagged unreliable; no manual rescue available -- left UNMAPPED,lorenz biotech s p a
LuminX,UNMAPPED,1900,2099,Audit-suspect fuzzy: original mapping to gvkey 133504 (LUMINEX CORP) flagged unreliable; no manual rescue available -- left UNMAPPED,luminx
Lundbeck Italia S.p.A.,UNMAPPED,1900,2099,Audit-suspect fuzzy: original mapping to gvkey 1059 (A P S INC) flagged unreliable; no manual rescue available -- left UNMAPPED,lundbeck italia s p a
"Luxena Pharmaceuticals, Inc.",UNMAPPED,1900,2099,Audit-suspect fuzzy: original mapping to gvkey 28470 (RA PHARMACEUTICALS INC) flagged unreliable; no manual rescue available -- left UNMAPPED,luxena pharmaceuticals inc
"Manhattan Medical Research Practice, PLLC",UNMAPPED,1900,2099,Audit-suspect fuzzy: original mapping to gvkey 9074 (RESEARCH MEDICAL INC) flagged unreliable; no manual rescue available -- left UNMAPPED,manhattan medical research practice pllc
"Levo Therapeutics, Inc.",UNMAPPED,1900,2099,Audit-suspect fuzzy: original mapping to gvkey 43385 (LEXEO THERAPEUTICS INC) flagged unreliable; no manual rescue available -- left UNMAPPED,levo therapeutics inc
Martin Pharmaceuticals,UNMAPPED,1900,2099,Audit-suspect fuzzy: original mapping to gvkey 20567 (MARINUS PHARMACEUTICALS INC) flagged unreliable; no manual rescue available -- left UNMAPPED,martin pharmaceuticals
McDaniel Institute of Anti-Aging Research,UNMAPPED,1900,2099,Audit-suspect fuzzy: original mapping to gvkey 9071 (RESEARCH INC) flagged unreliable; no manual rescue available -- left UNMAPPED,mcdaniel institute of anti-aging research
"McGuff Pharmaceuticals, Inc.",UNMAPPED,1900,2099,Audit-suspect fuzzy: original mapping to gvkey 28470 (RA PHARMACEUTICALS INC) flagged unreliable; no manual rescue available -- left UNMAPPED,mcguff pharmaceuticals inc
Mebix Inc,UNMAPPED,1900,2099,Audit-suspect fuzzy: original mapping to gvkey 13480 (EBIX INC) flagged unreliable; no manual rescue available -- left UNMAPPED,mebix inc
MedMinder Systems Inc.,UNMAPPED,1900,2099,Audit-suspect fuzzy: original mapping to gvkey 25013 (PLC SYSTEMS INC) flagged unreliable; no manual rescue available -- left UNMAPPED,medminder systems inc
Anasonic,UNMAPPED,1900,2099,Audit-suspect fuzzy: original mapping to gvkey 7114 (PANASONIC HOLDINGS CORP) flagged unreliable; no manual rescue available -- left UNMAPPED,anasonic
"Lifecells, LLC.",UNMAPPED,1900,2099,Audit-suspect fuzzy: original mapping to gvkey 24982 (LIFECELL CORP) flagged unreliable; no manual rescue available -- left UNMAPPED,lifecells llc
Leortec Medical Systems Ltd,UNMAPPED,1900,2099,Audit-suspect fuzzy: original mapping to gvkey 25013 (PLC SYSTEMS INC) flagged unreliable; no manual rescue available -- left UNMAPPED,leortec medical systems ltd
Antia Therapeutics AG,UNMAPPED,1900,2099,Audit-suspect fuzzy: original mapping to gvkey 28209 (ANIKA THERAPEUTICS INC) flagged unreliable; no manual rescue available -- left UNMAPPED,antia therapeutics ag
Kite Systems,UNMAPPED,1900,2099,Audit-suspect fuzzy: original mapping to gvkey 25013 (PLC SYSTEMS INC) flagged unreliable; no manual rescue available -- left UNMAPPED,kite systems
"Kalyra Pharmaceuticals, Inc.",UNMAPPED,1900,2099,Audit-suspect fuzzy: original mapping to gvkey 28470 (RA PHARMACEUTICALS INC) flagged unreliable; no manual rescue available -- left UNMAPPED,kalyra pharmaceuticals inc
"Kangen Pharmaceuticals, Inc",UNMAPPED,1900,2099,Audit-suspect fuzzy: original mapping to gvkey 28470 (RA PHARMACEUTICALS INC) flagged unreliable; no manual rescue available -- left UNMAPPED,kangen pharmaceuticals inc
Kariya Pharmaceuticals,UNMAPPED,1900,2099,Audit-suspect fuzzy: original mapping to gvkey 30674 (ARIAD PHARMACEUTICALS INC) flagged unreliable; no manual rescue available -- left UNMAPPED,kariya pharmaceuticals
Karos Pharmaceuticals,UNMAPPED,1900,2099,Audit-suspect fuzzy: original mapping to gvkey 37495 (ARS PHARMACEUTICALS INC) flagged unreliable; no manual rescue available -- left UNMAPPED,karos pharmaceuticals
Katmai Pharmaceuticals Inc.,UNMAPPED,1900,2099,Audit-suspect fuzzy: original mapping to gvkey 28470 (RA PHARMACEUTICALS INC) flagged unreliable; no manual rescue available -- left UNMAPPED,katmai pharmaceuticals inc
"Keryx / AOI Pharmaceuticals, Inc.",UNMAPPED,1900,2099,Audit-suspect fuzzy: original mapping to gvkey 28470 (RA PHARMACEUTICALS INC) flagged unreliable; no manual rescue available -- left UNMAPPED,keryx aoi pharmaceuticals inc
Angioblast Systems,UNMAPPED,1900,2099,Audit-suspect fuzzy: original mapping to gvkey 25013 (PLC SYSTEMS INC) flagged unreliable; no manual rescue available -- left UNMAPPED,angioblast systems
Leatherhead Food Research,UNMAPPED,1900,2099,Audit-suspect fuzzy: original mapping to gvkey 9071 (RESEARCH INC) flagged unreliable; no manual rescue available -- left UNMAPPED,leatherhead food research
LDR Médical SAS,UNMAPPED,1900,2099,Audit-suspect fuzzy: original mapping to gvkey 18625 (LDR HOLDING CORP) flagged unreliable; no manual rescue available -- left UNMAPPED,ldr m dical sas
Laboratori Guidotti S.p.A.,UNMAPPED,1900,2099,Audit-suspect fuzzy: original mapping to gvkey 1059 (A P S INC) flagged unreliable; no manual rescue available -- left UNMAPPED,laboratori guidotti s p a
"Laboratories Leon Farma, S.A.",UNMAPPED,1900,2099,Audit-suspect fuzzy: original mapping to gvkey 118444 (U S LABORATORIES INC) flagged unreliable; no manual rescue available -- left UNMAPPED,laboratories leon farma s a
Laboratorios Pisa S.A. de C.V.,UNMAPPED,1900,2099,Audit-suspect fuzzy: original mapping to gvkey 30584 (A S V INC) flagged unreliable; no manual rescue available -- left UNMAPPED,laboratorios pisa s a de c v
"Lahore Medical Research Center, LLP",UNMAPPED,1900,2099,Audit-suspect fuzzy: original mapping to gvkey 9074 (RESEARCH MEDICAL INC) flagged unreliable; no manual rescue available -- left UNMAPPED,lahore medical research center llp
Lambda Therapeutic Research Ltd.,UNMAPPED,1900,2099,Audit-suspect fuzzy: original mapping to gvkey 9071 (RESEARCH INC) flagged unreliable; no manual rescue available -- left UNMAPPED,lambda therapeutic research ltd
"KinDex Pharmaceuticals, Inc.",UNMAPPED,1900,2099,Audit-suspect fuzzy: original mapping to gvkey 28470 (RA PHARMACEUTICALS INC) flagged unreliable; no manual rescue available -- left UNMAPPED,kindex pharmaceuticals inc
